customerID,gender,age,seniorCitizen,partner,dependents,tenureMonths,phoneService,internetService,contract,paymentMethod,monthlyCharges,totalCharges,supportTickets,latePayments,dataUsageGB,numServices,churn,avgMonthlySpend,supportTicketRate,latePaymentRate,isHighValueCustomer,isNewCustomer,isLongTermCustomer
CUST00001,Male,68,1,Yes,No,5,No,Fiber optic,One year,Electronic check,87.91,606.65,1,1,53.98,5,No,121.33,0.2,0.2,1,1,0
CUST00002,Female,64,1,Yes,No,62,Yes,Fiber optic,One year,Bank transfer,88.82,5347.19,3,1,42.99,2,No,86.24499999999999,0.04838709677419355,0.016129032258064516,1,0,1
CUST00003,Male,64,1,Yes,No,5,Yes,Fiber optic,Month-to-month,Electronic check,58.63,158.43,4,1,43.77,3,No,31.686,0.8,0.2,0,1,0
CUST00004,Male,21,0,No,No,10,Yes,DSL,One year,Electronic check,59.07,638.82,2,1,39.36,2,No,63.882000000000005,0.2,0.1,0,0,0
CUST00005,Male,24,0,Yes,Yes,63,Yes,No,Two year,Electronic check,25.05,1471.32,1,1,35.69,4,No,23.354285714285712,0.015873015873015872,0.015873015873015872,0,0,1
CUST00006,Female,62,1,Yes,No,25,Yes,DSL,Month-to-month,Credit card,56.05,1463.13,7,2,52.69,1,Yes,58.525200000000005,0.28,0.08,0,0,0
CUST00007,Male,52,0,No,No,44,Yes,No,One year,Electronic check,18.0,620.97,2,1,54.25,1,No,14.112954545454546,0.045454545454545456,0.022727272727272728,0,0,1
CUST00008,Male,65,1,No,Yes,25,Yes,Fiber optic,Two year,Electronic check,80.02,1993.35,1,0,24.88,2,No,79.734,0.04,0.0,1,0,0
CUST00009,Male,26,0,No,No,30,Yes,DSL,One year,Electronic check,79.36,2475.21,4,0,47.1,6,No,82.507,0.13333333333333333,0.0,0,0,0
CUST00010,Female,25,0,No,No,14,Yes,Fiber optic,One year,Electronic check,93.26,1150.44,3,1,17.64,2,Yes,82.17428571428572,0.21428571428571427,0.07142857142857142,1,0,0
CUST00011,Male,69,1,Yes,No,43,Yes,Fiber optic,One year,Bank transfer,69.21,2964.34,2,2,70.29,5,No,68.93813953488372,0.046511627906976744,0.046511627906976744,0,0,1
CUST00012,Male,62,1,No,No,28,Yes,DSL,Month-to-month,Bank transfer,70.72,1967.12,3,0,76.39,4,No,70.25428571428571,0.10714285714285714,0.0,0,0,0
CUST00013,Male,34,0,No,No,19,Yes,Fiber optic,One year,Electronic check,68.39,1360.05,2,1,56.83,2,No,71.58157894736841,0.10526315789473684,0.05263157894736842,0,0,0
CUST00014,Male,34,0,No,No,42,Yes,DSL,Two year,Electronic check,63.23,2588.78,2,1,68.74,1,No,61.637619047619054,0.047619047619047616,0.023809523809523808,0,0,1
CUST00015,Female,66,1,Yes,Yes,20,Yes,DSL,Month-to-month,Credit card,63.33,1123.8,3,1,66.65,3,Yes,56.19,0.15,0.05,0,0,0
CUST00016,Male,50,0,Yes,No,11,Yes,DSL,Two year,Bank transfer,55.6,359.17,4,3,18.59,6,No,32.651818181818186,0.36363636363636365,0.2727272727272727,0,0,0
CUST00017,Female,49,0,Yes,Yes,54,Yes,Fiber optic,One year,Mailed check,100.63,5566.54,0,0,42.26,4,No,103.08407407407407,0.0,0.0,1,0,1
CUST00018,Female,25,0,Yes,No,24,Yes,DSL,Month-to-month,Electronic check,69.04,1740.45,2,2,15.99,5,Yes,72.51875,0.08333333333333333,0.08333333333333333,0,0,0
CUST00019,Female,36,0,No,No,70,Yes,No,One year,Credit card,18.8,1313.56,4,3,49.05,4,No,18.765142857142855,0.05714285714285714,0.04285714285714286,0,0,1
CUST00020,Male,55,0,Yes,No,17,Yes,No,Month-to-month,Bank transfer,22.68,380.45,6,1,32.43,1,Yes,22.379411764705882,0.35294117647058826,0.058823529411764705,0,0,0
CUST00021,Female,20,0,Yes,No,28,Yes,DSL,Two year,Bank transfer,49.72,1434.68,5,4,33.69,4,No,51.23857142857143,0.17857142857142858,0.14285714285714285,0,0,0
CUST00022,Male,22,0,Yes,No,50,No,DSL,Month-to-month,Electronic check,53.12,2752.59,2,1,59.32,5,Yes,55.0518,0.04,0.02,0,0,1
CUST00023,Female,30,0,Yes,No,55,Yes,Fiber optic,Two year,Bank transfer,94.75,5009.53,3,2,52.96,5,Yes,91.08236363636364,0.05454545454545454,0.03636363636363636,1,0,1
CUST00024,Female,64,1,Yes,No,10,Yes,DSL,Month-to-month,Electronic check,59.84,420.41,0,0,50.48,3,Yes,42.041000000000004,0.0,0.0,0,0,0
CUST00025,Female,63,1,Yes,No,21,Yes,DSL,One year,Electronic check,72.35,1326.76,0,1,24.07,4,No,63.179047619047616,0.0,0.047619047619047616,0,0,0
CUST00026,Female,48,0,Yes,No,58,Yes,DSL,Two year,Credit card,41.03,2345.14,0,2,40.71,3,Yes,40.43344827586207,0.0,0.034482758620689655,0,0,1
CUST00027,Female,72,1,No,Yes,34,Yes,DSL,Month-to-month,Electronic check,63.31,2170.73,4,2,21.31,2,Yes,63.845,0.11764705882352941,0.058823529411764705,0,0,0
CUST00028,Female,33,0,No,No,43,Yes,Fiber optic,One year,Bank transfer,97.47,4292.46,1,0,30.06,3,No,99.8246511627907,0.023255813953488372,0.0,1,0,1
CUST00029,Female,67,1,Yes,No,11,Yes,Fiber optic,Month-to-month,Bank transfer,86.52,660.64,2,2,32.47,2,Yes,60.058181818181815,0.18181818181818182,0.18181818181818182,1,0,0
CUST00030,Female,49,0,No,Yes,33,Yes,DSL,Two year,Bank transfer,43.64,1306.34,2,1,31.68,2,No,39.586060606060606,0.06060606060606061,0.030303030303030304,0,0,0
CUST00031,Male,39,0,No,No,58,Yes,Fiber optic,One year,Credit card,69.25,4029.57,2,2,59.67,2,No,69.47534482758621,0.034482758620689655,0.034482758620689655,0,0,1
CUST00032,Male,46,0,No,No,46,Yes,Fiber optic,Two year,Electronic check,98.63,4562.44,2,1,69.66,1,Yes,99.18347826086956,0.043478260869565216,0.021739130434782608,1,0,1
CUST00033,Female,39,0,Yes,No,61,Yes,Fiber optic,Two year,Electronic check,77.01,4677.64,2,2,29.27,6,No,76.68262295081968,0.03278688524590164,0.03278688524590164,0,0,1
CUST00034,Female,60,1,Yes,No,62,Yes,Fiber optic,Month-to-month,Credit card,73.31,4432.7,2,0,40.13,5,No,71.49516129032257,0.03225806451612903,0.0,0,0,1
CUST00035,Female,20,0,Yes,No,1,Yes,DSL,Month-to-month,Bank transfer,55.93,0.0,6,1,35.79,2,Yes,0.0,6.0,1.0,0,1,0
CUST00036,Male,71,1,Yes,No,21,No,DSL,One year,Credit card,56.96,1182.46,2,0,16.02,6,No,56.30761904761905,0.09523809523809523,0.0,0,0,0
CUST00037,Female,27,0,Yes,No,62,Yes,Fiber optic,Month-to-month,Credit card,102.79,6201.3,5,1,39.26,4,No,100.0209677419355,0.08064516129032258,0.016129032258064516,1,0,1
CUST00038,Male,59,0,No,Yes,64,Yes,DSL,Month-to-month,Credit card,39.06,2414.52,2,0,27.41,1,No,37.726875,0.03125,0.0,0,0,1
CUST00039,Male,38,0,Yes,Yes,56,Yes,Fiber optic,Month-to-month,Electronic check,93.64,5105.75,1,0,43.71,2,No,91.17410714285714,0.017857142857142856,0.0,1,0,1
CUST00040,Male,33,0,Yes,No,1,Yes,DSL,One year,Credit card,77.53,127.73,1,0,51.72,2,No,127.73,1.0,0.0,0,1,0
CUST00041,Male,29,0,No,No,21,Yes,Fiber optic,Month-to-month,Credit card,99.18,1991.34,2,0,17.52,5,No,94.82571428571428,0.09523809523809523,0.0,1,0,0
CUST00042,Male,19,0,Yes,Yes,22,Yes,No,Two year,Bank transfer,43.59,828.25,3,1,30.88,1,Yes,37.64772727272727,0.13636363636363635,0.045454545454545456,0,0,0
CUST00043,Female,58,0,No,No,54,Yes,Fiber optic,Two year,Bank transfer,78.14,4167.81,3,0,79.73,1,No,77.18166666666667,0.05555555555555555,0.0,0,0,1
CUST00044,Female,41,0,No,Yes,4,Yes,DSL,One year,Electronic check,70.71,358.11,2,1,37.48,6,No,89.5275,0.5,0.25,0,1,0
CUST00045,Female,52,0,No,No,65,Yes,No,Month-to-month,Credit card,24.31,1577.85,4,1,44.97,3,No,24.274615384615384,0.06153846153846154,0.015384615384615385,0,0,1
CUST00046,Female,73,1,No,Yes,51,Yes,No,Month-to-month,Bank transfer,20.85,1173.57,3,1,15.06,4,No,23.011176470588236,0.058823529411764705,0.0196078431372549,0,0,1
CUST00047,Female,47,0,Yes,Yes,63,Yes,Fiber optic,Month-to-month,Electronic check,51.7,3351.99,5,0,69.32,5,No,53.20619047619047,0.07936507936507936,0.0,0,0,1
CUST00048,Male,74,1,No,Yes,15,Yes,DSL,Two year,Bank transfer,54.42,741.31,2,1,32.48,6,No,49.42066666666666,0.13333333333333333,0.06666666666666667,0,0,0
CUST00049,Female,47,0,No,No,36,Yes,Fiber optic,Month-to-month,Electronic check,100.98,3648.74,2,0,23.09,3,No,101.35388888888889,0.05555555555555555,0.0,1,0,1
CUST00050,Female,64,1,No,No,29,Yes,DSL,Month-to-month,Credit card,39.41,1252.66,0,1,16.5,3,Yes,43.19517241379311,0.0,0.034482758620689655,0,0,0
CUST00051,Male,52,0,No,Yes,52,Yes,Fiber optic,Month-to-month,Mailed check,116.46,6007.64,3,0,65.26,4,Yes,115.53153846153847,0.057692307692307696,0.0,1,0,1
CUST00052,Female,36,0,No,No,46,Yes,DSL,One year,Credit card,64.92,3010.34,1,1,50.18,6,No,65.44217391304348,0.021739130434782608,0.021739130434782608,0,0,1
CUST00053,Male,67,1,Yes,Yes,69,Yes,Fiber optic,One year,Credit card,68.42,4630.79,2,2,81.2,5,No,67.11289855072464,0.028985507246376812,0.028985507246376812,0,0,1
CUST00054,Female,25,0,No,No,29,Yes,DSL,Month-to-month,Electronic check,62.74,1796.91,2,0,18.64,6,No,61.96241379310345,0.06896551724137931,0.0,0,0,0
CUST00055,Male,43,0,Yes,No,47,Yes,DSL,Month-to-month,Electronic check,68.24,3181.47,2,1,24.03,6,Yes,67.69085106382978,0.0425531914893617,0.02127659574468085,0,0,1
CUST00056,Female,66,1,No,No,25,Yes,No,One year,Credit card,21.09,589.97,2,4,50.87,4,Yes,23.5988,0.08,0.16,0,0,0
CUST00057,Female,57,0,No,No,16,Yes,DSL,Month-to-month,Credit card,52.51,801.81,6,1,51.52,5,No,50.113125,0.375,0.0625,0,0,0
CUST00058,Male,24,0,Yes,Yes,41,Yes,Fiber optic,One year,Credit card,114.61,4720.56,0,2,31.32,2,No,115.13560975609757,0.0,0.04878048780487805,1,0,1
CUST00059,Male,47,0,Yes,No,65,Yes,Fiber optic,Two year,Mailed check,79.9,5231.61,7,1,21.26,6,No,80.48630769230769,0.1076923076923077,0.015384615384615385,0,0,1
CUST00060,Male,24,0,Yes,No,69,Yes,Fiber optic,One year,Electronic check,82.85,5637.74,3,1,56.45,1,No,81.7063768115942,0.043478260869565216,0.014492753623188406,1,0,1
CUST00061,Male,20,0,No,No,20,Yes,DSL,One year,Credit card,75.88,1477.35,0,3,52.01,2,No,73.86749999999999,0.0,0.15,0,0,0
CUST00062,Male,18,0,No,Yes,69,Yes,DSL,Two year,Credit card,59.13,4126.28,3,2,39.6,2,Yes,59.80115942028985,0.043478260869565216,0.028985507246376812,0,0,1
CUST00063,Male,53,0,No,No,36,Yes,DSL,Two year,Credit card,69.17,2673.97,3,0,24.32,2,No,74.27694444444444,0.08333333333333333,0.0,0,0,1
CUST00064,Male,42,0,No,No,58,Yes,Fiber optic,Month-to-month,Credit card,77.92,4393.64,4,0,26.25,4,Yes,75.75241379310346,0.06896551724137931,0.0,0,0,1
CUST00065,Male,54,0,No,No,48,Yes,DSL,Month-to-month,Electronic check,51.63,2530.77,4,0,14.89,5,Yes,52.724375,0.08333333333333333,0.0,0,0,1
CUST00066,Female,18,0,Yes,Yes,2,No,DSL,Two year,Mailed check,64.57,250.55,2,0,29.19,2,No,125.275,1.0,0.0,0,1,0
CUST00067,Female,32,0,Yes,No,29,Yes,No,Month-to-month,Credit card,18.0,531.56,1,3,42.55,1,Yes,18.32965517241379,0.034482758620689655,0.10344827586206896,0,0,0
CUST00068,Male,54,0,No,No,16,No,DSL,Two year,Credit card,64.89,947.93,0,0,81.6,2,No,59.245625,0.0,0.0,0,0,0
CUST00069,Female,30,0,Yes,No,35,Yes,Fiber optic,Month-to-month,Bank transfer,71.23,2487.81,1,3,50.21,3,Yes,71.08028571428571,0.02857142857142857,0.08571428571428572,0,0,0
CUST00070,Female,57,0,Yes,Yes,62,Yes,Fiber optic,Two year,Electronic check,90.96,5542.8,4,1,42.28,3,Yes,89.4,0.06451612903225806,0.016129032258064516,1,0,1
CUST00071,Female,25,0,Yes,No,4,Yes,Fiber optic,One year,Bank transfer,103.53,363.84,3,0,35.89,4,Yes,90.96,0.75,0.0,1,1,0
CUST00072,Female,22,0,Yes,No,68,No,DSL,One year,Credit card,36.08,2491.98,5,0,11.98,6,No,36.646764705882354,0.07352941176470588,0.0,0,0,1
CUST00073,Male,26,0,No,No,51,Yes,DSL,Month-to-month,Bank transfer,55.07,2802.52,4,0,47.18,6,No,54.95137254901961,0.0784313725490196,0.0,0,0,1
CUST00074,Female,18,0,Yes,Yes,33,Yes,Fiber optic,Two year,Bank transfer,55.6,1854.4,2,2,49.99,1,No,56.193939393939395,0.06060606060606061,0.06060606060606061,0,0,0
CUST00075,Male,53,0,No,Yes,24,Yes,Fiber optic,Month-to-month,Mailed check,80.6,1817.47,4,1,15.18,4,Yes,75.72791666666667,0.16666666666666666,0.041666666666666664,1,0,0
CUST00076,Female,52,0,Yes,No,25,Yes,Fiber optic,Month-to-month,Credit card,90.04,2189.9,0,2,58.76,4,Yes,87.596,0.0,0.08,1,0,0
CUST00077,Female,19,0,Yes,No,28,Yes,No,Month-to-month,Bank transfer,22.28,685.14,5,1,57.13,4,Yes,24.469285714285714,0.17857142857142858,0.03571428571428571,0,0,0
CUST00078,Female,57,0,Yes,No,7,Yes,Fiber optic,Two year,Electronic check,52.89,202.74,4,1,50.56,6,No,28.962857142857143,0.5714285714285714,0.14285714285714285,0,0,0
CUST00079,Male,40,0,No,Yes,36,No,Fiber optic,Month-to-month,Bank transfer,98.48,3412.65,4,1,20.74,2,Yes,94.79583333333333,0.1111111111111111,0.027777777777777776,1,0,1
CUST00080,Female,26,0,No,No,10,Yes,Fiber optic,One year,Electronic check,63.1,600.44,0,1,29.62,5,Yes,60.044000000000004,0.0,0.1,0,0,0
CUST00081,Male,51,0,No,No,36,Yes,Fiber optic,One year,Electronic check,97.53,3459.33,1,1,32.07,5,Yes,96.0925,0.027777777777777776,0.027777777777777776,1,0,1
CUST00082,Female,63,1,No,No,18,Yes,DSL,Two year,Electronic check,51.04,995.66,4,1,58.36,1,No,55.31444444444444,0.2222222222222222,0.05555555555555555,0,0,0
CUST00083,Male,31,0,No,No,6,Yes,No,One year,Electronic check,18.04,0.0,4,0,10.15,2,Yes,0.0,0.6666666666666666,0.0,0,1,0
CUST00084,Female,21,0,No,No,7,Yes,Fiber optic,One year,Electronic check,85.16,587.87,1,1,42.38,6,Yes,83.98142857142857,0.14285714285714285,0.14285714285714285,1,0,0
CUST00085,Male,47,0,No,No,12,Yes,DSL,One year,Credit card,72.79,1010.58,3,0,21.35,5,Yes,84.215,0.25,0.0,0,0,0
CUST00086,Male,48,0,No,No,41,Yes,Fiber optic,One year,Electronic check,114.33,4720.23,1,4,76.61,3,No,115.12756097560974,0.024390243902439025,0.0975609756097561,1,0,1
CUST00087,Female,55,0,Yes,Yes,63,Yes,No,Month-to-month,Bank transfer,21.72,1214.99,3,2,92.01,6,No,19.285555555555554,0.047619047619047616,0.031746031746031744,0,0,1
CUST00088,Male,28,0,No,Yes,25,Yes,Fiber optic,Month-to-month,Electronic check,65.47,1879.51,3,1,21.65,6,Yes,75.1804,0.12,0.04,0,0,0
CUST00089,Female,52,0,No,No,53,No,Fiber optic,Month-to-month,Electronic check,90.19,4725.38,2,1,24.39,4,Yes,89.15811320754717,0.03773584905660377,0.018867924528301886,1,0,1
CUST00090,Female,25,0,No,No,33,Yes,DSL,Month-to-month,Credit card,43.93,1206.27,1,1,42.88,6,No,36.553636363636365,0.030303030303030304,0.030303030303030304,0,0,0
CUST00091,Female,20,0,Yes,Yes,6,No,Fiber optic,Month-to-month,Credit card,96.16,658.16,1,1,82.48,5,Yes,109.69333333333333,0.16666666666666666,0.16666666666666666,1,1,0
CUST00092,Female,31,0,No,Yes,62,Yes,Fiber optic,One year,Electronic check,91.65,5601.48,1,2,33.64,6,No,90.34645161290322,0.016129032258064516,0.03225806451612903,1,0,1
CUST00093,Female,30,0,No,No,66,Yes,DSL,Two year,Mailed check,76.26,5220.27,3,1,60.61,4,No,79.09500000000001,0.045454545454545456,0.015151515151515152,0,0,1
CUST00094,Female,62,1,Yes,No,9,Yes,DSL,Month-to-month,Electronic check,72.64,725.93,3,0,22.18,2,Yes,80.65888888888888,0.3333333333333333,0.0,0,0,0
CUST00095,Female,49,0,No,No,67,Yes,DSL,One year,Bank transfer,61.67,4345.0,6,1,76.78,5,No,64.85074626865672,0.08955223880597014,0.014925373134328358,0,0,1
CUST00096,Female,51,0,Yes,No,16,Yes,DSL,Month-to-month,Electronic check,60.37,860.58,1,0,48.96,4,No,53.78625,0.0625,0.0,0,0,0
CUST00097,Female,62,1,Yes,No,55,Yes,DSL,Month-to-month,Mailed check,49.35,2842.05,2,1,27.6,5,No,51.67363636363637,0.03636363636363636,0.01818181818181818,0,0,1
CUST00098,Female,36,0,Yes,No,40,Yes,DSL,One year,Credit card,49.11,1883.08,4,2,23.3,5,No,47.077,0.1,0.05,0,0,1
CUST00099,Female,55,0,Yes,Yes,26,Yes,DSL,Two year,Mailed check,59.5,1581.36,1,1,29.85,1,No,60.82153846153846,0.038461538461538464,0.038461538461538464,0,0,0
CUST00100,Male,33,0,No,No,38,Yes,DSL,Month-to-month,Electronic check,47.07,1805.9,4,1,67.59,6,Yes,47.52368421052632,0.10526315789473684,0.02631578947368421,0,0,1
CUST00101,Male,19,0,Yes,No,35,Yes,Fiber optic,Month-to-month,Electronic check,80.98,2973.02,3,2,43.78,1,No,84.94342857142857,0.08571428571428572,0.05714285714285714,1,0,0
CUST00102,Female,57,0,Yes,Yes,68,Yes,Fiber optic,Month-to-month,Credit card,77.94,5380.91,3,0,23.44,2,Yes,79.1310294117647,0.04411764705882353,0.0,0,0,1
CUST00103,Female,34,0,Yes,No,59,Yes,Fiber optic,Month-to-month,Credit card,93.89,5493.02,2,3,30.6,4,No,93.1020338983051,0.03389830508474576,0.05084745762711865,1,0,1
CUST00104,Female,72,1,Yes,No,14,Yes,Fiber optic,One year,Electronic check,84.66,1294.11,4,0,44.42,6,No,92.43642857142856,0.2857142857142857,0.0,1,0,0
CUST00105,Female,51,0,Yes,No,47,Yes,DSL,Two year,Electronic check,71.94,3371.98,2,1,13.48,1,No,71.74425531914893,0.0425531914893617,0.02127659574468085,0,0,1
CUST00106,Female,59,0,No,No,71,Yes,Fiber optic,One year,Bank transfer,80.47,5782.73,2,0,42.49,1,No,81.4469014084507,0.028169014084507043,0.0,1,0,1
CUST00107,Female,33,0,Yes,No,72,Yes,Fiber optic,Month-to-month,Electronic check,67.46,4886.69,4,1,26.43,2,No,67.87069444444444,0.05555555555555555,0.013888888888888888,0,0,1
CUST00108,Female,55,0,No,No,42,Yes,Fiber optic,Two year,Credit card,93.24,3894.77,1,0,17.31,3,No,92.73261904761905,0.023809523809523808,0.0,1,0,1
CUST00109,Female,19,0,No,No,51,Yes,Fiber optic,Month-to-month,Credit card,83.14,4107.78,2,3,80.2,3,No,80.54470588235294,0.0392156862745098,0.058823529411764705,1,0,1
CUST00110,Male,19,0,Yes,Yes,19,Yes,DSL,One year,Bank transfer,56.76,1098.78,0,0,42.73,5,No,57.83052631578947,0.0,0.0,0,0,0
CUST00111,Female,43,0,No,No,66,Yes,DSL,Month-to-month,Electronic check,54.93,3557.88,5,0,30.79,2,Yes,53.907272727272726,0.07575757575757576,0.0,0,0,1
CUST00112,Male,30,0,Yes,No,47,Yes,DSL,Two year,Credit card,59.86,2690.41,2,1,25.72,4,No,57.24276595744681,0.0425531914893617,0.02127659574468085,0,0,1
CUST00113,Female,73,1,Yes,Yes,65,Yes,Fiber optic,One year,Electronic check,80.94,5344.15,3,2,33.16,6,No,82.2176923076923,0.046153846153846156,0.03076923076923077,1,0,1
CUST00114,Female,64,1,Yes,Yes,42,Yes,No,Two year,Electronic check,29.13,1160.37,1,1,32.95,1,No,27.627857142857142,0.023809523809523808,0.023809523809523808,0,0,1
CUST00115,Male,48,0,Yes,No,38,Yes,No,Month-to-month,Credit card,30.92,994.44,1,0,55.52,3,Yes,26.169473684210526,0.02631578947368421,0.0,0,0,1
CUST00116,Female,51,0,No,No,13,Yes,DSL,One year,Mailed check,55.56,722.5,3,1,19.68,1,No,55.57692307692308,0.23076923076923078,0.07692307692307693,0,0,0
CUST00117,Male,56,0,No,Yes,44,Yes,No,One year,Electronic check,41.0,1788.8,1,1,30.62,5,No,40.654545454545456,0.022727272727272728,0.022727272727272728,0,0,1
CUST00118,Female,20,0,Yes,Yes,24,No,DSL,One year,Electronic check,53.16,1269.67,3,1,70.32,1,No,52.90291666666667,0.125,0.041666666666666664,0,0,0
CUST00119,Female,25,0,No,No,30,Yes,No,Month-to-month,Bank transfer,25.14,747.91,0,1,31.02,2,No,24.930333333333333,0.0,0.03333333333333333,0,0,0
CUST00120,Male,40,0,Yes,Yes,70,Yes,DSL,Month-to-month,Credit card,40.53,2736.5,3,0,51.81,4,No,39.09285714285714,0.04285714285714286,0.0,0,0,1
CUST00121,Female,31,0,No,No,38,Yes,No,Month-to-month,Credit card,24.16,878.15,7,2,43.86,1,Yes,23.10921052631579,0.18421052631578946,0.05263157894736842,0,0,1
CUST00122,Male,73,1,Yes,No,23,Yes,DSL,Month-to-month,Mailed check,57.56,1427.81,0,2,62.39,6,Yes,62.07869565217391,0.0,0.08695652173913043,0,0,0
CUST00123,Female,72,1,Yes,No,57,Yes,DSL,Two year,Mailed check,59.4,3471.3,4,0,14.92,6,No,60.900000000000006,0.07017543859649122,0.0,0,0,1
CUST00124,Male,44,0,Yes,No,23,Yes,DSL,Two year,Credit card,71.72,1614.21,0,1,31.74,4,No,70.18304347826087,0.0,0.043478260869565216,0,0,0
CUST00125,Male,71,1,Yes,Yes,36,Yes,Fiber optic,Month-to-month,Credit card,110.19,4025.36,2,0,58.97,6,Yes,111.81555555555556,0.05555555555555555,0.0,1,0,1
CUST00126,Female,46,0,No,No,57,Yes,Fiber optic,Two year,Mailed check,101.62,5801.64,3,3,48.58,2,No,101.78315789473685,0.05263157894736842,0.05263157894736842,1,0,1
CUST00127,Female,56,0,No,Yes,1,Yes,No,Month-to-month,Electronic check,24.18,0.0,4,1,53.73,5,Yes,0.0,4.0,1.0,0,1,0
CUST00128,Male,70,1,Yes,No,72,Yes,Fiber optic,Month-to-month,Credit card,87.95,6457.07,1,1,38.53,2,Yes,89.68152777777777,0.013888888888888888,0.013888888888888888,1,0,1
CUST00129,Female,56,0,No,No,3,No,DSL,Month-to-month,Credit card,78.28,145.35,2,1,10.78,3,Yes,48.449999999999996,0.6666666666666666,0.3333333333333333,0,1,0
CUST00130,Female,18,0,No,Yes,14,Yes,Fiber optic,Two year,Electronic check,69.98,1010.37,5,2,14.71,5,No,72.16928571428572,0.35714285714285715,0.14285714285714285,0,0,0
CUST00131,Female,34,0,No,No,34,Yes,Fiber optic,One year,Mailed check,96.77,3123.84,3,1,25.38,1,No,91.87764705882353,0.08823529411764706,0.029411764705882353,1,0,0
CUST00132,Male,58,0,Yes,No,70,Yes,No,Month-to-month,Bank transfer,18.0,1296.05,2,1,57.06,4,No,18.515,0.02857142857142857,0.014285714285714285,0,0,1
CUST00133,Male,47,0,Yes,No,69,Yes,No,One year,Credit card,34.14,2289.66,1,2,28.38,5,No,33.18347826086956,0.014492753623188406,0.028985507246376812,0,0,1
CUST00134,Male,70,1,No,No,51,Yes,DSL,Month-to-month,Bank transfer,58.39,2939.72,3,3,67.28,5,No,57.64156862745098,0.058823529411764705,0.058823529411764705,0,0,1
CUST00135,Male,30,0,No,No,29,No,Fiber optic,Month-to-month,Credit card,71.81,2053.37,1,3,45.11,3,Yes,70.80586206896551,0.034482758620689655,0.10344827586206896,0,0,0
CUST00136,Male,38,0,Yes,No,48,Yes,DSL,Month-to-month,Mailed check,52.11,2279.43,1,2,70.39,1,Yes,47.488125,0.020833333333333332,0.041666666666666664,0,0,1
CUST00137,Male,36,0,Yes,No,16,Yes,Fiber optic,Month-to-month,Electronic check,77.52,1078.91,3,1,38.29,6,No,67.431875,0.1875,0.0625,0,0,0
CUST00138,Male,70,1,Yes,No,57,Yes,Fiber optic,Two year,Electronic check,99.29,5742.54,1,2,12.19,5,No,100.74631578947368,0.017543859649122806,0.03508771929824561,1,0,1
CUST00139,Male,36,0,No,No,10,Yes,Fiber optic,One year,Electronic check,105.09,1061.36,3,3,50.36,3,Yes,106.136,0.3,0.3,1,0,0
CUST00140,Male,74,1,No,Yes,19,No,DSL,Month-to-month,Credit card,55.18,1194.26,4,2,40.94,4,Yes,62.85578947368421,0.21052631578947367,0.10526315789473684,0,0,0
CUST00141,Female,42,0,Yes,No,67,Yes,Fiber optic,Month-to-month,Electronic check,71.91,4681.18,3,0,10.35,4,Yes,69.86835820895523,0.04477611940298507,0.0,0,0,1
CUST00142,Male,39,0,No,No,36,Yes,DSL,Month-to-month,Electronic check,84.36,3122.08,1,1,56.59,6,No,86.72444444444444,0.027777777777777776,0.027777777777777776,1,0,1
CUST00143,Female,48,0,No,No,4,Yes,Fiber optic,Month-to-month,Mailed check,97.29,435.23,5,0,40.49,1,Yes,108.8075,1.25,0.0,1,1,0
CUST00144,Female,34,0,No,No,33,Yes,Fiber optic,Month-to-month,Mailed check,73.37,2537.66,1,1,49.88,6,Yes,76.89878787878787,0.030303030303030304,0.030303030303030304,0,0,0
CUST00145,Female,72,1,No,No,28,Yes,Fiber optic,Month-to-month,Credit card,90.39,2520.16,2,1,52.69,1,No,90.00571428571428,0.07142857142857142,0.03571428571428571,1,0,0
CUST00146,Male,40,0,No,No,9,No,No,One year,Mailed check,21.7,206.76,3,0,89.61,1,No,22.973333333333333,0.3333333333333333,0.0,0,0,0
CUST00147,Male,49,0,Yes,No,6,Yes,DSL,Month-to-month,Mailed check,44.58,179.73,1,3,19.31,4,No,29.955,0.16666666666666666,0.5,0,1,0
CUST00148,Male,27,0,No,Yes,49,Yes,Fiber optic,Month-to-month,Bank transfer,80.35,3910.09,1,0,19.94,2,No,79.79775510204082,0.02040816326530612,0.0,1,0,1
CUST00149,Male,27,0,Yes,Yes,22,Yes,DSL,Two year,Credit card,43.55,908.96,2,0,63.77,1,No,41.31636363636364,0.09090909090909091,0.0,0,0,0
CUST00150,Female,53,0,Yes,No,48,Yes,No,Month-to-month,Mailed check,21.16,883.13,3,3,20.23,2,No,18.398541666666667,0.0625,0.0625,0,0,1
CUST00151,Male,25,0,Yes,No,21,No,DSL,Month-to-month,Credit card,55.36,1176.18,0,0,8.07,2,No,56.00857142857143,0.0,0.0,0,0,0
CUST00152,Male,71,1,Yes,No,33,Yes,DSL,Month-to-month,Electronic check,53.52,1860.35,3,1,46.13,1,Yes,56.374242424242425,0.09090909090909091,0.030303030303030304,0,0,0
CUST00153,Male,69,1,Yes,Yes,56,Yes,Fiber optic,Month-to-month,Credit card,98.66,5642.95,1,1,44.81,2,Yes,100.76696428571428,0.017857142857142856,0.017857142857142856,1,0,1
CUST00154,Male,37,0,Yes,Yes,29,Yes,DSL,Month-to-month,Credit card,64.85,1799.59,4,0,38.76,2,Yes,62.05482758620689,0.13793103448275862,0.0,0,0,0
CUST00155,Male,49,0,No,Yes,53,Yes,DSL,Month-to-month,Mailed check,52.33,2769.85,2,0,30.76,2,No,52.26132075471698,0.03773584905660377,0.0,0,0,1
CUST00156,Female,67,1,Yes,No,40,Yes,DSL,Two year,Bank transfer,63.87,2541.34,0,1,7.73,6,No,63.533500000000004,0.0,0.025,0,0,1
CUST00157,Male,31,0,No,No,18,Yes,No,One year,Mailed check,35.45,785.56,0,0,42.95,3,No,43.642222222222216,0.0,0.0,0,0,0
CUST00158,Female,67,1,Yes,Yes,47,No,Fiber optic,One year,Bank transfer,72.55,3588.48,0,1,66.43,5,No,76.35063829787234,0.0,0.02127659574468085,0,0,1
CUST00159,Male,45,0,No,No,13,Yes,Fiber optic,Month-to-month,Electronic check,65.29,718.28,3,1,13.37,1,Yes,55.25230769230769,0.23076923076923078,0.07692307692307693,0,0,0
CUST00160,Female,63,1,No,No,27,Yes,No,Month-to-month,Bank transfer,18.0,534.65,2,3,25.1,3,Yes,19.80185185185185,0.07407407407407407,0.1111111111111111,0,0,0
CUST00161,Male,69,1,Yes,Yes,62,Yes,DSL,Month-to-month,Electronic check,64.52,4053.35,1,1,58.61,1,Yes,65.3766129032258,0.016129032258064516,0.016129032258064516,0,0,1
CUST00162,Male,70,1,No,No,45,Yes,Fiber optic,Month-to-month,Credit card,107.35,4810.7,4,1,24.51,5,No,106.90444444444444,0.08888888888888889,0.022222222222222223,1,0,1
CUST00163,Female,41,0,No,No,3,Yes,Fiber optic,Month-to-month,Bank transfer,97.72,166.87,3,2,39.49,2,Yes,55.623333333333335,1.0,0.6666666666666666,1,1,0
CUST00164,Female,32,0,No,Yes,22,Yes,No,Month-to-month,Credit card,35.28,846.7,3,1,10.28,3,No,38.48636363636364,0.13636363636363635,0.045454545454545456,0,0,0
CUST00165,Female,39,0,No,Yes,27,Yes,Fiber optic,Month-to-month,Bank transfer,52.01,1525.89,2,0,35.66,1,No,56.51444444444445,0.07407407407407407,0.0,0,0,0
CUST00166,Male,47,0,No,No,55,Yes,Fiber optic,Month-to-month,Electronic check,72.5,3932.8,5,0,14.68,2,Yes,71.50545454545455,0.09090909090909091,0.0,0,0,1
CUST00167,Female,21,0,No,No,67,Yes,Fiber optic,Month-to-month,Bank transfer,68.23,4691.05,3,0,31.51,4,Yes,70.01567164179104,0.04477611940298507,0.0,0,0,1
CUST00168,Male,30,0,Yes,No,33,Yes,No,Month-to-month,Electronic check,29.47,972.91,5,0,22.9,3,Yes,29.48212121212121,0.15151515151515152,0.0,0,0,0
CUST00169,Male,40,0,Yes,No,2,Yes,No,Month-to-month,Credit card,23.41,189.01,3,3,25.04,6,No,94.505,1.5,1.5,0,1,0
CUST00170,Female,25,0,No,Yes,46,Yes,DSL,Month-to-month,Credit card,24.01,1246.45,3,1,29.71,3,Yes,27.096739130434784,0.06521739130434782,0.021739130434782608,0,0,1
CUST00171,Female,35,0,Yes,No,33,Yes,DSL,Month-to-month,Credit card,69.12,2278.6,1,1,25.65,4,No,69.04848484848485,0.030303030303030304,0.030303030303030304,0,0,0
CUST00172,Male,29,0,No,No,58,Yes,Fiber optic,Month-to-month,Electronic check,102.52,5987.9,1,1,92.0,2,No,103.23965517241379,0.017241379310344827,0.017241379310344827,1,0,1
CUST00173,Male,72,1,Yes,No,7,Yes,Fiber optic,Month-to-month,Credit card,115.14,735.74,4,3,43.74,5,Yes,105.10571428571428,0.5714285714285714,0.42857142857142855,1,0,0
CUST00174,Female,48,0,No,No,15,Yes,DSL,Month-to-month,Bank transfer,61.98,767.35,1,1,60.1,4,Yes,51.156666666666666,0.06666666666666667,0.06666666666666667,0,0,0
CUST00175,Female,31,0,No,No,26,Yes,Fiber optic,Month-to-month,Credit card,94.29,2476.61,2,3,65.16,4,Yes,95.25423076923077,0.07692307692307693,0.11538461538461539,1,0,0
CUST00176,Female,51,0,Yes,No,11,No,DSL,One year,Credit card,46.3,362.67,4,2,41.87,1,No,32.97,0.36363636363636365,0.18181818181818182,0,0,0
CUST00177,Male,35,0,Yes,No,38,Yes,DSL,Month-to-month,Credit card,40.3,1740.71,3,1,36.22,3,No,45.808157894736844,0.07894736842105263,0.02631578947368421,0,0,1
CUST00178,Male,73,1,No,No,27,Yes,Fiber optic,Month-to-month,Mailed check,103.65,2912.4,3,1,27.44,5,Yes,107.86666666666667,0.1111111111111111,0.037037037037037035,1,0,0
CUST00179,Male,51,0,No,Yes,7,No,DSL,Month-to-month,Mailed check,66.56,450.76,4,1,60.49,5,No,64.39428571428572,0.5714285714285714,0.14285714285714285,0,0,0
CUST00180,Male,28,0,Yes,No,1,Yes,DSL,Month-to-month,Credit card,74.98,341.71,1,2,33.1,5,No,341.71,1.0,2.0,0,1,0
CUST00181,Male,58,0,Yes,No,21,No,DSL,Month-to-month,Credit card,56.93,1132.5,1,1,20.47,3,Yes,53.92857142857143,0.047619047619047616,0.047619047619047616,0,0,0
CUST00182,Male,29,0,No,No,30,Yes,Fiber optic,Two year,Credit card,120.55,3577.26,1,2,15.26,5,Yes,119.242,0.03333333333333333,0.06666666666666667,1,0,0
CUST00183,Female,66,1,No,No,8,Yes,Fiber optic,Two year,Electronic check,89.7,677.15,1,0,31.76,1,No,84.64375,0.125,0.0,1,0,0
CUST00184,Male,32,0,Yes,Yes,3,Yes,DSL,Month-to-month,Electronic check,50.96,146.48,7,5,38.45,2,Yes,48.82666666666666,2.3333333333333335,1.6666666666666667,0,1,0
CUST00185,Male,74,1,Yes,Yes,55,Yes,No,One year,Electronic check,22.46,1204.3,3,2,75.14,1,No,21.896363636363635,0.05454545454545454,0.03636363636363636,0,0,1
CUST00186,Male,48,0,No,Yes,15,Yes,Fiber optic,Month-to-month,Electronic check,60.94,959.76,2,3,35.5,2,Yes,63.984,0.13333333333333333,0.2,0,0,0
CUST00187,Female,66,1,Yes,No,36,Yes,No,Month-to-month,Credit card,18.0,548.12,2,0,32.56,6,Yes,15.225555555555555,0.05555555555555555,0.0,0,0,1
CUST00188,Male,75,1,Yes,No,6,Yes,DSL,One year,Credit card,55.35,344.89,3,1,36.46,3,No,57.48166666666666,0.5,0.16666666666666666,0,1,0
CUST00189,Male,46,0,No,Yes,42,Yes,DSL,Month-to-month,Electronic check,78.6,3246.95,4,0,13.54,4,Yes,77.30833333333332,0.09523809523809523,0.0,0,0,1
CUST00190,Female,43,0,Yes,Yes,50,Yes,Fiber optic,Month-to-month,Mailed check,84.01,4206.77,2,0,38.5,4,Yes,84.1354,0.04,0.0,1,0,1
CUST00191,Male,35,0,No,No,18,Yes,Fiber optic,One year,Mailed check,101.27,1714.57,4,2,43.16,5,Yes,95.25388888888888,0.2222222222222222,0.1111111111111111,1,0,0
CUST00192,Male,49,0,Yes,Yes,50,Yes,Fiber optic,One year,Mailed check,83.5,4088.55,1,1,31.8,5,No,81.771,0.02,0.02,1,0,1
CUST00193,Male,39,0,No,No,30,Yes,Fiber optic,Two year,Credit card,69.61,2300.82,2,0,25.89,3,No,76.694,0.06666666666666667,0.0,0,0,0
CUST00194,Male,55,0,No,No,39,Yes,No,One year,Electronic check,29.36,1052.92,2,2,24.06,4,No,26.99794871794872,0.05128205128205128,0.05128205128205128,0,0,1
CUST00195,Male,34,0,Yes,Yes,12,Yes,Fiber optic,One year,Electronic check,72.33,920.31,4,2,39.68,2,No,76.6925,0.3333333333333333,0.16666666666666666,0,0,0
CUST00196,Female,40,0,No,Yes,59,Yes,DSL,Month-to-month,Electronic check,55.24,3205.48,2,1,23.66,3,No,54.330169491525425,0.03389830508474576,0.01694915254237288,0,0,1
CUST00197,Female,41,0,Yes,Yes,44,Yes,Fiber optic,Month-to-month,Electronic check,115.47,4978.95,4,1,30.77,4,Yes,113.15795454545454,0.09090909090909091,0.022727272727272728,1,0,1
CUST00198,Female,67,1,No,No,4,No,DSL,One year,Mailed check,67.25,275.41,3,0,53.97,2,No,68.8525,0.75,0.0,0,1,0
CUST00199,Male,25,0,No,Yes,36,Yes,Fiber optic,Two year,Mailed check,72.7,2530.31,5,1,60.65,5,No,70.2863888888889,0.1388888888888889,0.027777777777777776,0,0,1
CUST00200,Male,58,0,Yes,No,48,Yes,Fiber optic,Month-to-month,Bank transfer,95.98,4658.84,5,1,19.28,5,No,97.05916666666667,0.10416666666666667,0.020833333333333332,1,0,1
CUST00201,Male,23,0,Yes,No,14,Yes,Fiber optic,Two year,Bank transfer,70.93,980.55,4,1,25.57,4,No,70.03928571428571,0.2857142857142857,0.07142857142857142,0,0,0
CUST00202,Female,22,0,Yes,Yes,49,Yes,DSL,Month-to-month,Credit card,38.95,2042.16,1,0,18.57,2,Yes,41.676734693877556,0.02040816326530612,0.0,0,0,1
CUST00203,Male,61,1,No,Yes,67,Yes,Fiber optic,Month-to-month,Bank transfer,101.39,6662.57,3,2,30.33,6,Yes,99.44134328358209,0.04477611940298507,0.029850746268656716,1,0,1
CUST00204,Male,74,1,Yes,No,9,No,Fiber optic,Month-to-month,Mailed check,89.42,832.39,1,1,48.18,3,Yes,92.48777777777778,0.1111111111111111,0.1111111111111111,1,0,0
CUST00205,Female,46,0,Yes,No,21,Yes,Fiber optic,Month-to-month,Credit card,82.04,1759.87,4,0,28.01,4,Yes,83.80333333333333,0.19047619047619047,0.0,1,0,0
CUST00206,Male,45,0,Yes,No,72,Yes,No,One year,Electronic check,18.0,1196.34,4,1,38.01,4,No,16.61583333333333,0.05555555555555555,0.013888888888888888,0,0,1
CUST00207,Female,28,0,Yes,Yes,16,Yes,DSL,Month-to-month,Electronic check,56.22,833.12,3,0,34.89,6,No,52.07,0.1875,0.0,0,0,0
CUST00208,Female,74,1,No,Yes,16,Yes,DSL,Two year,Credit card,62.31,854.61,4,1,38.99,6,No,53.413125,0.25,0.0625,0,0,0
CUST00209,Female,18,0,Yes,Yes,28,Yes,DSL,Month-to-month,Electronic check,46.01,1132.28,1,1,49.11,1,Yes,40.43857142857143,0.03571428571428571,0.03571428571428571,0,0,0
CUST00210,Male,60,1,No,No,51,Yes,Fiber optic,Month-to-month,Mailed check,85.63,4355.27,3,1,78.8,6,No,85.39745098039216,0.058823529411764705,0.0196078431372549,1,0,1
CUST00211,Male,36,0,Yes,No,56,Yes,DSL,One year,Credit card,78.6,4482.28,4,2,39.18,1,No,80.04071428571429,0.07142857142857142,0.03571428571428571,0,0,1
CUST00212,Male,26,0,Yes,No,57,Yes,Fiber optic,Month-to-month,Bank transfer,88.4,5025.64,3,2,21.37,6,Yes,88.16912280701754,0.05263157894736842,0.03508771929824561,1,0,1
CUST00213,Male,44,0,No,No,52,Yes,Fiber optic,One year,Electronic check,93.77,4867.06,2,0,29.03,1,No,93.5973076923077,0.038461538461538464,0.0,1,0,1
CUST00214,Male,51,0,No,Yes,46,Yes,DSL,Month-to-month,Credit card,54.72,2387.29,2,0,29.47,4,No,51.897608695652174,0.043478260869565216,0.0,0,0,1
CUST00215,Male,61,1,No,No,38,Yes,DSL,Month-to-month,Credit card,47.39,1590.66,4,1,21.72,2,No,41.85947368421053,0.10526315789473684,0.02631578947368421,0,0,1
CUST00216,Male,21,0,Yes,No,48,No,Fiber optic,One year,Bank transfer,76.58,3710.05,2,0,37.32,3,Yes,77.29270833333334,0.041666666666666664,0.0,0,0,1
CUST00217,Female,53,0,Yes,No,41,Yes,Fiber optic,Two year,Credit card,100.82,4067.55,3,0,86.88,3,No,99.20853658536586,0.07317073170731707,0.0,1,0,1
CUST00218,Male,35,0,No,No,59,Yes,DSL,One year,Mailed check,58.83,3290.88,1,0,48.53,5,No,55.77762711864407,0.01694915254237288,0.0,0,0,1
CUST00219,Female,32,0,Yes,No,67,Yes,DSL,One year,Bank transfer,57.57,3802.79,1,0,22.96,4,No,56.758059701492535,0.014925373134328358,0.0,0,0,1
CUST00220,Male,68,1,Yes,No,66,Yes,Fiber optic,One year,Bank transfer,77.42,5134.65,1,4,39.53,1,No,77.79772727272727,0.015151515151515152,0.06060606060606061,0,0,1
CUST00221,Male,30,0,No,No,27,Yes,Fiber optic,Month-to-month,Mailed check,65.93,1820.37,1,1,23.83,3,Yes,67.4211111111111,0.037037037037037035,0.037037037037037035,0,0,0
CUST00222,Male,36,0,No,Yes,32,Yes,No,Two year,Mailed check,35.94,1169.97,2,0,45.29,2,No,36.5615625,0.0625,0.0,0,0,0
CUST00223,Female,66,1,No,No,56,Yes,DSL,Month-to-month,Electronic check,57.5,3150.45,4,0,16.2,2,Yes,56.25803571428571,0.07142857142857142,0.0,0,0,1
CUST00224,Female,23,0,No,Yes,10,Yes,No,Month-to-month,Bank transfer,20.75,266.94,0,1,130.92,4,Yes,26.694,0.0,0.1,0,0,0
CUST00225,Female,65,1,No,No,40,Yes,Fiber optic,Month-to-month,Electronic check,86.2,3445.96,4,1,71.94,6,Yes,86.149,0.1,0.025,1,0,1
CUST00226,Female,73,1,Yes,Yes,17,Yes,DSL,Month-to-month,Credit card,53.65,824.43,3,4,13.56,2,Yes,48.49588235294117,0.17647058823529413,0.23529411764705882,0,0,0
CUST00227,Male,29,0,Yes,No,58,Yes,Fiber optic,Month-to-month,Electronic check,89.69,5090.31,2,2,42.18,5,Yes,87.76396551724139,0.034482758620689655,0.034482758620689655,1,0,1
CUST00228,Female,68,1,No,No,6,Yes,DSL,Month-to-month,Credit card,51.79,330.37,4,0,50.05,4,No,55.06166666666667,0.6666666666666666,0.0,0,1,0
CUST00229,Male,54,0,No,No,39,Yes,Fiber optic,Month-to-month,Credit card,86.85,3474.05,2,0,35.88,4,Yes,89.07820512820513,0.05128205128205128,0.0,1,0,1
CUST00230,Male,34,0,Yes,Yes,18,Yes,Fiber optic,One year,Credit card,84.21,1575.15,4,0,41.23,6,Yes,87.50833333333334,0.2222222222222222,0.0,1,0,0
CUST00231,Female,75,1,Yes,Yes,72,Yes,Fiber optic,One year,Bank transfer,112.83,8140.08,3,1,60.46,5,No,113.05666666666667,0.041666666666666664,0.013888888888888888,1,0,1
CUST00232,Female,40,0,Yes,No,42,Yes,DSL,One year,Credit card,82.93,3546.4,2,1,48.61,5,No,84.43809523809524,0.047619047619047616,0.023809523809523808,1,0,1
CUST00233,Female,43,0,No,No,4,Yes,DSL,Month-to-month,Electronic check,69.45,514.94,1,1,21.71,6,Yes,128.735,0.25,0.25,0,1,0
CUST00234,Female,46,0,Yes,No,20,Yes,DSL,One year,Bank transfer,58.94,1207.58,3,1,88.39,2,Yes,60.379,0.15,0.05,0,0,0
CUST00235,Female,50,0,Yes,No,28,Yes,No,Month-to-month,Credit card,31.42,895.5,1,1,28.59,1,No,31.982142857142858,0.03571428571428571,0.03571428571428571,0,0,0
CUST00236,Female,44,0,No,No,40,Yes,DSL,One year,Credit card,69.25,2824.46,3,0,20.19,3,No,70.6115,0.075,0.0,0,0,1
CUST00237,Female,42,0,No,No,65,No,DSL,Month-to-month,Mailed check,54.36,3608.43,2,0,40.54,4,No,55.51430769230769,0.03076923076923077,0.0,0,0,1
CUST00238,Female,73,1,Yes,No,44,Yes,No,Month-to-month,Electronic check,18.0,658.41,3,0,77.34,4,Yes,14.963863636363635,0.06818181818181818,0.0,0,0,1
CUST00239,Male,72,1,No,No,23,Yes,DSL,Month-to-month,Credit card,37.16,872.39,3,0,41.64,3,No,37.93,0.13043478260869565,0.0,0,0,0
CUST00240,Female,27,0,No,No,57,Yes,Fiber optic,One year,Bank transfer,83.21,4843.36,3,1,76.19,2,Yes,84.97122807017543,0.05263157894736842,0.017543859649122806,1,0,1
CUST00241,Female,64,1,Yes,Yes,47,Yes,No,Two year,Electronic check,20.96,1159.68,4,1,61.12,3,No,24.67404255319149,0.0851063829787234,0.02127659574468085,0,0,1
CUST00242,Male,40,0,Yes,Yes,13,Yes,Fiber optic,One year,Credit card,76.84,1000.94,3,2,26.63,1,No,76.99538461538462,0.23076923076923078,0.15384615384615385,0,0,0
CUST00243,Female,38,0,Yes,No,16,Yes,DSL,Month-to-month,Bank transfer,50.34,760.01,3,1,47.39,2,No,47.500625,0.1875,0.0625,0,0,0
CUST00244,Male,38,0,Yes,Yes,55,No,Fiber optic,Month-to-month,Electronic check,72.28,3991.9,1,0,35.57,4,No,72.58,0.01818181818181818,0.0,0,0,1
CUST00245,Male,60,1,No,No,65,Yes,DSL,Two year,Credit card,67.86,4346.51,1,0,120.08,3,No,66.86938461538462,0.015384615384615385,0.0,0,0,1
CUST00246,Female,30,0,Yes,No,16,No,DSL,Month-to-month,Credit card,23.65,535.33,5,2,61.43,3,Yes,33.458125,0.3125,0.125,0,0,0
CUST00247,Male,54,0,No,No,37,No,Fiber optic,Two year,Bank transfer,93.82,3519.43,1,2,14.91,2,No,95.11972972972973,0.02702702702702703,0.05405405405405406,1,0,1
CUST00248,Male,50,0,Yes,No,52,Yes,DSL,Month-to-month,Bank transfer,56.69,2942.62,3,4,61.57,4,No,56.58884615384615,0.057692307692307696,0.07692307692307693,0,0,1
CUST00249,Male,41,0,Yes,Yes,10,Yes,DSL,Two year,Mailed check,77.29,884.26,1,0,32.69,3,No,88.426,0.1,0.0,0,0,0
CUST00250,Male,61,1,No,Yes,38,Yes,Fiber optic,Two year,Credit card,88.99,3266.28,2,0,14.91,5,No,85.95473684210526,0.05263157894736842,0.0,1,0,1
CUST00251,Female,28,0,Yes,No,44,Yes,Fiber optic,One year,Bank transfer,59.0,2388.8,5,1,57.74,3,No,54.290909090909096,0.11363636363636363,0.022727272727272728,0,0,1
CUST00252,Male,34,0,Yes,Yes,54,Yes,Fiber optic,Month-to-month,Bank transfer,56.93,3116.39,3,1,8.3,3,No,57.71092592592592,0.05555555555555555,0.018518518518518517,0,0,1
CUST00253,Female,21,0,Yes,No,51,Yes,DSL,Month-to-month,Electronic check,46.29,2468.19,2,2,56.75,1,No,48.39588235294118,0.0392156862745098,0.0392156862745098,0,0,1
CUST00254,Male,64,1,Yes,No,52,Yes,DSL,Two year,Mailed check,63.18,3271.13,2,0,21.62,1,No,62.90634615384616,0.038461538461538464,0.0,0,0,1
CUST00255,Male,42,0,No,No,70,Yes,No,Two year,Mailed check,18.0,1192.09,0,1,53.76,3,No,17.029857142857143,0.0,0.014285714285714285,0,0,1
CUST00256,Male,47,0,Yes,No,59,Yes,Fiber optic,Month-to-month,Electronic check,86.66,5017.26,3,3,43.75,3,No,85.03830508474577,0.05084745762711865,0.05084745762711865,1,0,1
CUST00257,Male,26,0,No,No,13,Yes,Fiber optic,Month-to-month,Bank transfer,95.54,1118.57,1,0,36.77,1,No,86.04384615384615,0.07692307692307693,0.0,1,0,0
CUST00258,Female,38,0,No,No,41,Yes,Fiber optic,Two year,Bank transfer,77.08,3226.8,4,1,41.52,5,No,78.70243902439024,0.0975609756097561,0.024390243902439025,0,0,1
CUST00259,Female,37,0,Yes,Yes,12,Yes,Fiber optic,One year,Credit card,71.68,941.96,0,0,68.08,4,No,78.49666666666667,0.0,0.0,0,0,0
CUST00260,Male,36,0,Yes,No,50,No,DSL,Two year,Mailed check,34.19,1801.31,0,0,87.9,2,No,36.026199999999996,0.0,0.0,0,0,1
CUST00261,Male,36,0,No,No,57,Yes,No,Two year,Bank transfer,37.08,2114.29,2,1,40.46,3,No,37.09280701754386,0.03508771929824561,0.017543859649122806,0,0,1
CUST00262,Female,29,0,No,No,50,Yes,Fiber optic,Two year,Bank transfer,112.4,5504.39,2,1,83.47,4,No,110.0878,0.04,0.02,1,0,1
CUST00263,Male,54,0,Yes,Yes,57,Yes,No,Month-to-month,Electronic check,34.76,1909.83,3,1,18.62,3,No,33.50578947368421,0.05263157894736842,0.017543859649122806,0,0,1
CUST00264,Male,59,0,No,Yes,54,Yes,Fiber optic,Month-to-month,Credit card,80.85,4425.76,2,1,41.95,1,No,81.95851851851852,0.037037037037037035,0.018518518518518517,1,0,1
CUST00265,Male,34,0,Yes,No,66,Yes,No,Month-to-month,Credit card,24.57,1517.89,2,0,37.83,6,No,22.998333333333335,0.030303030303030304,0.0,0,0,1
CUST00266,Female,54,0,No,No,8,Yes,Fiber optic,Two year,Bank transfer,95.28,752.06,5,2,33.96,3,Yes,94.0075,0.625,0.25,1,0,0
CUST00267,Female,71,1,Yes,No,63,Yes,No,Month-to-month,Credit card,26.17,1546.96,4,1,19.04,4,No,24.554920634920634,0.06349206349206349,0.015873015873015872,0,0,1
CUST00268,Female,65,1,No,No,9,Yes,Fiber optic,Month-to-month,Electronic check,38.26,274.66,3,0,32.21,6,Yes,30.51777777777778,0.3333333333333333,0.0,0,0,0
CUST00269,Male,56,0,No,No,60,No,No,Month-to-month,Electronic check,32.34,1825.21,3,0,16.56,2,Yes,30.420166666666667,0.05,0.0,0,0,1
CUST00270,Male,45,0,Yes,Yes,63,Yes,Fiber optic,Month-to-month,Credit card,103.28,6508.27,0,1,34.74,1,Yes,103.30587301587302,0.0,0.015873015873015872,1,0,1
CUST00271,Female,58,0,Yes,No,72,Yes,Fiber optic,Two year,Bank transfer,101.08,7131.45,4,0,64.03,5,No,99.04791666666667,0.05555555555555555,0.0,1,0,1
CUST00272,Female,52,0,Yes,No,3,Yes,DSL,One year,Bank transfer,65.43,120.25,1,0,23.44,3,Yes,40.083333333333336,0.3333333333333333,0.0,0,1,0
CUST00273,Female,64,1,No,No,13,No,Fiber optic,One year,Credit card,99.37,1376.92,4,0,46.76,2,No,105.91692307692308,0.3076923076923077,0.0,1,0,0
CUST00274,Female,65,1,Yes,No,9,Yes,DSL,Month-to-month,Electronic check,43.05,492.33,5,0,16.9,4,Yes,54.70333333333333,0.5555555555555556,0.0,0,0,0
CUST00275,Male,35,0,Yes,No,52,Yes,No,Two year,Electronic check,24.25,1328.08,0,3,64.98,6,No,25.54,0.0,0.057692307692307696,0,0,1
CUST00276,Female,31,0,No,No,62,Yes,DSL,Month-to-month,Electronic check,51.98,3364.3,0,2,40.62,1,Yes,54.262903225806454,0.0,0.03225806451612903,0,0,1
CUST00277,Male,52,0,No,Yes,8,Yes,DSL,One year,Bank transfer,77.42,487.4,4,2,36.42,2,Yes,60.925,0.5,0.25,0,0,0
CUST00278,Female,61,1,No,No,45,Yes,Fiber optic,Month-to-month,Electronic check,87.76,3940.06,5,2,44.68,5,Yes,87.55688888888889,0.1111111111111111,0.044444444444444446,1,0,1
CUST00279,Male,58,0,No,No,53,Yes,DSL,Month-to-month,Credit card,58.09,3086.32,0,2,34.5,3,Yes,58.232452830188684,0.0,0.03773584905660377,0,0,1
CUST00280,Female,24,0,Yes,No,63,Yes,DSL,Month-to-month,Bank transfer,47.79,3205.96,1,1,37.98,1,No,50.88825396825397,0.015873015873015872,0.015873015873015872,0,0,1
CUST00281,Female,58,0,No,No,57,No,No,One year,Mailed check,18.0,1002.25,3,4,67.37,2,No,17.583333333333332,0.05263157894736842,0.07017543859649122,0,0,1
CUST00282,Female,30,0,Yes,Yes,54,Yes,Fiber optic,One year,Mailed check,68.07,3755.91,4,1,41.71,4,No,69.55388888888889,0.07407407407407407,0.018518518518518517,0,0,1
CUST00283,Female,35,0,Yes,Yes,19,Yes,DSL,Month-to-month,Mailed check,68.94,1479.22,1,2,30.93,4,Yes,77.85368421052631,0.05263157894736842,0.10526315789473684,0,0,0
CUST00284,Male,54,0,No,No,67,Yes,Fiber optic,Month-to-month,Bank transfer,93.97,6309.02,1,1,82.53,6,No,94.1644776119403,0.014925373134328358,0.014925373134328358,1,0,1
CUST00285,Female,30,0,No,No,46,Yes,Fiber optic,Two year,Bank transfer,88.75,4035.59,3,0,52.05,6,No,87.73021739130435,0.06521739130434782,0.0,1,0,1
CUST00286,Male,53,0,Yes,No,10,Yes,Fiber optic,Month-to-month,Bank transfer,96.87,930.44,5,3,34.37,6,Yes,93.04400000000001,0.5,0.3,1,0,0
CUST00287,Male,48,0,No,No,18,Yes,Fiber optic,Month-to-month,Mailed check,72.92,1141.42,1,2,57.99,5,No,63.412222222222226,0.05555555555555555,0.1111111111111111,0,0,0
CUST00288,Male,19,0,Yes,No,12,Yes,Fiber optic,Month-to-month,Mailed check,57.34,642.16,3,0,33.13,6,Yes,53.51333333333333,0.25,0.0,0,0,0
CUST00289,Male,33,0,Yes,Yes,49,Yes,Fiber optic,Two year,Credit card,95.25,4525.11,5,1,16.07,3,No,92.34918367346938,0.10204081632653061,0.02040816326530612,1,0,1
CUST00290,Female,26,0,No,No,23,Yes,DSL,Month-to-month,Credit card,59.32,1442.58,1,1,12.71,5,No,62.72086956521739,0.043478260869565216,0.043478260869565216,0,0,0
CUST00291,Male,26,0,Yes,No,62,Yes,Fiber optic,Two year,Credit card,97.49,5888.16,1,5,29.27,2,No,94.97032258064516,0.016129032258064516,0.08064516129032258,1,0,1
CUST00292,Male,55,0,Yes,No,11,Yes,No,Month-to-month,Bank transfer,28.41,351.73,3,0,55.6,6,Yes,31.975454545454546,0.2727272727272727,0.0,0,0,0
CUST00293,Male,28,0,No,Yes,56,Yes,Fiber optic,Month-to-month,Bank transfer,83.9,4812.17,4,2,31.58,1,No,85.93160714285715,0.07142857142857142,0.03571428571428571,1,0,1
CUST00294,Female,71,1,No,No,55,Yes,Fiber optic,Month-to-month,Mailed check,88.08,4917.3,4,1,26.29,1,Yes,89.40545454545455,0.07272727272727272,0.01818181818181818,1,0,1
CUST00295,Female,73,1,Yes,Yes,25,Yes,DSL,One year,Credit card,76.91,1874.45,2,4,41.26,2,Yes,74.97800000000001,0.08,0.16,0,0,0
CUST00296,Female,39,0,No,No,9,Yes,DSL,Month-to-month,Credit card,56.52,585.06,4,2,33.41,1,Yes,65.00666666666666,0.4444444444444444,0.2222222222222222,0,0,0
CUST00297,Female,50,0,No,No,12,Yes,DSL,One year,Mailed check,68.84,827.05,4,1,26.26,6,Yes,68.92083333333333,0.3333333333333333,0.08333333333333333,0,0,0
CUST00298,Male,53,0,No,Yes,11,Yes,DSL,Month-to-month,Electronic check,63.71,655.08,4,1,67.66,2,No,59.552727272727275,0.36363636363636365,0.09090909090909091,0,0,0
CUST00299,Male,62,1,No,No,38,Yes,Fiber optic,Month-to-month,Electronic check,59.88,2239.1,0,0,47.48,6,No,58.92368421052631,0.0,0.0,0,0,1
CUST00300,Female,40,0,Yes,No,28,Yes,DSL,Two year,Bank transfer,44.23,1282.73,1,2,49.97,5,Yes,45.81178571428571,0.03571428571428571,0.07142857142857142,0,0,0
CUST00301,Male,62,1,Yes,Yes,8,Yes,DSL,One year,Electronic check,59.52,320.5,5,0,10.27,3,No,40.0625,0.625,0.0,0,0,0
CUST00302,Male,62,1,Yes,Yes,47,Yes,Fiber optic,Month-to-month,Credit card,77.53,3593.5,3,2,55.06,4,Yes,76.45744680851064,0.06382978723404255,0.0425531914893617,0,0,1
CUST00303,Male,51,0,No,No,36,Yes,DSL,One year,Electronic check,48.6,1787.07,1,1,58.85,4,No,49.64083333333333,0.027777777777777776,0.027777777777777776,0,0,1
CUST00304,Female,26,0,No,No,50,Yes,DSL,One year,Electronic check,72.85,3591.23,2,1,11.31,4,No,71.8246,0.04,0.02,0,0,1
CUST00305,Female,41,0,No,No,9,Yes,Fiber optic,Month-to-month,Credit card,62.57,433.95,1,0,43.44,1,No,48.21666666666667,0.1111111111111111,0.0,0,0,0
CUST00306,Male,25,0,No,No,60,Yes,DSL,Month-to-month,Credit card,57.62,3368.07,2,0,55.06,5,No,56.1345,0.03333333333333333,0.0,0,0,1
CUST00307,Female,24,0,Yes,No,72,No,No,Month-to-month,Credit card,18.01,1313.93,0,4,63.35,5,No,18.24902777777778,0.0,0.05555555555555555,0,0,1
CUST00308,Female,53,0,Yes,No,67,Yes,DSL,Month-to-month,Electronic check,77.79,5260.22,6,0,41.1,4,No,78.51074626865672,0.08955223880597014,0.0,0,0,1
CUST00309,Female,35,0,Yes,No,53,Yes,Fiber optic,One year,Bank transfer,122.76,6614.74,0,2,54.51,6,No,124.80641509433961,0.0,0.03773584905660377,1,0,1
CUST00310,Female,20,0,Yes,Yes,17,Yes,No,Month-to-month,Electronic check,22.51,460.75,1,1,49.58,5,No,27.102941176470587,0.058823529411764705,0.058823529411764705,0,0,0
CUST00311,Female,45,0,Yes,No,53,Yes,Fiber optic,Month-to-month,Electronic check,97.73,5256.6,1,2,42.85,2,Yes,99.18113207547171,0.018867924528301886,0.03773584905660377,1,0,1
CUST00312,Male,23,0,Yes,No,28,No,Fiber optic,Month-to-month,Electronic check,104.05,2721.24,4,2,21.68,4,No,97.18714285714285,0.14285714285714285,0.07142857142857142,1,0,0
CUST00313,Female,61,1,No,Yes,63,Yes,Fiber optic,Two year,Credit card,98.48,6279.54,3,0,36.66,4,Yes,99.6752380952381,0.047619047619047616,0.0,1,0,1
CUST00314,Male,61,1,No,Yes,15,Yes,DSL,One year,Credit card,69.49,990.63,2,0,49.66,3,No,66.042,0.13333333333333333,0.0,0,0,0
CUST00315,Male,38,0,No,Yes,19,Yes,No,Month-to-month,Credit card,18.0,197.85,2,0,51.92,4,Yes,10.413157894736841,0.10526315789473684,0.0,0,0,0
CUST00316,Female,45,0,No,No,70,Yes,DSL,Month-to-month,Mailed check,74.12,5244.19,4,3,80.23,1,No,74.91699999999999,0.05714285714285714,0.04285714285714286,0,0,1
CUST00317,Male,57,0,Yes,No,47,Yes,No,Month-to-month,Mailed check,27.87,1327.78,1,4,48.39,6,No,28.25063829787234,0.02127659574468085,0.0851063829787234,0,0,1
CUST00318,Male,71,1,No,No,71,Yes,Fiber optic,One year,Credit card,81.56,5879.24,6,0,27.0,2,Yes,82.80619718309859,0.08450704225352113,0.0,1,0,1
CUST00319,Male,71,1,No,Yes,48,Yes,Fiber optic,Month-to-month,Electronic check,83.83,3970.4,2,2,29.44,5,Yes,82.71666666666667,0.041666666666666664,0.041666666666666664,1,0,1
CUST00320,Female,18,0,No,Yes,20,Yes,DSL,Two year,Credit card,63.09,1261.23,1,3,19.69,6,No,63.0615,0.05,0.15,0,0,0
CUST00321,Female,53,0,Yes,No,37,Yes,No,Month-to-month,Electronic check,22.97,669.81,1,0,78.31,1,Yes,18.10297297297297,0.02702702702702703,0.0,0,0,1
CUST00322,Male,38,0,Yes,No,2,Yes,DSL,One year,Bank transfer,55.74,307.58,1,3,35.58,2,No,153.79,0.5,1.5,0,1,0
CUST00323,Female,60,1,Yes,Yes,64,Yes,Fiber optic,One year,Credit card,70.33,4367.29,0,0,41.11,6,No,68.23890625,0.0,0.0,0,0,1
CUST00324,Female,52,0,No,No,36,No,Fiber optic,Two year,Bank transfer,92.65,3254.37,1,0,37.2,6,No,90.39916666666666,0.027777777777777776,0.0,1,0,1
CUST00325,Female,30,0,No,No,5,Yes,Fiber optic,Month-to-month,Mailed check,82.58,309.82,2,2,36.97,3,Yes,61.964,0.4,0.4,1,1,0
CUST00326,Female,74,1,No,Yes,64,Yes,Fiber optic,One year,Credit card,73.11,4699.7,2,4,73.72,4,No,73.4328125,0.03125,0.0625,0,0,1
CUST00327,Male,66,1,Yes,No,7,Yes,Fiber optic,Month-to-month,Credit card,86.47,520.48,4,1,21.91,5,Yes,74.35428571428572,0.5714285714285714,0.14285714285714285,1,0,0
CUST00328,Male,71,1,No,Yes,70,Yes,No,Month-to-month,Credit card,25.34,1881.62,3,0,18.67,6,No,26.880285714285712,0.04285714285714286,0.0,0,0,1
CUST00329,Female,71,1,No,No,22,Yes,DSL,Two year,Electronic check,66.07,1485.02,0,2,28.78,4,No,67.50090909090909,0.0,0.09090909090909091,0,0,0
CUST00330,Female,27,0,Yes,No,46,Yes,DSL,Two year,Mailed check,59.64,2594.43,1,0,44.3,1,No,56.40065217391304,0.021739130434782608,0.0,0,0,1
CUST00331,Male,70,1,Yes,No,40,Yes,Fiber optic,One year,Credit card,94.25,3847.99,1,1,54.26,4,No,96.19975,0.025,0.025,1,0,1
CUST00332,Male,61,1,No,No,61,Yes,Fiber optic,Month-to-month,Electronic check,80.9,5026.09,3,0,20.2,2,No,82.39491803278689,0.04918032786885246,0.0,1,0,1
CUST00333,Female,64,1,Yes,No,46,Yes,DSL,Two year,Bank transfer,57.59,2576.29,0,1,5.41,4,No,56.00630434782609,0.0,0.021739130434782608,0,0,1
CUST00334,Male,70,1,No,No,28,Yes,No,Month-to-month,Electronic check,27.22,647.72,1,2,23.38,4,Yes,23.132857142857144,0.03571428571428571,0.07142857142857142,0,0,0
CUST00335,Female,27,0,No,Yes,35,No,DSL,Month-to-month,Electronic check,64.65,2302.62,1,3,46.66,3,Yes,65.78914285714285,0.02857142857142857,0.08571428571428572,0,0,0
CUST00336,Female,63,1,No,No,1,Yes,No,One year,Credit card,34.69,100.56,4,0,20.12,4,No,100.56,4.0,0.0,0,1,0
CUST00337,Male,30,0,No,Yes,29,Yes,DSL,Month-to-month,Bank transfer,72.57,2004.18,2,3,31.97,3,No,69.1096551724138,0.06896551724137931,0.10344827586206896,0,0,0
CUST00338,Male,54,0,No,No,9,Yes,Fiber optic,Two year,Credit card,84.35,851.51,5,2,43.36,1,No,94.61222222222221,0.5555555555555556,0.2222222222222222,1,0,0
CUST00339,Female,55,0,No,Yes,9,Yes,Fiber optic,Month-to-month,Bank transfer,63.85,517.28,3,1,38.43,3,Yes,57.47555555555555,0.3333333333333333,0.1111111111111111,0,0,0
CUST00340,Female,41,0,Yes,No,22,Yes,DSL,Month-to-month,Electronic check,68.21,1618.94,2,0,16.26,3,No,73.58818181818182,0.09090909090909091,0.0,0,0,0
CUST00341,Male,19,0,Yes,Yes,63,Yes,Fiber optic,One year,Credit card,92.92,5695.98,4,4,40.77,1,No,90.41238095238094,0.06349206349206349,0.06349206349206349,1,0,1
CUST00342,Female,39,0,Yes,No,66,Yes,Fiber optic,One year,Credit card,88.26,5751.83,1,0,54.88,3,No,87.14893939393939,0.015151515151515152,0.0,1,0,1
CUST00343,Male,34,0,No,No,58,Yes,Fiber optic,Month-to-month,Mailed check,96.6,5581.96,1,1,9.53,4,No,96.24068965517242,0.017241379310344827,0.017241379310344827,1,0,1
CUST00344,Female,53,0,Yes,No,70,Yes,Fiber optic,Month-to-month,Electronic check,79.47,5463.78,1,2,32.0,1,Yes,78.054,0.014285714285714285,0.02857142857142857,0,0,1
CUST00345,Male,31,0,Yes,No,55,Yes,No,One year,Electronic check,18.0,986.83,5,1,52.75,1,No,17.942363636363638,0.09090909090909091,0.01818181818181818,0,0,1
CUST00346,Male,27,0,Yes,No,13,Yes,Fiber optic,Month-to-month,Mailed check,71.88,899.76,2,3,47.33,3,Yes,69.21230769230769,0.15384615384615385,0.23076923076923078,0,0,0
CUST00347,Male,52,0,No,No,19,Yes,Fiber optic,Month-to-month,Mailed check,41.55,768.48,1,2,41.0,3,Yes,40.44631578947369,0.05263157894736842,0.10526315789473684,0,0,0
CUST00348,Female,42,0,No,Yes,33,Yes,DSL,One year,Bank transfer,65.33,2115.49,3,2,39.83,2,Yes,64.10575757575756,0.09090909090909091,0.06060606060606061,0,0,0
CUST00349,Female,20,0,No,No,65,Yes,DSL,Month-to-month,Electronic check,59.21,3719.59,3,1,44.75,1,No,57.22446153846154,0.046153846153846156,0.015384615384615385,0,0,1
CUST00350,Male,64,1,No,No,60,Yes,DSL,Two year,Credit card,70.33,4217.5,1,0,35.45,5,No,70.29166666666667,0.016666666666666666,0.0,0,0,1
CUST00351,Female,55,0,No,No,12,Yes,No,One year,Credit card,31.03,359.8,2,0,21.01,4,No,29.983333333333334,0.16666666666666666,0.0,0,0,0
CUST00352,Male,34,0,No,Yes,43,Yes,DSL,Two year,Bank transfer,54.12,2226.26,6,0,18.47,6,Yes,51.77348837209303,0.13953488372093023,0.0,0,0,1
CUST00353,Male,29,0,No,No,17,Yes,DSL,Month-to-month,Electronic check,50.11,976.78,3,1,34.59,6,Yes,57.457647058823525,0.17647058823529413,0.058823529411764705,0,0,0
CUST00354,Female,71,1,No,No,68,Yes,Fiber optic,Two year,Electronic check,73.18,5007.73,0,0,43.83,3,Yes,73.64308823529412,0.0,0.0,0,0,1
CUST00355,Female,69,1,Yes,No,29,Yes,DSL,Month-to-month,Credit card,82.98,2478.39,1,1,49.15,6,Yes,85.46172413793103,0.034482758620689655,0.034482758620689655,1,0,0
CUST00356,Male,41,0,No,No,55,Yes,DSL,Month-to-month,Electronic check,58.18,3119.03,1,1,56.98,1,Yes,56.70963636363637,0.01818181818181818,0.01818181818181818,0,0,1
CUST00357,Female,46,0,Yes,Yes,7,Yes,DSL,Month-to-month,Bank transfer,56.72,166.14,4,1,20.52,1,Yes,23.73428571428571,0.5714285714285714,0.14285714285714285,0,0,0
CUST00358,Female,60,1,Yes,No,44,Yes,No,Month-to-month,Bank transfer,27.33,1376.92,2,0,47.71,4,Yes,31.293636363636367,0.045454545454545456,0.0,0,0,1
CUST00359,Male,42,0,No,No,5,Yes,DSL,Month-to-month,Bank transfer,40.96,221.67,1,2,28.6,1,Yes,44.333999999999996,0.2,0.4,0,1,0
CUST00360,Male,53,0,Yes,No,60,Yes,DSL,Month-to-month,Credit card,55.23,3350.16,3,0,18.39,5,Yes,55.836,0.05,0.0,0,0,1
CUST00361,Female,75,1,Yes,Yes,6,Yes,Fiber optic,Month-to-month,Mailed check,72.15,464.96,3,2,33.5,2,Yes,77.49333333333333,0.5,0.3333333333333333,0,1,0
CUST00362,Male,43,0,No,Yes,7,Yes,Fiber optic,Month-to-month,Electronic check,69.0,522.9,3,1,45.25,4,Yes,74.7,0.42857142857142855,0.14285714285714285,0,0,0
CUST00363,Male,55,0,Yes,No,46,Yes,Fiber optic,One year,Electronic check,81.07,3622.85,1,2,25.31,5,No,78.75760869565217,0.021739130434782608,0.043478260869565216,1,0,1
CUST00364,Female,18,0,No,Yes,57,Yes,Fiber optic,Month-to-month,Credit card,85.71,4782.59,1,1,45.02,1,No,83.90508771929825,0.017543859649122806,0.017543859649122806,1,0,1
CUST00365,Male,37,0,No,No,54,Yes,Fiber optic,One year,Electronic check,66.18,3471.12,4,0,69.67,1,No,64.28,0.07407407407407407,0.0,0,0,1
CUST00366,Male,72,1,No,No,46,Yes,Fiber optic,One year,Electronic check,79.52,3713.05,1,1,39.46,3,Yes,80.71847826086957,0.021739130434782608,0.021739130434782608,0,0,1
CUST00367,Female,45,0,No,No,10,No,DSL,Two year,Credit card,60.96,488.27,3,1,57.89,4,No,48.827,0.3,0.1,0,0,0
CUST00368,Female,33,0,No,Yes,4,Yes,DSL,Month-to-month,Mailed check,65.42,108.8,3,0,55.09,2,No,27.2,0.75,0.0,0,1,0
CUST00369,Male,64,1,No,No,67,Yes,DSL,Two year,Mailed check,56.73,3736.66,4,2,26.36,3,No,55.7710447761194,0.05970149253731343,0.029850746268656716,0,0,1
CUST00370,Male,34,0,No,No,25,Yes,DSL,One year,Credit card,63.96,1571.77,3,2,17.14,6,No,62.8708,0.12,0.08,0,0,0
CUST00371,Female,57,0,No,No,61,Yes,Fiber optic,Two year,Electronic check,79.72,4857.95,1,2,32.37,1,No,79.63852459016393,0.01639344262295082,0.03278688524590164,0,0,1
CUST00372,Female,45,0,No,No,38,Yes,No,Month-to-month,Electronic check,35.25,1290.87,3,1,41.62,2,Yes,33.970263157894735,0.07894736842105263,0.02631578947368421,0,0,1
CUST00373,Female,75,1,No,No,32,No,Fiber optic,One year,Credit card,93.16,3029.55,2,1,53.96,4,Yes,94.6734375,0.0625,0.03125,1,0,0
CUST00374,Female,29,0,Yes,No,23,Yes,No,Two year,Electronic check,19.63,568.19,2,0,30.33,5,No,24.703913043478263,0.08695652173913043,0.0,0,0,0
CUST00375,Male,44,0,Yes,No,37,Yes,Fiber optic,Month-to-month,Electronic check,77.57,2875.01,7,2,27.51,2,Yes,77.70297297297297,0.1891891891891892,0.05405405405405406,0,0,1
CUST00376,Female,71,1,No,No,3,No,DSL,One year,Bank transfer,64.71,310.33,0,1,27.27,3,No,103.44333333333333,0.0,0.3333333333333333,0,1,0
CUST00377,Female,70,1,Yes,No,13,Yes,Fiber optic,Two year,Credit card,77.12,1057.55,5,0,45.12,5,No,81.35,0.38461538461538464,0.0,0,0,0
CUST00378,Male,59,0,Yes,No,34,Yes,Fiber optic,One year,Electronic check,56.05,1810.2,2,3,27.44,5,No,53.241176470588236,0.058823529411764705,0.08823529411764706,0,0,0
CUST00379,Female,64,1,No,No,65,Yes,Fiber optic,Month-to-month,Bank transfer,89.44,5728.93,3,0,25.25,2,Yes,88.13738461538462,0.046153846153846156,0.0,1,0,1
CUST00380,Male,47,0,Yes,Yes,8,Yes,DSL,One year,Bank transfer,55.4,353.48,6,0,40.16,6,No,44.185,0.75,0.0,0,0,0
CUST00381,Female,58,0,Yes,No,9,Yes,Fiber optic,Month-to-month,Credit card,95.2,837.71,3,3,42.57,2,Yes,93.0788888888889,0.3333333333333333,0.3333333333333333,1,0,0
CUST00382,Female,51,0,No,No,28,No,DSL,Two year,Electronic check,60.49,1665.83,3,3,33.35,3,No,59.49392857142857,0.10714285714285714,0.10714285714285714,0,0,0
CUST00383,Female,54,0,No,Yes,18,Yes,Fiber optic,Month-to-month,Mailed check,94.69,1763.89,2,0,48.39,2,No,97.99388888888889,0.1111111111111111,0.0,1,0,0
CUST00384,Male,23,0,Yes,No,42,Yes,Fiber optic,Month-to-month,Bank transfer,122.79,5141.49,4,1,60.45,4,Yes,122.41642857142857,0.09523809523809523,0.023809523809523808,1,0,1
CUST00385,Male,24,0,No,Yes,41,Yes,No,Month-to-month,Electronic check,35.26,1470.43,1,2,47.57,5,No,35.86414634146342,0.024390243902439025,0.04878048780487805,0,0,1
CUST00386,Female,49,0,No,No,70,Yes,No,One year,Credit card,22.19,1436.51,3,1,50.52,5,No,20.521571428571427,0.04285714285714286,0.014285714285714285,0,0,1
CUST00387,Male,49,0,Yes,No,33,Yes,DSL,Two year,Credit card,65.08,2171.8,4,1,8.95,3,No,65.81212121212121,0.12121212121212122,0.030303030303030304,0,0,0
CUST00388,Male,70,1,Yes,No,54,Yes,Fiber optic,Month-to-month,Credit card,86.76,4637.2,0,1,117.61,2,No,85.87407407407407,0.0,0.018518518518518517,1,0,1
CUST00389,Male,42,0,No,No,36,Yes,Fiber optic,Month-to-month,Credit card,89.03,3149.95,3,1,45.58,6,Yes,87.4986111111111,0.08333333333333333,0.027777777777777776,1,0,1
CUST00390,Male,50,0,No,No,56,Yes,No,Month-to-month,Credit card,18.0,943.35,3,1,30.46,2,No,16.845535714285713,0.05357142857142857,0.017857142857142856,0,0,1
CUST00391,Male,72,1,No,No,17,Yes,Fiber optic,Two year,Bank transfer,100.82,1865.07,4,0,37.48,5,No,109.71,0.23529411764705882,0.0,1,0,0
CUST00392,Male,75,1,No,No,10,Yes,DSL,Month-to-month,Credit card,32.34,205.43,2,3,21.68,5,No,20.543,0.2,0.3,0,0,0
CUST00393,Female,24,0,No,No,44,Yes,Fiber optic,Month-to-month,Electronic check,84.74,3796.24,0,3,55.05,3,No,86.2781818181818,0.0,0.06818181818181818,1,0,1
CUST00394,Female,69,1,Yes,No,2,Yes,No,One year,Electronic check,18.0,31.34,1,2,14.65,2,Yes,15.67,0.5,1.0,0,1,0
CUST00395,Male,74,1,No,No,14,Yes,Fiber optic,Month-to-month,Electronic check,74.45,906.3,1,1,23.99,1,Yes,64.73571428571428,0.07142857142857142,0.07142857142857142,0,0,0
CUST00396,Female,29,0,Yes,Yes,41,Yes,Fiber optic,Month-to-month,Credit card,88.14,3583.99,2,1,17.83,2,No,87.41439024390243,0.04878048780487805,0.024390243902439025,1,0,1
CUST00397,Female,33,0,No,No,2,Yes,DSL,Month-to-month,Electronic check,70.42,0.0,2,2,53.23,3,Yes,0.0,1.0,1.0,0,1,0
CUST00398,Female,33,0,No,Yes,19,Yes,No,Two year,Bank transfer,33.18,802.38,2,0,53.55,5,No,42.230526315789476,0.10526315789473684,0.0,0,0,0
CUST00399,Female,60,1,Yes,No,1,Yes,No,Two year,Electronic check,23.46,0.0,2,3,19.77,5,No,0.0,2.0,3.0,0,1,0
CUST00400,Male,70,1,No,No,2,Yes,DSL,One year,Bank transfer,71.89,255.33,1,3,51.04,1,Yes,127.665,0.5,1.5,0,1,0
CUST00401,Female,53,0,Yes,No,27,Yes,DSL,Month-to-month,Bank transfer,59.25,1734.32,2,1,81.19,1,Yes,64.23407407407407,0.07407407407407407,0.037037037037037035,0,0,0
CUST00402,Female,30,0,Yes,No,2,Yes,DSL,Month-to-month,Electronic check,51.45,46.09,6,0,37.29,3,Yes,23.045,3.0,0.0,0,1,0
CUST00403,Male,24,0,No,No,51,Yes,DSL,Month-to-month,Bank transfer,64.48,3291.41,5,1,34.73,2,Yes,64.53745098039215,0.09803921568627451,0.0196078431372549,0,0,1
CUST00404,Male,53,0,Yes,No,10,Yes,No,One year,Mailed check,18.0,198.54,4,0,62.43,5,Yes,19.854,0.4,0.0,0,0,0
CUST00405,Female,64,1,No,No,19,Yes,DSL,One year,Electronic check,58.4,1299.63,0,1,21.62,6,No,68.40157894736842,0.0,0.05263157894736842,0,0,0
CUST00406,Female,68,1,Yes,No,13,Yes,DSL,Two year,Mailed check,54.26,686.25,2,0,47.74,4,No,52.78846153846154,0.15384615384615385,0.0,0,0,0
CUST00407,Female,26,0,No,Yes,48,Yes,DSL,Month-to-month,Credit card,41.4,1981.82,3,1,35.27,4,No,41.28791666666667,0.0625,0.020833333333333332,0,0,1
CUST00408,Female,49,0,No,Yes,56,Yes,DSL,One year,Credit card,63.95,3441.29,2,0,12.44,4,No,61.45160714285714,0.03571428571428571,0.0,0,0,1
CUST00409,Female,28,0,No,No,72,Yes,No,One year,Electronic check,26.15,1793.4,1,1,83.07,5,No,24.908333333333335,0.013888888888888888,0.013888888888888888,0,0,1
CUST00410,Female,25,0,No,No,56,Yes,Fiber optic,Month-to-month,Bank transfer,102.26,5676.59,1,0,85.65,5,Yes,101.36767857142857,0.017857142857142856,0.0,1,0,1
CUST00411,Male,50,0,No,Yes,50,Yes,Fiber optic,One year,Credit card,56.97,2978.63,2,1,57.44,4,No,59.5726,0.04,0.02,0,0,1
CUST00412,Female,40,0,Yes,No,45,Yes,DSL,Two year,Bank transfer,51.44,2504.12,4,2,10.13,1,No,55.64711111111111,0.08888888888888889,0.044444444444444446,0,0,1
CUST00413,Female,42,0,Yes,Yes,59,Yes,Fiber optic,Two year,Bank transfer,101.92,6063.39,2,0,29.48,4,No,102.7693220338983,0.03389830508474576,0.0,1,0,1
CUST00414,Male,73,1,Yes,Yes,39,Yes,DSL,One year,Credit card,66.35,2622.74,2,2,24.13,1,No,67.24974358974359,0.05128205128205128,0.05128205128205128,0,0,1
CUST00415,Male,25,0,Yes,No,21,Yes,No,Month-to-month,Electronic check,30.79,715.08,4,1,6.08,3,Yes,34.05142857142857,0.19047619047619047,0.047619047619047616,0,0,0
CUST00416,Male,62,1,No,No,55,No,DSL,Two year,Electronic check,77.42,4189.63,2,2,42.94,6,Yes,76.17509090909091,0.03636363636363636,0.03636363636363636,0,0,1
CUST00417,Male,39,0,Yes,No,57,Yes,No,One year,Electronic check,18.88,1215.15,5,2,42.53,4,No,21.31842105263158,0.08771929824561403,0.03508771929824561,0,0,1
CUST00418,Female,21,0,No,No,41,No,Fiber optic,Month-to-month,Mailed check,72.04,2810.54,1,2,47.42,6,Yes,68.54975609756097,0.024390243902439025,0.04878048780487805,0,0,1
CUST00419,Female,57,0,No,No,70,Yes,No,Month-to-month,Electronic check,31.85,2184.02,3,1,22.14,4,No,31.200285714285712,0.04285714285714286,0.014285714285714285,0,0,1
CUST00420,Female,20,0,Yes,No,49,Yes,DSL,Month-to-month,Credit card,67.61,3378.22,1,3,76.55,1,No,68.94326530612244,0.02040816326530612,0.061224489795918366,0,0,1
CUST00421,Female,46,0,No,Yes,44,Yes,Fiber optic,Month-to-month,Electronic check,83.12,3609.16,3,1,24.52,1,Yes,82.02636363636363,0.06818181818181818,0.022727272727272728,1,0,1
CUST00422,Female,58,0,Yes,No,35,Yes,DSL,One year,Mailed check,58.16,2282.45,0,1,49.28,6,No,65.21285714285713,0.0,0.02857142857142857,0,0,0
CUST00423,Female,46,0,No,Yes,5,Yes,No,Month-to-month,Credit card,18.0,156.76,1,1,44.5,1,Yes,31.351999999999997,0.2,0.2,0,1,0
CUST00424,Male,51,0,Yes,No,71,Yes,Fiber optic,Month-to-month,Mailed check,108.68,7814.63,2,1,29.7,3,Yes,110.06521126760563,0.028169014084507043,0.014084507042253521,1,0,1
CUST00425,Female,51,0,No,Yes,51,Yes,DSL,Month-to-month,Bank transfer,84.32,4224.43,2,2,18.08,4,No,82.83196078431374,0.0392156862745098,0.0392156862745098,1,0,1
CUST00426,Male,45,0,No,No,57,Yes,No,Month-to-month,Mailed check,33.94,2031.08,1,2,17.99,6,No,35.63298245614035,0.017543859649122806,0.03508771929824561,0,0,1
CUST00427,Male,30,0,Yes,Yes,58,Yes,Fiber optic,Month-to-month,Electronic check,94.79,5578.82,3,0,6.82,1,No,96.18655172413793,0.05172413793103448,0.0,1,0,1
CUST00428,Female,32,0,Yes,No,36,No,DSL,Month-to-month,Electronic check,67.08,2571.33,1,2,14.73,6,Yes,71.42583333333333,0.027777777777777776,0.05555555555555555,0,0,1
CUST00429,Male,40,0,No,No,10,Yes,DSL,Month-to-month,Electronic check,63.97,420.48,3,3,46.05,6,No,42.048,0.3,0.3,0,0,0
CUST00430,Female,61,1,Yes,No,50,Yes,Fiber optic,One year,Credit card,58.56,2849.94,1,0,35.78,3,No,56.9988,0.02,0.0,0,0,1
CUST00431,Male,43,0,No,Yes,37,Yes,DSL,Month-to-month,Bank transfer,54.29,2042.37,4,2,56.15,3,Yes,55.199189189189184,0.10810810810810811,0.05405405405405406,0,0,1
CUST00432,Female,21,0,No,Yes,20,Yes,Fiber optic,One year,Electronic check,97.3,1982.63,3,2,59.82,5,Yes,99.1315,0.15,0.1,1,0,0
CUST00433,Male,43,0,Yes,Yes,13,Yes,DSL,Month-to-month,Electronic check,49.84,643.42,1,3,50.41,1,No,49.49384615384615,0.07692307692307693,0.23076923076923078,0,0,0
CUST00434,Female,57,0,No,No,19,Yes,Fiber optic,Month-to-month,Credit card,87.33,1506.48,2,2,30.51,1,Yes,79.28842105263158,0.10526315789473684,0.10526315789473684,1,0,0
CUST00435,Female,26,0,No,No,56,Yes,Fiber optic,Month-to-month,Electronic check,102.35,5751.25,3,1,22.27,6,No,102.70089285714286,0.05357142857142857,0.017857142857142856,1,0,1
CUST00436,Female,72,1,No,Yes,45,Yes,DSL,Month-to-month,Credit card,74.08,3364.45,3,0,16.08,1,Yes,74.76555555555555,0.06666666666666667,0.0,0,0,1
CUST00437,Female,22,0,No,Yes,60,Yes,Fiber optic,Month-to-month,Electronic check,99.06,5943.3,6,2,37.17,5,Yes,99.055,0.1,0.03333333333333333,1,0,1
CUST00438,Female,73,1,Yes,No,68,Yes,Fiber optic,Month-to-month,Bank transfer,89.26,6066.0,4,3,15.13,1,No,89.20588235294117,0.058823529411764705,0.04411764705882353,1,0,1
CUST00439,Male,49,0,Yes,Yes,57,No,DSL,Month-to-month,Credit card,69.57,4059.71,4,1,33.75,1,No,71.22298245614036,0.07017543859649122,0.017543859649122806,0,0,1
CUST00440,Male,37,0,No,Yes,54,No,No,One year,Credit card,23.07,1230.38,2,1,98.75,3,No,22.784814814814816,0.037037037037037035,0.018518518518518517,0,0,1
CUST00441,Male,67,1,No,Yes,37,Yes,No,Month-to-month,Electronic check,38.62,1303.93,2,0,86.34,1,No,35.241351351351355,0.05405405405405406,0.0,0,0,1
CUST00442,Female,28,0,Yes,Yes,37,Yes,DSL,Two year,Electronic check,40.91,1654.01,0,3,43.9,4,No,44.70297297297297,0.0,0.08108108108108109,0,0,1
CUST00443,Male,32,0,No,Yes,14,Yes,No,Two year,Bank transfer,25.54,492.27,0,0,26.99,2,No,35.162142857142854,0.0,0.0,0,0,0
CUST00444,Female,49,0,Yes,Yes,44,Yes,No,One year,Bank transfer,21.23,930.15,3,1,60.34,1,No,21.139772727272728,0.06818181818181818,0.022727272727272728,0,0,1
CUST00445,Female,45,0,Yes,No,42,Yes,Fiber optic,Month-to-month,Credit card,95.24,4087.59,1,1,59.53,3,No,97.32357142857143,0.023809523809523808,0.023809523809523808,1,0,1
CUST00446,Male,39,0,No,No,1,Yes,Fiber optic,Two year,Credit card,79.91,0.0,3,1,42.08,5,No,0.0,3.0,1.0,0,1,0
CUST00447,Male,58,0,Yes,No,23,Yes,Fiber optic,Month-to-month,Electronic check,121.27,2774.76,3,1,91.36,5,Yes,120.64173913043479,0.13043478260869565,0.043478260869565216,1,0,0
CUST00448,Female,34,0,No,No,64,Yes,DSL,Month-to-month,Mailed check,70.99,4371.94,4,2,42.72,6,No,68.3115625,0.0625,0.03125,0,0,1
CUST00449,Male,43,0,Yes,Yes,28,Yes,No,Month-to-month,Bank transfer,18.0,616.46,3,2,63.81,6,Yes,22.016428571428573,0.10714285714285714,0.07142857142857142,0,0,0
CUST00450,Female,61,1,No,No,4,Yes,DSL,Two year,Credit card,28.01,0.0,5,0,25.32,2,Yes,0.0,1.25,0.0,0,1,0
CUST00451,Female,24,0,Yes,No,41,Yes,DSL,Month-to-month,Mailed check,46.34,1858.81,1,1,87.53,3,Yes,45.33682926829268,0.024390243902439025,0.024390243902439025,0,0,1
CUST00452,Female,59,0,No,No,60,Yes,Fiber optic,Two year,Electronic check,93.42,5626.77,4,4,25.18,1,No,93.77950000000001,0.06666666666666667,0.06666666666666667,1,0,1
CUST00453,Female,74,1,No,Yes,18,Yes,Fiber optic,Month-to-month,Bank transfer,81.05,1541.29,3,0,28.45,5,Yes,85.62722222222222,0.16666666666666666,0.0,1,0,0
CUST00454,Female,43,0,Yes,No,63,Yes,DSL,Two year,Mailed check,53.12,3399.28,3,0,14.59,5,No,53.9568253968254,0.047619047619047616,0.0,0,0,1
CUST00455,Male,42,0,No,Yes,61,Yes,No,Two year,Electronic check,19.21,1286.11,4,0,23.4,4,No,21.08377049180328,0.06557377049180328,0.0,0,0,1
CUST00456,Male,27,0,Yes,No,49,Yes,Fiber optic,Two year,Electronic check,97.45,4855.44,3,2,52.39,2,No,99.09061224489795,0.061224489795918366,0.04081632653061224,1,0,1
CUST00457,Female,62,1,Yes,No,47,Yes,No,Month-to-month,Bank transfer,22.35,1181.3,3,1,26.29,4,No,25.134042553191488,0.06382978723404255,0.02127659574468085,0,0,1
CUST00458,Female,36,0,No,No,39,Yes,Fiber optic,Two year,Electronic check,78.47,2884.82,4,0,24.09,5,No,73.9697435897436,0.10256410256410256,0.0,0,0,1
CUST00459,Male,28,0,Yes,No,6,Yes,DSL,Two year,Mailed check,71.93,383.12,4,1,35.78,6,No,63.85333333333333,0.6666666666666666,0.16666666666666666,0,1,0
CUST00460,Male,30,0,No,No,53,Yes,DSL,Month-to-month,Electronic check,78.74,4218.36,1,2,18.35,1,No,79.59169811320754,0.018867924528301886,0.03773584905660377,0,0,1
CUST00461,Female,70,1,No,No,25,Yes,No,Month-to-month,Bank transfer,18.0,607.37,1,1,61.09,1,Yes,24.2948,0.04,0.04,0,0,0
CUST00462,Male,25,0,No,Yes,65,Yes,Fiber optic,One year,Credit card,102.67,6623.05,5,3,32.99,4,No,101.89307692307693,0.07692307692307693,0.046153846153846156,1,0,1
CUST00463,Female,57,0,Yes,No,5,Yes,Fiber optic,Month-to-month,Electronic check,83.34,613.21,3,2,22.17,1,Yes,122.64200000000001,0.6,0.4,1,1,0
CUST00464,Male,21,0,Yes,Yes,65,No,Fiber optic,One year,Mailed check,98.77,6455.36,3,0,94.89,2,No,99.31323076923077,0.046153846153846156,0.0,1,0,1
CUST00465,Female,64,1,Yes,No,8,Yes,No,Month-to-month,Bank transfer,30.24,170.76,2,0,13.86,4,Yes,21.345,0.25,0.0,0,0,0
CUST00466,Male,48,0,No,Yes,39,Yes,Fiber optic,Month-to-month,Electronic check,85.3,3211.25,3,0,38.49,3,No,82.33974358974359,0.07692307692307693,0.0,1,0,1
CUST00467,Female,45,0,No,No,43,Yes,Fiber optic,Month-to-month,Electronic check,85.94,3768.99,4,2,38.62,1,Yes,87.65093023255814,0.09302325581395349,0.046511627906976744,1,0,1
CUST00468,Male,28,0,No,No,5,Yes,DSL,Month-to-month,Bank transfer,68.02,276.09,6,0,57.2,1,Yes,55.217999999999996,1.2,0.0,0,1,0
CUST00469,Male,60,1,Yes,No,4,Yes,DSL,Month-to-month,Bank transfer,46.84,160.14,3,0,45.81,6,Yes,40.035,0.75,0.0,0,1,0
CUST00470,Female,18,0,Yes,No,1,Yes,DSL,Two year,Bank transfer,46.29,62.5,3,0,50.06,3,No,62.5,3.0,0.0,0,1,0
CUST00471,Male,66,1,Yes,Yes,56,Yes,No,Month-to-month,Credit card,41.65,2352.35,4,1,70.15,2,No,42.00625,0.07142857142857142,0.017857142857142856,0,0,1
CUST00472,Female,64,1,Yes,No,45,Yes,DSL,Two year,Electronic check,74.01,3521.7,4,1,37.66,4,No,78.25999999999999,0.08888888888888889,0.022222222222222223,0,0,1
CUST00473,Male,69,1,Yes,Yes,65,Yes,No,One year,Mailed check,32.94,2180.48,4,0,61.75,4,No,33.545846153846156,0.06153846153846154,0.0,0,0,1
CUST00474,Female,55,0,Yes,No,3,Yes,DSL,Month-to-month,Bank transfer,58.13,113.91,4,0,21.82,6,No,37.97,1.3333333333333333,0.0,0,1,0
CUST00475,Male,41,0,Yes,No,22,Yes,Fiber optic,Month-to-month,Credit card,60.42,1254.6,2,0,51.82,2,No,57.027272727272724,0.09090909090909091,0.0,0,0,0
CUST00476,Female,71,1,Yes,No,72,Yes,No,Month-to-month,Credit card,20.76,1661.44,2,0,53.91,6,No,23.075555555555557,0.027777777777777776,0.0,0,0,1
CUST00477,Male,74,1,Yes,No,56,Yes,DSL,Month-to-month,Credit card,64.92,3583.97,1,2,26.22,4,No,63.99946428571428,0.017857142857142856,0.03571428571428571,0,0,1
CUST00478,Female,64,1,Yes,Yes,18,Yes,Fiber optic,Month-to-month,Bank transfer,102.26,1899.16,3,1,38.94,1,Yes,105.50888888888889,0.16666666666666666,0.05555555555555555,1,0,0
CUST00479,Male,48,0,Yes,No,25,No,DSL,Month-to-month,Bank transfer,65.14,1647.72,6,0,52.98,2,Yes,65.9088,0.24,0.0,0,0,0
CUST00480,Female,58,0,Yes,No,48,Yes,Fiber optic,Two year,Mailed check,91.84,4450.38,2,0,49.29,1,No,92.71625,0.041666666666666664,0.0,1,0,1
CUST00481,Female,63,1,No,No,31,Yes,Fiber optic,Month-to-month,Credit card,82.43,2695.16,2,0,61.28,1,No,86.94064516129032,0.06451612903225806,0.0,1,0,0
CUST00482,Female,67,1,Yes,Yes,30,Yes,DSL,One year,Credit card,67.8,2062.27,5,1,21.56,6,No,68.74233333333333,0.16666666666666666,0.03333333333333333,0,0,0
CUST00483,Male,43,0,Yes,No,66,Yes,DSL,Two year,Mailed check,49.09,3321.69,2,1,62.76,1,No,50.32863636363636,0.030303030303030304,0.015151515151515152,0,0,1
CUST00484,Female,66,1,Yes,Yes,10,Yes,DSL,Two year,Electronic check,61.49,645.47,4,2,16.8,3,No,64.547,0.4,0.2,0,0,0
CUST00485,Male,67,1,Yes,No,71,Yes,Fiber optic,Two year,Credit card,81.56,5745.4,1,2,41.55,2,No,80.92112676056338,0.014084507042253521,0.028169014084507043,1,0,1
CUST00486,Female,22,0,Yes,Yes,59,Yes,No,Two year,Credit card,36.56,2206.45,1,3,34.21,6,No,37.39745762711864,0.01694915254237288,0.05084745762711865,0,0,1
CUST00487,Male,37,0,Yes,No,51,Yes,Fiber optic,Month-to-month,Mailed check,42.16,2085.07,0,3,76.8,1,Yes,40.883725490196085,0.0,0.058823529411764705,0,0,1
CUST00488,Female,69,1,No,Yes,9,No,Fiber optic,Two year,Electronic check,82.72,628.12,1,3,44.94,2,No,69.7911111111111,0.1111111111111111,0.3333333333333333,1,0,0
CUST00489,Male,58,0,Yes,No,54,Yes,Fiber optic,Two year,Electronic check,88.74,4850.11,2,0,21.37,5,No,89.81685185185185,0.037037037037037035,0.0,1,0,1
CUST00490,Male,28,0,Yes,Yes,62,Yes,Fiber optic,Month-to-month,Electronic check,57.2,3592.8,1,1,14.97,6,Yes,57.9483870967742,0.016129032258064516,0.016129032258064516,0,0,1
CUST00491,Female,73,1,No,No,9,Yes,Fiber optic,Month-to-month,Electronic check,96.11,901.12,2,2,49.27,6,Yes,100.12444444444445,0.2222222222222222,0.2222222222222222,1,0,0
CUST00492,Male,71,1,Yes,No,9,Yes,DSL,Month-to-month,Electronic check,58.42,523.48,1,1,16.65,1,Yes,58.16444444444445,0.1111111111111111,0.1111111111111111,0,0,0
CUST00493,Male,50,0,Yes,No,24,Yes,No,Month-to-month,Credit card,18.0,424.78,0,0,23.42,4,No,17.699166666666667,0.0,0.0,0,0,0
CUST00494,Female,67,1,No,Yes,39,Yes,No,Month-to-month,Mailed check,33.15,1184.5,2,1,38.29,5,Yes,30.371794871794872,0.05128205128205128,0.02564102564102564,0,0,1
CUST00495,Male,55,0,No,No,8,Yes,DSL,One year,Credit card,51.07,222.32,1,2,26.13,4,Yes,27.79,0.125,0.25,0,0,0
CUST00496,Male,44,0,Yes,Yes,25,Yes,DSL,One year,Electronic check,69.7,1831.28,2,2,34.14,5,No,73.2512,0.08,0.08,0,0,0
CUST00497,Male,51,0,No,Yes,66,Yes,DSL,Month-to-month,Mailed check,62.24,4195.28,1,1,32.84,6,No,63.56484848484848,0.015151515151515152,0.015151515151515152,0,0,1
CUST00498,Female,32,0,Yes,No,10,No,DSL,Month-to-month,Credit card,55.08,525.71,1,2,41.65,6,Yes,52.571000000000005,0.1,0.2,0,0,0
CUST00499,Male,49,0,Yes,Yes,24,Yes,DSL,One year,Electronic check,47.89,1296.54,1,1,43.85,3,No,54.0225,0.041666666666666664,0.041666666666666664,0,0,0
CUST00500,Female,75,1,No,Yes,59,No,DSL,Month-to-month,Credit card,51.44,3084.96,4,0,36.97,3,No,52.28745762711864,0.06779661016949153,0.0,0,0,1
CUST00501,Male,38,0,Yes,No,31,No,DSL,Month-to-month,Bank transfer,70.56,2221.15,3,1,39.12,5,No,71.65,0.0967741935483871,0.03225806451612903,0,0,0
CUST00502,Male,63,1,Yes,No,11,Yes,Fiber optic,One year,Bank transfer,102.3,1327.05,2,1,49.23,6,No,120.64090909090909,0.18181818181818182,0.09090909090909091,1,0,0
CUST00503,Male,22,0,No,No,6,Yes,DSL,Month-to-month,Credit card,68.34,284.54,3,4,26.43,5,Yes,47.42333333333334,0.5,0.6666666666666666,0,1,0
CUST00504,Female,23,0,No,Yes,70,Yes,DSL,Month-to-month,Electronic check,59.65,4170.78,3,3,28.55,2,Yes,59.58257142857143,0.04285714285714286,0.04285714285714286,0,0,1
CUST00505,Male,55,0,Yes,Yes,32,Yes,DSL,Month-to-month,Bank transfer,68.31,2100.71,5,1,66.52,3,Yes,65.6471875,0.15625,0.03125,0,0,0
CUST00506,Male,39,0,No,No,39,Yes,Fiber optic,One year,Electronic check,89.75,3463.48,0,1,28.15,6,No,88.80717948717948,0.0,0.02564102564102564,1,0,1
CUST00507,Female,35,0,Yes,Yes,48,Yes,DSL,One year,Bank transfer,52.78,2526.71,0,3,72.95,2,No,52.63979166666667,0.0,0.0625,0,0,1
CUST00508,Male,31,0,No,No,13,Yes,No,Month-to-month,Credit card,18.0,229.55,4,1,55.96,4,Yes,17.657692307692308,0.3076923076923077,0.07692307692307693,0,0,0
CUST00509,Female,27,0,Yes,Yes,59,Yes,No,Month-to-month,Electronic check,22.49,1219.57,0,0,22.21,3,No,20.670677966101692,0.0,0.0,0,0,1
CUST00510,Female,63,1,Yes,No,67,Yes,Fiber optic,One year,Electronic check,75.48,5063.96,2,4,60.15,2,No,75.58149253731344,0.029850746268656716,0.05970149253731343,0,0,1
CUST00511,Male,30,0,Yes,No,56,Yes,Fiber optic,Two year,Electronic check,86.95,4786.71,7,0,102.04,1,No,85.47696428571429,0.125,0.0,1,0,1
CUST00512,Female,48,0,Yes,No,41,Yes,DSL,One year,Electronic check,79.27,3369.73,3,5,46.14,4,Yes,82.18853658536585,0.07317073170731707,0.12195121951219512,0,0,1
CUST00513,Male,47,0,Yes,Yes,56,Yes,Fiber optic,Two year,Electronic check,89.2,5071.65,6,1,43.07,3,No,90.56517857142856,0.10714285714285714,0.017857142857142856,1,0,1
CUST00514,Female,20,0,No,No,35,Yes,Fiber optic,Month-to-month,Credit card,107.04,3780.79,2,3,57.07,1,Yes,108.02257142857142,0.05714285714285714,0.08571428571428572,1,0,0
CUST00515,Female,47,0,No,Yes,38,Yes,Fiber optic,One year,Credit card,85.01,3182.79,3,0,60.77,5,No,83.75763157894737,0.07894736842105263,0.0,1,0,1
CUST00516,Male,23,0,Yes,No,67,Yes,DSL,Two year,Credit card,57.99,3900.81,2,0,35.51,1,No,58.2210447761194,0.029850746268656716,0.0,0,0,1
CUST00517,Female,46,0,Yes,No,34,No,DSL,One year,Credit card,41.82,1492.56,1,2,26.88,5,No,43.898823529411764,0.029411764705882353,0.058823529411764705,0,0,0
CUST00518,Female,25,0,Yes,Yes,70,Yes,DSL,Two year,Bank transfer,67.68,4703.56,5,1,13.06,5,No,67.1937142857143,0.07142857142857142,0.014285714285714285,0,0,1
CUST00519,Female,61,1,No,No,11,Yes,DSL,Month-to-month,Mailed check,52.13,414.43,4,1,27.16,5,Yes,37.67545454545455,0.36363636363636365,0.09090909090909091,0,0,0
CUST00520,Female,62,1,No,No,27,Yes,DSL,Two year,Electronic check,49.67,1413.0,3,1,28.83,5,Yes,52.333333333333336,0.1111111111111111,0.037037037037037035,0,0,0
CUST00521,Female,60,1,No,No,48,Yes,Fiber optic,One year,Credit card,69.8,3403.37,2,0,56.16,4,No,70.90354166666667,0.041666666666666664,0.0,0,0,1
CUST00522,Male,61,1,No,No,24,Yes,DSL,Two year,Electronic check,64.25,1574.12,1,0,43.29,6,No,65.58833333333332,0.041666666666666664,0.0,0,0,0
CUST00523,Female,50,0,Yes,No,18,Yes,Fiber optic,Month-to-month,Electronic check,76.33,1298.06,2,1,65.53,5,No,72.11444444444444,0.1111111111111111,0.05555555555555555,0,0,0
CUST00524,Male,34,0,Yes,No,27,Yes,DSL,One year,Bank transfer,79.76,2249.51,2,0,29.33,5,No,83.3151851851852,0.07407407407407407,0.0,0,0,0
CUST00525,Female,65,1,No,No,54,Yes,Fiber optic,Two year,Credit card,101.79,5611.55,2,0,47.38,5,No,103.9175925925926,0.037037037037037035,0.0,1,0,1
CUST00526,Male,28,0,No,No,55,Yes,DSL,Month-to-month,Bank transfer,53.59,2975.61,3,1,12.73,3,No,54.102000000000004,0.05454545454545454,0.01818181818181818,0,0,1
CUST00527,Male,30,0,Yes,Yes,21,Yes,DSL,One year,Credit card,31.51,622.09,0,1,49.66,6,No,29.623333333333335,0.0,0.047619047619047616,0,0,0
CUST00528,Female,67,1,Yes,No,59,Yes,Fiber optic,Two year,Electronic check,86.78,5082.49,1,4,39.51,2,No,86.14389830508475,0.01694915254237288,0.06779661016949153,1,0,1
CUST00529,Female,28,0,No,No,34,Yes,Fiber optic,Month-to-month,Mailed check,80.35,2692.36,1,1,33.64,1,Yes,79.18705882352941,0.029411764705882353,0.029411764705882353,1,0,0
CUST00530,Female,48,0,Yes,No,58,Yes,Fiber optic,Month-to-month,Electronic check,98.35,5660.2,3,0,27.2,1,No,97.58965517241379,0.05172413793103448,0.0,1,0,1
CUST00531,Male,45,0,Yes,No,48,Yes,DSL,One year,Electronic check,60.16,2852.28,3,0,78.39,2,No,59.42250000000001,0.0625,0.0,0,0,1
CUST00532,Female,61,1,No,No,54,Yes,Fiber optic,Month-to-month,Electronic check,102.26,5554.36,1,1,16.77,4,Yes,102.85851851851851,0.018518518518518517,0.018518518518518517,1,0,1
CUST00533,Male,23,0,Yes,No,18,Yes,Fiber optic,Month-to-month,Mailed check,92.4,1752.85,1,0,31.2,5,Yes,97.38055555555555,0.05555555555555555,0.0,1,0,0
CUST00534,Male,58,0,Yes,No,3,Yes,DSL,Month-to-month,Credit card,44.68,279.15,3,1,30.34,6,No,93.05,1.0,0.3333333333333333,0,1,0
CUST00535,Male,33,0,No,Yes,24,Yes,DSL,Month-to-month,Credit card,51.04,1133.65,2,1,28.22,6,No,47.23541666666667,0.08333333333333333,0.041666666666666664,0,0,0
CUST00536,Female,21,0,No,No,1,Yes,Fiber optic,Month-to-month,Bank transfer,78.18,3.22,2,0,35.09,3,Yes,3.22,2.0,0.0,0,1,0
CUST00537,Female,52,0,No,Yes,6,No,DSL,Month-to-month,Credit card,57.98,432.3,1,1,57.44,1,No,72.05,0.16666666666666666,0.16666666666666666,0,1,0
CUST00538,Male,65,1,Yes,Yes,19,Yes,No,One year,Bank transfer,22.84,342.66,1,2,59.08,2,No,18.034736842105264,0.05263157894736842,0.10526315789473684,0,0,0
CUST00539,Male,73,1,Yes,No,43,Yes,No,One year,Credit card,30.75,1206.4,0,1,71.37,5,No,28.055813953488375,0.0,0.023255813953488372,0,0,1
CUST00540,Female,43,0,No,No,8,Yes,Fiber optic,One year,Mailed check,92.54,646.05,1,3,35.27,1,No,80.75625,0.125,0.375,1,0,0
CUST00541,Male,74,1,No,No,69,Yes,DSL,Month-to-month,Bank transfer,54.95,3773.93,5,1,91.09,1,Yes,54.69463768115942,0.07246376811594203,0.014492753623188406,0,0,1
CUST00542,Female,29,0,Yes,No,52,Yes,DSL,Month-to-month,Credit card,67.95,3696.97,4,2,47.66,1,Yes,71.09557692307692,0.07692307692307693,0.038461538461538464,0,0,1
CUST00543,Male,28,0,No,No,47,Yes,No,Month-to-month,Credit card,18.0,833.22,1,0,18.73,5,Yes,17.72808510638298,0.02127659574468085,0.0,0,0,1
CUST00544,Female,54,0,Yes,No,28,Yes,DSL,Two year,Mailed check,68.39,1942.35,2,0,17.08,4,No,69.36964285714285,0.07142857142857142,0.0,0,0,0
CUST00545,Male,42,0,Yes,No,46,Yes,DSL,One year,Bank transfer,70.43,3119.97,4,2,52.86,2,No,67.8254347826087,0.08695652173913043,0.043478260869565216,0,0,1
CUST00546,Female,35,0,Yes,Yes,4,Yes,DSL,Two year,Credit card,63.31,360.67,2,0,21.0,6,No,90.1675,0.5,0.0,0,1,0
CUST00547,Male,36,0,Yes,Yes,8,No,DSL,Month-to-month,Bank transfer,66.31,617.63,5,0,59.61,6,Yes,77.20375,0.625,0.0,0,0,0
CUST00548,Female,40,0,Yes,No,61,Yes,DSL,One year,Credit card,67.89,4094.41,2,0,28.54,6,No,67.12147540983607,0.03278688524590164,0.0,0,0,1
CUST00549,Female,72,1,No,No,17,Yes,Fiber optic,Month-to-month,Electronic check,100.72,1643.52,4,3,50.83,2,Yes,96.67764705882352,0.23529411764705882,0.17647058823529413,1,0,0
CUST00550,Male,55,0,No,No,34,Yes,Fiber optic,Two year,Electronic check,96.13,3364.22,5,1,64.74,1,No,98.94764705882352,0.14705882352941177,0.029411764705882353,1,0,0
CUST00551,Male,71,1,No,No,20,Yes,Fiber optic,Month-to-month,Credit card,103.11,2039.62,2,1,74.15,6,No,101.981,0.1,0.05,1,0,0
CUST00552,Female,35,0,Yes,No,34,Yes,No,Month-to-month,Electronic check,18.0,545.62,7,2,24.72,6,Yes,16.04764705882353,0.20588235294117646,0.058823529411764705,0,0,0
CUST00553,Male,43,0,Yes,Yes,43,Yes,DSL,Month-to-month,Credit card,61.59,2611.71,4,3,54.63,4,Yes,60.73744186046512,0.09302325581395349,0.06976744186046512,0,0,1
CUST00554,Female,23,0,Yes,Yes,10,Yes,DSL,One year,Bank transfer,59.45,618.36,1,1,24.2,4,No,61.836,0.1,0.1,0,0,0
CUST00555,Male,21,0,Yes,No,30,Yes,DSL,Month-to-month,Electronic check,61.83,1928.09,0,1,27.0,5,No,64.26966666666667,0.0,0.03333333333333333,0,0,0
CUST00556,Female,61,1,No,No,25,Yes,Fiber optic,Month-to-month,Electronic check,98.51,2495.07,3,1,13.93,2,No,99.8028,0.12,0.04,1,0,0
CUST00557,Female,68,1,No,Yes,57,Yes,Fiber optic,Month-to-month,Bank transfer,86.93,4982.16,3,2,42.29,6,Yes,87.40631578947368,0.05263157894736842,0.03508771929824561,1,0,1
CUST00558,Female,46,0,No,No,63,Yes,DSL,Two year,Credit card,61.06,3822.73,4,0,43.92,1,No,60.67825396825397,0.06349206349206349,0.0,0,0,1
CUST00559,Female,51,0,Yes,No,71,Yes,No,Month-to-month,Electronic check,28.74,2055.1,4,1,33.33,1,Yes,28.94507042253521,0.056338028169014086,0.014084507042253521,0,0,1
CUST00560,Female,34,0,Yes,No,47,No,Fiber optic,Two year,Bank transfer,62.4,2893.66,3,0,20.11,4,No,61.56723404255319,0.06382978723404255,0.0,0,0,1
CUST00561,Female,60,1,No,Yes,3,Yes,Fiber optic,Two year,Bank transfer,108.34,298.04,0,3,25.72,3,Yes,99.34666666666668,0.0,1.0,1,1,0
CUST00562,Male,60,1,Yes,No,46,Yes,Fiber optic,Two year,Electronic check,83.43,3979.94,4,1,55.71,5,Yes,86.5204347826087,0.08695652173913043,0.021739130434782608,1,0,1
CUST00563,Male,70,1,No,Yes,36,Yes,Fiber optic,Two year,Credit card,107.16,3861.98,5,0,33.74,4,Yes,107.27722222222222,0.1388888888888889,0.0,1,0,1
CUST00564,Male,33,0,No,No,26,Yes,Fiber optic,Two year,Electronic check,72.18,1839.92,5,2,48.47,5,No,70.76615384615386,0.19230769230769232,0.07692307692307693,0,0,0
CUST00565,Female,19,0,Yes,No,10,Yes,DSL,Month-to-month,Bank transfer,49.05,423.1,2,2,17.79,4,Yes,42.31,0.2,0.2,0,0,0
CUST00566,Female,51,0,No,No,34,Yes,Fiber optic,Month-to-month,Credit card,81.59,2553.98,1,5,63.0,4,Yes,75.11705882352942,0.029411764705882353,0.14705882352941177,1,0,0
CUST00567,Female,72,1,No,No,8,Yes,Fiber optic,One year,Credit card,85.54,892.98,3,0,74.18,6,No,111.6225,0.375,0.0,1,0,0
CUST00568,Female,25,0,Yes,Yes,55,Yes,DSL,Month-to-month,Mailed check,53.91,3184.62,3,1,90.25,4,No,57.902181818181816,0.05454545454545454,0.01818181818181818,0,0,1
CUST00569,Male,30,0,No,Yes,10,Yes,No,Month-to-month,Electronic check,18.56,248.37,1,2,47.99,3,Yes,24.837,0.1,0.2,0,0,0
CUST00570,Male,59,0,Yes,No,57,Yes,Fiber optic,One year,Electronic check,90.56,5058.4,6,1,76.71,2,No,88.7438596491228,0.10526315789473684,0.017543859649122806,1,0,1
CUST00571,Female,25,0,Yes,Yes,45,Yes,DSL,One year,Electronic check,77.4,3756.46,1,1,15.44,1,No,83.4768888888889,0.022222222222222223,0.022222222222222223,0,0,1
CUST00572,Male,47,0,No,Yes,50,Yes,Fiber optic,Two year,Electronic check,109.89,5354.11,1,0,27.84,5,No,107.0822,0.02,0.0,1,0,1
CUST00573,Male,49,0,No,No,64,Yes,No,One year,Bank transfer,22.65,1488.93,1,1,49.06,4,No,23.26453125,0.015625,0.015625,0,0,1
CUST00574,Female,53,0,Yes,No,2,Yes,DSL,One year,Credit card,47.05,0.0,2,1,56.94,1,Yes,0.0,1.0,0.5,0,1,0
CUST00575,Male,64,1,Yes,No,45,No,DSL,Month-to-month,Electronic check,56.85,2341.03,3,3,29.45,4,Yes,52.02288888888889,0.06666666666666667,0.06666666666666667,0,0,1
CUST00576,Female,47,0,No,Yes,62,Yes,Fiber optic,Month-to-month,Electronic check,110.67,6884.75,2,1,7.68,2,Yes,111.04435483870968,0.03225806451612903,0.016129032258064516,1,0,1
CUST00577,Male,18,0,No,No,14,Yes,DSL,Two year,Electronic check,72.35,1048.8,3,1,19.05,2,Yes,74.91428571428571,0.21428571428571427,0.07142857142857142,0,0,0
CUST00578,Female,60,1,No,No,15,Yes,DSL,Month-to-month,Mailed check,64.63,981.35,2,0,26.47,2,No,65.42333333333333,0.13333333333333333,0.0,0,0,0
CUST00579,Female,56,0,Yes,No,14,Yes,Fiber optic,Month-to-month,Bank transfer,77.99,1241.17,1,2,35.77,4,Yes,88.655,0.07142857142857142,0.14285714285714285,0,0,0
CUST00580,Female,34,0,No,Yes,31,Yes,Fiber optic,One year,Credit card,98.68,3054.28,5,2,27.96,1,No,98.52516129032259,0.16129032258064516,0.06451612903225806,1,0,0
CUST00581,Female,37,0,Yes,No,29,No,DSL,Month-to-month,Electronic check,87.15,2608.58,3,0,36.38,2,Yes,89.95103448275862,0.10344827586206896,0.0,1,0,0
CUST00582,Male,41,0,No,No,27,Yes,DSL,Month-to-month,Credit card,58.29,1495.56,3,3,48.03,6,Yes,55.39111111111111,0.1111111111111111,0.1111111111111111,0,0,0
CUST00583,Female,67,1,Yes,No,9,Yes,Fiber optic,Month-to-month,Electronic check,55.45,628.55,2,1,11.95,5,Yes,69.83888888888889,0.2222222222222222,0.1111111111111111,0,0,0
CUST00584,Female,39,0,No,No,20,Yes,DSL,Month-to-month,Mailed check,47.69,1091.84,2,2,41.72,3,Yes,54.592,0.1,0.1,0,0,0
CUST00585,Female,46,0,Yes,Yes,58,Yes,Fiber optic,Month-to-month,Bank transfer,85.94,4959.06,3,1,69.53,3,No,85.50103448275863,0.05172413793103448,0.017241379310344827,1,0,1
CUST00586,Male,39,0,Yes,Yes,49,Yes,Fiber optic,Two year,Credit card,82.66,4087.86,1,1,31.95,3,No,83.42571428571429,0.02040816326530612,0.02040816326530612,1,0,1
CUST00587,Female,61,1,Yes,No,57,Yes,DSL,Month-to-month,Credit card,76.33,4280.93,4,1,23.2,3,Yes,75.1040350877193,0.07017543859649122,0.017543859649122806,0,0,1
CUST00588,Male,26,0,Yes,No,16,Yes,Fiber optic,Month-to-month,Credit card,76.13,1196.03,1,1,36.84,3,No,74.751875,0.0625,0.0625,0,0,0
CUST00589,Female,54,0,No,No,8,Yes,Fiber optic,Month-to-month,Electronic check,82.38,732.77,3,1,79.36,3,Yes,91.59625,0.375,0.125,1,0,0
CUST00590,Male,27,0,No,No,67,Yes,Fiber optic,Month-to-month,Electronic check,75.29,5092.91,0,2,38.61,4,No,76.01358208955223,0.0,0.029850746268656716,0,0,1
CUST00591,Male,53,0,No,No,19,No,DSL,Two year,Credit card,69.35,1144.74,5,1,17.27,1,Yes,60.24947368421053,0.2631578947368421,0.05263157894736842,0,0,0
CUST00592,Female,54,0,Yes,No,67,Yes,DSL,Month-to-month,Electronic check,49.67,3214.16,1,2,28.94,5,Yes,47.97253731343283,0.014925373134328358,0.029850746268656716,0,0,1
CUST00593,Male,45,0,No,Yes,36,Yes,No,Two year,Electronic check,23.12,773.52,5,1,41.03,1,Yes,21.486666666666665,0.1388888888888889,0.027777777777777776,0,0,1
CUST00594,Female,45,0,No,No,60,Yes,Fiber optic,Month-to-month,Credit card,62.15,3750.98,1,1,45.62,5,Yes,62.516333333333336,0.016666666666666666,0.016666666666666666,0,0,1
CUST00595,Female,59,0,Yes,Yes,36,Yes,DSL,Two year,Mailed check,53.66,1840.01,2,2,44.66,2,No,51.11138888888889,0.05555555555555555,0.05555555555555555,0,0,1
CUST00596,Female,60,1,Yes,Yes,11,Yes,Fiber optic,Month-to-month,Mailed check,109.94,1067.95,9,2,28.0,6,Yes,97.08636363636364,0.8181818181818182,0.18181818181818182,1,0,0
CUST00597,Male,38,0,No,No,51,Yes,DSL,Month-to-month,Electronic check,81.31,3883.87,3,2,29.81,6,Yes,76.1543137254902,0.058823529411764705,0.0392156862745098,1,0,1
CUST00598,Male,41,0,No,No,55,Yes,DSL,Month-to-month,Electronic check,68.09,3953.57,4,2,47.32,6,Yes,71.88309090909091,0.07272727272727272,0.03636363636363636,0,0,1
CUST00599,Female,59,0,No,No,54,No,Fiber optic,One year,Credit card,91.62,4967.68,2,3,42.91,5,No,91.99407407407408,0.037037037037037035,0.05555555555555555,1,0,1
CUST00600,Female,57,0,Yes,No,17,Yes,DSL,Month-to-month,Bank transfer,52.45,747.39,4,1,49.38,4,No,43.96411764705882,0.23529411764705882,0.058823529411764705,0,0,0
CUST00601,Male,19,0,No,No,62,Yes,Fiber optic,Month-to-month,Mailed check,87.99,5558.68,2,1,55.01,2,Yes,89.65612903225806,0.03225806451612903,0.016129032258064516,1,0,1
CUST00602,Female,72,1,Yes,Yes,42,Yes,Fiber optic,Two year,Mailed check,87.49,3823.94,2,1,49.64,3,No,91.04619047619047,0.047619047619047616,0.023809523809523808,1,0,1
CUST00603,Female,25,0,No,No,24,Yes,Fiber optic,Month-to-month,Bank transfer,85.26,2067.58,3,1,41.96,4,No,86.14916666666666,0.125,0.041666666666666664,1,0,0
CUST00604,Female,65,1,No,No,17,Yes,DSL,Month-to-month,Electronic check,69.68,1246.86,2,1,15.96,4,Yes,73.34470588235294,0.11764705882352941,0.058823529411764705,0,0,0
CUST00605,Male,44,0,Yes,No,48,Yes,DSL,Two year,Electronic check,48.68,2467.52,2,1,32.05,1,No,51.406666666666666,0.041666666666666664,0.020833333333333332,0,0,1
CUST00606,Male,39,0,No,Yes,70,Yes,Fiber optic,Month-to-month,Electronic check,123.43,8700.66,2,0,18.67,1,Yes,124.29514285714285,0.02857142857142857,0.0,1,0,1
CUST00607,Male,54,0,Yes,Yes,7,Yes,Fiber optic,Two year,Credit card,109.37,828.85,1,0,42.86,2,Yes,118.40714285714286,0.14285714285714285,0.0,1,0,0
CUST00608,Female,44,0,No,No,14,Yes,Fiber optic,Month-to-month,Electronic check,72.82,866.05,1,2,19.29,4,Yes,61.86071428571428,0.07142857142857142,0.14285714285714285,0,0,0
CUST00609,Female,74,1,Yes,No,11,Yes,Fiber optic,Month-to-month,Bank transfer,86.61,679.79,2,2,54.42,6,Yes,61.79909090909091,0.18181818181818182,0.18181818181818182,1,0,0
CUST00610,Female,46,0,Yes,No,12,Yes,DSL,Month-to-month,Bank transfer,52.81,719.87,6,4,50.13,2,Yes,59.98916666666667,0.5,0.3333333333333333,0,0,0
CUST00611,Male,20,0,Yes,No,5,No,DSL,Two year,Electronic check,67.63,315.72,1,1,33.35,3,No,63.144000000000005,0.2,0.2,0,1,0
CUST00612,Female,61,1,Yes,No,5,Yes,Fiber optic,Two year,Mailed check,83.66,372.82,2,1,39.15,6,No,74.564,0.4,0.2,1,1,0
CUST00613,Female,30,0,Yes,No,20,Yes,Fiber optic,Two year,Credit card,56.77,1232.72,4,0,75.81,6,No,61.636,0.2,0.0,0,0,0
CUST00614,Female,62,1,No,No,54,Yes,DSL,Month-to-month,Mailed check,48.95,2547.82,2,1,40.84,1,No,47.18185185185185,0.037037037037037035,0.018518518518518517,0,0,1
CUST00615,Female,27,0,No,No,55,Yes,Fiber optic,Two year,Mailed check,104.9,5765.85,3,1,40.14,4,No,104.83363636363637,0.05454545454545454,0.01818181818181818,1,0,1
CUST00616,Male,53,0,No,Yes,58,Yes,Fiber optic,Month-to-month,Electronic check,81.72,4745.47,4,1,25.43,3,Yes,81.81844827586207,0.06896551724137931,0.017241379310344827,1,0,1
CUST00617,Male,26,0,Yes,No,30,Yes,DSL,Month-to-month,Credit card,57.26,1786.78,3,2,75.49,4,No,59.559333333333335,0.1,0.06666666666666667,0,0,0
CUST00618,Female,71,1,No,No,24,Yes,DSL,Two year,Electronic check,68.03,1666.85,4,1,40.92,3,No,69.45208333333333,0.16666666666666666,0.041666666666666664,0,0,0
CUST00619,Male,73,1,Yes,No,3,Yes,DSL,Month-to-month,Bank transfer,71.28,248.01,1,0,15.51,5,Yes,82.67,0.3333333333333333,0.0,0,1,0
CUST00620,Male,72,1,No,Yes,48,Yes,No,Month-to-month,Credit card,24.29,1125.46,3,2,61.33,3,Yes,23.447083333333335,0.0625,0.041666666666666664,0,0,1
CUST00621,Female,44,0,Yes,No,71,Yes,Fiber optic,Month-to-month,Mailed check,52.51,3690.36,4,0,10.7,5,No,51.97690140845071,0.056338028169014086,0.0,0,0,1
CUST00622,Female,51,0,No,No,22,Yes,DSL,One year,Electronic check,50.36,1141.95,4,1,69.39,1,Yes,51.90681818181818,0.18181818181818182,0.045454545454545456,0,0,0
CUST00623,Male,68,1,No,No,14,Yes,Fiber optic,Month-to-month,Bank transfer,52.84,689.71,2,0,61.18,5,No,49.265,0.14285714285714285,0.0,0,0,0
CUST00624,Female,18,0,No,Yes,48,Yes,DSL,Month-to-month,Mailed check,43.21,1991.23,2,1,35.89,2,No,41.483958333333334,0.041666666666666664,0.020833333333333332,0,0,1
CUST00625,Male,49,0,Yes,No,29,Yes,No,Two year,Bank transfer,25.62,871.61,2,2,65.4,6,Yes,30.05551724137931,0.06896551724137931,0.06896551724137931,0,0,0
CUST00626,Female,42,0,Yes,No,50,Yes,DSL,Month-to-month,Electronic check,60.55,2960.04,3,0,12.3,3,No,59.2008,0.06,0.0,0,0,1
CUST00627,Male,46,0,Yes,No,10,Yes,DSL,Month-to-month,Credit card,75.3,707.14,1,0,75.29,1,No,70.714,0.1,0.0,0,0,0
CUST00628,Female,24,0,No,Yes,71,Yes,DSL,One year,Electronic check,59.61,4354.97,5,0,15.75,6,No,61.33760563380282,0.07042253521126761,0.0,0,0,1
CUST00629,Male,66,1,No,No,27,Yes,Fiber optic,Two year,Electronic check,71.83,1870.43,3,1,30.83,4,No,69.2751851851852,0.1111111111111111,0.037037037037037035,0,0,0
CUST00630,Male,20,0,Yes,Yes,28,Yes,DSL,Month-to-month,Electronic check,74.44,2116.43,2,1,65.4,3,No,75.58678571428571,0.07142857142857142,0.03571428571428571,0,0,0
CUST00631,Male,37,0,No,Yes,9,No,No,One year,Electronic check,39.01,392.0,5,1,59.32,3,No,43.55555555555556,0.5555555555555556,0.1111111111111111,0,0,0
CUST00632,Female,37,0,No,No,71,Yes,DSL,Month-to-month,Bank transfer,71.0,5031.98,1,0,54.73,5,Yes,70.87295774647886,0.014084507042253521,0.0,0,0,1
CUST00633,Male,70,1,No,No,26,Yes,Fiber optic,Month-to-month,Credit card,83.99,2144.9,4,0,27.28,5,Yes,82.49615384615385,0.15384615384615385,0.0,1,0,0
CUST00634,Male,47,0,Yes,No,8,Yes,Fiber optic,Month-to-month,Bank transfer,80.38,530.4,2,1,51.24,3,Yes,66.3,0.25,0.125,1,0,0
CUST00635,Female,52,0,Yes,No,2,Yes,Fiber optic,Month-to-month,Electronic check,67.13,197.05,0,1,87.66,3,Yes,98.525,0.0,0.5,0,1,0
CUST00636,Female,52,0,Yes,No,57,Yes,Fiber optic,Month-to-month,Electronic check,73.15,4279.82,3,0,46.95,2,No,75.08456140350877,0.05263157894736842,0.0,0,0,1
CUST00637,Male,66,1,No,No,52,No,DSL,Two year,Electronic check,54.62,2939.86,1,1,41.61,4,No,56.53576923076923,0.019230769230769232,0.019230769230769232,0,0,1
CUST00638,Male,56,0,Yes,Yes,58,Yes,Fiber optic,One year,Electronic check,65.14,3815.21,2,1,56.98,2,No,65.77948275862069,0.034482758620689655,0.017241379310344827,0,0,1
CUST00639,Female,44,0,No,No,3,Yes,Fiber optic,Two year,Credit card,79.98,42.35,1,1,81.16,2,No,14.116666666666667,0.3333333333333333,0.3333333333333333,0,1,0
CUST00640,Female,43,0,No,No,8,Yes,Fiber optic,One year,Credit card,80.78,723.18,4,2,31.44,4,Yes,90.3975,0.5,0.25,1,0,0
CUST00641,Female,31,0,No,No,59,Yes,DSL,Month-to-month,Mailed check,75.29,4431.27,1,1,36.04,1,No,75.10627118644068,0.01694915254237288,0.01694915254237288,0,0,1
CUST00642,Female,34,0,No,No,2,Yes,DSL,Month-to-month,Credit card,40.57,21.93,1,0,52.46,4,No,10.965,0.5,0.0,0,1,0
CUST00643,Female,35,0,Yes,No,62,Yes,DSL,Two year,Electronic check,62.07,3914.1,4,3,35.39,1,No,63.130645161290325,0.06451612903225806,0.04838709677419355,0,0,1
CUST00644,Male,62,1,Yes,No,49,Yes,Fiber optic,One year,Electronic check,64.59,3187.51,3,1,18.45,3,No,65.05122448979593,0.061224489795918366,0.02040816326530612,0,0,1
CUST00645,Female,69,1,No,Yes,20,Yes,Fiber optic,Two year,Mailed check,55.66,1214.09,1,1,34.66,6,No,60.704499999999996,0.05,0.05,0,0,0
CUST00646,Male,46,0,Yes,Yes,29,Yes,Fiber optic,Month-to-month,Bank transfer,77.59,2284.2,4,2,48.55,2,Yes,78.7655172413793,0.13793103448275862,0.06896551724137931,0,0,0
CUST00647,Male,37,0,Yes,No,17,Yes,Fiber optic,Month-to-month,Bank transfer,85.28,1423.07,2,1,19.58,3,Yes,83.71,0.11764705882352941,0.058823529411764705,1,0,0
CUST00648,Male,70,1,Yes,No,22,Yes,Fiber optic,Month-to-month,Electronic check,104.08,2254.87,2,0,18.48,2,Yes,102.4940909090909,0.09090909090909091,0.0,1,0,0
CUST00649,Female,44,0,Yes,Yes,6,Yes,DSL,Month-to-month,Electronic check,56.77,401.75,1,0,40.19,5,No,66.95833333333333,0.16666666666666666,0.0,0,1,0
CUST00650,Male,35,0,Yes,Yes,62,Yes,Fiber optic,Month-to-month,Electronic check,76.92,4635.25,0,0,25.22,2,No,74.76209677419355,0.0,0.0,0,0,1
CUST00651,Male,21,0,No,No,31,Yes,No,Month-to-month,Mailed check,19.38,550.62,1,2,100.37,2,No,17.761935483870968,0.03225806451612903,0.06451612903225806,0,0,0
CUST00652,Female,18,0,No,No,62,Yes,DSL,One year,Electronic check,53.79,3115.56,2,1,38.67,2,No,50.25096774193548,0.03225806451612903,0.016129032258064516,0,0,1
CUST00653,Male,67,1,No,Yes,12,Yes,Fiber optic,Month-to-month,Credit card,32.17,428.17,1,2,32.81,1,Yes,35.68083333333333,0.08333333333333333,0.16666666666666666,0,0,0
CUST00654,Male,18,0,Yes,Yes,12,Yes,DSL,Month-to-month,Credit card,50.17,666.55,3,2,47.68,5,No,55.54583333333333,0.25,0.16666666666666666,0,0,0
CUST00655,Female,75,1,Yes,No,63,Yes,DSL,One year,Credit card,69.62,4309.13,3,2,32.93,1,No,68.39888888888889,0.047619047619047616,0.031746031746031744,0,0,1
CUST00656,Male,43,0,Yes,No,16,Yes,DSL,Month-to-month,Electronic check,30.56,379.61,3,2,39.91,4,Yes,23.725625,0.1875,0.125,0,0,0
CUST00657,Male,62,1,No,Yes,25,No,No,One year,Credit card,21.68,637.32,3,5,57.04,4,Yes,25.492800000000003,0.12,0.2,0,0,0
CUST00658,Male,37,0,Yes,Yes,22,No,Fiber optic,Month-to-month,Electronic check,80.67,1703.32,3,4,78.91,5,Yes,77.42363636363636,0.13636363636363635,0.18181818181818182,1,0,0
CUST00659,Female,69,1,No,No,18,Yes,DSL,Two year,Mailed check,68.6,1299.13,2,1,29.06,4,No,72.1738888888889,0.1111111111111111,0.05555555555555555,0,0,0
CUST00660,Female,40,0,No,No,45,Yes,Fiber optic,One year,Electronic check,86.75,3902.34,3,0,10.56,3,No,86.71866666666666,0.06666666666666667,0.0,1,0,1
CUST00661,Female,27,0,Yes,No,68,Yes,DSL,Two year,Electronic check,65.06,4371.18,3,1,29.16,1,No,64.28205882352941,0.04411764705882353,0.014705882352941176,0,0,1
CUST00662,Male,28,0,Yes,No,12,Yes,Fiber optic,Month-to-month,Electronic check,73.81,943.73,4,2,41.2,2,Yes,78.64416666666666,0.3333333333333333,0.16666666666666666,0,0,0
CUST00663,Male,58,0,No,Yes,49,Yes,Fiber optic,Month-to-month,Bank transfer,58.63,2876.05,1,0,43.8,3,Yes,58.69489795918368,0.02040816326530612,0.0,0,0,1
CUST00664,Female,58,0,No,No,33,Yes,DSL,Month-to-month,Electronic check,53.64,1919.56,2,2,56.84,2,No,58.168484848484844,0.06060606060606061,0.06060606060606061,0,0,0
CUST00665,Male,22,0,Yes,No,63,Yes,Fiber optic,Month-to-month,Credit card,82.86,5146.67,2,1,37.96,4,Yes,81.6931746031746,0.031746031746031744,0.015873015873015872,1,0,1
CUST00666,Male,75,1,Yes,Yes,18,No,Fiber optic,Month-to-month,Electronic check,102.37,1710.18,1,0,38.3,1,Yes,95.01,0.05555555555555555,0.0,1,0,0
CUST00667,Female,18,0,No,No,54,Yes,Fiber optic,One year,Electronic check,63.58,3431.7,1,2,23.29,4,No,63.55,0.018518518518518517,0.037037037037037035,0,0,1
CUST00668,Female,34,0,Yes,No,27,Yes,DSL,Month-to-month,Credit card,85.07,2344.52,4,0,27.73,6,No,86.83407407407407,0.14814814814814814,0.0,1,0,0
CUST00669,Male,39,0,Yes,Yes,25,Yes,No,One year,Electronic check,26.38,640.73,3,1,65.37,6,No,25.6292,0.12,0.04,0,0,0
CUST00670,Male,51,0,Yes,Yes,34,Yes,DSL,One year,Bank transfer,50.87,1909.42,0,0,62.81,1,No,56.15941176470589,0.0,0.0,0,0,0
CUST00671,Male,73,1,No,Yes,60,Yes,DSL,One year,Bank transfer,50.24,3135.68,5,0,69.06,2,No,52.26133333333333,0.08333333333333333,0.0,0,0,1
CUST00672,Female,62,1,Yes,Yes,54,No,DSL,Month-to-month,Mailed check,58.08,3083.77,3,0,47.44,2,Yes,57.10685185185185,0.05555555555555555,0.0,0,0,1
CUST00673,Female,58,0,Yes,No,5,Yes,Fiber optic,Two year,Electronic check,83.98,426.33,2,2,32.84,6,No,85.26599999999999,0.4,0.4,1,1,0
CUST00674,Female,46,0,Yes,No,36,Yes,Fiber optic,Month-to-month,Credit card,85.2,2886.68,3,0,31.9,2,No,80.18555555555555,0.08333333333333333,0.0,1,0,1
CUST00675,Female,21,0,No,No,54,Yes,DSL,Month-to-month,Mailed check,67.65,3758.26,5,0,87.03,5,No,69.59740740740742,0.09259259259259259,0.0,0,0,1
CUST00676,Male,22,0,No,Yes,36,Yes,Fiber optic,Two year,Bank transfer,75.08,2634.83,0,2,98.45,4,No,73.18972222222222,0.0,0.05555555555555555,0,0,1
CUST00677,Female,28,0,No,No,69,Yes,Fiber optic,Month-to-month,Electronic check,86.6,5995.3,0,2,42.92,5,No,86.88840579710146,0.0,0.028985507246376812,1,0,1
CUST00678,Female,73,1,No,No,39,No,DSL,One year,Credit card,55.98,2157.48,3,2,28.51,3,Yes,55.32,0.07692307692307693,0.05128205128205128,0,0,1
CUST00679,Female,68,1,No,No,70,Yes,DSL,Month-to-month,Mailed check,79.76,5434.26,1,4,41.37,5,No,77.63228571428571,0.014285714285714285,0.05714285714285714,0,0,1
CUST00680,Female,38,0,Yes,Yes,4,Yes,Fiber optic,Month-to-month,Credit card,57.88,314.88,4,2,36.73,2,Yes,78.72,1.0,0.5,0,1,0
CUST00681,Female,52,0,Yes,Yes,65,No,DSL,Month-to-month,Bank transfer,85.74,5467.24,2,0,67.01,1,No,84.11138461538461,0.03076923076923077,0.0,1,0,1
CUST00682,Male,29,0,No,No,40,Yes,DSL,Month-to-month,Credit card,49.4,1924.07,3,1,14.71,4,Yes,48.101749999999996,0.075,0.025,0,0,1
CUST00683,Male,43,0,Yes,No,37,Yes,DSL,Month-to-month,Electronic check,46.97,1823.18,3,2,32.5,4,Yes,49.27513513513514,0.08108108108108109,0.05405405405405406,0,0,1
CUST00684,Female,68,1,Yes,No,67,No,No,Month-to-month,Electronic check,22.63,1419.08,1,2,22.66,4,No,21.180298507462684,0.014925373134328358,0.029850746268656716,0,0,1
CUST00685,Male,36,0,No,No,31,Yes,Fiber optic,One year,Electronic check,88.24,2884.53,2,1,45.22,3,No,93.04935483870969,0.06451612903225806,0.03225806451612903,1,0,0
CUST00686,Female,62,1,Yes,No,47,Yes,DSL,One year,Electronic check,55.64,2516.38,4,5,46.42,4,No,53.54,0.0851063829787234,0.10638297872340426,0,0,1
CUST00687,Female,24,0,Yes,No,27,Yes,No,Two year,Mailed check,29.78,687.1,0,0,43.06,6,No,25.44814814814815,0.0,0.0,0,0,0
CUST00688,Male,64,1,No,No,51,Yes,DSL,Two year,Bank transfer,54.61,2789.76,1,0,17.57,3,No,54.70117647058824,0.0196078431372549,0.0,0,0,1
CUST00689,Male,72,1,No,No,20,Yes,DSL,Month-to-month,Bank transfer,52.28,1209.01,1,0,14.83,2,No,60.4505,0.05,0.0,0,0,0
CUST00690,Female,24,0,Yes,No,13,Yes,Fiber optic,Two year,Credit card,71.13,924.1,0,0,32.23,1,No,71.08461538461539,0.0,0.0,0,0,0
CUST00691,Female,43,0,No,Yes,63,Yes,DSL,Month-to-month,Credit card,75.13,4831.33,2,2,45.17,2,No,76.68777777777778,0.031746031746031744,0.031746031746031744,0,0,1
CUST00692,Female,57,0,No,No,44,Yes,Fiber optic,Month-to-month,Electronic check,90.77,3859.79,4,1,45.46,5,Yes,87.7225,0.09090909090909091,0.022727272727272728,1,0,1
CUST00693,Male,22,0,No,Yes,24,Yes,No,One year,Mailed check,18.0,395.36,0,0,31.76,4,No,16.473333333333333,0.0,0.0,0,0,0
CUST00694,Female,38,0,Yes,Yes,3,Yes,DSL,Month-to-month,Credit card,54.57,133.44,0,0,59.35,5,Yes,44.48,0.0,0.0,0,1,0
CUST00695,Female,31,0,Yes,No,10,Yes,No,One year,Credit card,18.0,53.86,4,2,27.82,3,No,5.386,0.4,0.2,0,0,0
CUST00696,Female,21,0,No,No,65,Yes,DSL,Month-to-month,Mailed check,92.71,5867.02,5,1,50.0,2,Yes,90.26184615384616,0.07692307692307693,0.015384615384615385,1,0,1
CUST00697,Male,40,0,No,Yes,49,Yes,Fiber optic,Month-to-month,Credit card,87.75,4275.59,3,0,27.05,4,Yes,87.2569387755102,0.061224489795918366,0.0,1,0,1
CUST00698,Female,59,0,No,No,58,Yes,Fiber optic,Month-to-month,Mailed check,55.15,3356.67,2,0,12.65,6,Yes,57.873620689655176,0.034482758620689655,0.0,0,0,1
CUST00699,Female,37,0,Yes,No,2,Yes,No,Month-to-month,Mailed check,18.0,57.85,4,0,29.8,3,No,28.925,2.0,0.0,0,1,0
CUST00700,Male,32,0,Yes,No,66,Yes,Fiber optic,Two year,Electronic check,66.24,4303.54,1,2,20.22,2,No,65.20515151515151,0.015151515151515152,0.030303030303030304,0,0,1
CUST00701,Female,67,1,No,No,31,Yes,Fiber optic,Two year,Electronic check,89.39,2567.37,0,0,96.76,2,No,82.81838709677419,0.0,0.0,1,0,0
CUST00702,Female,69,1,Yes,No,68,Yes,DSL,Month-to-month,Mailed check,39.63,2657.64,5,1,15.0,3,Yes,39.082941176470584,0.07352941176470588,0.014705882352941176,0,0,1
CUST00703,Male,62,1,No,No,37,Yes,Fiber optic,Month-to-month,Credit card,64.52,2343.27,0,2,36.85,1,No,63.33162162162162,0.0,0.05405405405405406,0,0,1
CUST00704,Female,46,0,Yes,No,24,No,DSL,Month-to-month,Electronic check,56.98,1405.97,3,0,45.02,2,No,58.58208333333334,0.125,0.0,0,0,0
CUST00705,Male,25,0,Yes,No,44,Yes,DSL,Two year,Credit card,59.01,2571.07,3,0,58.89,4,No,58.433409090909095,0.06818181818181818,0.0,0,0,1
CUST00706,Male,58,0,No,Yes,41,No,DSL,Month-to-month,Credit card,53.35,2250.53,3,1,55.6,5,Yes,54.890975609756104,0.07317073170731707,0.024390243902439025,0,0,1
CUST00707,Female,65,1,No,No,51,Yes,No,Two year,Bank transfer,21.68,1182.43,2,2,19.45,3,Yes,23.184901960784316,0.0392156862745098,0.0392156862745098,0,0,1
CUST00708,Female,36,0,Yes,Yes,42,Yes,Fiber optic,One year,Mailed check,63.47,2658.76,3,2,35.25,1,No,63.30380952380953,0.07142857142857142,0.047619047619047616,0,0,1
CUST00709,Female,65,1,Yes,No,40,Yes,Fiber optic,Two year,Mailed check,91.69,3662.02,3,2,19.3,2,No,91.5505,0.075,0.05,1,0,1
CUST00710,Female,56,0,No,Yes,48,Yes,Fiber optic,One year,Mailed check,54.98,2642.46,4,1,50.33,5,No,55.05125,0.08333333333333333,0.020833333333333332,0,0,1
CUST00711,Male,63,1,Yes,No,4,Yes,No,One year,Electronic check,23.68,0.0,5,2,11.49,6,No,0.0,1.25,0.5,0,1,0
CUST00712,Female,45,0,No,No,60,Yes,Fiber optic,One year,Bank transfer,111.71,6774.64,3,1,15.81,1,No,112.91066666666667,0.05,0.016666666666666666,1,0,1
CUST00713,Male,63,1,No,Yes,39,Yes,Fiber optic,Two year,Electronic check,79.51,3270.62,3,1,31.27,3,No,83.86205128205128,0.07692307692307693,0.02564102564102564,0,0,1
CUST00714,Female,74,1,Yes,No,5,Yes,DSL,Two year,Electronic check,43.21,221.98,8,2,24.33,2,No,44.396,1.6,0.4,0,1,0
CUST00715,Female,44,0,No,Yes,6,Yes,Fiber optic,One year,Bank transfer,83.25,421.23,0,0,38.36,6,No,70.205,0.0,0.0,1,1,0
CUST00716,Female,21,0,Yes,No,14,Yes,No,One year,Credit card,22.53,314.72,2,0,47.25,2,No,22.48,0.14285714285714285,0.0,0,0,0
CUST00717,Male,75,1,No,No,70,Yes,No,Two year,Mailed check,26.48,1810.11,5,0,21.71,6,No,25.858714285714285,0.07142857142857142,0.0,0,0,1
CUST00718,Female,32,0,Yes,No,12,Yes,DSL,Two year,Electronic check,62.02,746.98,2,1,47.53,3,No,62.248333333333335,0.16666666666666666,0.08333333333333333,0,0,0
CUST00719,Female,52,0,No,No,62,Yes,DSL,One year,Bank transfer,71.55,4404.9,1,0,41.93,5,No,71.04677419354839,0.016129032258064516,0.0,0,0,1
CUST00720,Female,54,0,Yes,Yes,27,No,Fiber optic,Month-to-month,Electronic check,77.47,1876.4,1,1,39.21,5,Yes,69.4962962962963,0.037037037037037035,0.037037037037037035,0,0,0
CUST00721,Female,18,0,Yes,No,54,Yes,DSL,Month-to-month,Electronic check,49.97,2707.92,2,1,33.76,4,No,50.14666666666667,0.037037037037037035,0.018518518518518517,0,0,1
CUST00722,Male,20,0,No,No,12,Yes,DSL,Two year,Credit card,50.27,825.67,3,0,34.87,2,No,68.80583333333333,0.25,0.0,0,0,0
CUST00723,Female,64,1,No,No,8,Yes,Fiber optic,Month-to-month,Credit card,75.15,467.59,0,1,47.9,3,Yes,58.44875,0.0,0.125,0,0,0
CUST00724,Male,41,0,No,No,16,No,Fiber optic,Month-to-month,Credit card,89.3,1538.52,2,2,30.9,2,No,96.1575,0.125,0.125,1,0,0
CUST00725,Male,44,0,Yes,No,52,Yes,No,Month-to-month,Mailed check,18.0,976.06,2,3,35.66,4,No,18.770384615384614,0.038461538461538464,0.057692307692307696,0,0,1
CUST00726,Male,57,0,No,No,26,Yes,Fiber optic,One year,Bank transfer,70.82,1749.43,4,2,40.2,4,Yes,67.28576923076923,0.15384615384615385,0.07692307692307693,0,0,0
CUST00727,Male,53,0,Yes,Yes,8,Yes,DSL,One year,Electronic check,60.6,350.47,5,2,37.48,1,Yes,43.80875,0.625,0.25,0,0,0
CUST00728,Male,51,0,Yes,No,45,Yes,Fiber optic,Month-to-month,Electronic check,103.07,4664.42,0,1,43.73,2,Yes,103.65377777777778,0.0,0.022222222222222223,1,0,1
CUST00729,Male,46,0,No,Yes,19,Yes,Fiber optic,Month-to-month,Credit card,71.73,1398.96,4,0,34.56,3,Yes,73.62947368421052,0.21052631578947367,0.0,0,0,0
CUST00730,Female,41,0,Yes,No,17,Yes,DSL,One year,Credit card,64.19,940.4,7,4,29.7,1,No,55.317647058823525,0.4117647058823529,0.23529411764705882,0,0,0
CUST00731,Male,41,0,No,Yes,65,Yes,Fiber optic,Two year,Credit card,81.87,5414.19,5,0,42.29,6,No,83.29523076923077,0.07692307692307693,0.0,1,0,1
CUST00732,Male,59,0,No,No,29,Yes,DSL,Month-to-month,Electronic check,66.04,1865.72,1,3,20.78,3,Yes,64.3351724137931,0.034482758620689655,0.10344827586206896,0,0,0
CUST00733,Male,21,0,No,Yes,14,Yes,Fiber optic,Month-to-month,Bank transfer,85.89,1251.73,1,0,67.75,4,No,89.40928571428572,0.07142857142857142,0.0,1,0,0
CUST00734,Female,20,0,No,No,17,Yes,Fiber optic,One year,Electronic check,85.41,1522.29,3,2,44.23,5,No,89.5464705882353,0.17647058823529413,0.11764705882352941,1,0,0
CUST00735,Female,51,0,No,No,13,No,No,Two year,Credit card,45.42,680.04,4,2,25.73,5,Yes,52.310769230769225,0.3076923076923077,0.15384615384615385,0,0,0
CUST00736,Male,74,1,Yes,No,63,Yes,DSL,One year,Credit card,95.16,5896.13,2,0,27.51,3,No,93.58936507936508,0.031746031746031744,0.0,1,0,1
CUST00737,Female,66,1,No,No,33,Yes,No,One year,Electronic check,22.9,956.85,1,2,59.99,3,No,28.995454545454546,0.030303030303030304,0.06060606060606061,0,0,0
CUST00738,Male,40,0,Yes,No,29,Yes,No,Two year,Bank transfer,18.0,429.92,1,0,77.5,5,No,14.824827586206897,0.034482758620689655,0.0,0,0,0
CUST00739,Male,70,1,Yes,No,37,Yes,No,Month-to-month,Credit card,26.94,1086.23,3,2,29.61,1,No,29.357567567567568,0.08108108108108109,0.05405405405405406,0,0,1
CUST00740,Female,73,1,No,No,46,Yes,No,Month-to-month,Credit card,29.83,1322.26,3,2,23.1,5,Yes,28.74478260869565,0.06521739130434782,0.043478260869565216,0,0,1
CUST00741,Male,69,1,No,No,24,Yes,Fiber optic,One year,Credit card,104.81,2520.64,4,1,36.68,4,Yes,105.02666666666666,0.16666666666666666,0.041666666666666664,1,0,0
CUST00742,Female,40,0,No,No,14,No,No,Two year,Mailed check,18.0,239.52,1,0,43.2,2,No,17.10857142857143,0.07142857142857142,0.0,0,0,0
CUST00743,Female,62,1,Yes,No,5,Yes,Fiber optic,One year,Bank transfer,78.84,440.9,3,1,28.59,3,No,88.17999999999999,0.6,0.2,0,1,0
CUST00744,Male,22,0,No,Yes,53,Yes,Fiber optic,Two year,Credit card,77.38,4205.95,2,0,64.91,1,Yes,79.35754716981131,0.03773584905660377,0.0,0,0,1
CUST00745,Male,48,0,Yes,No,30,Yes,Fiber optic,One year,Electronic check,72.89,2125.48,3,0,21.68,6,No,70.84933333333333,0.1,0.0,0,0,0
CUST00746,Female,70,1,No,Yes,60,Yes,Fiber optic,One year,Electronic check,62.55,3665.3,5,1,66.72,4,No,61.08833333333334,0.08333333333333333,0.016666666666666666,0,0,1
CUST00747,Male,58,0,No,No,28,Yes,DSL,Month-to-month,Electronic check,57.31,1398.41,3,3,72.05,2,Yes,49.94321428571429,0.10714285714285714,0.10714285714285714,0,0,0
CUST00748,Male,74,1,No,No,26,No,Fiber optic,Month-to-month,Mailed check,95.57,2502.85,1,0,28.96,1,Yes,96.26346153846154,0.038461538461538464,0.0,1,0,0
CUST00749,Male,74,1,Yes,No,18,Yes,Fiber optic,One year,Credit card,66.33,1177.03,4,0,79.46,3,Yes,65.39055555555555,0.2222222222222222,0.0,0,0,0
CUST00750,Female,71,1,Yes,Yes,36,Yes,DSL,Month-to-month,Mailed check,61.05,2208.67,0,0,28.47,1,No,61.35194444444445,0.0,0.0,0,0,1
CUST00751,Female,23,0,Yes,Yes,8,Yes,Fiber optic,Month-to-month,Electronic check,91.3,720.25,3,0,26.63,4,Yes,90.03125,0.375,0.0,1,0,0
CUST00752,Male,54,0,No,No,18,Yes,DSL,Two year,Credit card,79.72,1510.85,4,1,36.57,5,No,83.9361111111111,0.2222222222222222,0.05555555555555555,0,0,0
CUST00753,Female,74,1,No,No,58,Yes,Fiber optic,Two year,Mailed check,94.53,5432.1,6,1,18.71,3,No,93.65689655172415,0.10344827586206896,0.017241379310344827,1,0,1
CUST00754,Female,27,0,Yes,No,32,Yes,Fiber optic,Month-to-month,Electronic check,83.72,2713.95,5,3,74.59,2,Yes,84.8109375,0.15625,0.09375,1,0,0
CUST00755,Female,57,0,No,No,49,Yes,Fiber optic,One year,Credit card,89.67,4390.64,2,0,77.26,6,No,89.60489795918367,0.04081632653061224,0.0,1,0,1
CUST00756,Female,24,0,No,No,48,Yes,Fiber optic,Month-to-month,Mailed check,96.44,4533.02,3,1,35.4,3,Yes,94.43791666666668,0.0625,0.020833333333333332,1,0,1
CUST00757,Female,56,0,No,Yes,71,Yes,DSL,Month-to-month,Mailed check,61.45,4294.31,2,1,17.25,4,Yes,60.483239436619726,0.028169014084507043,0.014084507042253521,0,0,1
CUST00758,Male,55,0,No,No,65,Yes,DSL,One year,Bank transfer,69.44,4605.62,3,1,20.94,2,No,70.85569230769231,0.046153846153846156,0.015384615384615385,0,0,1
CUST00759,Male,38,0,No,Yes,33,Yes,Fiber optic,One year,Mailed check,80.01,2722.72,2,3,13.8,4,Yes,82.50666666666666,0.06060606060606061,0.09090909090909091,1,0,0
CUST00760,Male,37,0,Yes,No,50,Yes,Fiber optic,Month-to-month,Bank transfer,103.01,5224.39,2,1,55.14,3,Yes,104.48780000000001,0.04,0.02,1,0,1
CUST00761,Female,20,0,Yes,Yes,4,Yes,Fiber optic,Month-to-month,Electronic check,77.36,292.56,1,1,28.52,1,Yes,73.14,0.25,0.25,0,1,0
CUST00762,Female,68,1,Yes,No,36,Yes,No,Month-to-month,Bank transfer,19.51,478.03,2,2,36.74,4,Yes,13.278611111111111,0.05555555555555555,0.05555555555555555,0,0,1
CUST00763,Male,39,0,No,Yes,28,Yes,Fiber optic,Two year,Mailed check,77.98,2017.05,4,1,33.49,5,No,72.0375,0.14285714285714285,0.03571428571428571,0,0,0
CUST00764,Female,64,1,No,No,3,Yes,DSL,One year,Credit card,48.35,118.76,5,2,40.43,5,Yes,39.586666666666666,1.6666666666666667,0.6666666666666666,0,1,0
CUST00765,Male,21,0,No,Yes,6,Yes,DSL,Month-to-month,Electronic check,69.05,262.52,5,1,33.55,3,Yes,43.75333333333333,0.8333333333333334,0.16666666666666666,0,1,0
CUST00766,Male,45,0,Yes,No,45,Yes,Fiber optic,Month-to-month,Credit card,61.41,2877.93,1,1,44.09,6,No,63.95399999999999,0.022222222222222223,0.022222222222222223,0,0,1
CUST00767,Male,29,0,Yes,No,23,No,No,One year,Bank transfer,21.53,414.28,3,1,38.8,2,No,18.012173913043476,0.13043478260869565,0.043478260869565216,0,0,0
CUST00768,Female,55,0,Yes,Yes,7,Yes,DSL,One year,Electronic check,63.89,419.76,6,0,20.48,1,No,59.965714285714284,0.8571428571428571,0.0,0,0,0
CUST00769,Female,68,1,Yes,No,61,No,DSL,Two year,Bank transfer,60.15,3842.67,1,2,54.44,2,No,62.994590163934426,0.01639344262295082,0.03278688524590164,0,0,1
CUST00770,Male,53,0,No,No,65,Yes,Fiber optic,Month-to-month,Credit card,84.37,5587.12,4,0,52.47,4,No,85.9556923076923,0.06153846153846154,0.0,1,0,1
CUST00771,Male,64,1,No,Yes,6,Yes,DSL,Two year,Credit card,58.29,384.37,5,0,14.8,3,No,64.06166666666667,0.8333333333333334,0.0,0,1,0
CUST00772,Male,58,0,No,Yes,24,Yes,Fiber optic,Month-to-month,Electronic check,87.47,2121.39,3,5,33.33,1,Yes,88.39125,0.125,0.20833333333333334,1,0,0
CUST00773,Male,22,0,No,No,37,Yes,Fiber optic,Month-to-month,Electronic check,69.96,2512.9,2,0,34.27,3,Yes,67.91621621621621,0.05405405405405406,0.0,0,0,1
CUST00774,Female,30,0,Yes,Yes,45,Yes,DSL,Month-to-month,Credit card,54.25,2517.37,3,2,40.98,3,No,55.94155555555555,0.06666666666666667,0.044444444444444446,0,0,1
CUST00775,Female,40,0,Yes,Yes,51,Yes,No,Month-to-month,Credit card,22.94,1191.21,5,2,37.49,3,Yes,23.357058823529414,0.09803921568627451,0.0392156862745098,0,0,1
CUST00776,Male,75,1,Yes,Yes,45,Yes,Fiber optic,Two year,Electronic check,91.84,4119.25,1,1,33.02,2,Yes,91.53888888888889,0.022222222222222223,0.022222222222222223,1,0,1
CUST00777,Male,67,1,No,No,63,Yes,DSL,One year,Electronic check,71.32,4557.26,3,1,7.18,4,No,72.33746031746033,0.047619047619047616,0.015873015873015872,0,0,1
CUST00778,Female,47,0,No,No,29,Yes,DSL,One year,Electronic check,58.42,1760.07,1,3,41.92,4,Yes,60.69206896551724,0.034482758620689655,0.10344827586206896,0,0,0
CUST00779,Female,54,0,Yes,Yes,25,Yes,Fiber optic,Month-to-month,Credit card,96.01,2303.12,3,0,15.98,6,No,92.1248,0.12,0.0,1,0,0
CUST00780,Male,42,0,Yes,No,10,Yes,Fiber optic,Month-to-month,Mailed check,86.35,955.17,3,1,45.27,2,Yes,95.517,0.3,0.1,1,0,0
CUST00781,Male,65,1,Yes,No,35,Yes,Fiber optic,Month-to-month,Bank transfer,83.94,2929.34,0,0,11.54,5,Yes,83.69542857142858,0.0,0.0,1,0,0
CUST00782,Male,44,0,Yes,Yes,55,No,DSL,One year,Mailed check,69.41,3825.87,2,1,46.57,1,No,69.56127272727272,0.03636363636363636,0.01818181818181818,0,0,1
CUST00783,Female,68,1,Yes,Yes,25,Yes,DSL,One year,Credit card,42.63,934.19,4,0,22.03,6,No,37.3676,0.16,0.0,0,0,0
CUST00784,Female,31,0,Yes,No,45,Yes,Fiber optic,Month-to-month,Credit card,91.63,3994.82,2,2,45.62,1,Yes,88.77377777777778,0.044444444444444446,0.044444444444444446,1,0,1
CUST00785,Female,74,1,Yes,No,12,Yes,DSL,Month-to-month,Electronic check,51.77,475.76,0,2,37.07,2,Yes,39.64666666666667,0.0,0.16666666666666666,0,0,0
CUST00786,Male,65,1,No,No,4,Yes,DSL,Month-to-month,Bank transfer,72.46,529.15,1,1,9.04,3,Yes,132.2875,0.25,0.25,0,1,0
CUST00787,Male,64,1,No,No,67,Yes,DSL,Two year,Credit card,52.11,3718.2,4,1,7.57,3,No,55.4955223880597,0.05970149253731343,0.014925373134328358,0,0,1
CUST00788,Female,71,1,Yes,No,17,Yes,Fiber optic,Month-to-month,Bank transfer,80.34,1195.6,1,2,24.68,4,No,70.32941176470588,0.058823529411764705,0.11764705882352941,1,0,0
CUST00789,Female,53,0,Yes,Yes,65,Yes,DSL,Month-to-month,Credit card,41.22,2527.87,1,0,46.92,2,Yes,38.890307692307694,0.015384615384615385,0.0,0,0,1
CUST00790,Male,56,0,Yes,No,53,Yes,No,Month-to-month,Electronic check,27.94,1429.59,6,3,25.39,5,Yes,26.973396226415094,0.11320754716981132,0.05660377358490566,0,0,1
CUST00791,Female,33,0,Yes,No,57,Yes,Fiber optic,Month-to-month,Electronic check,78.74,4598.89,2,1,92.04,5,No,80.6822807017544,0.03508771929824561,0.017543859649122806,0,0,1
CUST00792,Female,73,1,Yes,No,28,Yes,Fiber optic,Month-to-month,Bank transfer,76.94,2216.84,2,0,33.18,1,No,79.17285714285715,0.07142857142857142,0.0,0,0,0
CUST00793,Male,39,0,No,No,16,Yes,DSL,One year,Electronic check,60.33,1182.03,2,0,29.23,1,Yes,73.876875,0.125,0.0,0,0,0
CUST00794,Female,38,0,No,Yes,21,Yes,Fiber optic,Two year,Electronic check,59.95,1228.49,0,0,46.96,3,No,58.49952380952381,0.0,0.0,0,0,0
CUST00795,Male,71,1,No,No,42,Yes,No,Month-to-month,Mailed check,19.45,747.17,2,0,47.08,3,No,17.789761904761903,0.047619047619047616,0.0,0,0,1
CUST00796,Male,38,0,Yes,No,54,Yes,Fiber optic,Month-to-month,Bank transfer,82.21,4444.93,4,0,49.61,2,Yes,82.31351851851852,0.07407407407407407,0.0,1,0,1
CUST00797,Male,25,0,No,No,32,Yes,Fiber optic,One year,Electronic check,106.97,3405.66,7,0,40.24,3,Yes,106.426875,0.21875,0.0,1,0,0
CUST00798,Male,66,1,Yes,Yes,38,Yes,Fiber optic,One year,Electronic check,87.75,3331.77,2,1,104.33,3,No,87.67815789473684,0.05263157894736842,0.02631578947368421,1,0,1
CUST00799,Male,33,0,Yes,No,70,Yes,Fiber optic,Month-to-month,Electronic check,90.94,6376.49,3,0,41.12,4,Yes,91.09271428571428,0.04285714285714286,0.0,1,0,1
CUST00800,Male,72,1,No,Yes,38,Yes,Fiber optic,Two year,Credit card,85.93,3477.34,1,1,62.59,2,No,91.50894736842106,0.02631578947368421,0.02631578947368421,1,0,1
CUST00801,Male,48,0,No,Yes,54,Yes,DSL,Two year,Bank transfer,100.92,5461.7,4,1,16.11,1,No,101.14259259259259,0.07407407407407407,0.018518518518518517,1,0,1
CUST00802,Female,59,0,No,Yes,60,Yes,Fiber optic,Month-to-month,Electronic check,98.48,5802.48,1,3,31.73,6,No,96.708,0.016666666666666666,0.05,1,0,1
CUST00803,Male,27,0,No,No,47,Yes,No,One year,Mailed check,18.0,816.95,3,0,32.3,2,Yes,17.381914893617022,0.06382978723404255,0.0,0,0,1
CUST00804,Male,49,0,No,Yes,12,Yes,DSL,One year,Electronic check,62.67,824.61,1,2,53.74,5,No,68.7175,0.08333333333333333,0.16666666666666666,0,0,0
CUST00805,Female,51,0,No,No,53,Yes,DSL,One year,Electronic check,73.08,3933.28,0,2,21.03,3,Yes,74.21283018867925,0.0,0.03773584905660377,0,0,1
CUST00806,Female,26,0,No,Yes,33,Yes,Fiber optic,Month-to-month,Mailed check,63.24,2141.51,1,2,31.77,6,No,64.89424242424244,0.030303030303030304,0.06060606060606061,0,0,0
CUST00807,Female,34,0,No,Yes,28,Yes,DSL,Month-to-month,Electronic check,61.26,1545.38,2,1,42.98,1,No,55.19214285714286,0.07142857142857142,0.03571428571428571,0,0,0
CUST00808,Male,28,0,No,No,3,No,DSL,Month-to-month,Mailed check,53.54,4.67,3,2,26.87,2,Yes,1.5566666666666666,1.0,0.6666666666666666,0,1,0
CUST00809,Female,49,0,No,Yes,26,Yes,Fiber optic,One year,Bank transfer,72.18,1863.54,4,0,10.64,6,No,71.67461538461538,0.15384615384615385,0.0,0,0,0
CUST00810,Male,27,0,No,No,54,Yes,No,Month-to-month,Electronic check,35.69,1971.87,2,1,55.17,6,No,36.51611111111111,0.037037037037037035,0.018518518518518517,0,0,1
CUST00811,Male,39,0,Yes,No,40,Yes,Fiber optic,Month-to-month,Credit card,75.05,2918.89,1,1,64.51,1,Yes,72.97225,0.025,0.025,0,0,1
CUST00812,Male,74,1,No,No,66,Yes,Fiber optic,One year,Credit card,75.19,5111.96,6,2,32.89,3,No,77.4539393939394,0.09090909090909091,0.030303030303030304,0,0,1
CUST00813,Male,34,0,Yes,No,68,No,DSL,Month-to-month,Mailed check,49.18,3398.32,2,3,37.87,1,No,49.97529411764706,0.029411764705882353,0.04411764705882353,0,0,1
CUST00814,Female,21,0,Yes,No,47,Yes,DSL,One year,Credit card,46.94,2154.36,1,1,45.92,1,No,45.83744680851064,0.02127659574468085,0.02127659574468085,0,0,1
CUST00815,Female,65,1,Yes,No,2,Yes,Fiber optic,Month-to-month,Credit card,76.8,431.62,2,2,56.47,1,Yes,215.81,1.0,1.0,0,1,0
CUST00816,Male,69,1,No,Yes,42,Yes,DSL,Month-to-month,Electronic check,52.85,2173.15,3,2,20.08,6,No,51.74166666666667,0.07142857142857142,0.047619047619047616,0,0,1
CUST00817,Male,64,1,No,No,34,Yes,DSL,Month-to-month,Credit card,45.75,1518.56,5,1,25.7,6,Yes,44.663529411764706,0.14705882352941177,0.029411764705882353,0,0,0
CUST00818,Male,42,0,Yes,No,21,Yes,DSL,Two year,Electronic check,59.67,1211.46,1,3,17.45,5,No,57.68857142857143,0.047619047619047616,0.14285714285714285,0,0,0
CUST00819,Female,38,0,Yes,Yes,44,Yes,Fiber optic,One year,Electronic check,47.05,2074.38,3,0,68.22,4,No,47.145,0.06818181818181818,0.0,0,0,1
CUST00820,Male,54,0,Yes,Yes,2,Yes,No,Month-to-month,Mailed check,25.81,0.0,2,1,46.47,2,Yes,0.0,1.0,0.5,0,1,0
CUST00821,Male,55,0,No,Yes,59,Yes,Fiber optic,Two year,Electronic check,99.64,5952.48,4,0,22.32,6,No,100.88949152542372,0.06779661016949153,0.0,1,0,1
CUST00822,Female,66,1,Yes,No,16,Yes,DSL,One year,Electronic check,53.63,945.56,0,2,17.31,1,No,59.0975,0.0,0.125,0,0,0
CUST00823,Female,18,0,Yes,No,20,Yes,Fiber optic,Month-to-month,Bank transfer,90.31,1872.91,5,2,44.77,5,No,93.6455,0.25,0.1,1,0,0
CUST00824,Male,42,0,Yes,No,26,Yes,DSL,Month-to-month,Bank transfer,56.97,1435.91,2,1,8.62,1,No,55.2273076923077,0.07692307692307693,0.038461538461538464,0,0,0
CUST00825,Female,68,1,No,No,16,Yes,Fiber optic,Month-to-month,Electronic check,120.28,1879.62,1,1,66.94,1,Yes,117.47625,0.0625,0.0625,1,0,0
CUST00826,Female,53,0,Yes,No,70,Yes,Fiber optic,One year,Electronic check,99.6,7033.31,2,0,45.08,4,No,100.47585714285715,0.02857142857142857,0.0,1,0,1
CUST00827,Male,34,0,No,No,23,Yes,DSL,One year,Electronic check,49.6,1162.36,5,1,28.94,5,Yes,50.53739130434782,0.21739130434782608,0.043478260869565216,0,0,0
CUST00828,Female,58,0,Yes,Yes,42,Yes,Fiber optic,Month-to-month,Electronic check,104.37,4303.36,3,3,34.71,6,No,102.46095238095238,0.07142857142857142,0.07142857142857142,1,0,1
CUST00829,Male,41,0,No,No,37,Yes,Fiber optic,Month-to-month,Bank transfer,121.17,4280.88,2,0,42.1,4,Yes,115.69945945945946,0.05405405405405406,0.0,1,0,1
CUST00830,Female,19,0,Yes,No,72,No,DSL,Month-to-month,Credit card,57.4,4093.32,5,3,56.98,5,Yes,56.85166666666667,0.06944444444444445,0.041666666666666664,0,0,1
CUST00831,Male,57,0,No,No,6,Yes,DSL,Month-to-month,Bank transfer,65.84,447.24,3,0,29.5,2,Yes,74.54,0.5,0.0,0,1,0
CUST00832,Male,32,0,Yes,No,37,Yes,Fiber optic,Month-to-month,Credit card,100.19,3756.52,5,0,20.91,2,No,101.52756756756757,0.13513513513513514,0.0,1,0,1
CUST00833,Male,49,0,No,No,22,Yes,Fiber optic,Month-to-month,Bank transfer,68.21,1349.17,4,1,49.24,4,Yes,61.32590909090909,0.18181818181818182,0.045454545454545456,0,0,0
CUST00834,Female,56,0,No,Yes,6,Yes,No,Month-to-month,Credit card,18.0,191.73,3,1,53.43,2,No,31.955,0.5,0.16666666666666666,0,1,0
CUST00835,Male,23,0,No,No,32,No,DSL,Two year,Mailed check,61.91,2166.22,1,0,47.73,1,Yes,67.694375,0.03125,0.0,0,0,0
CUST00836,Female,18,0,No,No,17,No,Fiber optic,Month-to-month,Credit card,72.67,1200.27,1,0,23.62,2,No,70.60411764705883,0.058823529411764705,0.0,0,0,0
CUST00837,Male,64,1,Yes,No,38,Yes,DSL,Month-to-month,Bank transfer,57.38,2160.09,5,3,55.39,2,Yes,56.84447368421053,0.13157894736842105,0.07894736842105263,0,0,1
CUST00838,Male,40,0,No,Yes,17,Yes,DSL,Month-to-month,Credit card,72.3,1176.78,0,0,57.25,2,No,69.22235294117647,0.0,0.0,0,0,0
CUST00839,Female,75,1,No,Yes,37,Yes,Fiber optic,Month-to-month,Credit card,93.48,3423.44,1,2,25.56,1,No,92.52540540540541,0.02702702702702703,0.05405405405405406,1,0,1
CUST00840,Male,56,0,Yes,No,23,Yes,Fiber optic,One year,Bank transfer,93.37,2268.66,0,1,24.8,5,No,98.63739130434782,0.0,0.043478260869565216,1,0,0
CUST00841,Male,74,1,No,Yes,49,Yes,Fiber optic,One year,Electronic check,83.07,3992.0,2,1,29.58,2,No,81.46938775510205,0.04081632653061224,0.02040816326530612,1,0,1
CUST00842,Female,34,0,Yes,Yes,61,Yes,No,Month-to-month,Credit card,19.84,1234.46,3,1,16.54,2,No,20.23704918032787,0.04918032786885246,0.01639344262295082,0,0,1
CUST00843,Male,51,0,Yes,No,49,Yes,Fiber optic,Month-to-month,Bank transfer,74.37,3616.63,5,3,88.39,3,Yes,73.80877551020409,0.10204081632653061,0.061224489795918366,0,0,1
CUST00844,Male,58,0,Yes,No,61,No,Fiber optic,Month-to-month,Bank transfer,111.16,6799.83,3,4,60.55,6,No,111.47262295081967,0.04918032786885246,0.06557377049180328,1,0,1
CUST00845,Male,46,0,Yes,No,32,No,No,Month-to-month,Credit card,43.05,1349.0,3,2,46.39,6,No,42.15625,0.09375,0.0625,0,0,0
CUST00846,Male,26,0,No,No,63,No,Fiber optic,One year,Credit card,101.18,6456.41,4,0,21.18,3,No,102.48269841269841,0.06349206349206349,0.0,1,0,1
CUST00847,Female,30,0,Yes,No,7,Yes,DSL,Month-to-month,Electronic check,56.63,500.5,4,1,23.84,6,Yes,71.5,0.5714285714285714,0.14285714285714285,0,0,0
CUST00848,Female,23,0,Yes,Yes,22,Yes,Fiber optic,One year,Mailed check,68.31,1540.22,1,1,48.05,5,No,70.01,0.045454545454545456,0.045454545454545456,0,0,0
CUST00849,Male,23,0,Yes,No,6,Yes,DSL,One year,Credit card,92.65,534.35,3,0,43.63,2,Yes,89.05833333333334,0.5,0.0,1,1,0
CUST00850,Female,37,0,No,No,61,Yes,Fiber optic,Month-to-month,Bank transfer,91.8,5678.48,3,1,25.58,2,Yes,93.08983606557376,0.04918032786885246,0.01639344262295082,1,0,1
CUST00851,Male,69,1,No,No,14,Yes,Fiber optic,Month-to-month,Electronic check,91.48,1205.8,4,0,58.2,5,Yes,86.12857142857142,0.2857142857142857,0.0,1,0,0
CUST00852,Female,70,1,Yes,No,16,Yes,DSL,Two year,Electronic check,52.83,888.23,3,1,51.9,5,No,55.514375,0.1875,0.0625,0,0,0
CUST00853,Male,20,0,Yes,No,3,Yes,DSL,Month-to-month,Electronic check,68.26,153.33,2,5,16.62,3,Yes,51.11000000000001,0.6666666666666666,1.6666666666666667,0,1,0
CUST00854,Male,34,0,Yes,No,9,Yes,DSL,Month-to-month,Bank transfer,57.51,539.09,2,0,46.91,6,Yes,59.89888888888889,0.2222222222222222,0.0,0,0,0
CUST00855,Male,66,1,No,Yes,47,Yes,DSL,Month-to-month,Electronic check,47.33,2128.54,3,0,51.51,6,No,45.28808510638298,0.06382978723404255,0.0,0,0,1
CUST00856,Male,29,0,No,No,42,Yes,DSL,One year,Electronic check,55.94,2467.86,2,1,43.54,1,Yes,58.75857142857143,0.047619047619047616,0.023809523809523808,0,0,1
CUST00857,Male,65,1,Yes,No,42,Yes,DSL,Month-to-month,Electronic check,64.84,2597.6,4,0,45.06,5,No,61.84761904761905,0.09523809523809523,0.0,0,0,1
CUST00858,Male,64,1,Yes,No,23,Yes,DSL,Two year,Electronic check,78.4,1790.34,1,0,9.12,3,No,77.84086956521739,0.043478260869565216,0.0,0,0,0
CUST00859,Female,62,1,No,No,3,Yes,DSL,One year,Electronic check,41.1,0.0,2,1,27.71,6,No,0.0,0.6666666666666666,0.3333333333333333,0,1,0
CUST00860,Male,72,1,No,Yes,1,No,DSL,Two year,Electronic check,45.13,161.39,4,1,31.17,4,Yes,161.39,4.0,1.0,0,1,0
CUST00861,Female,18,0,Yes,No,67,Yes,DSL,Month-to-month,Bank transfer,54.88,3832.38,4,1,57.08,1,Yes,57.199701492537315,0.05970149253731343,0.014925373134328358,0,0,1
CUST00862,Male,34,0,Yes,No,71,Yes,Fiber optic,Two year,Credit card,70.96,4919.06,2,0,21.93,3,No,69.28253521126761,0.028169014084507043,0.0,0,0,1
CUST00863,Female,20,0,Yes,No,3,Yes,Fiber optic,Month-to-month,Credit card,85.04,287.55,2,2,20.74,5,Yes,95.85000000000001,0.6666666666666666,0.6666666666666666,1,1,0
CUST00864,Female,43,0,No,Yes,49,Yes,Fiber optic,Month-to-month,Mailed check,77.62,3773.8,3,1,21.65,4,No,77.01632653061225,0.061224489795918366,0.02040816326530612,0,0,1
CUST00865,Female,32,0,No,No,67,Yes,No,Two year,Credit card,26.0,1793.21,0,1,26.12,6,No,26.764328358208957,0.0,0.014925373134328358,0,0,1
CUST00866,Male,53,0,No,No,55,No,DSL,Month-to-month,Mailed check,62.01,3568.19,3,1,91.34,4,No,64.87618181818182,0.05454545454545454,0.01818181818181818,0,0,1
CUST00867,Male,49,0,No,No,4,No,DSL,Two year,Electronic check,43.75,213.54,2,0,27.52,5,No,53.385,0.5,0.0,0,1,0
CUST00868,Female,49,0,Yes,No,31,Yes,Fiber optic,Month-to-month,Credit card,81.87,2461.41,1,0,59.78,5,No,79.40032258064515,0.03225806451612903,0.0,1,0,0
CUST00869,Male,21,0,No,No,66,Yes,Fiber optic,Two year,Credit card,73.02,4750.27,4,0,60.13,4,No,71.97378787878789,0.06060606060606061,0.0,0,0,1
CUST00870,Female,35,0,No,No,64,Yes,No,Month-to-month,Credit card,34.11,2147.65,4,0,33.07,1,Yes,33.55703125,0.0625,0.0,0,0,1
CUST00871,Male,66,1,Yes,No,31,Yes,No,One year,Credit card,19.56,533.59,2,0,40.48,4,No,17.212580645161292,0.06451612903225806,0.0,0,0,0
CUST00872,Female,36,0,No,No,63,Yes,Fiber optic,Month-to-month,Electronic check,77.57,4962.93,1,1,45.2,5,Yes,78.77666666666667,0.015873015873015872,0.015873015873015872,0,0,1
CUST00873,Female,60,1,Yes,No,66,Yes,DSL,Month-to-month,Bank transfer,49.11,3325.8,3,2,68.78,1,Yes,50.39090909090909,0.045454545454545456,0.030303030303030304,0,0,1
CUST00874,Male,69,1,Yes,No,31,Yes,Fiber optic,One year,Credit card,84.55,2747.01,1,0,43.93,6,No,88.61322580645162,0.03225806451612903,0.0,1,0,0
CUST00875,Female,52,0,No,No,47,Yes,Fiber optic,One year,Electronic check,82.72,3845.36,1,1,54.7,3,Yes,81.81617021276595,0.02127659574468085,0.02127659574468085,1,0,1
CUST00876,Male,57,0,No,No,22,Yes,DSL,Month-to-month,Credit card,77.78,1826.59,3,1,25.01,2,No,83.02681818181817,0.13636363636363635,0.045454545454545456,0,0,0
CUST00877,Female,31,0,No,Yes,46,Yes,DSL,Month-to-month,Bank transfer,59.64,2911.77,1,4,42.82,2,Yes,63.29934782608696,0.021739130434782608,0.08695652173913043,0,0,1
CUST00878,Female,75,1,Yes,No,58,Yes,DSL,Month-to-month,Electronic check,76.14,4283.47,2,0,20.56,2,Yes,73.85293103448276,0.034482758620689655,0.0,0,0,1
CUST00879,Male,50,0,No,No,61,Yes,Fiber optic,Month-to-month,Electronic check,108.07,6543.54,4,2,37.9,3,Yes,107.2711475409836,0.06557377049180328,0.03278688524590164,1,0,1
CUST00880,Male,31,0,No,No,46,Yes,Fiber optic,Month-to-month,Bank transfer,79.69,3654.93,3,1,16.99,6,Yes,79.455,0.06521739130434782,0.021739130434782608,0,0,1
CUST00881,Male,51,0,Yes,Yes,1,Yes,Fiber optic,Two year,Mailed check,82.37,164.6,5,0,29.1,3,No,164.6,5.0,0.0,1,1,0
CUST00882,Female,72,1,No,Yes,25,Yes,Fiber optic,Month-to-month,Electronic check,76.39,2043.76,0,3,62.39,4,Yes,81.7504,0.0,0.12,0,0,0
CUST00883,Male,21,0,No,Yes,61,Yes,DSL,Month-to-month,Mailed check,45.27,2588.41,5,1,19.63,3,No,42.43295081967213,0.08196721311475409,0.01639344262295082,0,0,1
CUST00884,Female,41,0,Yes,Yes,14,Yes,Fiber optic,Two year,Credit card,120.38,1618.36,2,3,23.48,3,No,115.59714285714286,0.14285714285714285,0.21428571428571427,1,0,0
CUST00885,Female,46,0,No,No,45,Yes,Fiber optic,Month-to-month,Mailed check,76.47,3555.7,4,1,40.24,5,Yes,79.01555555555555,0.08888888888888889,0.022222222222222223,0,0,1
CUST00886,Male,36,0,Yes,Yes,39,Yes,Fiber optic,One year,Credit card,71.47,2702.13,8,1,51.33,3,No,69.28538461538461,0.20512820512820512,0.02564102564102564,0,0,1
CUST00887,Male,23,0,Yes,Yes,66,Yes,DSL,One year,Mailed check,47.27,3199.64,1,1,27.5,5,No,48.47939393939394,0.015151515151515152,0.015151515151515152,0,0,1
CUST00888,Female,74,1,Yes,Yes,32,Yes,DSL,One year,Bank transfer,52.5,1737.36,1,1,18.35,4,No,54.2925,0.03125,0.03125,0,0,0
CUST00889,Female,50,0,No,No,58,Yes,DSL,One year,Electronic check,56.36,3346.61,2,0,21.39,2,No,57.700172413793105,0.034482758620689655,0.0,0,0,1
CUST00890,Male,66,1,Yes,No,56,Yes,Fiber optic,One year,Electronic check,103.64,5882.84,2,1,14.46,1,No,105.05071428571429,0.03571428571428571,0.017857142857142856,1,0,1
CUST00891,Male,57,0,No,Yes,6,Yes,Fiber optic,Month-to-month,Credit card,112.19,630.48,1,0,52.37,2,Yes,105.08,0.16666666666666666,0.0,1,1,0
CUST00892,Male,36,0,Yes,No,67,No,Fiber optic,Month-to-month,Electronic check,53.78,3576.68,0,1,48.75,6,Yes,53.38328358208955,0.0,0.014925373134328358,0,0,1
CUST00893,Male,70,1,No,No,50,Yes,Fiber optic,One year,Credit card,108.81,5405.96,5,2,20.98,4,No,108.1192,0.1,0.04,1,0,1
CUST00894,Male,18,0,No,Yes,38,Yes,Fiber optic,Month-to-month,Mailed check,110.16,4208.61,3,1,16.12,1,No,110.7528947368421,0.07894736842105263,0.02631578947368421,1,0,1
CUST00895,Female,22,0,No,No,3,Yes,Fiber optic,Month-to-month,Electronic check,75.7,13.98,1,2,31.96,2,Yes,4.66,0.3333333333333333,0.6666666666666666,0,1,0
CUST00896,Female,44,0,Yes,Yes,5,Yes,DSL,Two year,Credit card,49.07,293.59,2,1,25.2,4,No,58.717999999999996,0.4,0.2,0,1,0
CUST00897,Female,33,0,No,No,24,Yes,No,One year,Credit card,29.18,872.57,2,2,42.57,4,No,36.357083333333335,0.08333333333333333,0.08333333333333333,0,0,0
CUST00898,Female,23,0,No,Yes,54,Yes,Fiber optic,Month-to-month,Credit card,75.43,4092.95,4,2,18.13,5,Yes,75.79537037037036,0.07407407407407407,0.037037037037037035,0,0,1
CUST00899,Male,57,0,No,No,34,Yes,DSL,Two year,Electronic check,77.98,2639.09,0,1,20.46,3,No,77.62029411764706,0.0,0.029411764705882353,0,0,0
CUST00900,Male,30,0,No,Yes,39,Yes,Fiber optic,One year,Electronic check,92.36,3609.4,1,0,83.29,5,No,92.54871794871795,0.02564102564102564,0.0,1,0,1
CUST00901,Male,65,1,No,No,48,Yes,DSL,Two year,Mailed check,50.95,2498.67,1,1,34.78,5,No,52.055625,0.020833333333333332,0.020833333333333332,0,0,1
CUST00902,Female,52,0,Yes,No,49,Yes,DSL,Two year,Bank transfer,63.51,3226.33,0,1,25.48,2,No,65.8434693877551,0.0,0.02040816326530612,0,0,1
CUST00903,Female,36,0,No,Yes,34,Yes,No,Month-to-month,Bank transfer,25.56,862.25,4,3,84.32,4,No,25.360294117647058,0.11764705882352941,0.08823529411764706,0,0,0
CUST00904,Male,29,0,No,No,7,Yes,Fiber optic,One year,Bank transfer,56.2,376.71,3,1,11.69,3,No,53.815714285714286,0.42857142857142855,0.14285714285714285,0,0,0
CUST00905,Male,33,0,Yes,No,18,Yes,Fiber optic,One year,Credit card,70.19,1126.03,2,0,27.18,4,No,62.55722222222222,0.1111111111111111,0.0,0,0,0
CUST00906,Female,60,1,Yes,No,70,Yes,Fiber optic,Two year,Bank transfer,75.13,5263.79,1,4,37.12,1,No,75.197,0.014285714285714285,0.05714285714285714,0,0,1
CUST00907,Female,27,0,Yes,Yes,34,Yes,Fiber optic,One year,Credit card,90.69,2963.27,3,0,50.26,2,Yes,87.155,0.08823529411764706,0.0,1,0,0
CUST00908,Male,42,0,No,Yes,51,Yes,No,Month-to-month,Electronic check,29.53,1451.3,2,2,14.29,5,No,28.45686274509804,0.0392156862745098,0.0392156862745098,0,0,1
CUST00909,Male,37,0,No,No,68,Yes,DSL,Month-to-month,Credit card,74.48,5152.39,1,2,21.09,3,Yes,75.7704411764706,0.014705882352941176,0.029411764705882353,0,0,1
CUST00910,Female,48,0,Yes,No,14,Yes,DSL,Month-to-month,Electronic check,51.54,823.65,3,0,40.21,6,No,58.832142857142856,0.21428571428571427,0.0,0,0,0
CUST00911,Male,21,0,Yes,No,69,Yes,DSL,Two year,Credit card,42.21,2958.82,1,0,18.42,3,No,42.88144927536232,0.014492753623188406,0.0,0,0,1
CUST00912,Male,61,1,Yes,Yes,8,Yes,No,Two year,Electronic check,18.22,267.21,4,1,42.31,3,Yes,33.40125,0.5,0.125,0,0,0
CUST00913,Male,40,0,Yes,No,15,Yes,Fiber optic,Month-to-month,Credit card,74.41,951.15,1,0,54.55,1,No,63.41,0.06666666666666667,0.0,0,0,0
CUST00914,Female,19,0,Yes,No,59,Yes,Fiber optic,One year,Credit card,72.97,4468.04,3,0,26.32,5,No,75.72949152542373,0.05084745762711865,0.0,0,0,1
CUST00915,Female,73,1,No,No,11,Yes,DSL,Two year,Bank transfer,59.74,572.26,0,1,30.22,3,No,52.02363636363636,0.0,0.09090909090909091,0,0,0
CUST00916,Female,39,0,Yes,No,20,No,Fiber optic,Month-to-month,Credit card,95.47,1939.48,5,4,27.2,4,Yes,96.974,0.25,0.2,1,0,0
CUST00917,Female,68,1,No,Yes,55,No,Fiber optic,Month-to-month,Mailed check,78.82,4268.55,1,4,45.48,6,No,77.61,0.01818181818181818,0.07272727272727272,0,0,1
CUST00918,Female,74,1,No,Yes,36,Yes,Fiber optic,Month-to-month,Electronic check,92.52,3361.72,0,3,73.26,6,No,93.38111111111111,0.0,0.08333333333333333,1,0,1
CUST00919,Female,54,0,Yes,Yes,14,Yes,DSL,Two year,Bank transfer,71.64,1004.75,3,0,30.34,3,No,71.76785714285714,0.21428571428571427,0.0,0,0,0
CUST00920,Female,25,0,No,No,58,No,DSL,One year,Bank transfer,59.87,3586.21,2,0,55.27,6,No,61.83120689655173,0.034482758620689655,0.0,0,0,1
CUST00921,Male,24,0,No,Yes,38,Yes,Fiber optic,Month-to-month,Mailed check,67.94,2828.22,4,1,28.2,3,No,74.42684210526315,0.10526315789473684,0.02631578947368421,0,0,1
CUST00922,Male,31,0,No,No,1,Yes,DSL,Month-to-month,Credit card,56.65,144.83,4,0,25.22,3,No,144.83,4.0,0.0,0,1,0
CUST00923,Male,73,1,Yes,No,65,Yes,DSL,One year,Electronic check,72.25,4684.3,1,0,42.87,1,No,72.06615384615385,0.015384615384615385,0.0,0,0,1
CUST00924,Male,72,1,Yes,No,1,Yes,No,Two year,Electronic check,30.04,183.33,1,0,17.68,5,No,183.33,1.0,0.0,0,1,0
CUST00925,Male,20,0,Yes,No,60,Yes,DSL,One year,Electronic check,47.19,2661.7,0,1,80.23,4,Yes,44.361666666666665,0.0,0.016666666666666666,0,0,1
CUST00926,Male,67,1,Yes,Yes,25,Yes,DSL,Month-to-month,Credit card,74.13,1795.19,1,1,31.97,6,Yes,71.80760000000001,0.04,0.04,0,0,0
CUST00927,Male,33,0,Yes,No,10,Yes,DSL,Month-to-month,Bank transfer,56.03,537.21,2,4,35.69,2,Yes,53.721000000000004,0.2,0.4,0,0,0
CUST00928,Female,72,1,Yes,No,50,Yes,Fiber optic,Two year,Electronic check,68.91,3417.77,5,1,52.19,3,No,68.3554,0.1,0.02,0,0,1
CUST00929,Female,36,0,Yes,No,12,Yes,Fiber optic,Month-to-month,Electronic check,84.52,940.34,3,2,31.24,5,Yes,78.36166666666666,0.25,0.16666666666666666,1,0,0
CUST00930,Male,68,1,Yes,No,32,No,DSL,Month-to-month,Electronic check,41.7,1404.0,3,2,52.1,1,No,43.875,0.09375,0.0625,0,0,0
CUST00931,Male,35,0,Yes,No,33,Yes,Fiber optic,Two year,Electronic check,94.75,3126.53,6,1,35.22,4,Yes,94.74333333333334,0.18181818181818182,0.030303030303030304,1,0,0
CUST00932,Female,69,1,Yes,No,72,Yes,Fiber optic,Two year,Mailed check,102.17,7342.58,1,0,55.9,5,No,101.98027777777777,0.013888888888888888,0.0,1,0,1
CUST00933,Male,33,0,No,Yes,26,Yes,DSL,One year,Mailed check,47.98,1388.41,3,1,43.95,3,No,53.40038461538462,0.11538461538461539,0.038461538461538464,0,0,0
CUST00934,Male,25,0,Yes,No,42,Yes,Fiber optic,One year,Electronic check,82.47,3419.1,2,0,84.04,5,Yes,81.40714285714286,0.047619047619047616,0.0,1,0,1
CUST00935,Female,50,0,No,Yes,50,No,Fiber optic,Month-to-month,Electronic check,98.07,5006.26,2,2,49.81,1,Yes,100.1252,0.04,0.04,1,0,1
CUST00936,Male,66,1,Yes,No,61,Yes,DSL,Month-to-month,Mailed check,44.03,2658.42,4,2,105.99,2,Yes,43.580655737704916,0.06557377049180328,0.03278688524590164,0,0,1
CUST00937,Female,29,0,No,No,41,Yes,DSL,Month-to-month,Electronic check,45.34,1833.7,5,2,21.61,1,No,44.72439024390244,0.12195121951219512,0.04878048780487805,0,0,1
CUST00938,Male,70,1,Yes,No,57,Yes,DSL,One year,Credit card,57.16,3182.06,2,1,41.83,6,No,55.82561403508772,0.03508771929824561,0.017543859649122806,0,0,1
CUST00939,Female,28,0,No,No,2,Yes,DSL,Month-to-month,Mailed check,56.65,0.0,2,1,46.82,6,No,0.0,1.0,0.5,0,1,0
CUST00940,Female,22,0,No,No,70,Yes,DSL,Two year,Credit card,60.59,4175.16,3,1,27.47,2,No,59.64514285714286,0.04285714285714286,0.014285714285714285,0,0,1
CUST00941,Female,44,0,Yes,No,31,Yes,Fiber optic,Month-to-month,Electronic check,83.42,2408.39,4,0,62.63,3,Yes,77.69,0.12903225806451613,0.0,1,0,0
CUST00942,Male,29,0,No,No,23,Yes,Fiber optic,Month-to-month,Electronic check,65.05,1521.73,1,0,48.42,4,Yes,66.16217391304347,0.043478260869565216,0.0,0,0,0
CUST00943,Female,34,0,No,No,54,Yes,Fiber optic,Month-to-month,Mailed check,60.77,3250.08,0,1,50.06,6,No,60.18666666666667,0.0,0.018518518518518517,0,0,1
CUST00944,Male,23,0,Yes,No,28,No,DSL,One year,Electronic check,44.18,1345.45,2,2,71.8,1,No,48.051785714285714,0.07142857142857142,0.07142857142857142,0,0,0
CUST00945,Male,50,0,No,Yes,19,No,DSL,Month-to-month,Credit card,66.03,1182.06,2,1,30.03,4,Yes,62.21368421052631,0.10526315789473684,0.05263157894736842,0,0,0
CUST00946,Male,22,0,No,No,48,No,DSL,Two year,Bank transfer,71.41,3401.91,5,1,19.92,1,No,70.873125,0.10416666666666667,0.020833333333333332,0,0,1
CUST00947,Male,74,1,No,Yes,2,No,DSL,Month-to-month,Bank transfer,58.93,239.64,2,1,31.23,4,Yes,119.82,1.0,0.5,0,1,0
CUST00948,Female,45,0,Yes,Yes,11,Yes,Fiber optic,One year,Credit card,95.66,1141.26,0,3,37.19,2,Yes,103.75090909090909,0.0,0.2727272727272727,1,0,0
CUST00949,Female,31,0,No,No,44,Yes,DSL,One year,Electronic check,52.7,2332.43,2,1,53.51,5,No,53.009772727272725,0.045454545454545456,0.022727272727272728,0,0,1
CUST00950,Male,22,0,No,No,59,Yes,Fiber optic,Month-to-month,Credit card,79.49,4586.43,0,2,26.08,5,No,77.73610169491526,0.0,0.03389830508474576,0,0,1
CUST00951,Male,71,1,No,Yes,59,Yes,Fiber optic,One year,Electronic check,98.86,5891.42,4,1,62.09,2,Yes,99.85457627118645,0.06779661016949153,0.01694915254237288,1,0,1
CUST00952,Female,73,1,No,Yes,38,Yes,DSL,One year,Electronic check,65.58,2463.22,4,2,49.93,2,Yes,64.82157894736842,0.10526315789473684,0.05263157894736842,0,0,1
CUST00953,Male,50,0,Yes,Yes,25,Yes,No,Two year,Bank transfer,26.41,608.25,2,1,70.95,3,No,24.33,0.08,0.04,0,0,0
CUST00954,Female,67,1,No,No,21,No,DSL,Two year,Electronic check,58.23,1355.96,1,3,46.12,6,No,64.56952380952382,0.047619047619047616,0.14285714285714285,0,0,0
CUST00955,Male,65,1,Yes,Yes,42,Yes,No,Month-to-month,Electronic check,18.0,902.63,1,0,21.34,6,No,21.491190476190475,0.023809523809523808,0.0,0,0,1
CUST00956,Male,58,0,Yes,Yes,36,Yes,Fiber optic,Month-to-month,Electronic check,86.28,3017.42,2,2,67.01,1,No,83.81722222222223,0.05555555555555555,0.05555555555555555,1,0,1
CUST00957,Female,36,0,No,Yes,9,Yes,Fiber optic,Month-to-month,Credit card,89.65,978.46,2,1,28.48,4,Yes,108.71777777777778,0.2222222222222222,0.1111111111111111,1,0,0
CUST00958,Male,39,0,No,No,12,Yes,Fiber optic,Two year,Bank transfer,118.12,1408.47,1,1,67.64,2,No,117.3725,0.08333333333333333,0.08333333333333333,1,0,0
CUST00959,Female,22,0,Yes,No,10,Yes,Fiber optic,Month-to-month,Bank transfer,83.82,916.47,1,1,18.58,4,No,91.647,0.1,0.1,1,0,0
CUST00960,Male,19,0,No,Yes,59,Yes,Fiber optic,One year,Bank transfer,79.46,4871.27,2,1,11.09,1,No,82.56389830508475,0.03389830508474576,0.01694915254237288,0,0,1
CUST00961,Male,47,0,Yes,No,5,Yes,DSL,One year,Credit card,63.38,300.61,4,1,72.8,4,No,60.122,0.8,0.2,0,1,0
CUST00962,Male,64,1,Yes,Yes,33,Yes,DSL,One year,Bank transfer,77.38,2579.73,2,0,28.9,6,No,78.17363636363636,0.06060606060606061,0.0,0,0,0
CUST00963,Female,56,0,No,No,69,Yes,No,Month-to-month,Electronic check,27.82,1991.93,2,0,20.63,5,No,28.868550724637682,0.028985507246376812,0.0,0,0,1
CUST00964,Male,21,0,Yes,No,63,Yes,No,Month-to-month,Credit card,23.57,1642.94,1,1,51.03,3,No,26.0784126984127,0.015873015873015872,0.015873015873015872,0,0,1
CUST00965,Male,50,0,Yes,Yes,29,Yes,Fiber optic,Month-to-month,Credit card,73.22,2125.37,3,0,39.95,1,Yes,73.28862068965518,0.10344827586206896,0.0,0,0,0
CUST00966,Male,30,0,Yes,Yes,18,Yes,No,Month-to-month,Electronic check,18.34,411.06,3,1,28.8,1,Yes,22.836666666666666,0.16666666666666666,0.05555555555555555,0,0,0
CUST00967,Male,37,0,No,No,6,Yes,DSL,Month-to-month,Electronic check,69.37,338.79,0,1,36.78,3,No,56.465,0.0,0.16666666666666666,0,1,0
CUST00968,Female,71,1,Yes,Yes,53,Yes,DSL,Month-to-month,Credit card,56.55,2849.0,1,4,13.6,6,Yes,53.75471698113208,0.018867924528301886,0.07547169811320754,0,0,1
CUST00969,Female,24,0,Yes,No,32,Yes,DSL,One year,Credit card,84.08,2622.71,4,1,56.26,6,No,81.9596875,0.125,0.03125,1,0,0
CUST00970,Male,32,0,No,No,42,Yes,Fiber optic,Month-to-month,Credit card,86.26,3554.8,2,0,19.73,1,No,84.63809523809525,0.047619047619047616,0.0,1,0,1
CUST00971,Female,40,0,No,Yes,47,Yes,No,Month-to-month,Bank transfer,28.9,1455.81,2,0,9.3,3,No,30.97468085106383,0.0425531914893617,0.0,0,0,1
CUST00972,Male,31,0,Yes,No,31,Yes,DSL,Month-to-month,Credit card,53.35,1646.5,1,3,90.46,6,No,53.11290322580645,0.03225806451612903,0.0967741935483871,0,0,0
CUST00973,Male,40,0,No,No,62,Yes,No,Month-to-month,Mailed check,18.42,1080.95,1,1,28.08,6,Yes,17.434677419354838,0.016129032258064516,0.016129032258064516,0,0,1
CUST00974,Male,36,0,Yes,No,56,Yes,No,Month-to-month,Credit card,31.11,1653.43,3,2,14.64,2,No,29.525535714285716,0.05357142857142857,0.03571428571428571,0,0,1
CUST00975,Female,71,1,No,Yes,11,Yes,DSL,Month-to-month,Credit card,74.35,776.08,1,1,34.69,2,Yes,70.55272727272728,0.09090909090909091,0.09090909090909091,0,0,0
CUST00976,Female,46,0,Yes,No,26,Yes,Fiber optic,One year,Electronic check,70.09,1914.06,1,1,45.38,6,Yes,73.61769230769231,0.038461538461538464,0.038461538461538464,0,0,0
CUST00977,Female,73,1,Yes,No,27,Yes,Fiber optic,Month-to-month,Electronic check,73.98,1908.46,1,1,55.49,4,No,70.6837037037037,0.037037037037037035,0.037037037037037035,0,0,0
CUST00978,Female,37,0,Yes,No,57,Yes,Fiber optic,Two year,Mailed check,75.12,4269.11,3,2,22.59,5,No,74.89666666666666,0.05263157894736842,0.03508771929824561,0,0,1
CUST00979,Female,46,0,Yes,No,27,Yes,Fiber optic,Month-to-month,Electronic check,95.15,2530.83,2,0,46.72,5,No,93.73444444444443,0.07407407407407407,0.0,1,0,0
CUST00980,Female,41,0,No,Yes,59,Yes,DSL,Two year,Electronic check,64.34,3831.48,2,2,81.51,1,No,64.94033898305085,0.03389830508474576,0.03389830508474576,0,0,1
CUST00981,Female,35,0,Yes,No,62,Yes,Fiber optic,Two year,Credit card,83.51,5361.71,2,1,11.75,6,No,86.4791935483871,0.03225806451612903,0.016129032258064516,1,0,1
CUST00982,Female,27,0,Yes,No,20,No,No,One year,Electronic check,18.76,310.0,2,1,26.34,1,No,15.5,0.1,0.05,0,0,0
CUST00983,Female,58,0,No,No,3,Yes,DSL,Two year,Credit card,79.29,269.61,3,2,39.62,4,No,89.87,1.0,0.6666666666666666,0,1,0
CUST00984,Male,74,1,No,No,16,Yes,Fiber optic,Month-to-month,Electronic check,99.66,1593.03,5,1,16.5,5,Yes,99.564375,0.3125,0.0625,1,0,0
CUST00985,Female,25,0,Yes,Yes,44,Yes,DSL,Month-to-month,Credit card,36.06,1540.03,1,1,11.47,2,No,35.00068181818182,0.022727272727272728,0.022727272727272728,0,0,1
CUST00986,Female,43,0,Yes,No,30,Yes,DSL,Month-to-month,Bank transfer,70.28,2113.44,7,1,33.48,2,No,70.44800000000001,0.23333333333333334,0.03333333333333333,0,0,0
CUST00987,Female,46,0,Yes,No,40,Yes,DSL,Month-to-month,Bank transfer,56.54,2443.58,2,1,50.25,3,Yes,61.0895,0.05,0.025,0,0,1
CUST00988,Female,27,0,Yes,No,65,Yes,DSL,Month-to-month,Credit card,52.78,3423.8,1,0,35.31,2,Yes,52.673846153846156,0.015384615384615385,0.0,0,0,1
CUST00989,Female,34,0,Yes,No,29,Yes,Fiber optic,One year,Credit card,96.49,2791.29,1,3,21.07,5,No,96.25137931034483,0.034482758620689655,0.10344827586206896,1,0,0
CUST00990,Female,19,0,No,No,30,Yes,DSL,Month-to-month,Bank transfer,64.21,1888.42,2,1,39.37,3,No,62.94733333333333,0.06666666666666667,0.03333333333333333,0,0,0
CUST00991,Female,23,0,No,No,32,Yes,DSL,Month-to-month,Bank transfer,61.07,1995.78,3,0,31.54,1,No,62.368125,0.09375,0.0,0,0,0
CUST00992,Female,75,1,Yes,No,10,Yes,DSL,Month-to-month,Electronic check,49.21,392.11,6,2,11.4,4,Yes,39.211,0.6,0.2,0,0,0
CUST00993,Female,22,0,Yes,No,51,Yes,DSL,One year,Electronic check,72.18,3693.32,2,2,72.71,5,No,72.41803921568628,0.0392156862745098,0.0392156862745098,0,0,1
CUST00994,Female,45,0,Yes,Yes,8,Yes,Fiber optic,Two year,Electronic check,66.45,576.18,2,2,35.25,2,No,72.0225,0.25,0.25,0,0,0
CUST00995,Female,58,0,Yes,No,51,Yes,Fiber optic,Month-to-month,Electronic check,96.61,4842.3,4,4,42.63,6,No,94.94705882352942,0.0784313725490196,0.0784313725490196,1,0,1
CUST00996,Male,22,0,Yes,No,36,Yes,DSL,Month-to-month,Electronic check,61.08,2358.67,0,2,35.11,3,Yes,65.51861111111111,0.0,0.05555555555555555,0,0,1
CUST00997,Male,35,0,No,No,55,Yes,No,Month-to-month,Electronic check,24.71,1515.17,1,1,47.72,6,No,27.548545454545454,0.01818181818181818,0.01818181818181818,0,0,1
CUST00998,Female,43,0,No,No,35,Yes,Fiber optic,One year,Bank transfer,76.73,2910.32,2,0,22.46,2,No,83.152,0.05714285714285714,0.0,0,0,0
CUST00999,Female,37,0,No,No,36,Yes,Fiber optic,Month-to-month,Credit card,87.47,3206.06,0,2,68.2,6,No,89.05722222222222,0.0,0.05555555555555555,1,0,1
CUST01000,Male,58,0,No,Yes,56,Yes,Fiber optic,Two year,Electronic check,64.37,3646.28,3,0,76.35,1,No,65.11214285714286,0.05357142857142857,0.0,0,0,1
CUST01001,Female,66,1,Yes,No,36,Yes,Fiber optic,Month-to-month,Credit card,103.52,3718.93,2,0,53.91,2,Yes,103.30361111111111,0.05555555555555555,0.0,1,0,1
CUST01002,Male,44,0,No,No,61,Yes,Fiber optic,Month-to-month,Bank transfer,78.96,4823.38,1,0,21.03,6,Yes,79.07180327868852,0.01639344262295082,0.0,0,0,1
CUST01003,Male,66,1,Yes,No,62,Yes,Fiber optic,Two year,Credit card,74.65,4721.0,4,1,31.82,2,No,76.14516129032258,0.06451612903225806,0.016129032258064516,0,0,1
CUST01004,Male,29,0,Yes,Yes,25,Yes,DSL,Two year,Credit card,57.64,1442.72,2,2,23.43,4,Yes,57.708800000000004,0.08,0.08,0,0,0
CUST01005,Male,24,0,No,No,64,Yes,Fiber optic,One year,Electronic check,79.4,5066.52,1,2,53.96,6,No,79.164375,0.015625,0.03125,0,0,1
CUST01006,Male,20,0,Yes,Yes,60,Yes,Fiber optic,Month-to-month,Credit card,103.65,6274.89,3,2,10.85,2,Yes,104.5815,0.05,0.03333333333333333,1,0,1
CUST01007,Female,27,0,No,No,57,Yes,Fiber optic,One year,Credit card,59.0,3300.37,3,0,22.81,6,No,57.901228070175435,0.05263157894736842,0.0,0,0,1
CUST01008,Male,51,0,Yes,No,70,Yes,No,Month-to-month,Credit card,24.41,1866.73,1,1,54.84,4,Yes,26.667571428571428,0.014285714285714285,0.014285714285714285,0,0,1
CUST01009,Female,42,0,No,No,52,No,DSL,Month-to-month,Credit card,78.99,4108.32,5,0,42.45,3,Yes,79.00615384615384,0.09615384615384616,0.0,0,0,1
CUST01010,Female,52,0,No,No,56,Yes,No,Month-to-month,Credit card,25.55,1507.28,4,1,52.96,1,Yes,26.915714285714284,0.07142857142857142,0.017857142857142856,0,0,1
CUST01011,Male,33,0,No,No,63,No,DSL,Month-to-month,Credit card,62.26,3842.22,0,2,44.03,6,Yes,60.98761904761904,0.0,0.031746031746031744,0,0,1
CUST01012,Male,19,0,No,No,68,Yes,Fiber optic,One year,Credit card,84.58,5747.09,1,0,47.94,6,No,84.5160294117647,0.014705882352941176,0.0,1,0,1
CUST01013,Female,41,0,Yes,No,20,Yes,Fiber optic,Month-to-month,Electronic check,75.26,1465.83,4,1,12.53,4,Yes,73.2915,0.2,0.05,0,0,0
CUST01014,Male,27,0,No,Yes,54,Yes,DSL,Two year,Credit card,66.48,3554.77,4,2,71.39,2,No,65.82907407407407,0.07407407407407407,0.037037037037037035,0,0,1
CUST01015,Male,55,0,No,No,1,Yes,DSL,Month-to-month,Mailed check,57.7,0.0,7,1,38.92,3,No,0.0,7.0,1.0,0,1,0
CUST01016,Female,39,0,No,No,10,No,DSL,Month-to-month,Bank transfer,61.69,722.53,5,1,53.82,4,Yes,72.253,0.5,0.1,0,0,0
CUST01017,Female,43,0,No,Yes,23,Yes,DSL,One year,Mailed check,66.59,1580.02,3,2,61.18,4,No,68.69652173913043,0.13043478260869565,0.08695652173913043,0,0,0
CUST01018,Male,60,1,No,Yes,51,Yes,DSL,Two year,Electronic check,65.3,3188.42,1,1,66.39,3,No,62.51803921568628,0.0196078431372549,0.0196078431372549,0,0,1
CUST01019,Female,72,1,No,No,24,Yes,Fiber optic,Two year,Electronic check,86.45,2053.55,4,2,34.74,1,No,85.56458333333335,0.16666666666666666,0.08333333333333333,1,0,0
CUST01020,Male,56,0,No,Yes,13,Yes,DSL,One year,Credit card,70.78,898.39,4,1,38.85,3,No,69.10692307692308,0.3076923076923077,0.07692307692307693,0,0,0
CUST01021,Male,44,0,No,Yes,29,No,DSL,Month-to-month,Electronic check,72.14,2131.95,3,1,69.85,6,No,73.5155172413793,0.10344827586206896,0.034482758620689655,0,0,0
CUST01022,Male,46,0,No,No,58,Yes,Fiber optic,Two year,Electronic check,96.77,5598.15,6,0,19.77,1,No,96.51982758620689,0.10344827586206896,0.0,1,0,1
CUST01023,Female,64,1,Yes,No,43,No,DSL,Two year,Credit card,72.66,3233.08,4,1,19.93,1,No,75.18790697674419,0.09302325581395349,0.023255813953488372,0,0,1
CUST01024,Female,55,0,Yes,No,10,Yes,DSL,Month-to-month,Electronic check,76.27,859.11,5,1,40.96,2,Yes,85.911,0.5,0.1,0,0,0
CUST01025,Female,37,0,Yes,Yes,31,Yes,Fiber optic,One year,Electronic check,66.9,2294.58,3,2,34.91,4,No,74.01870967741935,0.0967741935483871,0.06451612903225806,0,0,0
CUST01026,Female,44,0,Yes,Yes,14,Yes,Fiber optic,One year,Mailed check,126.37,1546.5,3,2,22.3,3,No,110.46428571428571,0.21428571428571427,0.14285714285714285,1,0,0
CUST01027,Female,58,0,Yes,No,34,No,Fiber optic,Month-to-month,Electronic check,87.35,3106.64,5,0,28.52,1,No,91.37176470588236,0.14705882352941177,0.0,1,0,0
CUST01028,Male,71,1,No,Yes,17,Yes,Fiber optic,Two year,Electronic check,81.35,1462.44,1,1,105.79,3,Yes,86.02588235294118,0.058823529411764705,0.058823529411764705,1,0,0
CUST01029,Male,37,0,Yes,No,21,Yes,Fiber optic,Month-to-month,Electronic check,87.53,1820.62,2,1,51.75,4,Yes,86.69619047619047,0.09523809523809523,0.047619047619047616,1,0,0
CUST01030,Male,61,1,Yes,Yes,67,Yes,Fiber optic,One year,Bank transfer,62.86,4185.96,2,0,20.78,3,No,62.47701492537313,0.029850746268656716,0.0,0,0,1
CUST01031,Male,36,0,No,No,58,Yes,Fiber optic,Month-to-month,Bank transfer,88.51,5124.75,2,2,35.86,5,No,88.35775862068965,0.034482758620689655,0.034482758620689655,1,0,1
CUST01032,Female,37,0,No,No,8,Yes,Fiber optic,Month-to-month,Electronic check,73.1,609.59,3,1,69.35,3,Yes,76.19875,0.375,0.125,0,0,0
CUST01033,Male,52,0,No,Yes,38,Yes,No,One year,Electronic check,25.58,917.95,1,1,41.23,1,No,24.156578947368423,0.02631578947368421,0.02631578947368421,0,0,1
CUST01034,Female,64,1,No,No,26,Yes,Fiber optic,Month-to-month,Bank transfer,87.17,2106.06,3,0,21.04,2,No,81.0023076923077,0.11538461538461539,0.0,1,0,0
CUST01035,Male,19,0,No,Yes,64,Yes,Fiber optic,Month-to-month,Electronic check,76.11,4819.08,4,0,70.72,5,Yes,75.298125,0.0625,0.0,0,0,1
CUST01036,Female,47,0,Yes,No,30,Yes,Fiber optic,Two year,Mailed check,57.94,1711.62,5,2,78.85,6,Yes,57.053999999999995,0.16666666666666666,0.06666666666666667,0,0,0
CUST01037,Female,70,1,No,No,9,Yes,DSL,One year,Credit card,63.28,626.53,3,1,21.89,2,Yes,69.61444444444444,0.3333333333333333,0.1111111111111111,0,0,0
CUST01038,Male,51,0,No,No,32,Yes,Fiber optic,One year,Electronic check,84.98,2600.56,1,1,31.45,2,No,81.2675,0.03125,0.03125,1,0,0
CUST01039,Male,39,0,Yes,No,11,Yes,Fiber optic,Month-to-month,Mailed check,87.89,1031.05,3,2,31.93,4,Yes,93.73181818181818,0.2727272727272727,0.18181818181818182,1,0,0
CUST01040,Male,20,0,Yes,No,34,No,Fiber optic,Month-to-month,Electronic check,78.68,2554.65,1,2,60.87,2,No,75.13676470588236,0.029411764705882353,0.058823529411764705,0,0,0
CUST01041,Male,23,0,No,Yes,18,Yes,No,One year,Electronic check,19.74,395.04,2,2,20.53,2,No,21.94666666666667,0.1111111111111111,0.1111111111111111,0,0,0
CUST01042,Female,32,0,Yes,Yes,19,Yes,DSL,Two year,Electronic check,57.42,1146.22,1,1,46.76,3,No,60.32736842105263,0.05263157894736842,0.05263157894736842,0,0,0
CUST01043,Male,44,0,No,No,54,Yes,Fiber optic,Month-to-month,Bank transfer,87.09,4689.82,3,3,16.78,5,Yes,86.84851851851852,0.05555555555555555,0.05555555555555555,1,0,1
CUST01044,Male,27,0,Yes,No,37,Yes,Fiber optic,One year,Electronic check,95.11,3523.68,3,0,36.67,5,No,95.2345945945946,0.08108108108108109,0.0,1,0,1
CUST01045,Female,26,0,No,Yes,12,Yes,Fiber optic,Month-to-month,Credit card,72.85,943.95,2,2,30.36,3,Yes,78.66250000000001,0.16666666666666666,0.16666666666666666,0,0,0
CUST01046,Male,50,0,No,Yes,4,No,Fiber optic,Month-to-month,Electronic check,96.87,329.27,4,1,23.54,1,Yes,82.3175,1.0,0.25,1,1,0
CUST01047,Male,49,0,Yes,No,43,Yes,DSL,Month-to-month,Bank transfer,67.85,2948.43,3,0,62.51,5,No,68.56813953488371,0.06976744186046512,0.0,0,0,1
CUST01048,Male,65,1,Yes,No,27,No,DSL,Month-to-month,Electronic check,66.25,1753.67,3,0,81.2,5,Yes,64.95074074074074,0.1111111111111111,0.0,0,0,0
CUST01049,Male,23,0,No,No,51,Yes,DSL,Month-to-month,Electronic check,81.96,4334.98,1,0,31.19,5,Yes,84.99960784313724,0.0196078431372549,0.0,1,0,1
CUST01050,Male,58,0,No,No,5,Yes,Fiber optic,One year,Credit card,58.61,347.37,6,1,53.17,4,Yes,69.474,1.2,0.2,0,1,0
CUST01051,Female,53,0,No,No,6,Yes,DSL,Month-to-month,Bank transfer,83.41,396.04,1,2,30.08,5,No,66.00666666666667,0.16666666666666666,0.3333333333333333,1,1,0
CUST01052,Male,19,0,No,Yes,56,Yes,Fiber optic,One year,Bank transfer,75.2,4392.98,3,4,18.3,1,No,78.44607142857141,0.05357142857142857,0.07142857142857142,0,0,1
CUST01053,Male,46,0,No,Yes,68,Yes,Fiber optic,One year,Electronic check,88.62,6126.34,1,0,26.14,5,No,90.09323529411765,0.014705882352941176,0.0,1,0,1
CUST01054,Male,21,0,Yes,Yes,44,Yes,DSL,One year,Bank transfer,60.53,2542.68,1,2,36.06,6,No,57.78818181818181,0.022727272727272728,0.045454545454545456,0,0,1
CUST01055,Male,18,0,Yes,No,15,Yes,Fiber optic,Month-to-month,Credit card,64.93,821.32,2,0,40.62,1,No,54.75466666666667,0.13333333333333333,0.0,0,0,0
CUST01056,Male,36,0,Yes,No,42,Yes,DSL,Month-to-month,Electronic check,66.35,2663.91,2,0,26.01,5,No,63.426428571428566,0.047619047619047616,0.0,0,0,1
CUST01057,Female,43,0,No,No,11,Yes,No,One year,Bank transfer,31.91,252.8,1,0,19.78,6,No,22.981818181818184,0.09090909090909091,0.0,0,0,0
CUST01058,Male,42,0,Yes,Yes,11,Yes,Fiber optic,Month-to-month,Credit card,91.33,1019.76,4,2,10.14,1,Yes,92.70545454545454,0.36363636363636365,0.18181818181818182,1,0,0
CUST01059,Female,27,0,Yes,No,66,Yes,No,Two year,Credit card,18.0,1196.22,1,1,14.23,3,No,18.124545454545455,0.015151515151515152,0.015151515151515152,0,0,1
CUST01060,Female,70,1,No,No,27,Yes,Fiber optic,Month-to-month,Mailed check,66.4,1866.28,5,2,47.52,5,Yes,69.12148148148148,0.18518518518518517,0.07407407407407407,0,0,0
CUST01061,Male,32,0,No,No,58,No,Fiber optic,Month-to-month,Credit card,74.54,4292.24,1,2,80.31,1,No,74.00413793103448,0.017241379310344827,0.034482758620689655,0,0,1
CUST01062,Male,39,0,Yes,Yes,72,Yes,DSL,One year,Electronic check,75.27,5393.38,2,1,64.4,4,No,74.90805555555556,0.027777777777777776,0.013888888888888888,0,0,1
CUST01063,Male,68,1,Yes,No,21,No,DSL,Two year,Mailed check,61.15,1295.4,4,0,40.24,4,No,61.68571428571429,0.19047619047619047,0.0,0,0,0
CUST01064,Male,65,1,Yes,Yes,21,Yes,Fiber optic,Month-to-month,Electronic check,54.99,1267.38,2,0,39.87,3,No,60.35142857142858,0.09523809523809523,0.0,0,0,0
CUST01065,Female,38,0,Yes,No,72,Yes,DSL,Month-to-month,Credit card,84.77,5914.18,5,3,74.68,2,No,82.1413888888889,0.06944444444444445,0.041666666666666664,1,0,1
CUST01066,Male,73,1,No,No,1,Yes,No,Two year,Electronic check,37.0,11.36,1,1,63.82,4,No,11.36,1.0,1.0,0,1,0
CUST01067,Male,39,0,Yes,Yes,58,Yes,Fiber optic,Month-to-month,Electronic check,68.7,4116.47,1,0,31.62,5,No,70.97362068965518,0.017241379310344827,0.0,0,0,1
CUST01068,Male,53,0,No,No,13,Yes,No,Month-to-month,Bank transfer,21.73,289.27,3,1,28.5,3,No,22.25153846153846,0.23076923076923078,0.07692307692307693,0,0,0
CUST01069,Male,51,0,No,Yes,6,Yes,DSL,Month-to-month,Credit card,56.56,309.87,1,0,30.71,1,No,51.645,0.16666666666666666,0.0,0,1,0
CUST01070,Male,47,0,Yes,No,58,Yes,No,Month-to-month,Credit card,29.19,1611.56,2,1,20.54,6,No,27.78551724137931,0.034482758620689655,0.017241379310344827,0,0,1
CUST01071,Male,42,0,No,Yes,17,Yes,Fiber optic,One year,Bank transfer,87.98,1585.91,2,2,73.21,6,Yes,93.28882352941177,0.11764705882352941,0.11764705882352941,1,0,0
CUST01072,Female,62,1,Yes,No,12,Yes,DSL,Month-to-month,Electronic check,51.82,573.71,1,0,54.63,6,No,47.80916666666667,0.08333333333333333,0.0,0,0,0
CUST01073,Female,45,0,Yes,No,52,Yes,Fiber optic,Two year,Credit card,104.67,5393.92,3,0,51.58,1,No,103.72923076923077,0.057692307692307696,0.0,1,0,1
CUST01074,Male,18,0,Yes,No,70,Yes,No,One year,Bank transfer,38.95,2862.87,3,0,66.27,1,No,40.89814285714286,0.04285714285714286,0.0,0,0,1
CUST01075,Male,66,1,Yes,No,52,No,DSL,Two year,Bank transfer,59.41,2984.63,2,0,24.97,1,No,57.39673076923077,0.038461538461538464,0.0,0,0,1
CUST01076,Male,62,1,Yes,No,37,Yes,Fiber optic,Month-to-month,Credit card,76.39,2989.57,1,0,40.16,5,No,80.79918918918919,0.02702702702702703,0.0,0,0,1
CUST01077,Female,21,0,Yes,Yes,3,Yes,Fiber optic,Month-to-month,Credit card,108.93,343.7,0,0,58.08,4,No,114.56666666666666,0.0,0.0,1,1,0
CUST01078,Male,24,0,No,No,8,Yes,DSL,Two year,Credit card,33.67,271.81,1,2,44.35,6,No,33.97625,0.125,0.25,0,0,0
CUST01079,Female,66,1,No,No,10,Yes,DSL,Month-to-month,Credit card,49.27,521.24,2,0,36.97,1,Yes,52.124,0.2,0.0,0,0,0
CUST01080,Male,26,0,No,No,47,Yes,Fiber optic,One year,Electronic check,99.69,4687.51,4,0,58.64,6,No,99.73425531914894,0.0851063829787234,0.0,1,0,1
CUST01081,Male,53,0,Yes,No,41,Yes,Fiber optic,Month-to-month,Bank transfer,105.87,4287.86,4,1,18.08,5,Yes,104.58195121951219,0.0975609756097561,0.024390243902439025,1,0,1
CUST01082,Male,36,0,No,No,64,Yes,DSL,One year,Electronic check,56.17,3629.3,3,0,28.68,3,Yes,56.7078125,0.046875,0.0,0,0,1
CUST01083,Male,18,0,No,No,42,Yes,Fiber optic,Two year,Mailed check,119.2,4957.41,2,2,13.99,6,No,118.03357142857142,0.047619047619047616,0.047619047619047616,1,0,1
CUST01084,Female,27,0,No,No,43,No,Fiber optic,Month-to-month,Bank transfer,48.33,2120.99,1,0,19.62,5,Yes,49.3253488372093,0.023255813953488372,0.0,0,0,1
CUST01085,Female,53,0,No,No,9,Yes,No,Month-to-month,Electronic check,33.76,535.09,2,1,37.34,6,Yes,59.45444444444445,0.2222222222222222,0.1111111111111111,0,0,0
CUST01086,Male,26,0,No,Yes,14,Yes,Fiber optic,Month-to-month,Electronic check,86.3,1274.22,2,2,17.17,3,Yes,91.01571428571428,0.14285714285714285,0.14285714285714285,1,0,0
CUST01087,Male,62,1,Yes,No,4,Yes,Fiber optic,Month-to-month,Bank transfer,77.7,291.93,3,0,9.28,6,Yes,72.9825,0.75,0.0,0,1,0
CUST01088,Female,63,1,No,No,2,Yes,Fiber optic,Month-to-month,Bank transfer,98.17,221.9,1,1,51.14,4,Yes,110.95,0.5,0.5,1,1,0
CUST01089,Female,59,0,Yes,No,1,Yes,No,One year,Mailed check,21.88,0.0,2,2,61.39,6,No,0.0,2.0,2.0,0,1,0
CUST01090,Female,49,0,No,No,65,Yes,Fiber optic,Month-to-month,Electronic check,68.69,4446.47,3,2,34.14,6,No,68.40723076923078,0.046153846153846156,0.03076923076923077,0,0,1
CUST01091,Female,49,0,Yes,Yes,46,Yes,DSL,Month-to-month,Electronic check,61.39,2812.77,4,1,31.24,1,Yes,61.14717391304348,0.08695652173913043,0.021739130434782608,0,0,1
CUST01092,Male,23,0,Yes,No,59,Yes,No,Month-to-month,Mailed check,24.57,1497.16,3,1,39.85,6,No,25.375593220338985,0.05084745762711865,0.01694915254237288,0,0,1
CUST01093,Female,65,1,Yes,No,7,No,Fiber optic,Month-to-month,Electronic check,73.29,603.71,1,0,23.13,2,Yes,86.24428571428572,0.14285714285714285,0.0,0,0,0
CUST01094,Male,55,0,No,No,66,Yes,DSL,Month-to-month,Bank transfer,53.12,3716.84,3,0,31.48,6,No,56.31575757575758,0.045454545454545456,0.0,0,0,1
CUST01095,Female,34,0,Yes,Yes,15,Yes,Fiber optic,One year,Electronic check,78.8,1246.84,1,1,55.81,3,No,83.12266666666666,0.06666666666666667,0.06666666666666667,0,0,0
CUST01096,Female,27,0,Yes,Yes,72,Yes,DSL,Two year,Bank transfer,40.49,2805.6,6,1,35.12,2,No,38.96666666666667,0.08333333333333333,0.013888888888888888,0,0,1
CUST01097,Female,67,1,No,No,47,No,Fiber optic,Month-to-month,Electronic check,59.64,2674.99,4,1,59.78,5,No,56.91468085106383,0.0851063829787234,0.02127659574468085,0,0,1
CUST01098,Female,44,0,No,No,40,Yes,DSL,Month-to-month,Bank transfer,71.2,2841.29,3,2,74.56,5,Yes,71.03225,0.075,0.05,0,0,1
CUST01099,Female,71,1,Yes,No,42,Yes,Fiber optic,One year,Credit card,63.64,2772.92,1,0,56.71,2,No,66.02190476190476,0.023809523809523808,0.0,0,0,1
CUST01100,Male,67,1,Yes,Yes,51,Yes,Fiber optic,Month-to-month,Mailed check,84.73,4300.43,1,3,39.64,4,No,84.3221568627451,0.0196078431372549,0.058823529411764705,1,0,1
CUST01101,Male,52,0,No,No,35,Yes,No,Month-to-month,Electronic check,18.0,610.75,2,2,34.55,1,Yes,17.45,0.05714285714285714,0.05714285714285714,0,0,0
CUST01102,Female,69,1,No,Yes,41,Yes,Fiber optic,One year,Electronic check,107.59,4501.18,1,1,25.92,5,No,109.7848780487805,0.024390243902439025,0.024390243902439025,1,0,1
CUST01103,Female,38,0,No,Yes,57,Yes,DSL,Month-to-month,Electronic check,56.76,3232.64,1,2,81.27,2,No,56.712982456140345,0.017543859649122806,0.03508771929824561,0,0,1
CUST01104,Male,42,0,No,No,38,Yes,Fiber optic,Month-to-month,Mailed check,101.77,3970.7,7,0,30.47,2,Yes,104.4921052631579,0.18421052631578946,0.0,1,0,1
CUST01105,Female,45,0,Yes,No,72,Yes,Fiber optic,Two year,Credit card,116.72,8253.36,3,1,33.72,6,No,114.63000000000001,0.041666666666666664,0.013888888888888888,1,0,1
CUST01106,Female,64,1,No,Yes,8,Yes,DSL,Month-to-month,Credit card,44.53,403.91,3,1,25.29,3,Yes,50.48875,0.375,0.125,0,0,0
CUST01107,Male,32,0,No,No,63,Yes,Fiber optic,Two year,Electronic check,74.79,4534.15,2,0,56.19,2,No,71.97063492063492,0.031746031746031744,0.0,0,0,1
CUST01108,Female,21,0,No,Yes,4,Yes,No,Month-to-month,Credit card,31.98,154.58,3,0,50.76,2,Yes,38.645,0.75,0.0,0,1,0
CUST01109,Female,46,0,Yes,Yes,48,Yes,DSL,Two year,Credit card,52.41,2605.75,2,1,15.06,3,No,54.286458333333336,0.041666666666666664,0.020833333333333332,0,0,1
CUST01110,Male,26,0,No,Yes,52,Yes,Fiber optic,Month-to-month,Electronic check,89.36,4483.9,3,0,28.39,3,Yes,86.22884615384615,0.057692307692307696,0.0,1,0,1
CUST01111,Male,44,0,No,No,38,Yes,DSL,Month-to-month,Bank transfer,61.23,2097.22,1,0,25.59,5,No,55.19,0.02631578947368421,0.0,0,0,1
CUST01112,Male,43,0,Yes,Yes,5,Yes,Fiber optic,One year,Electronic check,49.86,334.4,1,1,20.17,6,Yes,66.88,0.2,0.2,0,1,0
CUST01113,Female,36,0,No,No,70,Yes,Fiber optic,Two year,Credit card,99.16,6986.14,4,1,47.38,4,No,99.802,0.05714285714285714,0.014285714285714285,1,0,1
CUST01114,Male,73,1,No,Yes,24,No,DSL,Month-to-month,Bank transfer,58.35,1290.54,1,3,54.0,5,Yes,53.7725,0.041666666666666664,0.125,0,0,0
CUST01115,Male,45,0,No,Yes,17,Yes,Fiber optic,One year,Mailed check,67.09,1164.97,2,2,44.82,4,No,68.52764705882353,0.11764705882352941,0.11764705882352941,0,0,0
CUST01116,Male,34,0,No,Yes,26,Yes,Fiber optic,Month-to-month,Bank transfer,108.2,2759.06,5,2,19.51,6,Yes,106.11769230769231,0.19230769230769232,0.07692307692307693,1,0,0
CUST01117,Male,60,1,No,No,3,Yes,DSL,One year,Electronic check,51.57,136.8,2,0,8.77,1,Yes,45.6,0.6666666666666666,0.0,0,1,0
CUST01118,Male,74,1,No,No,2,Yes,DSL,One year,Credit card,50.91,74.99,1,2,29.82,3,No,37.495,0.5,1.0,0,1,0
CUST01119,Male,58,0,Yes,No,2,Yes,DSL,Month-to-month,Electronic check,38.39,0.0,3,0,47.33,5,Yes,0.0,1.5,0.0,0,1,0
CUST01120,Female,59,0,Yes,No,22,Yes,DSL,Month-to-month,Electronic check,67.14,1567.19,3,0,32.56,6,No,71.23590909090909,0.13636363636363635,0.0,0,0,0
CUST01121,Female,67,1,Yes,No,71,Yes,DSL,Month-to-month,Credit card,60.51,4190.3,3,1,24.79,3,Yes,59.01830985915493,0.04225352112676056,0.014084507042253521,0,0,1
CUST01122,Male,37,0,No,No,4,Yes,DSL,Two year,Mailed check,39.14,165.83,2,1,30.35,3,Yes,41.4575,0.5,0.25,0,1,0
CUST01123,Male,62,1,No,Yes,38,Yes,Fiber optic,Month-to-month,Electronic check,88.68,3435.05,1,1,40.78,4,Yes,90.39605263157895,0.02631578947368421,0.02631578947368421,1,0,1
CUST01124,Male,57,0,No,No,70,No,No,One year,Electronic check,31.62,2130.39,3,4,19.03,2,No,30.434142857142856,0.04285714285714286,0.05714285714285714,0,0,1
CUST01125,Female,56,0,No,No,52,Yes,Fiber optic,Month-to-month,Credit card,91.93,4752.87,3,2,36.55,6,No,91.40134615384615,0.057692307692307696,0.038461538461538464,1,0,1
CUST01126,Female,66,1,No,No,31,Yes,DSL,One year,Electronic check,75.9,2302.02,2,1,60.84,6,Yes,74.25870967741936,0.06451612903225806,0.03225806451612903,0,0,0
CUST01127,Female,70,1,No,No,26,Yes,No,One year,Credit card,20.17,696.87,3,0,102.9,2,Yes,26.802692307692308,0.11538461538461539,0.0,0,0,0
CUST01128,Female,40,0,Yes,No,36,Yes,DSL,One year,Electronic check,81.21,3015.05,0,2,38.26,6,No,83.7513888888889,0.0,0.05555555555555555,1,0,1
CUST01129,Female,64,1,No,No,26,Yes,No,Two year,Electronic check,25.03,726.77,5,2,55.71,3,Yes,27.952692307692306,0.19230769230769232,0.07692307692307693,0,0,0
CUST01130,Female,49,0,Yes,No,28,Yes,Fiber optic,Month-to-month,Credit card,97.01,2937.32,2,0,29.14,5,Yes,104.90428571428572,0.07142857142857142,0.0,1,0,0
CUST01131,Female,69,1,No,No,5,Yes,Fiber optic,Month-to-month,Mailed check,104.16,556.01,3,1,43.34,5,Yes,111.202,0.6,0.2,1,1,0
CUST01132,Female,64,1,No,No,18,Yes,No,Two year,Bank transfer,46.2,798.0,4,1,23.79,6,No,44.333333333333336,0.2222222222222222,0.05555555555555555,0,0,0
CUST01133,Female,50,0,No,No,15,Yes,Fiber optic,Month-to-month,Bank transfer,68.78,887.72,3,0,16.15,4,No,59.181333333333335,0.2,0.0,0,0,0
CUST01134,Male,74,1,Yes,No,57,Yes,DSL,One year,Electronic check,51.13,2844.46,1,2,38.13,1,No,49.90280701754386,0.017543859649122806,0.03508771929824561,0,0,1
CUST01135,Male,63,1,Yes,No,5,Yes,Fiber optic,One year,Mailed check,87.85,455.18,1,3,56.53,5,No,91.036,0.2,0.6,1,1,0
CUST01136,Male,22,0,No,Yes,37,Yes,DSL,One year,Credit card,55.55,2148.49,3,1,50.23,6,No,58.067297297297294,0.08108108108108109,0.02702702702702703,0,0,1
CUST01137,Male,60,1,No,No,22,Yes,DSL,Month-to-month,Mailed check,50.38,1042.97,2,7,27.5,1,Yes,47.40772727272727,0.09090909090909091,0.3181818181818182,0,0,0
CUST01138,Female,65,1,Yes,Yes,52,No,Fiber optic,Month-to-month,Credit card,62.13,3389.13,0,2,37.05,3,No,65.17557692307693,0.0,0.038461538461538464,0,0,1
CUST01139,Female,51,0,No,No,15,Yes,DSL,One year,Electronic check,61.51,768.69,6,3,52.92,4,No,51.246,0.4,0.2,0,0,0
CUST01140,Male,57,0,Yes,No,17,Yes,DSL,Month-to-month,Electronic check,69.55,1144.8,1,1,24.55,6,No,67.34117647058824,0.058823529411764705,0.058823529411764705,0,0,0
CUST01141,Female,28,0,No,No,51,Yes,Fiber optic,One year,Credit card,90.28,4644.66,3,4,39.46,4,No,91.07176470588234,0.058823529411764705,0.0784313725490196,1,0,1
CUST01142,Male,67,1,No,No,45,Yes,DSL,Month-to-month,Electronic check,40.44,1832.92,5,0,42.74,3,Yes,40.73155555555556,0.1111111111111111,0.0,0,0,1
CUST01143,Female,20,0,No,No,63,Yes,DSL,Month-to-month,Mailed check,40.73,2613.66,3,1,22.12,3,No,41.486666666666665,0.047619047619047616,0.015873015873015872,0,0,1
CUST01144,Male,75,1,No,Yes,28,No,Fiber optic,Month-to-month,Electronic check,85.92,2418.61,5,1,13.03,1,Yes,86.37892857142857,0.17857142857142858,0.03571428571428571,1,0,0
CUST01145,Female,50,0,No,No,59,Yes,DSL,Two year,Electronic check,57.13,3435.49,3,3,38.43,5,No,58.22864406779661,0.05084745762711865,0.05084745762711865,0,0,1
CUST01146,Female,28,0,No,No,21,Yes,Fiber optic,Month-to-month,Electronic check,80.23,1660.44,0,1,72.14,6,Yes,79.06857142857143,0.0,0.047619047619047616,1,0,0
CUST01147,Male,33,0,Yes,No,42,No,Fiber optic,One year,Electronic check,80.84,3365.22,2,3,36.59,5,No,80.1242857142857,0.047619047619047616,0.07142857142857142,1,0,1
CUST01148,Female,35,0,Yes,No,69,Yes,DSL,Two year,Bank transfer,54.02,3644.88,1,1,25.57,2,No,52.82434782608696,0.014492753623188406,0.014492753623188406,0,0,1
CUST01149,Male,47,0,Yes,No,17,Yes,DSL,One year,Credit card,61.79,1267.8,2,4,27.2,1,No,74.5764705882353,0.11764705882352941,0.23529411764705882,0,0,0
CUST01150,Male,65,1,No,Yes,68,No,No,Two year,Bank transfer,33.81,2291.23,3,1,70.61,4,No,33.69455882352941,0.04411764705882353,0.014705882352941176,0,0,1
CUST01151,Male,72,1,Yes,No,7,Yes,Fiber optic,Month-to-month,Electronic check,70.99,540.48,1,2,57.36,1,No,77.21142857142857,0.14285714285714285,0.2857142857142857,0,0,0
CUST01152,Male,27,0,Yes,Yes,40,Yes,Fiber optic,Two year,Mailed check,91.79,3650.47,4,1,39.18,6,No,91.26174999999999,0.1,0.025,1,0,1
CUST01153,Female,35,0,Yes,No,40,Yes,Fiber optic,Month-to-month,Electronic check,86.24,3608.79,6,3,61.43,1,Yes,90.21975,0.15,0.075,1,0,1
CUST01154,Female,55,0,Yes,No,43,Yes,DSL,Two year,Mailed check,38.6,1658.68,2,1,21.36,3,No,38.5739534883721,0.046511627906976744,0.023255813953488372,0,0,1
CUST01155,Female,36,0,Yes,Yes,51,Yes,Fiber optic,Two year,Electronic check,75.17,3866.42,2,1,35.3,3,No,75.8121568627451,0.0392156862745098,0.0196078431372549,0,0,1
CUST01156,Male,53,0,No,No,23,Yes,DSL,Month-to-month,Bank transfer,60.12,1295.52,4,0,19.39,3,Yes,56.32695652173913,0.17391304347826086,0.0,0,0,0
CUST01157,Female,30,0,No,No,32,Yes,Fiber optic,Month-to-month,Credit card,117.47,3935.09,4,0,55.07,3,No,122.9715625,0.125,0.0,1,0,0
CUST01158,Male,73,1,No,No,31,Yes,DSL,One year,Credit card,51.3,1612.0,3,1,19.02,6,No,52.0,0.0967741935483871,0.03225806451612903,0,0,0
CUST01159,Female,63,1,No,Yes,17,Yes,DSL,Month-to-month,Electronic check,52.68,1075.25,2,1,75.01,3,Yes,63.25,0.11764705882352941,0.058823529411764705,0,0,0
CUST01160,Female,20,0,Yes,Yes,58,Yes,No,One year,Credit card,28.31,1581.91,3,1,37.65,1,Yes,27.274310344827587,0.05172413793103448,0.017241379310344827,0,0,1
CUST01161,Female,27,0,No,No,35,No,Fiber optic,Month-to-month,Electronic check,83.3,2871.3,1,0,54.01,3,Yes,82.03714285714287,0.02857142857142857,0.0,1,0,0
CUST01162,Male,55,0,Yes,Yes,30,No,DSL,Two year,Credit card,44.86,1293.09,4,0,13.36,6,No,43.102999999999994,0.13333333333333333,0.0,0,0,0
CUST01163,Female,18,0,Yes,No,64,No,DSL,Month-to-month,Credit card,39.18,2479.15,2,1,33.12,5,Yes,38.73671875,0.03125,0.015625,0,0,1
CUST01164,Female,72,1,No,No,53,Yes,DSL,One year,Bank transfer,37.66,2063.04,3,1,62.2,5,No,38.92528301886792,0.05660377358490566,0.018867924528301886,0,0,1
CUST01165,Male,73,1,Yes,Yes,51,Yes,Fiber optic,Month-to-month,Mailed check,97.75,4780.42,2,0,10.41,2,Yes,93.73372549019608,0.0392156862745098,0.0,1,0,1
CUST01166,Female,44,0,No,No,37,Yes,No,Month-to-month,Electronic check,18.0,661.17,3,0,40.44,5,Yes,17.86945945945946,0.08108108108108109,0.0,0,0,1
CUST01167,Male,63,1,Yes,No,6,Yes,Fiber optic,Month-to-month,Electronic check,120.55,645.23,3,0,34.49,2,Yes,107.53833333333334,0.5,0.0,1,1,0
CUST01168,Female,25,0,No,No,34,Yes,Fiber optic,Month-to-month,Electronic check,77.08,2531.91,5,1,45.81,6,Yes,74.46794117647059,0.14705882352941177,0.029411764705882353,0,0,0
CUST01169,Male,68,1,No,No,56,Yes,DSL,Month-to-month,Bank transfer,69.26,3925.38,4,2,42.89,5,No,70.09607142857143,0.07142857142857142,0.03571428571428571,0,0,1
CUST01170,Male,63,1,Yes,No,25,Yes,DSL,Two year,Mailed check,46.06,1181.5,3,2,37.53,6,No,47.26,0.12,0.08,0,0,0
CUST01171,Female,59,0,No,No,13,No,DSL,Month-to-month,Mailed check,62.28,895.95,2,0,35.41,4,No,68.91923076923078,0.15384615384615385,0.0,0,0,0
CUST01172,Male,34,0,Yes,No,63,No,Fiber optic,One year,Mailed check,106.2,6729.34,4,2,20.99,2,No,106.81492063492064,0.06349206349206349,0.031746031746031744,1,0,1
CUST01173,Male,26,0,No,Yes,66,Yes,Fiber optic,Month-to-month,Mailed check,79.75,5281.47,1,1,14.61,1,No,80.02227272727274,0.015151515151515152,0.015151515151515152,0,0,1
CUST01174,Male,23,0,Yes,No,5,Yes,DSL,Month-to-month,Mailed check,46.97,178.99,1,1,41.75,3,Yes,35.798,0.2,0.2,0,1,0
CUST01175,Male,60,1,No,No,11,Yes,Fiber optic,Month-to-month,Credit card,79.42,780.93,0,1,50.18,2,Yes,70.99363636363636,0.0,0.09090909090909091,0,0,0
CUST01176,Male,42,0,No,No,44,Yes,No,One year,Mailed check,23.27,1083.79,3,3,9.66,5,No,24.631590909090907,0.06818181818181818,0.06818181818181818,0,0,1
CUST01177,Male,56,0,Yes,No,69,Yes,No,Month-to-month,Bank transfer,18.0,1216.42,4,0,48.46,1,No,17.629275362318843,0.057971014492753624,0.0,0,0,1
CUST01178,Female,66,1,No,No,2,Yes,DSL,Month-to-month,Electronic check,79.84,199.6,3,3,63.04,5,No,99.8,1.5,1.5,0,1,0
CUST01179,Male,45,0,No,No,40,Yes,Fiber optic,Month-to-month,Electronic check,85.28,3410.75,3,1,14.98,1,Yes,85.26875,0.075,0.025,1,0,1
CUST01180,Male,50,0,No,Yes,37,Yes,No,Month-to-month,Electronic check,35.24,1099.52,3,1,55.06,5,Yes,29.716756756756755,0.08108108108108109,0.02702702702702703,0,0,1
CUST01181,Female,71,1,No,Yes,49,No,Fiber optic,Month-to-month,Bank transfer,101.12,5003.23,1,0,72.14,3,No,102.10673469387754,0.02040816326530612,0.0,1,0,1
CUST01182,Female,54,0,Yes,Yes,36,Yes,Fiber optic,Month-to-month,Credit card,110.52,3916.13,1,1,51.92,4,No,108.7813888888889,0.027777777777777776,0.027777777777777776,1,0,1
CUST01183,Female,26,0,No,No,70,Yes,Fiber optic,Month-to-month,Electronic check,66.11,4714.12,6,2,59.59,6,No,67.34457142857143,0.08571428571428572,0.02857142857142857,0,0,1
CUST01184,Female,35,0,Yes,No,34,Yes,Fiber optic,One year,Bank transfer,94.67,3032.89,2,0,46.44,5,Yes,89.20264705882353,0.058823529411764705,0.0,1,0,0
CUST01185,Female,73,1,Yes,No,58,Yes,DSL,Month-to-month,Electronic check,53.95,3319.01,0,3,13.07,5,Yes,57.22431034482759,0.0,0.05172413793103448,0,0,1
CUST01186,Female,38,0,No,No,37,Yes,DSL,Month-to-month,Bank transfer,58.3,2097.5,1,0,36.64,2,No,56.689189189189186,0.02702702702702703,0.0,0,0,1
CUST01187,Female,19,0,No,No,60,Yes,No,Month-to-month,Bank transfer,18.0,1127.12,3,2,22.56,3,No,18.78533333333333,0.05,0.03333333333333333,0,0,1
CUST01188,Male,75,1,Yes,No,12,Yes,Fiber optic,One year,Mailed check,119.88,1367.3,1,1,44.73,1,Yes,113.94166666666666,0.08333333333333333,0.08333333333333333,1,0,0
CUST01189,Male,60,1,Yes,No,32,Yes,DSL,Month-to-month,Electronic check,51.18,1580.09,0,0,46.32,2,No,49.3778125,0.0,0.0,0,0,0
CUST01190,Female,55,0,No,No,4,Yes,No,One year,Mailed check,30.22,189.41,3,0,9.31,3,Yes,47.3525,0.75,0.0,0,1,0
CUST01191,Male,75,1,Yes,Yes,33,Yes,DSL,One year,Electronic check,44.57,1450.61,5,0,35.83,3,No,43.957878787878784,0.15151515151515152,0.0,0,0,0
CUST01192,Male,57,0,Yes,Yes,43,Yes,DSL,One year,Credit card,56.95,2435.59,3,2,18.48,2,No,56.641627906976744,0.06976744186046512,0.046511627906976744,0,0,1
CUST01193,Male,53,0,Yes,No,9,Yes,Fiber optic,Month-to-month,Credit card,100.91,993.14,1,0,44.22,6,No,110.3488888888889,0.1111111111111111,0.0,1,0,0
CUST01194,Female,67,1,No,No,51,No,DSL,Month-to-month,Credit card,64.17,3291.56,2,1,37.56,6,Yes,64.54039215686275,0.0392156862745098,0.0196078431372549,0,0,1
CUST01195,Female,60,1,No,No,20,Yes,Fiber optic,Month-to-month,Mailed check,70.88,1462.43,5,0,108.7,1,No,73.1215,0.25,0.0,0,0,0
CUST01196,Male,54,0,Yes,No,39,No,DSL,Two year,Credit card,51.42,1942.91,1,0,76.02,4,No,49.81820512820513,0.02564102564102564,0.0,0,0,1
CUST01197,Female,32,0,No,Yes,23,Yes,DSL,One year,Mailed check,61.95,1491.51,3,0,29.69,2,No,64.84826086956522,0.13043478260869565,0.0,0,0,0
CUST01198,Male,45,0,Yes,No,41,Yes,DSL,Month-to-month,Electronic check,59.79,2462.55,1,3,19.7,5,No,60.06219512195123,0.024390243902439025,0.07317073170731707,0,0,1
CUST01199,Male,35,0,No,No,44,Yes,DSL,Two year,Credit card,44.24,1989.6,6,1,33.61,6,No,45.21818181818182,0.13636363636363635,0.022727272727272728,0,0,1
CUST01200,Male,51,0,No,Yes,35,Yes,DSL,Month-to-month,Credit card,55.43,1976.43,3,1,13.7,4,Yes,56.46942857142857,0.08571428571428572,0.02857142857142857,0,0,0
CUST01201,Male,39,0,No,No,23,Yes,Fiber optic,Month-to-month,Electronic check,82.81,2017.59,2,1,29.33,1,Yes,87.72130434782608,0.08695652173913043,0.043478260869565216,1,0,0
CUST01202,Female,28,0,No,No,58,Yes,DSL,Month-to-month,Mailed check,66.82,3926.04,6,0,48.22,1,Yes,67.6903448275862,0.10344827586206896,0.0,0,0,1
CUST01203,Female,75,1,No,No,48,Yes,DSL,Month-to-month,Bank transfer,72.16,3347.68,2,1,17.27,2,No,69.74333333333333,0.041666666666666664,0.020833333333333332,0,0,1
CUST01204,Female,74,1,No,Yes,58,No,Fiber optic,Two year,Credit card,95.07,5454.61,2,1,38.26,2,No,94.04499999999999,0.034482758620689655,0.017241379310344827,1,0,1
CUST01205,Male,30,0,No,No,57,Yes,Fiber optic,Two year,Bank transfer,90.09,5157.76,1,2,16.48,4,No,90.48701754385965,0.017543859649122806,0.03508771929824561,1,0,1
CUST01206,Female,21,0,No,No,39,Yes,Fiber optic,One year,Credit card,90.44,3567.0,1,3,46.65,4,No,91.46153846153847,0.02564102564102564,0.07692307692307693,1,0,1
CUST01207,Male,39,0,Yes,Yes,28,Yes,Fiber optic,Month-to-month,Electronic check,92.16,2447.99,3,1,13.58,5,No,87.42821428571428,0.10714285714285714,0.03571428571428571,1,0,0
CUST01208,Female,24,0,Yes,No,64,Yes,No,One year,Credit card,32.65,1990.36,1,1,33.97,5,No,31.099375,0.015625,0.015625,0,0,1
CUST01209,Male,60,1,No,No,62,Yes,Fiber optic,One year,Credit card,110.38,6952.92,4,1,16.47,6,Yes,112.14387096774193,0.06451612903225806,0.016129032258064516,1,0,1
CUST01210,Male,71,1,No,No,62,Yes,DSL,Month-to-month,Mailed check,48.33,3193.04,2,2,9.41,5,No,51.50064516129032,0.03225806451612903,0.03225806451612903,0,0,1
CUST01211,Male,41,0,Yes,No,26,No,DSL,Month-to-month,Electronic check,54.62,1254.69,2,1,61.89,4,No,48.25730769230769,0.07692307692307693,0.038461538461538464,0,0,0
CUST01212,Female,21,0,Yes,Yes,51,Yes,Fiber optic,One year,Credit card,100.16,5133.98,3,1,89.29,3,No,100.66627450980391,0.058823529411764705,0.0196078431372549,1,0,1
CUST01213,Female,45,0,No,No,50,Yes,No,Two year,Electronic check,18.0,904.79,2,3,37.51,4,No,18.0958,0.04,0.06,0,0,1
CUST01214,Female,32,0,No,No,36,Yes,Fiber optic,One year,Electronic check,65.57,2461.66,2,3,64.27,5,No,68.37944444444445,0.05555555555555555,0.08333333333333333,0,0,1
CUST01215,Female,18,0,No,Yes,26,Yes,No,Month-to-month,Credit card,19.87,566.26,2,1,40.0,3,No,21.779230769230768,0.07692307692307693,0.038461538461538464,0,0,0
CUST01216,Male,72,1,No,No,33,Yes,Fiber optic,Month-to-month,Electronic check,86.1,2924.21,4,3,60.55,5,Yes,88.61242424242424,0.12121212121212122,0.09090909090909091,1,0,0
CUST01217,Female,20,0,No,No,68,Yes,Fiber optic,Two year,Bank transfer,77.82,5063.68,6,0,48.23,3,No,74.46588235294118,0.08823529411764706,0.0,0,0,1
CUST01218,Female,31,0,No,No,8,Yes,Fiber optic,Two year,Credit card,90.54,723.61,1,0,56.28,1,Yes,90.45125,0.125,0.0,1,0,0
CUST01219,Male,55,0,No,No,66,Yes,Fiber optic,Month-to-month,Electronic check,80.74,5238.22,0,2,34.67,4,No,79.3669696969697,0.0,0.030303030303030304,1,0,1
CUST01220,Male,67,1,No,Yes,23,Yes,DSL,One year,Credit card,55.86,1196.72,2,2,42.17,1,Yes,52.03130434782609,0.08695652173913043,0.08695652173913043,0,0,0
CUST01221,Male,74,1,No,No,70,Yes,Fiber optic,Two year,Electronic check,59.96,4074.6,2,1,18.8,2,No,58.208571428571425,0.02857142857142857,0.014285714285714285,0,0,1
CUST01222,Female,18,0,Yes,Yes,55,Yes,DSL,Two year,Mailed check,67.19,3718.29,5,1,20.38,1,No,67.60527272727272,0.09090909090909091,0.01818181818181818,0,0,1
CUST01223,Male,55,0,Yes,Yes,43,No,Fiber optic,One year,Electronic check,94.18,4083.08,2,2,13.92,1,No,94.9553488372093,0.046511627906976744,0.046511627906976744,1,0,1
CUST01224,Male,55,0,No,No,21,Yes,DSL,Month-to-month,Electronic check,57.76,1276.05,3,0,37.32,2,No,60.76428571428571,0.14285714285714285,0.0,0,0,0
CUST01225,Male,38,0,Yes,No,22,Yes,DSL,One year,Credit card,61.79,1319.07,5,0,13.86,4,No,59.95772727272727,0.22727272727272727,0.0,0,0,0
CUST01226,Female,65,1,Yes,No,9,Yes,DSL,Month-to-month,Mailed check,61.76,694.25,0,0,43.2,5,No,77.13888888888889,0.0,0.0,0,0,0
CUST01227,Male,46,0,No,Yes,34,Yes,Fiber optic,Two year,Mailed check,100.77,3332.98,4,3,14.09,4,No,98.02882352941177,0.11764705882352941,0.08823529411764706,1,0,0
CUST01228,Female,22,0,No,No,59,Yes,DSL,Month-to-month,Electronic check,62.67,3554.27,4,3,37.0,5,No,60.24186440677966,0.06779661016949153,0.05084745762711865,0,0,1
CUST01229,Female,66,1,Yes,No,26,No,Fiber optic,One year,Electronic check,64.97,1711.1,2,1,35.42,2,No,65.81153846153846,0.07692307692307693,0.038461538461538464,0,0,0
CUST01230,Male,27,0,Yes,No,1,Yes,Fiber optic,One year,Credit card,113.62,45.17,5,1,61.72,3,No,45.17,5.0,1.0,1,1,0
CUST01231,Male,45,0,Yes,No,5,Yes,DSL,One year,Bank transfer,75.47,430.53,0,1,42.64,2,No,86.106,0.0,0.2,0,1,0
CUST01232,Female,38,0,No,No,41,Yes,No,One year,Credit card,25.4,975.63,2,0,40.3,4,No,23.795853658536586,0.04878048780487805,0.0,0,0,1
CUST01233,Male,67,1,Yes,No,63,Yes,No,Month-to-month,Credit card,26.24,1595.23,2,2,30.56,3,No,25.32111111111111,0.031746031746031744,0.031746031746031744,0,0,1
CUST01234,Male,24,0,Yes,Yes,22,Yes,DSL,One year,Electronic check,63.47,1330.32,5,1,33.82,6,No,60.46909090909091,0.22727272727272727,0.045454545454545456,0,0,0
CUST01235,Female,20,0,Yes,No,68,Yes,DSL,Month-to-month,Electronic check,50.75,3377.8,3,2,53.95,2,Yes,49.67352941176471,0.04411764705882353,0.029411764705882353,0,0,1
CUST01236,Female,62,1,No,No,48,Yes,No,Month-to-month,Credit card,33.92,1627.97,5,2,26.32,4,Yes,33.916041666666665,0.10416666666666667,0.041666666666666664,0,0,1
CUST01237,Male,64,1,Yes,No,66,Yes,DSL,Two year,Electronic check,72.13,4784.5,0,2,22.53,3,Yes,72.49242424242425,0.0,0.030303030303030304,0,0,1
CUST01238,Female,37,0,Yes,Yes,16,No,Fiber optic,One year,Electronic check,83.7,1265.82,1,4,24.35,4,Yes,79.11375,0.0625,0.25,1,0,0
CUST01239,Male,36,0,No,No,53,Yes,No,One year,Electronic check,30.38,1493.08,3,2,32.48,2,No,28.17132075471698,0.05660377358490566,0.03773584905660377,0,0,1
CUST01240,Male,52,0,No,No,65,Yes,Fiber optic,Month-to-month,Credit card,100.65,6592.12,5,0,63.59,1,Yes,101.41723076923077,0.07692307692307693,0.0,1,0,1
CUST01241,Male,21,0,No,No,64,Yes,Fiber optic,One year,Electronic check,88.41,5697.03,2,0,16.89,1,No,89.01609375,0.03125,0.0,1,0,1
CUST01242,Female,22,0,No,No,68,No,DSL,One year,Credit card,47.63,3310.3,2,0,49.8,2,No,48.68088235294118,0.029411764705882353,0.0,0,0,1
CUST01243,Male,18,0,No,No,63,Yes,Fiber optic,One year,Mailed check,95.29,5898.93,2,2,38.43,6,No,93.63380952380953,0.031746031746031744,0.031746031746031744,1,0,1
CUST01244,Male,21,0,Yes,No,62,Yes,Fiber optic,Two year,Electronic check,85.85,5240.02,3,2,30.64,5,No,84.51645161290324,0.04838709677419355,0.03225806451612903,1,0,1
CUST01245,Male,29,0,No,No,71,Yes,Fiber optic,Month-to-month,Credit card,68.58,4951.5,4,2,46.44,4,Yes,69.7394366197183,0.056338028169014086,0.028169014084507043,0,0,1
CUST01246,Female,44,0,Yes,Yes,45,Yes,DSL,One year,Bank transfer,72.42,3348.5,1,0,35.39,6,No,74.41111111111111,0.022222222222222223,0.0,0,0,1
CUST01247,Female,73,1,No,No,52,Yes,No,One year,Electronic check,26.9,1357.89,2,1,47.9,2,No,26.113269230769234,0.038461538461538464,0.019230769230769232,0,0,1
CUST01248,Female,59,0,Yes,No,65,Yes,Fiber optic,Month-to-month,Electronic check,81.56,5206.14,1,0,46.14,1,No,80.09446153846154,0.015384615384615385,0.0,1,0,1
CUST01249,Female,40,0,Yes,No,2,Yes,Fiber optic,Month-to-month,Electronic check,116.08,162.01,2,2,36.6,4,No,81.005,1.0,1.0,1,1,0
CUST01250,Female,42,0,No,No,49,Yes,Fiber optic,Two year,Credit card,76.82,3667.63,2,3,45.85,6,No,74.8495918367347,0.04081632653061224,0.061224489795918366,0,0,1
CUST01251,Male,38,0,Yes,Yes,22,Yes,DSL,Month-to-month,Credit card,48.69,1150.97,3,0,64.64,5,Yes,52.316818181818185,0.13636363636363635,0.0,0,0,0
CUST01252,Female,75,1,No,No,29,Yes,DSL,Month-to-month,Electronic check,61.88,1865.81,1,0,46.95,1,Yes,64.33827586206897,0.034482758620689655,0.0,0,0,0
CUST01253,Female,69,1,Yes,No,35,Yes,DSL,Month-to-month,Bank transfer,58.14,2043.03,3,0,52.7,3,Yes,58.37228571428572,0.08571428571428572,0.0,0,0,0
CUST01254,Female,41,0,Yes,No,24,Yes,Fiber optic,Month-to-month,Bank transfer,76.62,1771.1,9,0,22.81,5,No,73.79583333333333,0.375,0.0,0,0,0
CUST01255,Male,42,0,No,Yes,30,Yes,DSL,Two year,Electronic check,76.91,2219.18,3,3,36.46,4,No,73.97266666666665,0.1,0.1,0,0,0
CUST01256,Female,62,1,No,No,42,Yes,DSL,Month-to-month,Bank transfer,46.53,1892.7,3,2,25.62,6,Yes,45.06428571428572,0.07142857142857142,0.047619047619047616,0,0,1
CUST01257,Female,72,1,No,No,71,Yes,Fiber optic,Month-to-month,Electronic check,89.65,6276.29,0,3,27.69,1,No,88.39845070422535,0.0,0.04225352112676056,1,0,1
CUST01258,Male,63,1,Yes,No,50,Yes,Fiber optic,Two year,Bank transfer,86.31,4338.16,2,1,20.73,4,No,86.7632,0.04,0.02,1,0,1
CUST01259,Female,49,0,No,No,71,Yes,Fiber optic,Month-to-month,Electronic check,84.83,6099.17,5,0,6.43,1,No,85.9038028169014,0.07042253521126761,0.0,1,0,1
CUST01260,Male,72,1,No,No,60,Yes,No,One year,Bank transfer,34.24,2133.79,2,1,24.58,1,Yes,35.56316666666667,0.03333333333333333,0.016666666666666666,0,0,1
CUST01261,Male,49,0,No,No,30,Yes,DSL,Two year,Electronic check,84.65,2451.07,4,0,39.2,3,No,81.70233333333334,0.13333333333333333,0.0,1,0,0
CUST01262,Male,22,0,Yes,No,12,Yes,DSL,One year,Credit card,60.0,660.23,1,1,21.72,3,No,55.01916666666667,0.08333333333333333,0.08333333333333333,0,0,0
CUST01263,Male,53,0,No,No,49,Yes,No,One year,Electronic check,32.11,1518.07,2,1,57.02,1,No,30.981020408163264,0.04081632653061224,0.02040816326530612,0,0,1
CUST01264,Male,63,1,No,No,46,No,DSL,Month-to-month,Bank transfer,60.49,2884.45,5,3,42.68,3,No,62.70543478260869,0.10869565217391304,0.06521739130434782,0,0,1
CUST01265,Female,59,0,No,No,43,Yes,No,Month-to-month,Electronic check,25.63,968.67,1,1,5.59,3,Yes,22.52720930232558,0.023255813953488372,0.023255813953488372,0,0,1
CUST01266,Male,66,1,No,No,2,Yes,Fiber optic,Month-to-month,Electronic check,91.77,183.24,3,0,14.41,6,Yes,91.62,1.5,0.0,1,1,0
CUST01267,Male,59,0,No,Yes,54,Yes,DSL,Month-to-month,Electronic check,62.02,3261.59,1,0,11.94,5,No,60.39981481481482,0.018518518518518517,0.0,0,0,1
CUST01268,Female,75,1,Yes,No,35,No,DSL,Month-to-month,Electronic check,49.06,1697.95,2,1,33.48,6,Yes,48.51285714285714,0.05714285714285714,0.02857142857142857,0,0,0
CUST01269,Male,56,0,Yes,No,52,No,DSL,Month-to-month,Bank transfer,75.97,4019.82,2,0,25.9,3,Yes,77.30423076923077,0.038461538461538464,0.0,0,0,1
CUST01270,Female,33,0,No,Yes,33,Yes,Fiber optic,One year,Mailed check,91.74,2995.11,4,0,21.83,5,No,90.7609090909091,0.12121212121212122,0.0,1,0,0
CUST01271,Female,50,0,Yes,Yes,72,Yes,Fiber optic,Month-to-month,Bank transfer,84.3,5994.27,1,2,22.72,2,No,83.25375000000001,0.013888888888888888,0.027777777777777776,1,0,1
CUST01272,Female,66,1,Yes,Yes,51,Yes,Fiber optic,Month-to-month,Mailed check,75.6,3930.36,5,1,37.34,5,No,77.06588235294117,0.09803921568627451,0.0196078431372549,0,0,1
CUST01273,Male,38,0,Yes,No,26,No,Fiber optic,Month-to-month,Electronic check,89.38,2336.87,1,0,45.17,5,Yes,89.87961538461538,0.038461538461538464,0.0,1,0,0
CUST01274,Male,26,0,Yes,No,62,Yes,Fiber optic,Month-to-month,Electronic check,81.35,5091.93,2,1,44.73,6,Yes,82.12790322580646,0.03225806451612903,0.016129032258064516,1,0,1
CUST01275,Male,23,0,No,Yes,61,No,DSL,One year,Credit card,62.19,3820.06,1,0,54.94,1,No,62.62393442622951,0.01639344262295082,0.0,0,0,1
CUST01276,Female,68,1,No,No,26,Yes,No,One year,Mailed check,23.49,489.26,1,2,24.39,2,Yes,18.817692307692308,0.038461538461538464,0.07692307692307693,0,0,0
CUST01277,Male,62,1,No,No,37,Yes,DSL,Two year,Bank transfer,50.03,1981.63,6,1,49.65,2,No,53.557567567567574,0.16216216216216217,0.02702702702702703,0,0,1
CUST01278,Male,52,0,Yes,No,30,Yes,DSL,Two year,Credit card,79.32,2359.71,2,0,33.85,4,No,78.657,0.06666666666666667,0.0,0,0,0
CUST01279,Male,56,0,No,No,11,Yes,No,One year,Electronic check,18.0,282.25,1,1,16.47,2,No,25.65909090909091,0.09090909090909091,0.09090909090909091,0,0,0
CUST01280,Female,39,0,No,No,53,No,Fiber optic,One year,Electronic check,73.29,3849.36,0,1,71.54,4,No,72.62943396226416,0.0,0.018867924528301886,0,0,1
CUST01281,Female,58,0,No,No,41,Yes,Fiber optic,Month-to-month,Credit card,95.17,3958.54,4,1,38.05,4,Yes,96.54975609756097,0.0975609756097561,0.024390243902439025,1,0,1
CUST01282,Male,71,1,No,Yes,5,No,Fiber optic,Month-to-month,Bank transfer,89.65,549.33,1,1,17.81,5,No,109.86600000000001,0.2,0.2,1,1,0
CUST01283,Male,22,0,Yes,Yes,66,Yes,No,Two year,Electronic check,30.29,2087.38,5,1,21.05,5,No,31.6269696969697,0.07575757575757576,0.015151515151515152,0,0,1
CUST01284,Male,59,0,No,No,13,Yes,Fiber optic,Month-to-month,Mailed check,92.55,1213.69,4,1,34.98,1,No,93.36076923076924,0.3076923076923077,0.07692307692307693,1,0,0
CUST01285,Male,40,0,No,No,63,Yes,DSL,Month-to-month,Mailed check,50.96,3176.53,1,3,62.05,1,Yes,50.42111111111112,0.015873015873015872,0.047619047619047616,0,0,1
CUST01286,Female,34,0,No,No,25,Yes,Fiber optic,Month-to-month,Mailed check,95.05,2235.42,4,3,63.29,3,Yes,89.41680000000001,0.16,0.12,1,0,0
CUST01287,Female,29,0,No,Yes,44,Yes,No,Month-to-month,Mailed check,19.86,750.06,0,2,25.07,4,No,17.046818181818182,0.0,0.045454545454545456,0,0,1
CUST01288,Female,40,0,Yes,Yes,14,No,Fiber optic,One year,Electronic check,100.81,1522.98,3,1,42.37,3,No,108.78428571428572,0.21428571428571427,0.07142857142857142,1,0,0
CUST01289,Female,33,0,No,No,69,Yes,DSL,Month-to-month,Mailed check,48.02,3231.0,1,1,17.5,1,Yes,46.82608695652174,0.014492753623188406,0.014492753623188406,0,0,1
CUST01290,Male,20,0,No,No,59,Yes,Fiber optic,Month-to-month,Credit card,73.11,4393.91,4,1,56.01,6,No,74.47305084745763,0.06779661016949153,0.01694915254237288,0,0,1
CUST01291,Male,47,0,Yes,No,56,No,Fiber optic,Month-to-month,Mailed check,73.53,4209.12,1,0,56.8,2,Yes,75.16285714285713,0.017857142857142856,0.0,0,0,1
CUST01292,Male,74,1,No,No,52,Yes,DSL,One year,Electronic check,63.72,3358.97,6,1,21.94,3,No,64.59557692307692,0.11538461538461539,0.019230769230769232,0,0,1
CUST01293,Female,39,0,Yes,No,66,Yes,No,One year,Credit card,24.58,1661.4,3,1,46.11,1,No,25.172727272727276,0.045454545454545456,0.015151515151515152,0,0,1
CUST01294,Male,26,0,Yes,No,68,Yes,DSL,Month-to-month,Electronic check,61.38,4057.29,2,0,22.26,5,No,59.666029411764704,0.029411764705882353,0.0,0,0,1
CUST01295,Female,46,0,Yes,No,12,Yes,No,One year,Electronic check,24.06,153.78,1,0,18.97,4,No,12.815,0.08333333333333333,0.0,0,0,0
CUST01296,Female,64,1,Yes,Yes,68,Yes,DSL,Month-to-month,Mailed check,59.36,3970.61,1,0,51.51,3,No,58.391323529411764,0.014705882352941176,0.0,0,0,1
CUST01297,Male,54,0,No,No,43,Yes,DSL,One year,Bank transfer,54.22,2496.74,0,3,44.45,1,No,58.063720930232556,0.0,0.06976744186046512,0,0,1
CUST01298,Male,40,0,Yes,No,6,No,Fiber optic,One year,Credit card,62.33,511.46,3,1,71.51,3,No,85.24333333333333,0.5,0.16666666666666666,0,1,0
CUST01299,Male,30,0,Yes,No,15,Yes,Fiber optic,Two year,Credit card,64.07,964.77,2,0,31.74,3,No,64.318,0.13333333333333333,0.0,0,0,0
CUST01300,Female,49,0,No,No,42,Yes,Fiber optic,Month-to-month,Bank transfer,72.98,3194.6,1,1,96.8,1,No,76.06190476190476,0.023809523809523808,0.023809523809523808,0,0,1
CUST01301,Male,63,1,No,No,31,Yes,No,Month-to-month,Electronic check,22.42,601.52,6,1,45.93,1,No,19.403870967741934,0.1935483870967742,0.03225806451612903,0,0,0
CUST01302,Female,69,1,No,Yes,53,No,No,Month-to-month,Bank transfer,36.72,1909.22,2,2,33.86,4,Yes,36.02301886792453,0.03773584905660377,0.03773584905660377,0,0,1
CUST01303,Male,64,1,Yes,Yes,6,Yes,DSL,Month-to-month,Credit card,47.77,445.34,2,0,30.98,3,No,74.22333333333333,0.3333333333333333,0.0,0,1,0
CUST01304,Female,65,1,No,Yes,33,Yes,Fiber optic,Month-to-month,Credit card,68.61,2474.35,3,0,58.63,2,Yes,74.98030303030303,0.09090909090909091,0.0,0,0,0
CUST01305,Female,40,0,Yes,Yes,29,Yes,Fiber optic,Month-to-month,Mailed check,57.69,1750.17,1,2,45.79,3,Yes,60.35068965517242,0.034482758620689655,0.06896551724137931,0,0,0
CUST01306,Male,62,1,No,No,21,Yes,No,Month-to-month,Credit card,29.01,450.27,2,1,54.46,5,No,21.44142857142857,0.09523809523809523,0.047619047619047616,0,0,0
CUST01307,Female,34,0,Yes,No,54,Yes,Fiber optic,Two year,Credit card,81.8,4552.15,1,0,90.88,1,No,84.29907407407407,0.018518518518518517,0.0,1,0,1
CUST01308,Female,72,1,No,Yes,56,Yes,DSL,Month-to-month,Mailed check,44.47,2463.54,3,0,23.06,5,No,43.99178571428571,0.05357142857142857,0.0,0,0,1
CUST01309,Male,57,0,Yes,No,21,Yes,Fiber optic,Two year,Mailed check,84.57,1848.23,3,2,14.45,6,No,88.01095238095238,0.14285714285714285,0.09523809523809523,1,0,0
CUST01310,Female,38,0,No,No,55,Yes,Fiber optic,Two year,Mailed check,76.25,4203.66,2,2,39.72,6,No,76.43018181818182,0.03636363636363636,0.03636363636363636,0,0,1
CUST01311,Male,19,0,No,No,58,Yes,DSL,Two year,Credit card,75.54,4481.97,3,1,42.52,5,No,77.27534482758621,0.05172413793103448,0.017241379310344827,0,0,1
CUST01312,Female,54,0,Yes,No,64,Yes,Fiber optic,Two year,Electronic check,74.94,4800.83,4,1,22.17,3,No,75.01296875,0.0625,0.015625,0,0,1
CUST01313,Male,23,0,Yes,No,46,Yes,Fiber optic,One year,Electronic check,110.47,5354.51,4,2,30.97,3,Yes,116.40239130434783,0.08695652173913043,0.043478260869565216,1,0,1
CUST01314,Male,61,1,No,Yes,22,Yes,No,One year,Electronic check,26.38,676.87,3,0,41.88,3,No,30.76681818181818,0.13636363636363635,0.0,0,0,0
CUST01315,Female,35,0,No,No,60,Yes,DSL,Month-to-month,Bank transfer,55.26,3189.8,2,3,40.66,3,Yes,53.163333333333334,0.03333333333333333,0.05,0,0,1
CUST01316,Female,47,0,No,Yes,11,Yes,DSL,Month-to-month,Electronic check,56.92,458.28,1,0,62.3,4,Yes,41.66181818181818,0.09090909090909091,0.0,0,0,0
CUST01317,Female,39,0,Yes,No,47,Yes,DSL,Two year,Credit card,63.52,2818.85,1,1,60.91,5,No,59.975531914893615,0.02127659574468085,0.02127659574468085,0,0,1
CUST01318,Female,71,1,Yes,No,31,Yes,Fiber optic,Month-to-month,Mailed check,80.98,2569.88,1,0,81.8,2,No,82.89935483870968,0.03225806451612903,0.0,1,0,0
CUST01319,Female,50,0,No,No,18,Yes,Fiber optic,Month-to-month,Mailed check,71.12,1376.4,3,1,26.0,4,Yes,76.46666666666667,0.16666666666666666,0.05555555555555555,0,0,0
CUST01320,Male,47,0,No,No,22,Yes,DSL,One year,Electronic check,67.57,1225.33,0,0,26.25,5,No,55.69681818181818,0.0,0.0,0,0,0
CUST01321,Female,34,0,No,No,56,Yes,Fiber optic,One year,Electronic check,99.87,5714.82,3,0,39.01,1,No,102.05035714285714,0.05357142857142857,0.0,1,0,1
CUST01322,Male,60,1,No,Yes,17,Yes,Fiber optic,Two year,Bank transfer,100.41,1742.01,6,1,60.42,3,Yes,102.47117647058823,0.35294117647058826,0.058823529411764705,1,0,0
CUST01323,Male,49,0,No,No,38,Yes,DSL,Month-to-month,Credit card,58.08,2368.77,3,2,53.77,6,Yes,62.336052631578944,0.07894736842105263,0.05263157894736842,0,0,1
CUST01324,Female,59,0,No,No,25,No,Fiber optic,One year,Bank transfer,101.38,2437.7,2,3,50.93,3,No,97.508,0.08,0.12,1,0,0
CUST01325,Male,68,1,Yes,No,32,Yes,DSL,Month-to-month,Mailed check,63.79,2070.35,3,1,51.4,3,Yes,64.6984375,0.09375,0.03125,0,0,0
CUST01326,Male,31,0,Yes,Yes,15,Yes,Fiber optic,Two year,Credit card,80.61,1237.45,5,2,24.68,5,Yes,82.49666666666667,0.3333333333333333,0.13333333333333333,1,0,0
CUST01327,Male,75,1,No,No,13,Yes,Fiber optic,Month-to-month,Credit card,76.58,918.17,2,1,20.36,6,No,70.62846153846154,0.15384615384615385,0.07692307692307693,0,0,0
CUST01328,Male,27,0,Yes,No,58,Yes,Fiber optic,Two year,Credit card,98.81,5604.08,4,0,19.49,1,No,96.62206896551724,0.06896551724137931,0.0,1,0,1
CUST01329,Female,64,1,Yes,No,50,Yes,DSL,Month-to-month,Bank transfer,39.81,2083.64,6,1,46.32,1,Yes,41.672799999999995,0.12,0.02,0,0,1
CUST01330,Male,68,1,Yes,No,11,Yes,Fiber optic,Month-to-month,Credit card,105.83,1187.04,1,0,19.76,4,No,107.91272727272727,0.09090909090909091,0.0,1,0,0
CUST01331,Female,53,0,Yes,No,13,Yes,DSL,Month-to-month,Bank transfer,61.51,839.02,4,1,40.21,4,Yes,64.53999999999999,0.3076923076923077,0.07692307692307693,0,0,0
CUST01332,Female,51,0,No,No,50,Yes,DSL,Month-to-month,Mailed check,52.84,2778.27,3,3,30.05,5,No,55.5654,0.06,0.06,0,0,1
CUST01333,Male,26,0,No,No,38,Yes,Fiber optic,One year,Electronic check,74.28,2818.67,3,0,23.4,4,Yes,74.17552631578947,0.07894736842105263,0.0,0,0,1
CUST01334,Female,59,0,No,No,1,Yes,DSL,Month-to-month,Mailed check,54.68,86.17,2,2,26.47,4,Yes,86.17,2.0,2.0,0,1,0
CUST01335,Female,45,0,Yes,No,39,Yes,No,Month-to-month,Credit card,30.65,1230.59,2,2,32.69,3,No,31.553589743589743,0.05128205128205128,0.05128205128205128,0,0,1
CUST01336,Female,28,0,No,Yes,27,Yes,DSL,Month-to-month,Mailed check,63.74,1758.88,0,2,65.56,4,Yes,65.14370370370371,0.0,0.07407407407407407,0,0,0
CUST01337,Male,31,0,Yes,Yes,36,No,Fiber optic,Two year,Electronic check,78.12,2671.44,4,1,24.23,4,No,74.20666666666666,0.1111111111111111,0.027777777777777776,0,0,1
CUST01338,Female,56,0,No,No,32,Yes,DSL,Month-to-month,Electronic check,53.51,1710.33,2,1,63.31,4,Yes,53.4478125,0.0625,0.03125,0,0,0
CUST01339,Female,72,1,No,Yes,41,Yes,DSL,Month-to-month,Electronic check,63.77,2730.41,6,2,33.52,5,Yes,66.59536585365854,0.14634146341463414,0.04878048780487805,0,0,1
CUST01340,Female,64,1,Yes,No,15,Yes,Fiber optic,One year,Electronic check,126.15,1879.45,4,3,46.65,4,No,125.29666666666667,0.26666666666666666,0.2,1,0,0
CUST01341,Male,71,1,No,Yes,31,Yes,Fiber optic,Two year,Electronic check,126.0,3858.73,3,2,34.25,2,No,124.47516129032257,0.0967741935483871,0.06451612903225806,1,0,0
CUST01342,Female,36,0,No,No,6,Yes,Fiber optic,Two year,Mailed check,100.77,701.47,2,1,79.02,2,Yes,116.91166666666668,0.3333333333333333,0.16666666666666666,1,1,0
CUST01343,Male,71,1,Yes,Yes,52,Yes,Fiber optic,Two year,Credit card,73.38,3817.13,1,0,42.34,4,Yes,73.40634615384616,0.019230769230769232,0.0,0,0,1
CUST01344,Male,32,0,No,No,22,Yes,Fiber optic,Month-to-month,Mailed check,96.31,2055.86,2,0,23.79,2,Yes,93.44818181818182,0.09090909090909091,0.0,1,0,0
CUST01345,Male,45,0,Yes,No,31,Yes,DSL,Two year,Credit card,51.07,1497.03,2,2,53.57,3,No,48.29129032258064,0.06451612903225806,0.06451612903225806,0,0,0
CUST01346,Male,41,0,Yes,No,46,Yes,Fiber optic,One year,Electronic check,81.57,3746.83,5,5,16.56,5,No,81.45282608695652,0.10869565217391304,0.10869565217391304,1,0,1
CUST01347,Male,25,0,No,No,67,Yes,No,Two year,Credit card,35.93,2341.15,4,1,47.33,4,No,34.94253731343284,0.05970149253731343,0.014925373134328358,0,0,1
CUST01348,Male,60,1,No,Yes,43,Yes,DSL,Month-to-month,Mailed check,57.07,2544.16,0,1,26.08,2,No,59.16651162790697,0.0,0.023255813953488372,0,0,1
CUST01349,Female,26,0,No,Yes,1,Yes,No,Two year,Credit card,22.74,0.0,1,1,24.45,6,No,0.0,1.0,1.0,0,1,0
CUST01350,Male,64,1,Yes,No,44,Yes,DSL,Month-to-month,Electronic check,53.93,2400.75,0,2,35.51,6,Yes,54.5625,0.0,0.045454545454545456,0,0,1
CUST01351,Female,50,0,Yes,No,57,Yes,Fiber optic,One year,Mailed check,72.74,4188.17,2,3,37.06,3,No,73.47666666666667,0.03508771929824561,0.05263157894736842,0,0,1
CUST01352,Female,50,0,No,No,9,Yes,DSL,Month-to-month,Electronic check,56.86,575.03,2,1,18.83,3,Yes,63.892222222222216,0.2222222222222222,0.1111111111111111,0,0,0
CUST01353,Male,36,0,Yes,No,5,Yes,DSL,Month-to-month,Bank transfer,68.89,501.42,4,1,31.19,4,No,100.284,0.8,0.2,0,1,0
CUST01354,Female,20,0,No,No,9,Yes,Fiber optic,Month-to-month,Credit card,95.15,721.09,2,2,52.01,6,Yes,80.12111111111112,0.2222222222222222,0.2222222222222222,1,0,0
CUST01355,Female,27,0,No,Yes,45,Yes,Fiber optic,Month-to-month,Electronic check,89.41,4084.24,4,2,35.3,3,Yes,90.76088888888889,0.08888888888888889,0.044444444444444446,1,0,1
CUST01356,Female,57,0,No,No,24,Yes,Fiber optic,One year,Electronic check,102.65,2525.9,2,5,97.98,3,No,105.24583333333334,0.08333333333333333,0.20833333333333334,1,0,0
CUST01357,Female,64,1,No,No,42,Yes,Fiber optic,One year,Mailed check,59.13,2374.82,1,0,24.42,4,Yes,56.54333333333334,0.023809523809523808,0.0,0,0,1
CUST01358,Male,59,0,Yes,No,22,Yes,Fiber optic,One year,Mailed check,85.79,1913.44,0,0,50.02,2,No,86.97454545454546,0.0,0.0,1,0,0
CUST01359,Female,18,0,Yes,No,60,Yes,Fiber optic,Month-to-month,Credit card,74.37,4420.24,3,1,69.35,1,No,73.67066666666666,0.05,0.016666666666666666,0,0,1
CUST01360,Male,46,0,Yes,Yes,37,No,Fiber optic,Two year,Electronic check,114.77,4386.69,1,2,28.5,5,Yes,118.55918918918918,0.02702702702702703,0.05405405405405406,1,0,1
CUST01361,Female,67,1,No,No,39,No,DSL,One year,Electronic check,56.93,2163.42,1,0,20.02,4,No,55.472307692307695,0.02564102564102564,0.0,0,0,1
CUST01362,Female,51,0,No,Yes,53,Yes,Fiber optic,Month-to-month,Electronic check,96.12,5072.84,3,3,15.69,6,Yes,95.71396226415095,0.05660377358490566,0.05660377358490566,1,0,1
CUST01363,Male,68,1,No,No,28,Yes,DSL,One year,Credit card,71.97,1977.12,1,0,41.37,2,No,70.61142857142856,0.03571428571428571,0.0,0,0,0
CUST01364,Female,30,0,No,No,15,Yes,DSL,Month-to-month,Electronic check,55.52,748.98,1,3,59.71,3,Yes,49.932,0.06666666666666667,0.2,0,0,0
CUST01365,Female,71,1,No,No,60,Yes,DSL,Month-to-month,Electronic check,71.16,4114.66,3,2,37.52,1,Yes,68.57766666666666,0.05,0.03333333333333333,0,0,1
CUST01366,Female,18,0,Yes,No,60,No,Fiber optic,Month-to-month,Credit card,100.63,5954.52,1,1,71.31,3,Yes,99.242,0.016666666666666666,0.016666666666666666,1,0,1
CUST01367,Male,51,0,Yes,Yes,6,Yes,DSL,One year,Bank transfer,69.48,431.27,2,1,63.48,1,No,71.87833333333333,0.3333333333333333,0.16666666666666666,0,1,0
CUST01368,Female,46,0,Yes,No,52,Yes,Fiber optic,Month-to-month,Mailed check,77.17,4041.08,1,1,18.63,1,No,77.71307692307693,0.019230769230769232,0.019230769230769232,0,0,1
CUST01369,Male,65,1,No,No,12,Yes,Fiber optic,Month-to-month,Credit card,63.54,843.72,1,2,28.51,2,Yes,70.31,0.08333333333333333,0.16666666666666666,0,0,0
CUST01370,Female,64,1,Yes,No,19,Yes,DSL,Two year,Bank transfer,85.66,1732.52,3,1,61.49,4,No,91.18526315789474,0.15789473684210525,0.05263157894736842,1,0,0
CUST01371,Male,30,0,No,Yes,2,Yes,Fiber optic,Month-to-month,Credit card,80.64,201.34,5,1,115.29,2,No,100.67,2.5,0.5,1,1,0
CUST01372,Male,65,1,No,Yes,55,Yes,Fiber optic,Month-to-month,Credit card,100.07,5583.51,2,1,23.28,4,Yes,101.51836363636365,0.03636363636363636,0.01818181818181818,1,0,1
CUST01373,Female,66,1,No,Yes,15,Yes,Fiber optic,Two year,Bank transfer,78.03,1222.86,2,0,39.29,2,No,81.52399999999999,0.13333333333333333,0.0,0,0,0
CUST01374,Female,70,1,No,No,64,No,Fiber optic,Month-to-month,Bank transfer,116.47,7343.95,6,1,36.76,1,Yes,114.74921875,0.09375,0.015625,1,0,1
CUST01375,Male,46,0,Yes,Yes,69,Yes,Fiber optic,One year,Credit card,77.53,5387.71,3,0,25.57,2,No,78.08275362318841,0.043478260869565216,0.0,0,0,1
CUST01376,Male,56,0,Yes,No,15,Yes,No,Month-to-month,Credit card,25.8,388.19,2,0,25.93,5,No,25.87933333333333,0.13333333333333333,0.0,0,0,0
CUST01377,Female,41,0,No,No,43,Yes,Fiber optic,One year,Mailed check,119.83,5096.21,5,0,28.52,6,Yes,118.51651162790698,0.11627906976744186,0.0,1,0,1
CUST01378,Male,43,0,Yes,No,17,Yes,DSL,Month-to-month,Credit card,40.82,695.16,2,3,28.78,4,Yes,40.89176470588235,0.11764705882352941,0.17647058823529413,0,0,0
CUST01379,Female,34,0,Yes,No,24,Yes,DSL,Two year,Credit card,74.47,1823.01,1,0,6.57,4,No,75.95875,0.041666666666666664,0.0,0,0,0
CUST01380,Female,24,0,No,Yes,30,Yes,DSL,Month-to-month,Bank transfer,59.7,1770.82,3,1,38.39,2,No,59.02733333333333,0.1,0.03333333333333333,0,0,0
CUST01381,Female,30,0,Yes,No,67,Yes,No,One year,Electronic check,30.66,2153.4,4,1,38.48,1,No,32.14029850746269,0.05970149253731343,0.014925373134328358,0,0,1
CUST01382,Female,22,0,No,No,51,Yes,No,Two year,Credit card,22.22,1167.34,1,0,36.56,1,No,22.889019607843135,0.0196078431372549,0.0,0,0,1
CUST01383,Male,43,0,No,No,60,Yes,DSL,Two year,Mailed check,79.63,4865.22,1,1,26.61,3,No,81.087,0.016666666666666666,0.016666666666666666,0,0,1
CUST01384,Female,66,1,Yes,No,3,Yes,No,Month-to-month,Credit card,18.5,181.15,4,1,18.53,2,Yes,60.38333333333333,1.3333333333333333,0.3333333333333333,0,1,0
CUST01385,Male,20,0,No,Yes,5,Yes,Fiber optic,Two year,Electronic check,85.56,388.22,1,2,41.99,3,No,77.644,0.2,0.4,1,1,0
CUST01386,Female,24,0,Yes,No,28,Yes,DSL,Month-to-month,Credit card,71.23,1949.97,3,1,112.24,1,Yes,69.64178571428572,0.10714285714285714,0.03571428571428571,0,0,0
CUST01387,Male,75,1,No,No,11,Yes,No,One year,Electronic check,18.44,318.52,2,1,101.7,3,No,28.956363636363633,0.18181818181818182,0.09090909090909091,0,0,0
CUST01388,Female,66,1,Yes,No,72,Yes,DSL,Month-to-month,Credit card,61.53,4353.2,3,1,13.28,4,No,60.46111111111111,0.041666666666666664,0.013888888888888888,0,0,1
CUST01389,Male,56,0,No,Yes,72,Yes,No,Month-to-month,Electronic check,18.0,1286.17,1,0,68.6,4,Yes,17.863472222222224,0.013888888888888888,0.0,0,0,1
CUST01390,Male,70,1,Yes,Yes,15,Yes,Fiber optic,Month-to-month,Credit card,78.97,1135.81,5,1,41.09,5,No,75.72066666666666,0.3333333333333333,0.06666666666666667,0,0,0
CUST01391,Female,18,0,Yes,No,48,Yes,Fiber optic,One year,Credit card,124.37,5870.69,3,3,30.17,4,No,122.30604166666666,0.0625,0.0625,1,0,1
CUST01392,Female,66,1,Yes,No,46,Yes,No,Month-to-month,Credit card,35.73,1693.37,4,0,75.89,5,Yes,36.81239130434783,0.08695652173913043,0.0,0,0,1
CUST01393,Female,34,0,Yes,No,28,Yes,Fiber optic,Month-to-month,Credit card,94.99,2632.97,2,1,27.44,1,Yes,94.03464285714286,0.07142857142857142,0.03571428571428571,1,0,0
CUST01394,Female,60,1,Yes,No,7,Yes,DSL,Month-to-month,Electronic check,64.43,358.26,6,5,42.55,5,No,51.18,0.8571428571428571,0.7142857142857143,0,0,0
CUST01395,Male,42,0,No,No,71,Yes,Fiber optic,Two year,Electronic check,61.51,4459.73,3,1,67.86,2,No,62.81309859154929,0.04225352112676056,0.014084507042253521,0,0,1
CUST01396,Female,20,0,No,Yes,6,Yes,DSL,One year,Credit card,57.76,214.11,2,1,43.74,2,Yes,35.685,0.3333333333333333,0.16666666666666666,0,1,0
CUST01397,Male,32,0,Yes,Yes,58,Yes,No,Month-to-month,Electronic check,32.38,1863.26,3,3,64.35,4,No,32.1251724137931,0.05172413793103448,0.05172413793103448,0,0,1
CUST01398,Male,46,0,Yes,No,68,No,Fiber optic,Two year,Bank transfer,78.37,5418.19,3,1,46.37,5,No,79.67926470588235,0.04411764705882353,0.014705882352941176,0,0,1
CUST01399,Female,70,1,No,No,55,Yes,Fiber optic,One year,Bank transfer,90.41,5064.05,0,0,30.72,2,No,92.07363636363637,0.0,0.0,1,0,1
CUST01400,Male,60,1,No,No,67,Yes,Fiber optic,Month-to-month,Electronic check,69.95,4729.4,2,2,67.47,5,Yes,70.58805970149253,0.029850746268656716,0.029850746268656716,0,0,1
CUST01401,Male,49,0,Yes,No,49,No,No,Month-to-month,Electronic check,18.0,793.99,1,1,21.5,1,Yes,16.20387755102041,0.02040816326530612,0.02040816326530612,0,0,1
CUST01402,Male,43,0,No,No,51,Yes,DSL,Month-to-month,Electronic check,87.37,4471.92,0,0,18.78,3,No,87.68470588235294,0.0,0.0,1,0,1
CUST01403,Male,33,0,Yes,No,59,Yes,Fiber optic,One year,Credit card,116.94,6935.02,0,2,28.45,2,Yes,117.54271186440678,0.0,0.03389830508474576,1,0,1
CUST01404,Female,42,0,No,Yes,6,No,Fiber optic,Two year,Electronic check,83.72,458.14,2,1,33.67,5,No,76.35666666666667,0.3333333333333333,0.16666666666666666,1,1,0
CUST01405,Female,71,1,Yes,Yes,51,Yes,DSL,Month-to-month,Electronic check,50.66,2621.32,6,3,49.09,2,Yes,51.39843137254902,0.11764705882352941,0.058823529411764705,0,0,1
CUST01406,Female,45,0,Yes,No,38,Yes,DSL,Month-to-month,Credit card,48.69,1702.45,2,0,30.88,2,Yes,44.80131578947368,0.05263157894736842,0.0,0,0,1
CUST01407,Female,26,0,No,No,11,Yes,Fiber optic,Month-to-month,Mailed check,91.02,825.88,2,1,27.2,1,Yes,75.08,0.18181818181818182,0.09090909090909091,1,0,0
CUST01408,Male,73,1,Yes,No,52,Yes,Fiber optic,Month-to-month,Bank transfer,114.02,5864.82,0,0,83.9,2,No,112.785,0.0,0.0,1,0,1
CUST01409,Male,73,1,No,Yes,20,Yes,DSL,One year,Mailed check,51.61,1101.51,6,1,34.43,3,No,55.0755,0.3,0.05,0,0,0
CUST01410,Female,18,0,Yes,Yes,10,Yes,DSL,One year,Electronic check,62.39,709.92,4,1,25.62,2,No,70.99199999999999,0.4,0.1,0,0,0
CUST01411,Female,46,0,No,No,26,Yes,No,Month-to-month,Electronic check,26.19,553.02,3,1,61.5,1,No,21.27,0.11538461538461539,0.038461538461538464,0,0,0
CUST01412,Female,74,1,No,No,48,No,DSL,Two year,Electronic check,79.99,3986.31,4,0,24.47,4,No,83.048125,0.08333333333333333,0.0,0,0,1
CUST01413,Male,39,0,Yes,No,14,Yes,DSL,Month-to-month,Mailed check,63.37,896.18,2,2,36.43,6,Yes,64.01285714285714,0.14285714285714285,0.14285714285714285,0,0,0
CUST01414,Female,33,0,No,No,59,Yes,DSL,Two year,Electronic check,43.25,2396.9,2,3,58.09,1,No,40.62542372881356,0.03389830508474576,0.05084745762711865,0,0,1
CUST01415,Female,58,0,No,No,12,Yes,No,Month-to-month,Credit card,31.02,402.6,4,1,42.6,1,Yes,33.550000000000004,0.3333333333333333,0.08333333333333333,0,0,0
CUST01416,Female,68,1,No,Yes,23,Yes,Fiber optic,One year,Credit card,87.56,2141.1,2,1,63.26,5,No,93.09130434782608,0.08695652173913043,0.043478260869565216,1,0,0
CUST01417,Male,61,1,No,Yes,72,Yes,Fiber optic,Month-to-month,Bank transfer,71.99,5134.8,2,0,40.66,5,No,71.31666666666666,0.027777777777777776,0.0,0,0,1
CUST01418,Male,68,1,No,No,39,Yes,Fiber optic,Month-to-month,Electronic check,100.9,4032.81,6,1,18.68,4,Yes,103.40538461538462,0.15384615384615385,0.02564102564102564,1,0,1
CUST01419,Male,71,1,Yes,No,9,Yes,No,Two year,Credit card,22.5,346.74,0,0,37.54,3,No,38.52666666666667,0.0,0.0,0,0,0
CUST01420,Male,58,0,Yes,Yes,25,Yes,DSL,Month-to-month,Mailed check,64.0,1604.05,1,2,28.86,2,Yes,64.16199999999999,0.04,0.08,0,0,0
CUST01421,Male,24,0,No,No,17,Yes,Fiber optic,Two year,Credit card,87.17,1407.37,3,1,44.88,1,No,82.78647058823529,0.17647058823529413,0.058823529411764705,1,0,0
CUST01422,Male,31,0,No,Yes,42,Yes,DSL,One year,Credit card,56.42,2486.67,5,2,24.47,4,No,59.206428571428575,0.11904761904761904,0.047619047619047616,0,0,1
CUST01423,Male,46,0,Yes,No,29,Yes,Fiber optic,Two year,Credit card,72.83,2228.75,3,0,14.15,3,No,76.85344827586206,0.10344827586206896,0.0,0,0,0
CUST01424,Male,36,0,No,Yes,60,Yes,Fiber optic,Two year,Bank transfer,93.39,5477.56,1,1,42.16,6,No,91.29266666666668,0.016666666666666666,0.016666666666666666,1,0,1
CUST01425,Female,36,0,No,No,67,Yes,Fiber optic,Month-to-month,Electronic check,66.7,4458.73,4,0,77.88,2,No,66.54820895522387,0.05970149253731343,0.0,0,0,1
CUST01426,Female,19,0,Yes,Yes,57,Yes,DSL,One year,Electronic check,71.14,4127.06,4,2,70.89,5,No,72.40456140350878,0.07017543859649122,0.03508771929824561,0,0,1
CUST01427,Male,58,0,Yes,No,72,Yes,DSL,Two year,Bank transfer,49.75,3659.62,5,2,48.54,6,No,50.82805555555555,0.06944444444444445,0.027777777777777776,0,0,1
CUST01428,Male,62,1,No,Yes,14,No,DSL,Month-to-month,Credit card,46.02,615.36,6,2,42.01,4,Yes,43.95428571428572,0.42857142857142855,0.14285714285714285,0,0,0
CUST01429,Female,32,0,Yes,No,39,Yes,No,Two year,Mailed check,36.22,1316.72,0,2,29.59,1,No,33.76205128205128,0.0,0.05128205128205128,0,0,1
CUST01430,Male,20,0,No,No,16,Yes,Fiber optic,One year,Credit card,86.41,1539.63,1,4,58.22,4,No,96.226875,0.0625,0.25,1,0,0
CUST01431,Male,28,0,No,Yes,18,Yes,DSL,One year,Credit card,37.15,677.64,4,2,13.27,2,No,37.64666666666667,0.2222222222222222,0.1111111111111111,0,0,0
CUST01432,Male,70,1,Yes,Yes,20,Yes,Fiber optic,Month-to-month,Electronic check,84.81,1678.34,4,1,62.06,1,Yes,83.917,0.2,0.05,1,0,0
CUST01433,Female,63,1,Yes,No,46,Yes,Fiber optic,One year,Bank transfer,94.17,4273.0,1,4,60.27,1,Yes,92.8913043478261,0.021739130434782608,0.08695652173913043,1,0,1
CUST01434,Female,47,0,Yes,No,45,Yes,Fiber optic,Month-to-month,Bank transfer,94.58,4235.95,3,1,45.21,6,Yes,94.13222222222223,0.06666666666666667,0.022222222222222223,1,0,1
CUST01435,Female,74,1,No,Yes,4,Yes,Fiber optic,Two year,Credit card,73.39,136.1,2,6,35.52,3,Yes,34.025,0.5,1.5,0,1,0
CUST01436,Female,57,0,No,Yes,20,Yes,Fiber optic,Month-to-month,Electronic check,75.52,1610.3,2,0,12.88,1,Yes,80.515,0.1,0.0,0,0,0
CUST01437,Female,35,0,Yes,Yes,11,Yes,Fiber optic,Month-to-month,Mailed check,87.45,934.86,1,4,39.35,6,Yes,84.98727272727272,0.09090909090909091,0.36363636363636365,1,0,0
CUST01438,Male,68,1,No,Yes,65,Yes,DSL,Two year,Electronic check,72.46,4499.83,3,3,20.9,6,No,69.22815384615384,0.046153846153846156,0.046153846153846156,0,0,1
CUST01439,Female,65,1,Yes,No,18,Yes,Fiber optic,One year,Electronic check,65.27,1076.38,3,1,30.77,6,Yes,59.7988888888889,0.16666666666666666,0.05555555555555555,0,0,0
CUST01440,Male,19,0,Yes,No,39,Yes,DSL,Two year,Mailed check,44.9,1846.86,2,2,70.86,2,No,47.355384615384615,0.05128205128205128,0.05128205128205128,0,0,1
CUST01441,Male,49,0,Yes,No,44,Yes,Fiber optic,Month-to-month,Bank transfer,105.56,4630.41,4,0,40.82,2,Yes,105.2365909090909,0.09090909090909091,0.0,1,0,1
CUST01442,Female,25,0,Yes,No,18,Yes,Fiber optic,One year,Credit card,103.26,1779.8,2,0,27.65,2,No,98.87777777777778,0.1111111111111111,0.0,1,0,0
CUST01443,Female,39,0,Yes,No,47,Yes,Fiber optic,One year,Mailed check,70.86,3343.66,3,2,44.7,1,No,71.14170212765957,0.06382978723404255,0.0425531914893617,0,0,1
CUST01444,Male,23,0,Yes,No,31,Yes,Fiber optic,One year,Electronic check,79.19,2425.02,1,0,36.06,5,No,78.22645161290322,0.03225806451612903,0.0,0,0,0
CUST01445,Male,29,0,No,No,39,Yes,Fiber optic,Month-to-month,Electronic check,116.62,4559.23,4,1,36.54,4,No,116.90333333333332,0.10256410256410256,0.02564102564102564,1,0,1
CUST01446,Male,64,1,No,No,38,Yes,DSL,Month-to-month,Bank transfer,70.56,2713.24,2,0,74.79,6,Yes,71.40105263157893,0.05263157894736842,0.0,0,0,1
CUST01447,Female,74,1,Yes,No,47,Yes,DSL,Two year,Electronic check,59.41,2710.63,4,0,42.65,2,No,57.672978723404256,0.0851063829787234,0.0,0,0,1
CUST01448,Female,57,0,Yes,Yes,70,No,Fiber optic,Month-to-month,Mailed check,102.14,7092.19,4,1,23.73,3,No,101.317,0.05714285714285714,0.014285714285714285,1,0,1
CUST01449,Female,53,0,Yes,Yes,8,Yes,Fiber optic,Two year,Bank transfer,77.76,548.64,1,0,30.26,3,No,68.58,0.125,0.0,0,0,0
CUST01450,Female,32,0,Yes,Yes,65,Yes,DSL,Month-to-month,Electronic check,61.89,3952.36,1,2,53.98,6,No,60.80553846153846,0.015384615384615385,0.03076923076923077,0,0,1
CUST01451,Female,45,0,No,Yes,13,Yes,Fiber optic,Two year,Mailed check,80.35,981.75,2,0,46.97,6,No,75.51923076923077,0.15384615384615385,0.0,1,0,0
CUST01452,Male,69,1,Yes,No,55,Yes,Fiber optic,One year,Electronic check,95.61,5229.51,3,1,80.28,1,No,95.08200000000001,0.05454545454545454,0.01818181818181818,1,0,1
CUST01453,Female,74,1,Yes,No,43,Yes,DSL,One year,Credit card,68.43,2881.71,6,1,17.63,1,Yes,67.01651162790698,0.13953488372093023,0.023255813953488372,0,0,1
CUST01454,Male,66,1,Yes,No,4,No,DSL,Month-to-month,Mailed check,62.68,266.71,3,3,53.11,3,Yes,66.6775,0.75,0.75,0,1,0
CUST01455,Male,62,1,Yes,Yes,71,Yes,DSL,Two year,Mailed check,66.05,4658.19,2,2,69.35,1,No,65.60830985915493,0.028169014084507043,0.028169014084507043,0,0,1
CUST01456,Male,35,0,Yes,No,60,Yes,DSL,Month-to-month,Credit card,73.64,4347.74,3,0,25.4,3,No,72.46233333333333,0.05,0.0,0,0,1
CUST01457,Female,19,0,No,Yes,12,Yes,Fiber optic,One year,Electronic check,91.99,911.33,3,2,37.59,4,Yes,75.94416666666667,0.25,0.16666666666666666,1,0,0
CUST01458,Female,30,0,Yes,No,59,Yes,Fiber optic,Month-to-month,Electronic check,88.38,5124.11,1,2,7.48,5,No,86.8493220338983,0.01694915254237288,0.03389830508474576,1,0,1
CUST01459,Female,62,1,Yes,No,54,Yes,Fiber optic,One year,Credit card,91.4,4899.15,2,1,29.85,2,No,90.725,0.037037037037037035,0.018518518518518517,1,0,1
CUST01460,Male,71,1,No,Yes,44,Yes,DSL,Two year,Credit card,74.55,3375.96,3,1,29.18,4,No,76.72636363636364,0.06818181818181818,0.022727272727272728,0,0,1
CUST01461,Male,32,0,No,No,16,Yes,No,Month-to-month,Electronic check,18.0,281.0,0,0,51.78,1,Yes,17.5625,0.0,0.0,0,0,0
CUST01462,Male,37,0,No,No,6,Yes,Fiber optic,One year,Credit card,91.24,396.11,1,3,35.81,4,Yes,66.01833333333333,0.16666666666666666,0.5,1,1,0
CUST01463,Male,46,0,No,Yes,14,Yes,Fiber optic,Month-to-month,Bank transfer,56.7,803.6,2,3,23.11,5,No,57.4,0.14285714285714285,0.21428571428571427,0,0,0
CUST01464,Male,59,0,Yes,Yes,58,Yes,Fiber optic,Two year,Credit card,80.76,4638.83,1,4,30.18,3,No,79.9798275862069,0.017241379310344827,0.06896551724137931,1,0,1
CUST01465,Male,46,0,No,No,31,Yes,Fiber optic,Two year,Electronic check,113.28,3568.78,2,1,33.18,3,No,115.12193548387097,0.06451612903225806,0.03225806451612903,1,0,0
CUST01466,Female,20,0,No,Yes,41,No,Fiber optic,Month-to-month,Mailed check,73.14,2852.5,2,0,23.94,3,No,69.57317073170732,0.04878048780487805,0.0,0,0,1
CUST01467,Female,36,0,Yes,No,35,Yes,DSL,Month-to-month,Electronic check,40.42,1535.82,4,2,79.37,6,Yes,43.88057142857143,0.11428571428571428,0.05714285714285714,0,0,0
CUST01468,Female,20,0,No,No,10,Yes,No,One year,Bank transfer,18.0,224.7,3,2,23.94,1,No,22.47,0.3,0.2,0,0,0
CUST01469,Female,71,1,No,Yes,30,No,Fiber optic,Month-to-month,Electronic check,95.69,2849.82,5,0,58.02,5,Yes,94.994,0.16666666666666666,0.0,1,0,0
CUST01470,Male,31,0,Yes,Yes,44,Yes,Fiber optic,Month-to-month,Credit card,83.03,3498.94,3,1,27.93,5,Yes,79.52136363636363,0.06818181818181818,0.022727272727272728,1,0,1
CUST01471,Male,57,0,Yes,No,55,Yes,Fiber optic,Month-to-month,Credit card,69.9,3698.41,3,1,33.21,6,No,67.24381818181818,0.05454545454545454,0.01818181818181818,0,0,1
CUST01472,Female,72,1,Yes,No,71,Yes,Fiber optic,Month-to-month,Credit card,103.12,7390.06,4,3,36.09,1,Yes,104.08535211267606,0.056338028169014086,0.04225352112676056,1,0,1
CUST01473,Male,21,0,Yes,No,18,Yes,Fiber optic,Month-to-month,Credit card,91.41,1725.7,4,1,6.85,2,Yes,95.87222222222222,0.2222222222222222,0.05555555555555555,1,0,0
CUST01474,Female,69,1,Yes,No,39,Yes,DSL,Month-to-month,Electronic check,46.12,1902.84,0,0,23.24,3,Yes,48.79076923076923,0.0,0.0,0,0,1
CUST01475,Female,28,0,No,No,42,Yes,Fiber optic,Month-to-month,Credit card,81.68,3597.29,1,1,41.3,4,Yes,85.6497619047619,0.023809523809523808,0.023809523809523808,1,0,1
CUST01476,Female,75,1,No,Yes,54,No,No,One year,Credit card,42.06,2346.16,2,2,32.94,4,No,43.447407407407404,0.037037037037037035,0.037037037037037035,0,0,1
CUST01477,Male,48,0,Yes,No,30,Yes,DSL,One year,Electronic check,56.28,1729.15,3,1,32.9,4,Yes,57.638333333333335,0.1,0.03333333333333333,0,0,0
CUST01478,Female,60,1,No,No,20,Yes,DSL,Month-to-month,Mailed check,39.67,1032.25,2,1,16.06,6,Yes,51.6125,0.1,0.05,0,0,0
CUST01479,Female,49,0,Yes,No,42,Yes,Fiber optic,One year,Mailed check,92.05,3811.55,6,0,49.24,6,Yes,90.75119047619049,0.14285714285714285,0.0,1,0,1
CUST01480,Female,44,0,Yes,No,5,Yes,DSL,Two year,Mailed check,64.59,312.88,2,0,25.48,2,No,62.576,0.4,0.0,0,1,0
CUST01481,Male,47,0,No,No,50,Yes,DSL,Month-to-month,Bank transfer,75.99,3645.37,1,0,32.12,6,No,72.9074,0.02,0.0,0,0,1
CUST01482,Male,60,1,No,No,41,Yes,Fiber optic,Two year,Electronic check,79.12,3306.37,0,4,60.42,1,Yes,80.64317073170731,0.0,0.0975609756097561,0,0,1
CUST01483,Female,19,0,No,No,39,Yes,Fiber optic,One year,Credit card,91.63,3553.22,3,2,37.88,1,No,91.10820512820513,0.07692307692307693,0.05128205128205128,1,0,1
CUST01484,Male,66,1,No,No,57,Yes,No,Month-to-month,Bank transfer,26.97,1475.27,6,0,77.61,3,No,25.881929824561404,0.10526315789473684,0.0,0,0,1
CUST01485,Male,26,0,No,Yes,57,Yes,Fiber optic,Month-to-month,Electronic check,84.9,4779.36,6,1,40.38,2,Yes,83.84842105263158,0.10526315789473684,0.017543859649122806,1,0,1
CUST01486,Male,45,0,No,Yes,37,Yes,Fiber optic,Month-to-month,Credit card,89.85,3244.95,3,0,20.71,4,Yes,87.70135135135135,0.08108108108108109,0.0,1,0,1
CUST01487,Male,48,0,Yes,No,7,Yes,Fiber optic,One year,Credit card,94.03,641.32,3,1,38.89,1,Yes,91.61714285714287,0.42857142857142855,0.14285714285714285,1,0,0
CUST01488,Male,51,0,No,Yes,5,No,Fiber optic,Month-to-month,Electronic check,93.25,322.07,3,0,38.98,2,Yes,64.414,0.6,0.0,1,1,0
CUST01489,Male,73,1,No,No,51,Yes,Fiber optic,Two year,Credit card,98.77,4902.09,3,0,40.29,6,No,96.11941176470589,0.058823529411764705,0.0,1,0,1
CUST01490,Male,32,0,No,No,8,Yes,Fiber optic,One year,Mailed check,50.81,295.76,0,0,22.08,5,Yes,36.97,0.0,0.0,0,0,0
CUST01491,Male,65,1,Yes,Yes,56,Yes,DSL,Month-to-month,Bank transfer,42.05,2292.79,1,0,14.99,2,No,40.94267857142857,0.017857142857142856,0.0,0,0,1
CUST01492,Male,42,0,No,No,11,No,Fiber optic,Month-to-month,Electronic check,88.2,923.8,3,4,44.01,3,Yes,83.98181818181818,0.2727272727272727,0.36363636363636365,1,0,0
CUST01493,Male,53,0,No,No,22,Yes,DSL,Month-to-month,Credit card,61.39,1145.69,1,4,28.76,4,Yes,52.07681818181818,0.045454545454545456,0.18181818181818182,0,0,0
CUST01494,Female,25,0,Yes,No,11,Yes,DSL,Month-to-month,Electronic check,47.8,474.28,0,0,37.43,1,No,43.11636363636364,0.0,0.0,0,0,0
CUST01495,Female,26,0,No,No,60,Yes,Fiber optic,Month-to-month,Credit card,79.98,4714.67,2,0,43.58,6,Yes,78.57783333333333,0.03333333333333333,0.0,0,0,1
CUST01496,Male,75,1,Yes,No,15,Yes,DSL,One year,Mailed check,50.08,829.48,3,1,59.9,1,No,55.29866666666667,0.2,0.06666666666666667,0,0,0
CUST01497,Female,75,1,Yes,No,38,Yes,DSL,One year,Credit card,67.05,2457.9,2,1,12.33,6,Yes,64.68157894736842,0.05263157894736842,0.02631578947368421,0,0,1
CUST01498,Female,54,0,No,Yes,1,Yes,DSL,Month-to-month,Bank transfer,49.3,149.7,2,0,15.12,5,Yes,149.7,2.0,0.0,0,1,0
CUST01499,Male,65,1,Yes,No,46,Yes,DSL,One year,Credit card,62.58,3052.87,0,1,57.19,5,Yes,66.36673913043478,0.0,0.021739130434782608,0,0,1
CUST01500,Male,62,1,Yes,No,43,Yes,DSL,Month-to-month,Credit card,72.3,3225.58,4,0,68.51,5,No,75.01348837209302,0.09302325581395349,0.0,0,0,1
CUST01501,Male,56,0,No,Yes,22,Yes,Fiber optic,Month-to-month,Bank transfer,71.94,1484.51,1,0,22.1,3,No,67.47772727272728,0.045454545454545456,0.0,0,0,0
CUST01502,Female,49,0,No,No,3,Yes,DSL,One year,Bank transfer,43.91,183.68,3,3,35.58,4,No,61.22666666666667,1.0,1.0,0,1,0
CUST01503,Female,75,1,Yes,No,14,Yes,Fiber optic,Month-to-month,Bank transfer,73.58,933.67,1,2,42.69,5,Yes,66.69071428571428,0.07142857142857142,0.14285714285714285,0,0,0
CUST01504,Male,69,1,No,No,2,Yes,DSL,Two year,Mailed check,49.56,16.57,1,0,13.83,6,No,8.285,0.5,0.0,0,1,0
CUST01505,Male,34,0,No,No,61,Yes,Fiber optic,Two year,Bank transfer,85.6,5145.76,1,3,39.86,4,Yes,84.35672131147541,0.01639344262295082,0.04918032786885246,1,0,1
CUST01506,Male,52,0,No,No,32,Yes,DSL,One year,Bank transfer,39.58,1280.17,3,0,32.83,4,No,40.0053125,0.09375,0.0,0,0,0
CUST01507,Female,54,0,No,No,38,No,DSL,Month-to-month,Bank transfer,79.27,2924.87,2,1,41.54,5,Yes,76.97026315789473,0.05263157894736842,0.02631578947368421,0,0,1
CUST01508,Female,36,0,No,No,46,Yes,DSL,Month-to-month,Electronic check,44.92,2070.19,2,0,14.76,4,Yes,45.00413043478261,0.043478260869565216,0.0,0,0,1
CUST01509,Female,61,1,Yes,No,42,Yes,DSL,Month-to-month,Credit card,43.81,1966.27,4,1,87.04,1,Yes,46.81595238095238,0.09523809523809523,0.023809523809523808,0,0,1
CUST01510,Female,46,0,Yes,No,6,Yes,No,One year,Credit card,25.49,42.76,3,1,22.88,4,No,7.126666666666666,0.5,0.16666666666666666,0,1,0
CUST01511,Male,24,0,No,No,41,Yes,DSL,Two year,Credit card,58.52,2238.5,2,3,63.74,4,No,54.59756097560975,0.04878048780487805,0.07317073170731707,0,0,1
CUST01512,Male,45,0,No,No,25,Yes,Fiber optic,One year,Bank transfer,105.57,2575.24,3,3,38.72,1,Yes,103.00959999999999,0.12,0.12,1,0,0
CUST01513,Male,26,0,Yes,Yes,11,Yes,No,One year,Electronic check,22.81,393.71,1,2,24.71,1,No,35.79181818181818,0.09090909090909091,0.18181818181818182,0,0,0
CUST01514,Male,45,0,No,Yes,41,Yes,DSL,One year,Electronic check,56.58,2388.64,2,4,68.37,2,Yes,58.25951219512195,0.04878048780487805,0.0975609756097561,0,0,1
CUST01515,Female,23,0,No,No,71,Yes,DSL,Two year,Mailed check,67.77,4726.22,4,0,49.12,2,No,66.56647887323945,0.056338028169014086,0.0,0,0,1
CUST01516,Female,46,0,Yes,Yes,57,Yes,No,Month-to-month,Electronic check,32.58,1752.51,2,2,14.08,5,Yes,30.745789473684212,0.03508771929824561,0.03508771929824561,0,0,1
CUST01517,Male,75,1,Yes,Yes,46,Yes,Fiber optic,Two year,Electronic check,55.83,2600.55,7,0,44.62,6,No,56.53369565217392,0.15217391304347827,0.0,0,0,1
CUST01518,Male,34,0,Yes,Yes,48,Yes,Fiber optic,One year,Credit card,85.98,4136.8,3,1,63.08,3,Yes,86.18333333333334,0.0625,0.020833333333333332,1,0,1
CUST01519,Female,33,0,No,No,63,Yes,DSL,Month-to-month,Bank transfer,85.86,5471.46,0,1,28.87,4,Yes,86.84857142857143,0.0,0.015873015873015872,1,0,1
CUST01520,Male,40,0,Yes,Yes,39,Yes,DSL,Two year,Credit card,52.52,1932.76,1,0,52.13,4,No,49.55794871794872,0.02564102564102564,0.0,0,0,1
CUST01521,Female,48,0,Yes,No,10,Yes,Fiber optic,Two year,Mailed check,87.25,864.12,4,1,43.19,3,Yes,86.412,0.4,0.1,1,0,0
CUST01522,Male,20,0,No,No,70,Yes,DSL,One year,Electronic check,72.24,5146.4,1,0,44.27,5,No,73.52,0.014285714285714285,0.0,0,0,1
CUST01523,Male,38,0,No,No,65,Yes,DSL,Two year,Mailed check,65.84,4392.46,4,0,11.58,4,No,67.5763076923077,0.06153846153846154,0.0,0,0,1
CUST01524,Male,43,0,Yes,No,59,Yes,DSL,Month-to-month,Electronic check,47.39,2672.13,3,2,13.11,2,Yes,45.29033898305085,0.05084745762711865,0.03389830508474576,0,0,1
CUST01525,Male,53,0,Yes,Yes,36,Yes,DSL,Month-to-month,Electronic check,59.19,2122.31,3,0,34.32,4,No,58.95305555555555,0.08333333333333333,0.0,0,0,1
CUST01526,Male,59,0,No,No,27,Yes,Fiber optic,Month-to-month,Credit card,66.4,1764.2,5,2,8.97,1,Yes,65.34074074074074,0.18518518518518517,0.07407407407407407,0,0,0
CUST01527,Male,54,0,No,No,55,Yes,DSL,Month-to-month,Electronic check,47.17,2510.67,4,4,32.96,4,Yes,45.648545454545456,0.07272727272727272,0.07272727272727272,0,0,1
CUST01528,Male,70,1,No,No,70,Yes,DSL,Month-to-month,Credit card,73.31,5058.15,2,1,25.48,4,Yes,72.25928571428571,0.02857142857142857,0.014285714285714285,0,0,1
CUST01529,Female,39,0,No,Yes,53,Yes,Fiber optic,Month-to-month,Credit card,97.84,5242.22,4,0,26.23,1,Yes,98.90981132075473,0.07547169811320754,0.0,1,0,1
CUST01530,Female,59,0,Yes,No,60,Yes,Fiber optic,One year,Electronic check,111.79,6630.8,3,1,31.87,2,No,110.51333333333334,0.05,0.016666666666666666,1,0,1
CUST01531,Female,29,0,Yes,No,61,Yes,Fiber optic,Month-to-month,Mailed check,98.86,6018.14,4,0,30.61,1,No,98.65803278688526,0.06557377049180328,0.0,1,0,1
CUST01532,Female,59,0,Yes,No,36,Yes,DSL,Month-to-month,Credit card,58.3,2147.47,1,1,46.11,6,No,59.65194444444444,0.027777777777777776,0.027777777777777776,0,0,1
CUST01533,Female,30,0,Yes,No,27,Yes,Fiber optic,Month-to-month,Mailed check,69.79,2059.57,4,2,11.84,3,Yes,76.28037037037038,0.14814814814814814,0.07407407407407407,0,0,0
CUST01534,Male,28,0,No,No,41,Yes,Fiber optic,Month-to-month,Mailed check,105.96,4374.3,5,4,28.21,2,Yes,106.69024390243902,0.12195121951219512,0.0975609756097561,1,0,1
CUST01535,Male,71,1,Yes,No,28,No,Fiber optic,Month-to-month,Electronic check,94.39,2715.0,0,1,41.72,4,No,96.96428571428571,0.0,0.03571428571428571,1,0,0
CUST01536,Female,33,0,Yes,No,16,No,DSL,Month-to-month,Credit card,69.6,1139.9,4,1,55.21,1,No,71.24375,0.25,0.0625,0,0,0
CUST01537,Male,25,0,No,Yes,35,Yes,DSL,Month-to-month,Credit card,66.88,2320.24,3,1,42.56,6,Yes,66.29257142857142,0.08571428571428572,0.02857142857142857,0,0,0
CUST01538,Female,57,0,Yes,No,36,Yes,DSL,Month-to-month,Bank transfer,74.24,2650.3,0,3,40.35,6,No,73.61944444444445,0.0,0.08333333333333333,0,0,1
CUST01539,Female,74,1,Yes,No,56,Yes,Fiber optic,Month-to-month,Mailed check,62.14,3468.21,2,2,18.06,1,No,61.93232142857143,0.03571428571428571,0.03571428571428571,0,0,1
CUST01540,Male,57,0,Yes,No,19,Yes,DSL,Two year,Credit card,45.43,649.21,2,1,21.36,2,No,34.16894736842105,0.10526315789473684,0.05263157894736842,0,0,0
CUST01541,Male,62,1,No,Yes,57,Yes,DSL,Month-to-month,Electronic check,49.54,2791.08,1,2,45.77,6,Yes,48.96631578947368,0.017543859649122806,0.03508771929824561,0,0,1
CUST01542,Male,19,0,No,Yes,33,Yes,Fiber optic,One year,Credit card,90.46,3029.01,2,3,38.97,1,No,91.78818181818183,0.06060606060606061,0.09090909090909091,1,0,0
CUST01543,Female,47,0,Yes,No,23,No,Fiber optic,Month-to-month,Mailed check,78.14,1723.52,1,2,37.88,3,No,74.93565217391304,0.043478260869565216,0.08695652173913043,0,0,0
CUST01544,Male,47,0,No,No,63,Yes,No,Month-to-month,Bank transfer,34.03,2289.17,2,2,41.59,5,No,36.33603174603175,0.031746031746031744,0.031746031746031744,0,0,1
CUST01545,Female,29,0,No,No,70,Yes,DSL,Month-to-month,Mailed check,59.8,4198.52,2,1,28.4,4,No,59.97885714285715,0.02857142857142857,0.014285714285714285,0,0,1
CUST01546,Female,27,0,No,No,22,Yes,DSL,Two year,Bank transfer,87.82,1918.92,2,1,27.77,3,No,87.22363636363637,0.09090909090909091,0.045454545454545456,1,0,0
CUST01547,Female,61,1,No,Yes,67,Yes,Fiber optic,Month-to-month,Electronic check,110.71,7501.16,0,2,39.61,1,Yes,111.9576119402985,0.0,0.029850746268656716,1,0,1
CUST01548,Male,28,0,No,No,59,Yes,DSL,One year,Mailed check,61.67,3694.94,5,1,57.87,5,No,62.626101694915256,0.0847457627118644,0.01694915254237288,0,0,1
CUST01549,Male,32,0,No,No,25,Yes,DSL,One year,Mailed check,43.7,1205.78,3,1,36.23,4,No,48.2312,0.12,0.04,0,0,0
CUST01550,Female,33,0,Yes,No,17,Yes,DSL,Month-to-month,Electronic check,68.27,1293.35,3,0,67.88,3,Yes,76.07941176470588,0.17647058823529413,0.0,0,0,0
CUST01551,Male,34,0,Yes,No,39,Yes,No,Two year,Electronic check,18.0,848.53,3,2,43.44,2,No,21.757179487179485,0.07692307692307693,0.05128205128205128,0,0,1
CUST01552,Male,43,0,Yes,No,39,Yes,No,Month-to-month,Credit card,18.0,747.69,2,2,36.12,4,No,19.171538461538464,0.05128205128205128,0.05128205128205128,0,0,1
CUST01553,Male,19,0,No,No,24,Yes,No,Month-to-month,Bank transfer,21.85,420.7,4,0,136.85,2,Yes,17.529166666666665,0.16666666666666666,0.0,0,0,0
CUST01554,Female,67,1,No,No,38,Yes,Fiber optic,Month-to-month,Credit card,78.81,2970.95,0,4,52.02,4,Yes,78.1828947368421,0.0,0.10526315789473684,0,0,1
CUST01555,Female,29,0,No,No,57,Yes,No,Month-to-month,Electronic check,29.42,1840.84,4,3,34.03,1,Yes,32.29543859649122,0.07017543859649122,0.05263157894736842,0,0,1
CUST01556,Male,68,1,Yes,Yes,44,Yes,Fiber optic,Month-to-month,Credit card,89.91,3981.98,4,1,78.84,6,Yes,90.49954545454545,0.09090909090909091,0.022727272727272728,1,0,1
CUST01557,Female,43,0,No,No,36,Yes,No,One year,Electronic check,18.0,604.58,1,2,54.32,3,No,16.79388888888889,0.027777777777777776,0.05555555555555555,0,0,1
CUST01558,Male,40,0,No,No,70,Yes,Fiber optic,Month-to-month,Credit card,80.56,5584.71,2,0,24.44,4,No,79.78157142857143,0.02857142857142857,0.0,1,0,1
CUST01559,Male,35,0,No,No,45,Yes,DSL,One year,Credit card,43.68,1857.86,1,1,37.83,2,No,41.285777777777774,0.022222222222222223,0.022222222222222223,0,0,1
CUST01560,Male,49,0,No,Yes,26,Yes,Fiber optic,Month-to-month,Mailed check,91.03,2458.71,2,1,32.41,4,Yes,94.56576923076923,0.07692307692307693,0.038461538461538464,1,0,0
CUST01561,Male,66,1,No,No,11,Yes,DSL,Two year,Credit card,37.68,369.31,1,1,55.18,4,No,33.57363636363636,0.09090909090909091,0.09090909090909091,0,0,0
CUST01562,Female,55,0,No,No,52,Yes,Fiber optic,Month-to-month,Bank transfer,81.48,4138.68,3,3,51.64,4,No,79.59,0.057692307692307696,0.057692307692307696,1,0,1
CUST01563,Female,74,1,No,No,25,No,Fiber optic,One year,Bank transfer,75.31,1795.76,3,3,92.21,1,Yes,71.8304,0.12,0.12,0,0,0
CUST01564,Female,64,1,No,Yes,31,No,DSL,One year,Credit card,66.55,1802.12,0,1,68.66,6,No,58.13290322580645,0.0,0.03225806451612903,0,0,0
CUST01565,Male,20,0,Yes,No,45,Yes,DSL,Month-to-month,Electronic check,50.29,2333.66,4,1,58.12,6,Yes,51.859111111111105,0.08888888888888889,0.022222222222222223,0,0,1
CUST01566,Male,55,0,Yes,Yes,67,Yes,Fiber optic,Month-to-month,Credit card,72.25,4817.01,2,0,74.14,6,Yes,71.89567164179105,0.029850746268656716,0.0,0,0,1
CUST01567,Male,20,0,No,Yes,40,Yes,Fiber optic,Month-to-month,Electronic check,90.95,3515.13,2,1,16.78,6,Yes,87.87825000000001,0.05,0.025,1,0,1
CUST01568,Female,47,0,Yes,Yes,46,Yes,Fiber optic,Month-to-month,Mailed check,91.74,4358.76,2,1,44.04,3,No,94.75565217391305,0.043478260869565216,0.021739130434782608,1,0,1
CUST01569,Male,18,0,No,No,54,Yes,DSL,Month-to-month,Bank transfer,47.44,2566.41,3,0,17.7,6,Yes,47.526111111111106,0.05555555555555555,0.0,0,0,1
CUST01570,Female,47,0,Yes,Yes,41,Yes,No,One year,Credit card,29.71,993.96,6,2,91.05,6,No,24.242926829268292,0.14634146341463414,0.04878048780487805,0,0,1
CUST01571,Female,62,1,No,No,38,Yes,DSL,Month-to-month,Mailed check,89.48,3472.42,3,2,35.13,5,Yes,91.37947368421052,0.07894736842105263,0.05263157894736842,1,0,1
CUST01572,Female,49,0,Yes,No,36,Yes,Fiber optic,Month-to-month,Mailed check,77.93,2704.4,2,0,41.69,4,No,75.12222222222222,0.05555555555555555,0.0,0,0,1
CUST01573,Female,45,0,Yes,No,44,Yes,Fiber optic,Month-to-month,Mailed check,66.57,2988.62,4,2,30.75,4,Yes,67.92318181818182,0.09090909090909091,0.045454545454545456,0,0,1
CUST01574,Female,38,0,No,No,57,Yes,No,Two year,Electronic check,25.44,1500.59,3,1,49.41,1,No,26.326140350877193,0.05263157894736842,0.017543859649122806,0,0,1
CUST01575,Female,75,1,Yes,No,66,Yes,Fiber optic,Month-to-month,Bank transfer,64.27,4255.56,1,2,31.73,2,No,64.47818181818182,0.015151515151515152,0.030303030303030304,0,0,1
CUST01576,Male,63,1,Yes,No,30,Yes,DSL,Month-to-month,Credit card,56.9,1581.83,2,0,38.67,5,No,52.727666666666664,0.06666666666666667,0.0,0,0,0
CUST01577,Male,30,0,Yes,No,10,No,Fiber optic,Month-to-month,Bank transfer,77.42,650.94,3,1,36.81,5,No,65.09400000000001,0.3,0.1,0,0,0
CUST01578,Female,44,0,No,No,61,Yes,DSL,Month-to-month,Electronic check,68.31,4162.02,1,1,67.05,5,No,68.22983606557378,0.01639344262295082,0.01639344262295082,0,0,1
CUST01579,Female,53,0,Yes,Yes,63,Yes,No,One year,Bank transfer,18.0,1039.86,2,0,16.69,1,No,16.505714285714284,0.031746031746031744,0.0,0,0,1
CUST01580,Male,24,0,No,Yes,36,No,Fiber optic,One year,Credit card,61.32,2329.45,7,0,45.27,5,No,64.70694444444445,0.19444444444444445,0.0,0,0,1
CUST01581,Female,39,0,No,No,54,Yes,DSL,One year,Bank transfer,64.58,3477.17,2,0,21.86,6,No,64.39203703703704,0.037037037037037035,0.0,0,0,1
CUST01582,Female,27,0,No,No,65,Yes,DSL,One year,Bank transfer,66.51,4222.66,3,1,30.07,2,No,64.964,0.046153846153846156,0.015384615384615385,0,0,1
CUST01583,Male,56,0,No,No,4,Yes,Fiber optic,Two year,Electronic check,52.79,311.02,3,5,19.75,3,Yes,77.755,0.75,1.25,0,1,0
CUST01584,Female,70,1,No,No,55,Yes,Fiber optic,Month-to-month,Electronic check,107.81,5738.48,2,1,15.98,5,Yes,104.336,0.03636363636363636,0.01818181818181818,1,0,1
CUST01585,Female,32,0,Yes,No,54,Yes,DSL,Month-to-month,Bank transfer,70.51,3794.36,5,1,50.57,6,No,70.26592592592593,0.09259259259259259,0.018518518518518517,0,0,1
CUST01586,Female,32,0,No,No,64,No,Fiber optic,Month-to-month,Credit card,74.93,4851.14,0,0,36.16,4,Yes,75.7990625,0.0,0.0,0,0,1
CUST01587,Male,21,0,Yes,Yes,22,Yes,DSL,Month-to-month,Credit card,61.15,1242.4,4,1,19.48,2,Yes,56.472727272727276,0.18181818181818182,0.045454545454545456,0,0,0
CUST01588,Male,49,0,No,No,25,Yes,Fiber optic,Month-to-month,Bank transfer,55.44,1342.76,6,2,18.47,2,Yes,53.7104,0.24,0.08,0,0,0
CUST01589,Male,40,0,Yes,No,59,Yes,Fiber optic,Month-to-month,Mailed check,95.56,5570.6,3,0,42.19,5,Yes,94.41694915254237,0.05084745762711865,0.0,1,0,1
CUST01590,Female,72,1,No,No,57,Yes,Fiber optic,Month-to-month,Electronic check,72.31,4009.22,4,0,37.44,4,No,70.33719298245613,0.07017543859649122,0.0,0,0,1
CUST01591,Female,23,0,Yes,No,54,Yes,Fiber optic,Month-to-month,Credit card,79.66,4309.29,1,1,31.16,2,Yes,79.80166666666666,0.018518518518518517,0.018518518518518517,0,0,1
CUST01592,Male,41,0,Yes,No,44,Yes,DSL,Two year,Bank transfer,58.68,2667.02,0,2,31.73,1,No,60.61409090909091,0.0,0.045454545454545456,0,0,1
CUST01593,Female,37,0,No,No,52,Yes,Fiber optic,Two year,Mailed check,103.12,5562.61,1,0,66.94,5,No,106.97326923076922,0.019230769230769232,0.0,1,0,1
CUST01594,Female,75,1,No,No,16,Yes,DSL,Month-to-month,Electronic check,65.61,1125.96,2,2,30.0,4,Yes,70.3725,0.125,0.125,0,0,0
CUST01595,Female,54,0,Yes,No,16,Yes,No,Two year,Electronic check,22.12,326.99,2,0,53.83,6,No,20.436875,0.125,0.0,0,0,0
CUST01596,Female,37,0,No,No,55,Yes,DSL,Two year,Electronic check,52.93,3022.62,2,2,29.67,3,No,54.95672727272727,0.03636363636363636,0.03636363636363636,0,0,1
CUST01597,Female,29,0,No,No,61,Yes,Fiber optic,Two year,Mailed check,88.38,5278.27,4,1,41.39,2,No,86.52901639344263,0.06557377049180328,0.01639344262295082,1,0,1
CUST01598,Male,50,0,No,No,40,Yes,No,Month-to-month,Credit card,24.32,919.17,0,4,93.67,3,No,22.97925,0.0,0.1,0,0,1
CUST01599,Female,45,0,No,Yes,21,Yes,Fiber optic,One year,Credit card,81.37,1804.03,4,4,49.48,4,Yes,85.90619047619047,0.19047619047619047,0.19047619047619047,1,0,0
CUST01600,Male,25,0,Yes,No,66,Yes,DSL,Month-to-month,Electronic check,60.07,3898.81,2,0,80.1,6,No,59.072878787878786,0.030303030303030304,0.0,0,0,1
CUST01601,Female,18,0,Yes,No,8,Yes,Fiber optic,One year,Electronic check,80.94,653.3,5,0,11.1,1,Yes,81.6625,0.625,0.0,1,0,0
CUST01602,Male,54,0,No,No,71,Yes,Fiber optic,One year,Bank transfer,61.52,4297.81,2,0,38.07,4,Yes,60.532535211267614,0.028169014084507043,0.0,0,0,1
CUST01603,Female,39,0,No,No,10,No,No,One year,Credit card,24.54,223.84,5,1,54.74,3,Yes,22.384,0.5,0.1,0,0,0
CUST01604,Male,23,0,Yes,No,57,Yes,Fiber optic,Month-to-month,Credit card,84.67,4819.27,4,0,29.72,4,Yes,84.54859649122808,0.07017543859649122,0.0,1,0,1
CUST01605,Female,38,0,Yes,No,4,Yes,DSL,Two year,Electronic check,61.6,293.53,3,1,65.1,4,No,73.3825,0.75,0.25,0,1,0
CUST01606,Male,49,0,No,No,43,Yes,Fiber optic,Month-to-month,Credit card,69.95,3024.42,3,3,39.1,2,Yes,70.33534883720931,0.06976744186046512,0.06976744186046512,0,0,1
CUST01607,Female,52,0,Yes,No,63,Yes,DSL,Month-to-month,Bank transfer,50.4,3246.7,3,1,26.76,6,No,51.53492063492063,0.047619047619047616,0.015873015873015872,0,0,1
CUST01608,Male,32,0,Yes,No,43,No,DSL,Month-to-month,Electronic check,79.67,3465.02,4,2,17.02,4,Yes,80.58186046511628,0.09302325581395349,0.046511627906976744,0,0,1
CUST01609,Female,22,0,Yes,No,67,Yes,Fiber optic,Two year,Mailed check,73.89,4930.64,3,1,66.76,1,No,73.59164179104478,0.04477611940298507,0.014925373134328358,0,0,1
CUST01610,Male,73,1,Yes,No,51,Yes,DSL,Two year,Electronic check,66.11,3310.68,3,0,58.81,2,No,64.91529411764705,0.058823529411764705,0.0,0,0,1
CUST01611,Male,63,1,Yes,No,56,Yes,DSL,One year,Electronic check,50.44,2733.18,0,2,70.16,1,No,48.80678571428571,0.0,0.03571428571428571,0,0,1
CUST01612,Female,67,1,No,No,43,Yes,DSL,Month-to-month,Credit card,37.31,1331.57,2,2,83.38,3,No,30.966744186046512,0.046511627906976744,0.046511627906976744,0,0,1
CUST01613,Female,65,1,Yes,No,24,Yes,DSL,Month-to-month,Mailed check,58.75,1398.49,1,1,11.1,6,Yes,58.27041666666667,0.041666666666666664,0.041666666666666664,0,0,0
CUST01614,Male,23,0,Yes,Yes,34,Yes,DSL,Month-to-month,Electronic check,67.35,2175.59,0,1,42.75,4,No,63.98794117647059,0.0,0.029411764705882353,0,0,0
CUST01615,Female,42,0,Yes,Yes,59,Yes,Fiber optic,Month-to-month,Bank transfer,79.99,4631.8,0,2,49.66,6,No,78.50508474576272,0.0,0.03389830508474576,0,0,1
CUST01616,Male,73,1,Yes,Yes,2,Yes,DSL,Month-to-month,Credit card,36.05,42.05,3,0,42.27,5,No,21.025,1.5,0.0,0,1,0
CUST01617,Male,63,1,Yes,No,2,Yes,DSL,Month-to-month,Electronic check,33.2,14.29,3,0,22.85,4,No,7.145,1.5,0.0,0,1,0
CUST01618,Male,73,1,No,Yes,10,Yes,Fiber optic,Month-to-month,Electronic check,102.3,1077.76,2,2,70.73,5,Yes,107.776,0.2,0.2,1,0,0
CUST01619,Female,57,0,No,Yes,23,Yes,No,Two year,Mailed check,24.89,555.81,3,2,37.3,2,No,24.165652173913042,0.13043478260869565,0.08695652173913043,0,0,0
CUST01620,Male,46,0,Yes,Yes,15,Yes,Fiber optic,One year,Electronic check,94.11,1574.33,2,1,53.86,3,Yes,104.95533333333333,0.13333333333333333,0.06666666666666667,1,0,0
CUST01621,Male,24,0,Yes,No,17,Yes,Fiber optic,One year,Bank transfer,88.47,1723.4,2,2,39.97,5,No,101.37647058823529,0.11764705882352941,0.11764705882352941,1,0,0
CUST01622,Female,57,0,Yes,Yes,14,Yes,Fiber optic,Month-to-month,Mailed check,67.74,917.75,1,3,34.28,4,No,65.55357142857143,0.07142857142857142,0.21428571428571427,0,0,0
CUST01623,Female,30,0,No,No,16,Yes,Fiber optic,Month-to-month,Electronic check,81.16,1213.86,1,1,65.26,4,No,75.86625,0.0625,0.0625,1,0,0
CUST01624,Female,55,0,No,Yes,32,Yes,Fiber optic,Month-to-month,Credit card,59.54,1728.96,3,3,13.17,4,No,54.03,0.09375,0.09375,0,0,0
CUST01625,Female,35,0,Yes,No,23,Yes,No,Month-to-month,Electronic check,32.57,931.89,3,2,36.11,3,Yes,40.51695652173913,0.13043478260869565,0.08695652173913043,0,0,0
CUST01626,Male,19,0,No,No,34,No,Fiber optic,One year,Electronic check,89.79,2980.47,3,2,46.34,5,Yes,87.66088235294117,0.08823529411764706,0.058823529411764705,1,0,0
CUST01627,Male,25,0,Yes,No,16,Yes,DSL,Month-to-month,Electronic check,68.89,1048.21,0,0,31.47,5,No,65.513125,0.0,0.0,0,0,0
CUST01628,Male,28,0,No,No,34,Yes,Fiber optic,Two year,Credit card,104.36,3478.28,2,1,67.76,3,Yes,102.30235294117648,0.058823529411764705,0.029411764705882353,1,0,0
CUST01629,Male,50,0,No,No,71,Yes,DSL,Two year,Bank transfer,55.72,3923.45,0,1,20.92,1,No,55.25985915492957,0.0,0.014084507042253521,0,0,1
CUST01630,Female,71,1,No,No,33,No,No,Month-to-month,Bank transfer,19.07,581.62,3,3,14.43,2,Yes,17.624848484848485,0.09090909090909091,0.09090909090909091,0,0,0
CUST01631,Male,55,0,No,No,68,Yes,Fiber optic,Month-to-month,Mailed check,83.41,5754.56,1,0,36.53,3,Yes,84.62588235294118,0.014705882352941176,0.0,1,0,1
CUST01632,Male,65,1,Yes,No,43,Yes,DSL,Two year,Electronic check,75.21,2959.45,1,0,46.24,4,No,68.82441860465116,0.023255813953488372,0.0,0,0,1
CUST01633,Female,44,0,No,Yes,64,Yes,No,One year,Electronic check,18.0,1133.24,2,2,9.15,6,No,17.706875,0.03125,0.03125,0,0,1
CUST01634,Male,37,0,No,No,71,Yes,DSL,One year,Electronic check,60.25,4349.55,1,2,85.21,1,Yes,61.261267605633805,0.014084507042253521,0.028169014084507043,0,0,1
CUST01635,Male,29,0,No,Yes,18,Yes,Fiber optic,One year,Electronic check,97.07,1678.22,0,0,72.75,6,No,93.23444444444445,0.0,0.0,1,0,0
CUST01636,Male,60,1,Yes,No,68,Yes,DSL,Month-to-month,Electronic check,63.7,4390.43,2,1,54.37,6,No,64.56514705882353,0.029411764705882353,0.014705882352941176,0,0,1
CUST01637,Male,48,0,Yes,No,61,Yes,DSL,Month-to-month,Credit card,72.88,4454.63,5,2,32.06,5,Yes,73.02672131147541,0.08196721311475409,0.03278688524590164,0,0,1
CUST01638,Male,44,0,No,No,20,Yes,Fiber optic,Month-to-month,Bank transfer,61.97,1167.62,1,0,13.15,2,Yes,58.38099999999999,0.05,0.0,0,0,0
CUST01639,Male,49,0,No,No,11,Yes,DSL,Month-to-month,Mailed check,73.05,622.33,3,0,14.75,4,No,56.57545454545455,0.2727272727272727,0.0,0,0,0
CUST01640,Female,27,0,No,No,46,Yes,Fiber optic,Month-to-month,Electronic check,75.64,3520.09,4,0,83.36,4,Yes,76.52369565217391,0.08695652173913043,0.0,0,0,1
CUST01641,Female,20,0,No,No,64,No,Fiber optic,Month-to-month,Bank transfer,53.57,3460.31,4,3,39.72,4,Yes,54.06734375,0.0625,0.046875,0,0,1
CUST01642,Male,62,1,No,No,28,Yes,No,Two year,Bank transfer,22.39,552.86,2,1,22.09,3,No,19.745,0.07142857142857142,0.03571428571428571,0,0,0
CUST01643,Male,44,0,No,Yes,48,Yes,Fiber optic,One year,Credit card,72.42,3552.15,2,2,35.05,6,No,74.003125,0.041666666666666664,0.041666666666666664,0,0,1
CUST01644,Female,52,0,No,No,35,No,Fiber optic,Month-to-month,Electronic check,82.54,2840.39,1,1,53.85,5,No,81.154,0.02857142857142857,0.02857142857142857,1,0,0
CUST01645,Male,48,0,No,No,8,No,DSL,Month-to-month,Mailed check,41.76,437.52,3,1,70.3,1,No,54.69,0.375,0.125,0,0,0
CUST01646,Male,32,0,Yes,No,22,Yes,Fiber optic,One year,Bank transfer,83.15,1859.6,0,2,33.98,2,Yes,84.52727272727272,0.0,0.09090909090909091,1,0,0
CUST01647,Male,33,0,Yes,No,24,No,Fiber optic,Month-to-month,Mailed check,76.38,1981.12,3,5,72.66,4,Yes,82.54666666666667,0.125,0.20833333333333334,0,0,0
CUST01648,Female,30,0,No,Yes,66,Yes,DSL,One year,Credit card,83.86,5571.06,2,0,23.59,3,No,84.41000000000001,0.030303030303030304,0.0,1,0,1
CUST01649,Male,66,1,Yes,Yes,64,Yes,Fiber optic,Two year,Credit card,87.61,5609.84,2,0,54.62,6,No,87.65375,0.03125,0.0,1,0,1
CUST01650,Female,52,0,No,No,65,Yes,Fiber optic,Month-to-month,Electronic check,88.42,5558.84,4,4,29.62,3,Yes,85.52061538461538,0.06153846153846154,0.06153846153846154,1,0,1
CUST01651,Male,69,1,Yes,No,14,Yes,Fiber optic,Month-to-month,Mailed check,81.58,1147.49,4,0,61.56,2,Yes,81.96357142857143,0.2857142857142857,0.0,1,0,0
CUST01652,Female,28,0,Yes,No,25,Yes,DSL,One year,Electronic check,74.97,1850.33,2,1,40.48,1,No,74.0132,0.08,0.04,0,0,0
CUST01653,Female,38,0,No,No,3,Yes,DSL,Month-to-month,Electronic check,65.82,358.98,0,0,41.69,3,Yes,119.66000000000001,0.0,0.0,0,1,0
CUST01654,Male,68,1,No,No,5,Yes,No,Month-to-month,Credit card,37.1,206.85,4,1,55.01,3,No,41.37,0.8,0.2,0,1,0
CUST01655,Female,71,1,Yes,Yes,65,Yes,Fiber optic,Month-to-month,Credit card,100.81,6630.9,2,2,48.22,5,Yes,102.01384615384615,0.03076923076923077,0.03076923076923077,1,0,1
CUST01656,Male,28,0,No,Yes,54,Yes,DSL,Two year,Electronic check,55.38,3130.91,3,1,63.61,5,No,57.97981481481481,0.05555555555555555,0.018518518518518517,0,0,1
CUST01657,Female,47,0,No,Yes,19,Yes,No,Month-to-month,Credit card,30.84,719.91,2,0,48.57,1,No,37.89,0.10526315789473684,0.0,0,0,0
CUST01658,Male,65,1,No,No,54,Yes,Fiber optic,Two year,Credit card,97.21,5240.64,3,0,47.32,6,No,97.0488888888889,0.05555555555555555,0.0,1,0,1
CUST01659,Male,70,1,Yes,Yes,10,Yes,No,Month-to-month,Credit card,32.56,538.49,6,0,17.65,6,No,53.849000000000004,0.6,0.0,0,0,0
CUST01660,Female,52,0,No,No,16,Yes,No,Month-to-month,Electronic check,28.21,400.75,2,2,37.03,2,Yes,25.046875,0.125,0.125,0,0,0
CUST01661,Male,39,0,No,No,46,Yes,Fiber optic,One year,Credit card,64.85,3116.15,0,2,15.79,4,No,67.74239130434783,0.0,0.043478260869565216,0,0,1
CUST01662,Male,55,0,Yes,No,29,Yes,Fiber optic,Month-to-month,Electronic check,84.56,2377.58,4,2,24.45,3,Yes,81.98551724137931,0.13793103448275862,0.06896551724137931,1,0,0
CUST01663,Female,48,0,No,Yes,15,Yes,Fiber optic,Month-to-month,Electronic check,86.67,1386.05,3,1,34.31,4,Yes,92.40333333333334,0.2,0.06666666666666667,1,0,0
CUST01664,Male,31,0,No,Yes,48,Yes,Fiber optic,Month-to-month,Bank transfer,86.06,4034.5,5,1,21.08,4,Yes,84.05208333333333,0.10416666666666667,0.020833333333333332,1,0,1
CUST01665,Male,41,0,No,No,11,No,No,Month-to-month,Electronic check,34.18,437.85,2,2,46.12,4,No,39.804545454545455,0.18181818181818182,0.18181818181818182,0,0,0
CUST01666,Female,67,1,No,No,34,Yes,No,Month-to-month,Electronic check,19.85,589.51,3,4,108.56,1,No,17.338529411764707,0.08823529411764706,0.11764705882352941,0,0,0
CUST01667,Female,66,1,Yes,No,36,Yes,Fiber optic,One year,Credit card,87.04,3029.77,4,1,16.03,2,No,84.16027777777778,0.1111111111111111,0.027777777777777776,1,0,1
CUST01668,Male,49,0,Yes,No,30,Yes,DSL,One year,Electronic check,59.17,1678.47,3,1,26.96,2,Yes,55.949,0.1,0.03333333333333333,0,0,0
CUST01669,Male,53,0,No,No,19,Yes,DSL,Two year,Electronic check,68.2,1345.6,0,1,26.06,5,Yes,70.82105263157894,0.0,0.05263157894736842,0,0,0
CUST01670,Female,49,0,No,No,68,No,Fiber optic,One year,Credit card,112.15,7675.65,2,0,20.76,4,No,112.87720588235294,0.029411764705882353,0.0,1,0,1
CUST01671,Female,72,1,No,No,70,Yes,DSL,One year,Bank transfer,67.47,4771.92,4,1,48.85,4,No,68.17028571428571,0.05714285714285714,0.014285714285714285,0,0,1
CUST01672,Male,32,0,No,No,33,Yes,No,One year,Bank transfer,29.45,993.98,4,1,22.74,3,No,30.12060606060606,0.12121212121212122,0.030303030303030304,0,0,0
CUST01673,Female,60,1,Yes,No,22,Yes,Fiber optic,Two year,Credit card,69.7,1485.0,2,0,45.12,1,No,67.5,0.09090909090909091,0.0,0,0,0
CUST01674,Male,75,1,Yes,No,36,Yes,Fiber optic,Month-to-month,Credit card,61.85,2154.46,1,1,33.98,4,Yes,59.846111111111114,0.027777777777777776,0.027777777777777776,0,0,1
CUST01675,Male,52,0,Yes,No,23,Yes,Fiber optic,Month-to-month,Bank transfer,88.84,1939.81,3,2,17.9,1,Yes,84.3395652173913,0.13043478260869565,0.08695652173913043,1,0,0
CUST01676,Male,20,0,Yes,No,63,Yes,Fiber optic,One year,Electronic check,82.2,5069.1,3,0,16.92,6,No,80.46190476190476,0.047619047619047616,0.0,1,0,1
CUST01677,Male,33,0,No,No,26,Yes,Fiber optic,Month-to-month,Electronic check,91.91,2510.96,1,1,29.29,5,Yes,96.57538461538462,0.038461538461538464,0.038461538461538464,1,0,0
CUST01678,Male,22,0,Yes,No,60,Yes,Fiber optic,Two year,Bank transfer,75.81,4442.72,3,0,41.8,1,No,74.04533333333333,0.05,0.0,0,0,1
CUST01679,Female,38,0,No,No,5,Yes,DSL,Month-to-month,Credit card,76.84,290.99,3,2,70.05,2,Yes,58.198,0.6,0.4,0,1,0
CUST01680,Female,27,0,Yes,No,54,Yes,DSL,Month-to-month,Bank transfer,45.65,2365.28,1,1,61.57,6,Yes,43.80148148148149,0.018518518518518517,0.018518518518518517,0,0,1
CUST01681,Female,36,0,No,Yes,38,Yes,Fiber optic,One year,Electronic check,82.06,2985.61,2,0,41.45,6,No,78.56868421052631,0.05263157894736842,0.0,1,0,1
CUST01682,Female,42,0,No,Yes,62,Yes,Fiber optic,Month-to-month,Electronic check,79.13,4936.53,7,1,44.22,1,No,79.62145161290321,0.11290322580645161,0.016129032258064516,0,0,1
CUST01683,Male,21,0,Yes,Yes,25,Yes,DSL,Two year,Mailed check,73.17,1775.66,2,1,39.59,4,No,71.02640000000001,0.08,0.04,0,0,0
CUST01684,Male,46,0,Yes,No,12,Yes,DSL,Two year,Credit card,57.23,670.38,1,2,50.36,4,No,55.865,0.08333333333333333,0.16666666666666666,0,0,0
CUST01685,Male,36,0,Yes,No,22,Yes,Fiber optic,One year,Credit card,76.33,1667.61,5,1,60.99,4,Yes,75.80045454545454,0.22727272727272727,0.045454545454545456,0,0,0
CUST01686,Male,60,1,No,Yes,9,Yes,Fiber optic,Month-to-month,Electronic check,86.21,804.76,6,2,26.3,4,Yes,89.41777777777777,0.6666666666666666,0.2222222222222222,1,0,0
CUST01687,Female,19,0,Yes,Yes,29,Yes,DSL,Month-to-month,Electronic check,50.53,1475.5,2,1,37.95,6,No,50.87931034482759,0.06896551724137931,0.034482758620689655,0,0,0
CUST01688,Male,27,0,No,No,44,Yes,Fiber optic,Month-to-month,Electronic check,84.67,3843.86,2,0,14.91,1,No,87.36045454545454,0.045454545454545456,0.0,1,0,1
CUST01689,Male,60,1,No,Yes,27,Yes,Fiber optic,Two year,Credit card,83.05,2175.56,4,2,26.23,4,No,80.57629629629629,0.14814814814814814,0.07407407407407407,1,0,0
CUST01690,Female,42,0,No,Yes,55,Yes,Fiber optic,Month-to-month,Mailed check,128.34,6999.49,4,3,33.61,2,Yes,127.26345454545454,0.07272727272727272,0.05454545454545454,1,0,1
CUST01691,Female,37,0,Yes,No,5,Yes,Fiber optic,Month-to-month,Mailed check,78.06,381.41,3,0,39.44,3,No,76.28200000000001,0.6,0.0,0,1,0
CUST01692,Female,65,1,No,Yes,52,Yes,Fiber optic,Month-to-month,Credit card,83.66,4342.99,2,2,11.25,4,Yes,83.51903846153846,0.038461538461538464,0.038461538461538464,1,0,1
CUST01693,Female,36,0,Yes,Yes,13,Yes,Fiber optic,Month-to-month,Mailed check,88.27,999.22,4,0,33.73,5,Yes,76.86307692307693,0.3076923076923077,0.0,1,0,0
CUST01694,Male,40,0,Yes,No,42,Yes,DSL,Two year,Credit card,63.28,2500.09,1,3,8.47,3,No,59.52595238095238,0.023809523809523808,0.07142857142857142,0,0,1
CUST01695,Male,41,0,No,No,15,Yes,DSL,Month-to-month,Credit card,72.52,1073.72,0,0,57.68,1,No,71.58133333333333,0.0,0.0,0,0,0
CUST01696,Female,28,0,No,No,18,Yes,No,Month-to-month,Electronic check,40.37,865.24,3,2,15.56,2,No,48.06888888888889,0.16666666666666666,0.1111111111111111,0,0,0
CUST01697,Male,63,1,Yes,Yes,50,No,Fiber optic,One year,Bank transfer,72.98,3797.48,6,1,47.25,6,No,75.9496,0.12,0.02,0,0,1
CUST01698,Male,51,0,Yes,No,2,Yes,Fiber optic,Two year,Electronic check,91.58,71.44,4,0,55.49,2,No,35.72,2.0,0.0,1,1,0
CUST01699,Male,72,1,Yes,No,13,Yes,DSL,Two year,Credit card,58.03,711.34,3,0,41.0,5,No,54.71846153846154,0.23076923076923078,0.0,0,0,0
CUST01700,Female,45,0,No,Yes,68,Yes,DSL,One year,Bank transfer,63.96,4365.53,1,0,12.21,4,No,64.19897058823528,0.014705882352941176,0.0,0,0,1
CUST01701,Male,22,0,Yes,Yes,47,Yes,Fiber optic,Month-to-month,Electronic check,101.66,4808.41,2,1,45.09,5,Yes,102.30659574468085,0.0425531914893617,0.02127659574468085,1,0,1
CUST01702,Female,22,0,No,Yes,50,Yes,Fiber optic,Month-to-month,Electronic check,109.42,5373.64,2,0,46.93,4,Yes,107.4728,0.04,0.0,1,0,1
CUST01703,Male,68,1,No,No,12,Yes,Fiber optic,Two year,Electronic check,98.12,1347.69,0,2,22.52,4,No,112.3075,0.0,0.16666666666666666,1,0,0
CUST01704,Male,38,0,No,No,13,Yes,Fiber optic,Two year,Credit card,89.73,1109.46,3,2,16.76,2,Yes,85.34307692307692,0.23076923076923078,0.15384615384615385,1,0,0
CUST01705,Male,29,0,Yes,No,9,Yes,Fiber optic,One year,Electronic check,100.4,940.49,3,1,67.92,2,No,104.49888888888889,0.3333333333333333,0.1111111111111111,1,0,0
CUST01706,Female,67,1,No,No,59,Yes,No,One year,Credit card,18.27,1045.0,2,1,22.56,6,No,17.71186440677966,0.03389830508474576,0.01694915254237288,0,0,1
CUST01707,Male,21,0,No,No,45,Yes,Fiber optic,Two year,Electronic check,74.11,3302.51,3,0,150.0,4,No,73.38911111111112,0.06666666666666667,0.0,0,0,1
CUST01708,Female,71,1,No,No,70,Yes,No,Month-to-month,Credit card,26.35,1920.17,2,1,28.75,6,No,27.431,0.02857142857142857,0.014285714285714285,0,0,1
CUST01709,Female,66,1,Yes,No,43,Yes,DSL,Month-to-month,Electronic check,73.97,3279.21,3,0,58.4,2,Yes,76.26069767441861,0.06976744186046512,0.0,0,0,1
CUST01710,Female,59,0,Yes,Yes,23,Yes,Fiber optic,One year,Mailed check,80.57,1921.18,1,2,33.35,2,No,83.52956521739131,0.043478260869565216,0.08695652173913043,1,0,0
CUST01711,Male,37,0,Yes,No,45,Yes,DSL,Two year,Credit card,57.72,2509.08,2,1,27.26,2,No,55.757333333333335,0.044444444444444446,0.022222222222222223,0,0,1
CUST01712,Male,55,0,No,No,23,Yes,DSL,One year,Bank transfer,36.21,698.27,2,0,16.65,4,No,30.359565217391303,0.08695652173913043,0.0,0,0,0
CUST01713,Male,42,0,No,No,34,Yes,Fiber optic,Two year,Bank transfer,120.82,4373.91,1,1,22.41,4,No,128.64441176470586,0.029411764705882353,0.029411764705882353,1,0,0
CUST01714,Male,31,0,No,No,16,Yes,Fiber optic,Month-to-month,Credit card,81.55,1335.5,0,1,38.54,3,Yes,83.46875,0.0,0.0625,1,0,0
CUST01715,Female,28,0,Yes,No,63,Yes,DSL,Month-to-month,Electronic check,27.11,1618.14,1,1,14.64,2,No,25.684761904761906,0.015873015873015872,0.015873015873015872,0,0,1
CUST01716,Female,49,0,Yes,No,51,Yes,DSL,Month-to-month,Credit card,62.01,3256.73,0,1,42.85,4,No,63.85745098039216,0.0,0.0196078431372549,0,0,1
CUST01717,Female,28,0,Yes,Yes,32,Yes,DSL,Two year,Bank transfer,65.67,2010.85,1,0,30.76,2,No,62.8390625,0.03125,0.0,0,0,0
CUST01718,Male,35,0,Yes,No,38,Yes,DSL,Month-to-month,Credit card,57.24,2371.96,2,1,67.35,3,Yes,62.42,0.05263157894736842,0.02631578947368421,0,0,1
CUST01719,Female,44,0,Yes,No,56,Yes,Fiber optic,Month-to-month,Electronic check,71.35,3954.83,2,1,34.96,3,No,70.62196428571428,0.03571428571428571,0.017857142857142856,0,0,1
CUST01720,Male,72,1,No,No,69,Yes,DSL,Two year,Electronic check,70.77,4969.02,3,0,72.74,1,No,72.01478260869565,0.043478260869565216,0.0,0,0,1
CUST01721,Female,71,1,No,Yes,17,Yes,Fiber optic,Month-to-month,Electronic check,96.75,1640.26,1,2,18.84,4,Yes,96.48588235294118,0.058823529411764705,0.11764705882352941,1,0,0
CUST01722,Male,35,0,No,Yes,39,Yes,DSL,Two year,Electronic check,66.31,2433.68,2,2,19.61,3,No,62.402051282051275,0.05128205128205128,0.05128205128205128,0,0,1
CUST01723,Male,73,1,Yes,No,41,No,No,Month-to-month,Mailed check,18.89,676.1,1,3,31.95,4,No,16.490243902439026,0.024390243902439025,0.07317073170731707,0,0,1
CUST01724,Female,40,0,Yes,No,48,Yes,DSL,Month-to-month,Electronic check,52.69,2452.36,4,0,54.28,4,No,51.090833333333336,0.08333333333333333,0.0,0,0,1
CUST01725,Female,28,0,Yes,No,28,Yes,DSL,One year,Credit card,55.79,1493.64,1,2,63.39,2,No,53.34428571428572,0.03571428571428571,0.07142857142857142,0,0,0
CUST01726,Female,38,0,No,No,50,No,DSL,Two year,Bank transfer,55.03,2770.25,0,0,30.29,4,No,55.405,0.0,0.0,0,0,1
CUST01727,Female,61,1,Yes,No,1,Yes,DSL,Month-to-month,Bank transfer,67.5,0.0,0,1,19.91,2,Yes,0.0,0.0,1.0,0,1,0
CUST01728,Male,22,0,No,No,50,No,DSL,Two year,Credit card,55.26,2782.43,2,1,15.48,2,No,55.648599999999995,0.04,0.02,0,0,1
CUST01729,Female,40,0,Yes,Yes,19,Yes,Fiber optic,Month-to-month,Electronic check,70.75,1146.67,1,1,27.07,2,Yes,60.35105263157895,0.05263157894736842,0.05263157894736842,0,0,0
CUST01730,Female,58,0,No,Yes,59,Yes,No,Month-to-month,Electronic check,28.39,1710.8,3,2,23.35,6,No,28.996610169491525,0.05084745762711865,0.03389830508474576,0,0,1
CUST01731,Female,42,0,No,No,68,Yes,Fiber optic,Month-to-month,Credit card,120.65,8124.15,3,1,21.99,5,No,119.47279411764706,0.04411764705882353,0.014705882352941176,1,0,1
CUST01732,Male,58,0,Yes,No,67,Yes,Fiber optic,Two year,Credit card,73.2,4917.86,4,4,23.2,4,No,73.40089552238805,0.05970149253731343,0.05970149253731343,0,0,1
CUST01733,Male,71,1,No,No,41,Yes,Fiber optic,Month-to-month,Electronic check,74.36,2915.36,1,0,35.89,6,No,71.10634146341464,0.024390243902439025,0.0,0,0,1
CUST01734,Female,27,0,Yes,No,10,Yes,Fiber optic,Month-to-month,Electronic check,83.16,768.67,3,4,61.65,3,Yes,76.86699999999999,0.3,0.4,1,0,0
CUST01735,Male,39,0,No,Yes,28,No,DSL,Two year,Mailed check,69.08,1729.6,3,0,21.79,4,No,61.771428571428565,0.10714285714285714,0.0,0,0,0
CUST01736,Female,36,0,Yes,No,34,Yes,Fiber optic,Month-to-month,Electronic check,93.49,3054.04,3,1,41.06,1,No,89.82470588235294,0.08823529411764706,0.029411764705882353,1,0,0
CUST01737,Male,18,0,Yes,No,39,Yes,DSL,Month-to-month,Credit card,58.58,2424.76,3,2,16.39,4,No,62.17333333333334,0.07692307692307693,0.05128205128205128,0,0,1
CUST01738,Male,24,0,No,No,56,Yes,Fiber optic,Month-to-month,Mailed check,78.46,4536.54,2,0,25.23,5,No,81.00964285714285,0.03571428571428571,0.0,0,0,1
CUST01739,Male,21,0,No,Yes,52,Yes,Fiber optic,One year,Bank transfer,116.49,5933.06,1,0,28.95,6,No,114.0973076923077,0.019230769230769232,0.0,1,0,1
CUST01740,Male,18,0,Yes,No,3,Yes,Fiber optic,Month-to-month,Credit card,102.16,272.62,1,2,38.28,1,Yes,90.87333333333333,0.3333333333333333,0.6666666666666666,1,1,0
CUST01741,Female,32,0,No,No,23,Yes,DSL,Two year,Electronic check,80.82,1904.69,5,1,49.69,1,No,82.81260869565217,0.21739130434782608,0.043478260869565216,1,0,0
CUST01742,Female,57,0,Yes,No,17,Yes,DSL,Month-to-month,Mailed check,68.43,1171.36,3,0,20.32,2,Yes,68.9035294117647,0.17647058823529413,0.0,0,0,0
CUST01743,Female,29,0,Yes,No,71,Yes,DSL,Month-to-month,Electronic check,58.88,4122.89,2,3,28.68,3,No,58.06887323943663,0.028169014084507043,0.04225352112676056,0,0,1
CUST01744,Male,39,0,No,Yes,26,Yes,Fiber optic,Two year,Bank transfer,90.98,2209.77,3,0,85.1,1,Yes,84.99115384615385,0.11538461538461539,0.0,1,0,0
CUST01745,Female,39,0,Yes,Yes,18,Yes,No,Month-to-month,Mailed check,39.45,797.8,3,2,46.06,5,No,44.32222222222222,0.16666666666666666,0.1111111111111111,0,0,0
CUST01746,Female,67,1,Yes,Yes,46,Yes,Fiber optic,Two year,Electronic check,92.71,4213.88,3,2,32.68,3,No,91.60608695652174,0.06521739130434782,0.043478260869565216,1,0,1
CUST01747,Female,64,1,No,No,70,Yes,DSL,Month-to-month,Bank transfer,39.38,2592.05,2,2,35.36,4,No,37.02928571428572,0.02857142857142857,0.02857142857142857,0,0,1
CUST01748,Male,34,0,Yes,No,31,No,Fiber optic,Month-to-month,Mailed check,106.04,3282.72,3,0,49.46,5,No,105.8941935483871,0.0967741935483871,0.0,1,0,0
CUST01749,Male,46,0,No,No,9,Yes,Fiber optic,Month-to-month,Credit card,107.45,932.69,3,2,36.65,6,Yes,103.63222222222223,0.3333333333333333,0.2222222222222222,1,0,0
CUST01750,Male,63,1,Yes,Yes,35,Yes,Fiber optic,Month-to-month,Credit card,103.56,3573.74,4,0,62.14,3,No,102.10685714285714,0.11428571428571428,0.0,1,0,0
CUST01751,Female,31,0,Yes,No,60,Yes,Fiber optic,Month-to-month,Mailed check,64.86,3904.26,3,1,36.78,5,No,65.071,0.05,0.016666666666666666,0,0,1
CUST01752,Female,67,1,Yes,No,63,Yes,No,Month-to-month,Credit card,28.1,1749.01,4,1,44.65,1,No,27.762063492063493,0.06349206349206349,0.015873015873015872,0,0,1
CUST01753,Female,37,0,No,Yes,52,Yes,DSL,Month-to-month,Bank transfer,72.3,3871.73,3,0,16.06,2,Yes,74.45634615384616,0.057692307692307696,0.0,0,0,1
CUST01754,Male,67,1,No,No,48,Yes,DSL,Month-to-month,Credit card,60.19,2797.8,4,1,31.41,2,No,58.2875,0.08333333333333333,0.020833333333333332,0,0,1
CUST01755,Male,65,1,Yes,Yes,61,Yes,DSL,Month-to-month,Electronic check,64.57,3861.69,3,0,42.04,3,No,63.306393442622955,0.04918032786885246,0.0,0,0,1
CUST01756,Female,50,0,Yes,Yes,24,Yes,DSL,Month-to-month,Electronic check,66.72,1678.44,1,1,33.66,2,Yes,69.935,0.041666666666666664,0.041666666666666664,0,0,0
CUST01757,Male,72,1,No,Yes,58,Yes,DSL,Month-to-month,Electronic check,50.08,3154.17,0,2,32.76,1,No,54.382241379310344,0.0,0.034482758620689655,0,0,1
CUST01758,Male,60,1,Yes,No,64,Yes,No,Month-to-month,Electronic check,28.76,2074.53,5,0,25.06,6,Yes,32.41453125,0.078125,0.0,0,0,1
CUST01759,Male,32,0,No,No,30,Yes,Fiber optic,One year,Electronic check,70.22,2179.79,2,3,35.3,5,Yes,72.65966666666667,0.06666666666666667,0.1,0,0,0
CUST01760,Male,29,0,Yes,No,29,Yes,Fiber optic,One year,Credit card,83.46,2385.28,2,3,46.25,2,No,82.25103448275863,0.06896551724137931,0.10344827586206896,1,0,0
CUST01761,Female,57,0,No,No,10,Yes,DSL,One year,Electronic check,53.08,477.4,4,0,43.76,6,No,47.739999999999995,0.4,0.0,0,0,0
CUST01762,Male,71,1,Yes,No,39,Yes,No,Month-to-month,Mailed check,32.0,1209.29,3,0,71.05,1,Yes,31.007435897435897,0.07692307692307693,0.0,0,0,1
CUST01763,Male,37,0,No,No,55,Yes,No,Month-to-month,Bank transfer,30.35,1495.13,3,0,73.43,5,No,27.18418181818182,0.05454545454545454,0.0,0,0,1
CUST01764,Male,47,0,No,Yes,28,No,DSL,Month-to-month,Credit card,66.81,1938.97,0,1,51.35,1,No,69.24892857142858,0.0,0.03571428571428571,0,0,0
CUST01765,Male,55,0,Yes,No,18,Yes,Fiber optic,Two year,Credit card,89.23,1738.28,3,0,66.76,3,Yes,96.57111111111111,0.16666666666666666,0.0,1,0,0
CUST01766,Female,20,0,Yes,No,41,Yes,Fiber optic,Month-to-month,Electronic check,91.54,3739.64,6,1,39.89,5,Yes,91.21073170731707,0.14634146341463414,0.024390243902439025,1,0,1
CUST01767,Female,45,0,No,Yes,65,Yes,No,Month-to-month,Credit card,41.07,2878.84,0,1,51.02,5,No,44.289846153846156,0.0,0.015384615384615385,0,0,1
CUST01768,Male,73,1,No,No,46,Yes,Fiber optic,Month-to-month,Credit card,104.86,5096.17,4,2,30.49,1,Yes,110.78630434782609,0.08695652173913043,0.043478260869565216,1,0,1
CUST01769,Male,43,0,Yes,No,60,Yes,Fiber optic,Two year,Bank transfer,70.58,4323.31,2,1,76.02,6,No,72.05516666666668,0.03333333333333333,0.016666666666666666,0,0,1
CUST01770,Male,47,0,Yes,Yes,9,Yes,No,One year,Electronic check,20.73,119.53,2,2,41.62,2,No,13.28111111111111,0.2222222222222222,0.2222222222222222,0,0,0
CUST01771,Male,30,0,No,No,45,Yes,Fiber optic,Month-to-month,Bank transfer,81.87,3598.33,1,5,50.62,6,No,79.96288888888888,0.022222222222222223,0.1111111111111111,1,0,1
CUST01772,Male,30,0,Yes,Yes,60,Yes,DSL,Month-to-month,Bank transfer,57.09,3502.81,1,0,44.85,3,No,58.38016666666667,0.016666666666666666,0.0,0,0,1
CUST01773,Male,19,0,No,No,28,Yes,DSL,Two year,Credit card,50.08,1507.57,2,0,62.89,6,No,53.84178571428571,0.07142857142857142,0.0,0,0,0
CUST01774,Female,54,0,Yes,Yes,3,Yes,Fiber optic,Month-to-month,Electronic check,93.8,215.72,6,1,6.99,2,Yes,71.90666666666667,2.0,0.3333333333333333,1,1,0
CUST01775,Male,66,1,No,Yes,51,Yes,Fiber optic,Month-to-month,Credit card,84.08,4172.13,2,1,26.09,4,Yes,81.8064705882353,0.0392156862745098,0.0196078431372549,1,0,1
CUST01776,Female,55,0,No,Yes,8,Yes,Fiber optic,One year,Credit card,88.26,535.01,4,4,58.33,6,No,66.87625,0.5,0.5,1,0,0
CUST01777,Female,19,0,No,No,70,Yes,DSL,Month-to-month,Credit card,39.49,2659.94,1,1,36.49,6,Yes,37.99914285714286,0.014285714285714285,0.014285714285714285,0,0,1
CUST01778,Male,53,0,Yes,No,59,Yes,DSL,Month-to-month,Credit card,41.13,2384.85,3,1,15.85,3,No,40.421186440677964,0.05084745762711865,0.01694915254237288,0,0,1
CUST01779,Female,71,1,No,Yes,61,Yes,Fiber optic,Month-to-month,Electronic check,76.88,4798.73,2,1,52.33,3,Yes,78.66770491803278,0.03278688524590164,0.01639344262295082,0,0,1
CUST01780,Female,43,0,Yes,Yes,58,Yes,No,Two year,Electronic check,29.86,1674.61,3,2,83.8,1,No,28.87258620689655,0.05172413793103448,0.034482758620689655,0,0,1
CUST01781,Female,28,0,No,No,70,Yes,Fiber optic,Month-to-month,Electronic check,92.17,6145.14,4,2,47.29,1,Yes,87.78771428571429,0.05714285714285714,0.02857142857142857,1,0,1
CUST01782,Female,25,0,No,No,12,Yes,Fiber optic,Two year,Electronic check,100.11,1135.8,4,1,44.82,3,Yes,94.64999999999999,0.3333333333333333,0.08333333333333333,1,0,0
CUST01783,Female,61,1,Yes,No,9,No,Fiber optic,One year,Electronic check,74.49,637.1,4,1,29.03,3,Yes,70.78888888888889,0.4444444444444444,0.1111111111111111,0,0,0
CUST01784,Female,57,0,No,Yes,49,Yes,Fiber optic,Two year,Electronic check,95.29,4633.7,3,1,76.03,5,Yes,94.56530612244897,0.061224489795918366,0.02040816326530612,1,0,1
CUST01785,Male,60,1,Yes,No,17,Yes,No,Two year,Electronic check,37.24,374.73,3,0,40.45,2,No,22.04294117647059,0.17647058823529413,0.0,0,0,0
CUST01786,Female,39,0,No,No,54,Yes,Fiber optic,Month-to-month,Bank transfer,98.9,5306.49,4,2,47.98,6,Yes,98.26833333333333,0.07407407407407407,0.037037037037037035,1,0,1
CUST01787,Female,37,0,No,No,44,Yes,Fiber optic,Month-to-month,Bank transfer,65.61,3018.84,2,3,19.07,1,No,68.61,0.045454545454545456,0.06818181818181818,0,0,1
CUST01788,Female,25,0,No,No,32,Yes,No,One year,Electronic check,33.86,1036.9,2,2,31.9,5,Yes,32.403125,0.0625,0.0625,0,0,0
CUST01789,Male,46,0,Yes,Yes,35,Yes,DSL,One year,Electronic check,63.92,2169.72,0,1,50.39,6,No,61.992,0.0,0.02857142857142857,0,0,0
CUST01790,Female,57,0,Yes,Yes,49,Yes,Fiber optic,Month-to-month,Bank transfer,91.81,4421.47,3,2,14.51,6,No,90.23408163265307,0.061224489795918366,0.04081632653061224,1,0,1
CUST01791,Male,43,0,No,No,54,No,No,Two year,Credit card,44.96,2443.16,2,1,34.54,4,No,45.2437037037037,0.037037037037037035,0.018518518518518517,0,0,1
CUST01792,Female,47,0,Yes,No,16,Yes,DSL,Month-to-month,Electronic check,62.96,855.03,0,0,62.96,3,No,53.439375,0.0,0.0,0,0,0
CUST01793,Male,34,0,Yes,No,12,Yes,Fiber optic,Month-to-month,Bank transfer,94.47,1020.29,2,0,50.78,6,Yes,85.02416666666666,0.16666666666666666,0.0,1,0,0
CUST01794,Male,37,0,Yes,No,8,Yes,DSL,One year,Electronic check,61.13,601.25,5,2,59.1,1,No,75.15625,0.625,0.25,0,0,0
CUST01795,Female,69,1,Yes,No,21,Yes,No,Month-to-month,Credit card,23.05,551.16,7,1,27.51,3,Yes,26.245714285714286,0.3333333333333333,0.047619047619047616,0,0,0
CUST01796,Female,72,1,No,No,48,Yes,DSL,Month-to-month,Mailed check,64.37,3035.52,0,0,35.52,5,Yes,63.24,0.0,0.0,0,0,1
CUST01797,Male,33,0,Yes,No,8,Yes,DSL,Two year,Electronic check,54.75,486.63,4,0,46.85,3,Yes,60.82875,0.5,0.0,0,0,0
CUST01798,Female,63,1,No,Yes,28,Yes,No,One year,Mailed check,26.16,640.51,5,1,29.74,3,No,22.875357142857144,0.17857142857142858,0.03571428571428571,0,0,0
CUST01799,Male,60,1,Yes,Yes,10,Yes,DSL,Two year,Electronic check,56.38,470.59,3,2,26.59,5,Yes,47.059,0.3,0.2,0,0,0
CUST01800,Male,24,0,Yes,No,52,Yes,Fiber optic,One year,Credit card,53.82,2703.4,3,2,28.98,2,No,51.98846153846154,0.057692307692307696,0.038461538461538464,0,0,1
CUST01801,Male,33,0,Yes,Yes,15,Yes,Fiber optic,One year,Credit card,77.62,1007.32,0,1,22.12,5,No,67.15466666666667,0.0,0.06666666666666667,0,0,0
CUST01802,Male,62,1,Yes,Yes,4,Yes,DSL,One year,Bank transfer,71.47,276.41,4,1,27.92,3,Yes,69.1025,1.0,0.25,0,1,0
CUST01803,Male,64,1,Yes,Yes,62,No,Fiber optic,Month-to-month,Electronic check,92.8,5952.62,0,2,50.38,2,Yes,96.01,0.0,0.03225806451612903,1,0,1
CUST01804,Female,73,1,No,Yes,4,Yes,No,Month-to-month,Credit card,23.13,0.0,2,0,14.26,5,Yes,0.0,0.5,0.0,0,1,0
CUST01805,Male,65,1,Yes,Yes,41,Yes,Fiber optic,Month-to-month,Bank transfer,86.48,3714.28,1,0,37.88,5,Yes,90.59219512195122,0.024390243902439025,0.0,1,0,1
CUST01806,Male,44,0,Yes,No,55,Yes,DSL,Two year,Credit card,50.33,2496.64,2,0,50.17,6,No,45.393454545454546,0.03636363636363636,0.0,0,0,1
CUST01807,Female,70,1,Yes,No,28,Yes,DSL,Month-to-month,Electronic check,51.63,1495.55,4,2,27.14,6,No,53.4125,0.14285714285714285,0.07142857142857142,0,0,0
CUST01808,Male,40,0,Yes,No,47,Yes,DSL,Month-to-month,Electronic check,60.08,2638.04,1,0,28.15,1,No,56.12851063829787,0.02127659574468085,0.0,0,0,1
CUST01809,Female,41,0,No,No,9,Yes,Fiber optic,One year,Bank transfer,81.76,786.96,4,0,24.07,5,Yes,87.44,0.4444444444444444,0.0,1,0,0
CUST01810,Female,26,0,No,No,2,Yes,Fiber optic,Month-to-month,Mailed check,73.7,66.11,4,2,42.09,3,Yes,33.055,2.0,1.0,0,1,0
CUST01811,Female,52,0,Yes,Yes,67,No,DSL,Month-to-month,Credit card,59.2,4038.21,3,0,51.14,1,No,60.27179104477612,0.04477611940298507,0.0,0,0,1
CUST01812,Male,68,1,Yes,No,48,Yes,No,Month-to-month,Credit card,18.0,783.53,4,1,52.81,2,No,16.323541666666667,0.08333333333333333,0.020833333333333332,0,0,1
CUST01813,Male,37,0,No,Yes,69,Yes,DSL,Two year,Electronic check,78.89,5492.74,0,1,43.44,1,No,79.60492753623188,0.0,0.014492753623188406,0,0,1
CUST01814,Male,54,0,Yes,No,28,Yes,Fiber optic,Month-to-month,Credit card,98.43,2734.4,0,2,49.96,4,Yes,97.65714285714286,0.0,0.07142857142857142,1,0,0
CUST01815,Female,59,0,No,No,14,No,Fiber optic,Month-to-month,Electronic check,52.43,854.83,3,0,73.27,2,Yes,61.059285714285714,0.21428571428571427,0.0,0,0,0
CUST01816,Male,34,0,Yes,No,46,Yes,DSL,Month-to-month,Bank transfer,70.06,3203.34,3,3,7.56,4,No,69.63782608695652,0.06521739130434782,0.06521739130434782,0,0,1
CUST01817,Female,64,1,No,No,13,No,No,Month-to-month,Mailed check,22.02,306.94,3,0,35.81,3,No,23.61076923076923,0.23076923076923078,0.0,0,0,0
CUST01818,Male,48,0,No,No,16,Yes,Fiber optic,Month-to-month,Bank transfer,76.8,1234.35,3,1,67.59,6,Yes,77.146875,0.1875,0.0625,0,0,0
CUST01819,Female,72,1,No,No,40,Yes,DSL,Two year,Electronic check,69.04,2848.9,3,2,34.26,2,No,71.2225,0.075,0.05,0,0,1
CUST01820,Male,74,1,Yes,Yes,72,Yes,Fiber optic,Month-to-month,Credit card,82.85,6058.26,2,0,21.53,2,No,84.1425,0.027777777777777776,0.0,1,0,1
CUST01821,Male,25,0,Yes,No,30,Yes,DSL,Month-to-month,Electronic check,55.35,1664.09,5,2,54.86,1,No,55.46966666666666,0.16666666666666666,0.06666666666666667,0,0,0
CUST01822,Male,32,0,Yes,No,65,Yes,DSL,Two year,Electronic check,44.06,2690.24,5,2,95.44,4,No,41.38830769230769,0.07692307692307693,0.03076923076923077,0,0,1
CUST01823,Female,48,0,Yes,No,58,Yes,Fiber optic,One year,Electronic check,98.73,5628.42,3,1,14.72,4,No,97.04172413793104,0.05172413793103448,0.017241379310344827,1,0,1
CUST01824,Female,70,1,Yes,Yes,48,Yes,DSL,Month-to-month,Electronic check,72.44,3555.18,3,1,65.31,1,Yes,74.06625,0.0625,0.020833333333333332,0,0,1
CUST01825,Male,47,0,Yes,No,49,Yes,Fiber optic,Month-to-month,Bank transfer,87.42,4128.29,1,0,21.18,1,Yes,84.25081632653061,0.02040816326530612,0.0,1,0,1
CUST01826,Male,63,1,No,Yes,2,Yes,Fiber optic,Two year,Credit card,67.51,60.99,4,0,33.83,6,Yes,30.495,2.0,0.0,0,1,0
CUST01827,Female,37,0,No,Yes,14,Yes,DSL,Month-to-month,Mailed check,63.63,829.38,1,1,51.71,1,Yes,59.24142857142857,0.07142857142857142,0.07142857142857142,0,0,0
CUST01828,Female,56,0,Yes,No,17,Yes,Fiber optic,One year,Electronic check,94.62,1584.73,4,3,35.71,1,Yes,93.21941176470588,0.23529411764705882,0.17647058823529413,1,0,0
CUST01829,Female,70,1,Yes,Yes,31,Yes,DSL,Month-to-month,Credit card,59.68,1811.99,4,0,50.56,6,No,58.45129032258065,0.12903225806451613,0.0,0,0,0
CUST01830,Male,72,1,No,No,10,Yes,Fiber optic,Month-to-month,Electronic check,98.22,985.4,2,2,37.33,6,Yes,98.53999999999999,0.2,0.2,1,0,0
CUST01831,Female,29,0,No,No,70,Yes,DSL,One year,Electronic check,62.03,4234.64,3,3,55.31,5,No,60.49485714285715,0.04285714285714286,0.04285714285714286,0,0,1
CUST01832,Male,66,1,No,No,37,Yes,Fiber optic,Month-to-month,Mailed check,89.56,3226.18,0,1,24.78,1,No,87.19405405405405,0.0,0.02702702702702703,1,0,1
CUST01833,Female,34,0,Yes,No,64,Yes,DSL,Month-to-month,Credit card,77.77,5154.32,1,2,50.18,1,No,80.53625,0.015625,0.03125,0,0,1
CUST01834,Male,59,0,Yes,No,30,Yes,DSL,Two year,Mailed check,54.1,1762.65,0,1,35.71,1,No,58.755,0.0,0.03333333333333333,0,0,0
CUST01835,Female,47,0,Yes,No,34,Yes,No,Month-to-month,Credit card,18.0,662.74,1,1,30.56,6,No,19.49235294117647,0.029411764705882353,0.029411764705882353,0,0,0
CUST01836,Female,46,0,Yes,No,18,Yes,No,Month-to-month,Electronic check,23.65,486.62,1,2,18.83,5,Yes,27.034444444444446,0.05555555555555555,0.1111111111111111,0,0,0
CUST01837,Female,36,0,No,No,63,Yes,Fiber optic,One year,Electronic check,76.54,4847.59,1,2,17.03,3,No,76.94587301587302,0.015873015873015872,0.031746031746031744,0,0,1
CUST01838,Female,63,1,No,No,49,Yes,Fiber optic,One year,Mailed check,63.67,3112.74,3,4,40.26,3,No,63.525306122448974,0.061224489795918366,0.08163265306122448,0,0,1
CUST01839,Female,28,0,Yes,Yes,56,No,DSL,Month-to-month,Electronic check,67.46,3688.97,0,2,22.41,1,No,65.87446428571428,0.0,0.03571428571428571,0,0,1
CUST01840,Male,51,0,No,No,58,Yes,DSL,One year,Mailed check,60.01,3623.64,3,2,16.54,2,No,62.47655172413793,0.05172413793103448,0.034482758620689655,0,0,1
CUST01841,Female,67,1,Yes,Yes,27,Yes,Fiber optic,Month-to-month,Credit card,57.68,1742.29,2,0,75.64,6,No,64.52925925925926,0.07407407407407407,0.0,0,0,0
CUST01842,Female,24,0,No,Yes,55,Yes,Fiber optic,One year,Electronic check,108.19,5893.18,3,1,33.11,5,No,107.14872727272727,0.05454545454545454,0.01818181818181818,1,0,1
CUST01843,Female,61,1,No,Yes,19,Yes,DSL,Two year,Credit card,51.27,1081.89,4,0,30.21,1,No,56.94157894736843,0.21052631578947367,0.0,0,0,0
CUST01844,Male,75,1,Yes,No,23,Yes,No,Two year,Electronic check,20.07,415.77,3,3,11.82,5,No,18.07695652173913,0.13043478260869565,0.13043478260869565,0,0,0
CUST01845,Female,51,0,Yes,No,47,Yes,No,One year,Electronic check,32.53,1446.99,2,0,38.86,5,No,30.787021276595745,0.0425531914893617,0.0,0,0,1
CUST01846,Male,37,0,No,Yes,66,Yes,Fiber optic,Month-to-month,Bank transfer,91.42,5986.83,3,2,56.82,6,Yes,90.70954545454545,0.045454545454545456,0.030303030303030304,1,0,1
CUST01847,Female,67,1,No,No,51,Yes,Fiber optic,Month-to-month,Credit card,101.38,5129.36,1,0,39.95,3,Yes,100.57568627450979,0.0196078431372549,0.0,1,0,1
CUST01848,Female,55,0,No,No,28,Yes,Fiber optic,Month-to-month,Credit card,52.3,1520.77,5,3,70.25,6,Yes,54.31321428571429,0.17857142857142858,0.10714285714285714,0,0,0
CUST01849,Male,41,0,No,No,57,Yes,DSL,Month-to-month,Electronic check,56.57,3176.09,3,0,59.5,4,No,55.72087719298246,0.05263157894736842,0.0,0,0,1
CUST01850,Female,27,0,No,No,58,Yes,DSL,Month-to-month,Electronic check,61.61,3654.96,4,0,29.37,4,Yes,63.01655172413793,0.06896551724137931,0.0,0,0,1
CUST01851,Male,49,0,Yes,No,15,No,DSL,Two year,Credit card,75.62,1057.33,3,2,35.82,4,No,70.48866666666666,0.2,0.13333333333333333,0,0,0
CUST01852,Male,69,1,Yes,No,16,Yes,DSL,Two year,Credit card,49.86,787.86,2,2,58.91,1,No,49.24125,0.125,0.125,0,0,0
CUST01853,Female,32,0,No,No,47,Yes,Fiber optic,Month-to-month,Bank transfer,79.89,3637.63,2,1,12.51,4,Yes,77.39638297872341,0.0425531914893617,0.02127659574468085,0,0,1
CUST01854,Male,54,0,Yes,No,63,Yes,Fiber optic,One year,Credit card,87.11,5353.59,1,0,27.26,1,No,84.97761904761904,0.015873015873015872,0.0,1,0,1
CUST01855,Female,37,0,No,Yes,12,Yes,No,One year,Bank transfer,31.09,405.81,2,2,37.14,2,Yes,33.8175,0.16666666666666666,0.16666666666666666,0,0,0
CUST01856,Female,20,0,Yes,No,43,Yes,Fiber optic,Month-to-month,Electronic check,68.36,2946.33,3,1,56.39,6,Yes,68.51930232558139,0.06976744186046512,0.023255813953488372,0,0,1
CUST01857,Male,54,0,Yes,No,29,Yes,Fiber optic,Month-to-month,Electronic check,97.17,2767.91,2,1,52.58,3,Yes,95.4451724137931,0.06896551724137931,0.034482758620689655,1,0,0
CUST01858,Male,74,1,Yes,No,49,Yes,DSL,Month-to-month,Electronic check,52.92,2496.4,3,1,26.15,2,Yes,50.946938775510205,0.061224489795918366,0.02040816326530612,0,0,1
CUST01859,Male,57,0,No,No,3,Yes,DSL,Month-to-month,Bank transfer,64.5,73.41,2,0,54.71,1,Yes,24.47,0.6666666666666666,0.0,0,1,0
CUST01860,Male,25,0,Yes,No,69,Yes,No,One year,Bank transfer,23.46,1650.57,5,1,86.61,2,No,23.921304347826087,0.07246376811594203,0.014492753623188406,0,0,1
CUST01861,Female,57,0,No,Yes,60,Yes,Fiber optic,Two year,Electronic check,89.12,5274.26,1,0,53.06,6,No,87.90433333333334,0.016666666666666666,0.0,1,0,1
CUST01862,Female,61,1,No,No,66,No,DSL,Month-to-month,Electronic check,62.55,4287.83,2,1,36.19,4,Yes,64.96712121212121,0.030303030303030304,0.015151515151515152,0,0,1
CUST01863,Male,73,1,No,Yes,26,Yes,DSL,One year,Bank transfer,75.32,1972.61,4,3,51.53,2,No,75.86961538461539,0.15384615384615385,0.11538461538461539,0,0,0
CUST01864,Female,40,0,No,No,71,Yes,No,Month-to-month,Mailed check,23.11,1690.26,1,0,21.67,5,No,23.806478873239435,0.014084507042253521,0.0,0,0,1
CUST01865,Female,57,0,Yes,No,69,Yes,DSL,Two year,Bank transfer,56.37,4027.28,3,1,11.78,5,No,58.36637681159421,0.043478260869565216,0.014492753623188406,0,0,1
CUST01866,Female,28,0,No,Yes,47,Yes,DSL,Two year,Electronic check,72.82,3336.6,4,0,51.09,3,No,70.99148936170212,0.0851063829787234,0.0,0,0,1
CUST01867,Female,63,1,Yes,No,42,Yes,Fiber optic,Month-to-month,Credit card,106.0,4493.78,2,1,52.35,2,Yes,106.9947619047619,0.047619047619047616,0.023809523809523808,1,0,1
CUST01868,Male,25,0,Yes,No,31,Yes,DSL,Two year,Bank transfer,55.24,1759.55,2,1,41.08,1,No,56.75967741935484,0.06451612903225806,0.03225806451612903,0,0,0
CUST01869,Male,46,0,Yes,Yes,22,Yes,Fiber optic,Month-to-month,Electronic check,95.39,2043.8,1,1,44.76,3,Yes,92.89999999999999,0.045454545454545456,0.045454545454545456,1,0,0
CUST01870,Female,47,0,No,No,17,Yes,Fiber optic,Month-to-month,Credit card,72.19,1070.67,4,1,51.9,4,Yes,62.98058823529412,0.23529411764705882,0.058823529411764705,0,0,0
CUST01871,Male,73,1,No,No,20,Yes,Fiber optic,One year,Electronic check,95.47,1690.7,5,0,46.81,4,No,84.535,0.25,0.0,1,0,0
CUST01872,Male,27,0,No,No,8,Yes,DSL,Month-to-month,Electronic check,71.04,474.62,2,2,42.63,5,Yes,59.3275,0.25,0.25,0,0,0
CUST01873,Male,56,0,No,Yes,49,Yes,Fiber optic,Month-to-month,Mailed check,80.87,4071.22,1,0,46.49,3,No,83.0861224489796,0.02040816326530612,0.0,1,0,1
CUST01874,Female,45,0,No,No,38,Yes,No,One year,Mailed check,33.89,1206.56,5,2,30.95,4,No,31.75157894736842,0.13157894736842105,0.05263157894736842,0,0,1
CUST01875,Female,66,1,Yes,No,53,Yes,DSL,Month-to-month,Credit card,56.85,3106.13,4,2,7.25,2,No,58.60622641509434,0.07547169811320754,0.03773584905660377,0,0,1
CUST01876,Female,53,0,No,Yes,28,Yes,Fiber optic,Month-to-month,Electronic check,85.36,2310.89,1,1,26.25,3,Yes,82.5317857142857,0.03571428571428571,0.03571428571428571,1,0,0
CUST01877,Male,30,0,Yes,Yes,29,Yes,DSL,Month-to-month,Bank transfer,64.69,1877.57,2,0,61.2,2,No,64.74379310344827,0.06896551724137931,0.0,0,0,0
CUST01878,Female,49,0,No,No,72,Yes,Fiber optic,Month-to-month,Electronic check,70.6,5133.22,5,0,27.19,2,Yes,71.29472222222222,0.06944444444444445,0.0,0,0,1
CUST01879,Female,53,0,No,No,11,Yes,Fiber optic,Month-to-month,Electronic check,64.62,810.97,3,1,68.74,6,Yes,73.72454545454546,0.2727272727272727,0.09090909090909091,0,0,0
CUST01880,Male,54,0,No,Yes,47,Yes,DSL,Month-to-month,Credit card,63.36,2928.93,1,2,38.12,2,Yes,62.31765957446808,0.02127659574468085,0.0425531914893617,0,0,1
CUST01881,Female,43,0,No,No,45,Yes,No,Two year,Credit card,19.06,790.69,2,2,27.92,3,No,17.57088888888889,0.044444444444444446,0.044444444444444446,0,0,1
CUST01882,Female,39,0,Yes,No,18,Yes,DSL,Two year,Electronic check,45.35,615.45,2,2,45.25,3,No,34.19166666666667,0.1111111111111111,0.1111111111111111,0,0,0
CUST01883,Male,21,0,No,No,50,Yes,DSL,Month-to-month,Credit card,69.23,3415.66,2,1,57.27,5,Yes,68.3132,0.04,0.02,0,0,1
CUST01884,Male,48,0,Yes,Yes,49,Yes,DSL,Month-to-month,Electronic check,78.2,4161.02,3,0,69.18,3,No,84.91877551020409,0.061224489795918366,0.0,0,0,1
CUST01885,Male,35,0,No,No,22,Yes,Fiber optic,One year,Mailed check,97.86,2128.25,2,1,68.77,6,No,96.73863636363636,0.09090909090909091,0.045454545454545456,1,0,0
CUST01886,Female,55,0,No,Yes,45,Yes,DSL,Two year,Mailed check,45.78,1915.09,3,2,13.52,1,No,42.55755555555555,0.06666666666666667,0.044444444444444446,0,0,1
CUST01887,Female,41,0,No,No,61,Yes,DSL,Month-to-month,Bank transfer,62.14,3772.55,2,3,30.88,3,No,61.84508196721312,0.03278688524590164,0.04918032786885246,0,0,1
CUST01888,Female,73,1,No,No,21,Yes,Fiber optic,Two year,Credit card,80.36,1758.73,5,5,32.77,6,No,83.74904761904762,0.23809523809523808,0.23809523809523808,1,0,0
CUST01889,Male,40,0,Yes,No,71,Yes,No,Month-to-month,Electronic check,18.18,1228.03,1,1,35.29,5,Yes,17.29619718309859,0.014084507042253521,0.014084507042253521,0,0,1
CUST01890,Male,39,0,Yes,No,61,Yes,DSL,Two year,Bank transfer,61.02,3610.64,2,2,69.85,3,No,59.19081967213115,0.03278688524590164,0.03278688524590164,0,0,1
CUST01891,Female,19,0,No,No,36,Yes,Fiber optic,Month-to-month,Mailed check,83.99,3274.9,7,3,46.67,1,Yes,90.96944444444445,0.19444444444444445,0.08333333333333333,1,0,1
CUST01892,Female,48,0,Yes,No,24,No,No,Two year,Electronic check,23.14,592.56,6,2,13.38,3,Yes,24.689999999999998,0.25,0.08333333333333333,0,0,0
CUST01893,Male,72,1,Yes,Yes,32,Yes,Fiber optic,Month-to-month,Credit card,99.82,3347.4,0,3,25.83,5,Yes,104.60625,0.0,0.09375,1,0,0
CUST01894,Male,28,0,No,No,59,Yes,No,Two year,Electronic check,35.4,2048.57,5,0,28.92,1,No,34.721525423728814,0.0847457627118644,0.0,0,0,1
CUST01895,Male,45,0,No,Yes,5,Yes,Fiber optic,Month-to-month,Credit card,80.15,578.09,1,1,25.62,5,Yes,115.61800000000001,0.2,0.2,1,1,0
CUST01896,Male,63,1,No,No,16,Yes,DSL,Month-to-month,Credit card,57.85,1016.34,3,2,18.82,6,No,63.52125,0.1875,0.125,0,0,0
CUST01897,Female,49,0,Yes,No,11,Yes,DSL,Two year,Mailed check,57.03,678.45,1,0,37.61,4,No,61.67727272727273,0.09090909090909091,0.0,0,0,0
CUST01898,Male,22,0,No,No,35,No,DSL,One year,Electronic check,66.18,2193.43,3,2,51.08,2,Yes,62.66942857142857,0.08571428571428572,0.05714285714285714,0,0,0
CUST01899,Female,55,0,Yes,No,42,Yes,Fiber optic,One year,Credit card,89.97,3705.17,4,2,34.66,5,Yes,88.21833333333333,0.09523809523809523,0.047619047619047616,1,0,1
CUST01900,Female,27,0,No,No,10,Yes,Fiber optic,Month-to-month,Mailed check,74.36,788.61,3,1,13.39,4,Yes,78.861,0.3,0.1,0,0,0
CUST01901,Female,57,0,Yes,No,8,Yes,Fiber optic,One year,Credit card,83.07,629.83,3,2,43.16,3,Yes,78.72875,0.375,0.25,1,0,0
CUST01902,Male,63,1,No,No,26,Yes,No,Two year,Mailed check,18.0,505.25,3,2,43.73,1,Yes,19.432692307692307,0.11538461538461539,0.07692307692307693,0,0,0
CUST01903,Male,41,0,No,Yes,3,Yes,Fiber optic,Month-to-month,Electronic check,61.43,136.61,3,0,14.48,6,No,45.53666666666667,1.0,0.0,0,1,0
CUST01904,Male,52,0,Yes,No,59,Yes,DSL,One year,Mailed check,45.83,2746.12,7,1,36.55,5,No,46.54440677966102,0.11864406779661017,0.01694915254237288,0,0,1
CUST01905,Male,61,1,No,No,3,Yes,DSL,Two year,Electronic check,56.98,105.41,5,0,29.02,1,No,35.13666666666666,1.6666666666666667,0.0,0,1,0
CUST01906,Female,65,1,No,No,38,Yes,No,One year,Mailed check,29.89,1180.85,3,0,25.95,6,No,31.075,0.07894736842105263,0.0,0,0,1
CUST01907,Male,40,0,Yes,Yes,2,Yes,Fiber optic,Two year,Electronic check,73.26,45.67,3,0,36.35,4,No,22.835,1.5,0.0,0,1,0
CUST01908,Male,34,0,No,No,17,Yes,No,Two year,Credit card,23.99,373.55,2,0,46.62,6,No,21.973529411764705,0.11764705882352941,0.0,0,0,0
CUST01909,Female,18,0,Yes,Yes,36,Yes,Fiber optic,One year,Electronic check,88.28,3156.58,3,3,43.9,6,Yes,87.68277777777777,0.08333333333333333,0.08333333333333333,1,0,1
CUST01910,Male,72,1,No,Yes,2,Yes,DSL,One year,Credit card,78.43,66.68,5,3,30.7,5,No,33.34,2.5,1.5,0,1,0
CUST01911,Female,48,0,No,Yes,34,Yes,DSL,Two year,Electronic check,60.67,1998.61,3,3,24.21,3,No,58.78264705882353,0.08823529411764706,0.08823529411764706,0,0,0
CUST01912,Female,48,0,Yes,No,27,Yes,Fiber optic,Two year,Mailed check,86.51,2363.78,3,2,16.77,3,No,87.54740740740742,0.1111111111111111,0.07407407407407407,1,0,0
CUST01913,Female,59,0,No,No,37,Yes,Fiber optic,Two year,Electronic check,75.92,2879.82,4,0,26.53,6,Yes,77.83297297297298,0.10810810810810811,0.0,0,0,1
CUST01914,Female,74,1,Yes,No,71,Yes,DSL,Month-to-month,Bank transfer,82.04,5849.91,3,0,35.2,3,No,82.39309859154929,0.04225352112676056,0.0,1,0,1
CUST01915,Female,72,1,Yes,Yes,22,No,Fiber optic,Month-to-month,Electronic check,96.47,2173.02,3,2,76.62,2,Yes,98.77363636363636,0.13636363636363635,0.09090909090909091,1,0,0
CUST01916,Female,59,0,No,No,68,No,No,One year,Bank transfer,18.0,1232.58,3,0,62.62,3,No,18.126176470588234,0.04411764705882353,0.0,0,0,1
CUST01917,Female,70,1,No,No,14,Yes,Fiber optic,One year,Credit card,107.47,1435.09,0,3,25.91,2,Yes,102.50642857142857,0.0,0.21428571428571427,1,0,0
CUST01918,Female,73,1,Yes,No,23,No,No,Month-to-month,Mailed check,30.73,534.1,4,0,27.66,5,No,23.221739130434784,0.17391304347826086,0.0,0,0,0
CUST01919,Male,51,0,Yes,No,44,Yes,DSL,Month-to-month,Credit card,62.81,2710.69,2,1,21.07,5,No,61.60659090909091,0.045454545454545456,0.022727272727272728,0,0,1
CUST01920,Male,26,0,Yes,No,65,Yes,No,Month-to-month,Electronic check,30.28,1956.04,6,1,66.08,4,Yes,30.092923076923075,0.09230769230769231,0.015384615384615385,0,0,1
CUST01921,Male,39,0,No,No,61,Yes,DSL,One year,Electronic check,73.63,4428.65,3,0,73.65,4,No,72.60081967213114,0.04918032786885246,0.0,0,0,1
CUST01922,Male,30,0,Yes,No,55,Yes,DSL,Two year,Bank transfer,50.96,2958.09,2,0,50.3,1,No,53.783454545454546,0.03636363636363636,0.0,0,0,1
CUST01923,Female,42,0,Yes,No,71,Yes,Fiber optic,Two year,Bank transfer,79.16,5648.0,3,1,30.93,5,No,79.54929577464789,0.04225352112676056,0.014084507042253521,0,0,1
CUST01924,Male,65,1,No,No,50,Yes,DSL,Month-to-month,Bank transfer,59.54,2967.85,4,2,36.57,1,No,59.357,0.08,0.04,0,0,1
CUST01925,Female,35,0,Yes,No,12,Yes,Fiber optic,Month-to-month,Electronic check,66.4,851.51,0,0,20.13,4,Yes,70.95916666666666,0.0,0.0,0,0,0
CUST01926,Male,68,1,Yes,No,15,Yes,Fiber optic,Month-to-month,Credit card,95.94,1641.35,3,0,35.09,1,No,109.42333333333333,0.2,0.0,1,0,0
CUST01927,Male,29,0,Yes,No,17,Yes,DSL,Month-to-month,Mailed check,56.69,935.58,1,1,18.54,4,Yes,55.03411764705883,0.058823529411764705,0.058823529411764705,0,0,0
CUST01928,Male,57,0,Yes,No,34,Yes,DSL,One year,Electronic check,55.37,1786.16,8,0,23.37,2,No,52.53411764705883,0.23529411764705882,0.0,0,0,0
CUST01929,Female,34,0,Yes,Yes,35,No,Fiber optic,Month-to-month,Electronic check,75.36,2669.78,4,1,22.86,4,Yes,76.27942857142858,0.11428571428571428,0.02857142857142857,0,0,0
CUST01930,Male,32,0,No,No,39,Yes,DSL,Month-to-month,Bank transfer,59.59,2209.08,4,0,55.98,5,Yes,56.64307692307692,0.10256410256410256,0.0,0,0,1
CUST01931,Female,59,0,Yes,Yes,55,Yes,DSL,Month-to-month,Electronic check,61.87,3307.51,4,3,26.51,5,No,60.136545454545455,0.07272727272727272,0.05454545454545454,0,0,1
CUST01932,Female,32,0,No,Yes,59,Yes,Fiber optic,Month-to-month,Bank transfer,99.94,6038.86,5,0,25.37,2,Yes,102.35355932203389,0.0847457627118644,0.0,1,0,1
CUST01933,Male,32,0,No,Yes,5,Yes,DSL,Month-to-month,Credit card,72.29,491.03,3,3,11.99,2,Yes,98.20599999999999,0.6,0.6,0,1,0
CUST01934,Male,72,1,No,No,30,Yes,DSL,Month-to-month,Mailed check,46.4,1457.02,2,1,25.34,4,Yes,48.56733333333333,0.06666666666666667,0.03333333333333333,0,0,0
CUST01935,Male,56,0,No,No,4,Yes,Fiber optic,Month-to-month,Mailed check,91.91,406.63,4,2,12.6,5,No,101.6575,1.0,0.5,1,1,0
CUST01936,Female,30,0,Yes,No,15,Yes,DSL,Month-to-month,Bank transfer,74.76,999.3,2,4,43.81,4,No,66.61999999999999,0.13333333333333333,0.26666666666666666,0,0,0
CUST01937,Male,34,0,Yes,No,35,Yes,DSL,Month-to-month,Electronic check,57.33,1925.69,4,2,86.29,4,Yes,55.01971428571429,0.11428571428571428,0.05714285714285714,0,0,0
CUST01938,Female,49,0,Yes,No,55,Yes,DSL,One year,Electronic check,57.96,3320.1,2,1,42.75,6,No,60.36545454545455,0.03636363636363636,0.01818181818181818,0,0,1
CUST01939,Female,26,0,Yes,No,66,Yes,Fiber optic,Two year,Mailed check,79.05,5166.61,3,1,32.59,2,No,78.2819696969697,0.045454545454545456,0.015151515151515152,0,0,1
CUST01940,Male,57,0,No,No,60,Yes,DSL,Month-to-month,Credit card,66.46,3907.61,3,0,51.01,4,No,65.12683333333334,0.05,0.0,0,0,1
CUST01941,Male,37,0,No,No,24,Yes,Fiber optic,One year,Bank transfer,89.31,2124.45,3,1,35.11,4,No,88.51875,0.125,0.041666666666666664,1,0,0
CUST01942,Female,43,0,No,Yes,22,Yes,Fiber optic,Two year,Credit card,99.69,2250.88,2,1,40.99,2,No,102.31272727272727,0.09090909090909091,0.045454545454545456,1,0,0
CUST01943,Female,44,0,Yes,No,44,Yes,Fiber optic,Month-to-month,Electronic check,83.33,3645.77,0,4,84.68,6,No,82.85840909090909,0.0,0.09090909090909091,1,0,1
CUST01944,Female,38,0,No,No,32,Yes,No,Month-to-month,Electronic check,35.08,1104.76,4,1,47.78,2,No,34.52375,0.125,0.03125,0,0,0
CUST01945,Male,35,0,Yes,No,51,Yes,DSL,Month-to-month,Electronic check,67.17,3207.86,4,2,19.01,3,Yes,62.89921568627451,0.0784313725490196,0.0392156862745098,0,0,1
CUST01946,Female,30,0,No,No,3,Yes,Fiber optic,Month-to-month,Bank transfer,102.65,300.87,1,1,44.44,4,No,100.29,0.3333333333333333,0.3333333333333333,1,1,0
CUST01947,Male,33,0,Yes,No,70,No,Fiber optic,One year,Bank transfer,76.06,5423.94,1,0,52.8,6,No,77.48485714285714,0.014285714285714285,0.0,0,0,1
CUST01948,Female,26,0,No,No,32,Yes,Fiber optic,Month-to-month,Electronic check,108.51,3465.46,1,1,60.22,3,Yes,108.295625,0.03125,0.03125,1,0,0
CUST01949,Female,29,0,Yes,No,2,Yes,Fiber optic,Two year,Credit card,76.67,360.33,0,3,48.67,6,No,180.165,0.0,1.5,0,1,0
CUST01950,Male,61,1,No,No,59,Yes,DSL,Month-to-month,Mailed check,53.9,3107.87,3,0,33.15,6,No,52.67576271186441,0.05084745762711865,0.0,0,0,1
CUST01951,Female,55,0,No,Yes,14,Yes,DSL,Two year,Bank transfer,55.28,724.97,2,2,42.68,2,No,51.78357142857143,0.14285714285714285,0.14285714285714285,0,0,0
CUST01952,Male,36,0,No,No,51,Yes,No,Two year,Credit card,21.0,1003.95,2,0,24.4,6,No,19.68529411764706,0.0392156862745098,0.0,0,0,1
CUST01953,Male,24,0,Yes,No,11,Yes,No,Two year,Electronic check,40.15,371.8,1,0,53.55,5,No,33.800000000000004,0.09090909090909091,0.0,0,0,0
CUST01954,Female,74,1,No,No,10,Yes,DSL,Two year,Mailed check,66.26,716.29,1,0,57.31,3,No,71.62899999999999,0.1,0.0,0,0,0
CUST01955,Male,52,0,No,No,58,Yes,Fiber optic,Month-to-month,Credit card,92.44,5334.03,3,1,22.36,1,No,91.96603448275862,0.05172413793103448,0.017241379310344827,1,0,1
CUST01956,Male,65,1,Yes,Yes,34,Yes,Fiber optic,One year,Mailed check,56.63,2119.85,2,0,11.39,1,No,62.3485294117647,0.058823529411764705,0.0,0,0,0
CUST01957,Female,35,0,Yes,Yes,53,Yes,DSL,Month-to-month,Bank transfer,75.43,4022.51,1,0,9.89,6,No,75.89641509433963,0.018867924528301886,0.0,0,0,1
CUST01958,Male,33,0,Yes,No,28,No,DSL,Two year,Bank transfer,47.54,1243.92,5,1,40.16,3,No,44.425714285714285,0.17857142857142858,0.03571428571428571,0,0,0
CUST01959,Male,72,1,Yes,No,18,Yes,DSL,Month-to-month,Mailed check,59.56,972.82,1,1,56.21,1,Yes,54.04555555555556,0.05555555555555555,0.05555555555555555,0,0,0
CUST01960,Male,56,0,No,No,26,Yes,No,Month-to-month,Bank transfer,19.37,670.29,0,3,29.17,5,Yes,25.780384615384612,0.0,0.11538461538461539,0,0,0
CUST01961,Female,21,0,No,Yes,7,Yes,No,Two year,Electronic check,26.92,210.51,4,0,35.61,4,No,30.072857142857142,0.5714285714285714,0.0,0,0,0
CUST01962,Male,42,0,Yes,No,45,Yes,Fiber optic,Month-to-month,Electronic check,108.01,4990.97,1,0,38.31,5,Yes,110.91044444444445,0.022222222222222223,0.0,1,0,1
CUST01963,Female,49,0,No,Yes,45,No,Fiber optic,Month-to-month,Electronic check,70.58,3183.05,4,1,37.87,1,Yes,70.73444444444445,0.08888888888888889,0.022222222222222223,0,0,1
CUST01964,Female,57,0,No,No,71,Yes,DSL,Month-to-month,Electronic check,51.37,3648.86,2,0,26.64,6,Yes,51.39239436619719,0.028169014084507043,0.0,0,0,1
CUST01965,Male,30,0,Yes,No,35,Yes,DSL,One year,Electronic check,61.67,2292.43,2,0,19.12,4,Yes,65.49799999999999,0.05714285714285714,0.0,0,0,0
CUST01966,Male,62,1,No,No,52,No,Fiber optic,One year,Credit card,108.55,5681.88,3,1,39.8,1,No,109.26692307692308,0.057692307692307696,0.019230769230769232,1,0,1
CUST01967,Male,34,0,No,No,21,Yes,DSL,One year,Electronic check,54.9,1189.08,5,0,40.74,3,No,56.62285714285714,0.23809523809523808,0.0,0,0,0
CUST01968,Female,66,1,No,Yes,28,Yes,DSL,Two year,Credit card,51.41,1398.95,5,0,59.95,5,No,49.9625,0.17857142857142858,0.0,0,0,0
CUST01969,Male,54,0,Yes,No,44,Yes,DSL,Month-to-month,Mailed check,61.97,2813.82,3,1,40.47,4,Yes,63.95045454545455,0.06818181818181818,0.022727272727272728,0,0,1
CUST01970,Male,23,0,No,No,56,Yes,Fiber optic,Month-to-month,Bank transfer,85.11,4758.73,3,3,52.24,2,Yes,84.97732142857141,0.05357142857142857,0.05357142857142857,1,0,1
CUST01971,Male,36,0,Yes,Yes,10,Yes,No,One year,Mailed check,18.0,124.49,1,1,39.41,5,No,12.449,0.1,0.1,0,0,0
CUST01972,Male,30,0,No,Yes,23,Yes,DSL,One year,Electronic check,55.14,1483.47,1,1,61.92,2,No,64.49869565217391,0.043478260869565216,0.043478260869565216,0,0,0
CUST01973,Male,74,1,Yes,No,48,Yes,Fiber optic,Month-to-month,Credit card,55.48,2633.08,4,1,16.9,3,Yes,54.85583333333333,0.08333333333333333,0.020833333333333332,0,0,1
CUST01974,Female,43,0,No,Yes,52,Yes,DSL,Month-to-month,Electronic check,59.64,3022.24,2,1,33.73,6,No,58.12,0.038461538461538464,0.019230769230769232,0,0,1
CUST01975,Female,31,0,Yes,Yes,15,Yes,DSL,Month-to-month,Credit card,45.05,789.49,2,1,36.78,1,No,52.632666666666665,0.13333333333333333,0.06666666666666667,0,0,0
CUST01976,Male,48,0,Yes,No,55,No,No,Month-to-month,Credit card,44.75,2529.12,5,2,53.54,3,Yes,45.983999999999995,0.09090909090909091,0.03636363636363636,0,0,1
CUST01977,Male,71,1,No,No,43,Yes,Fiber optic,Month-to-month,Electronic check,93.32,3946.47,2,0,30.18,2,Yes,91.77837209302325,0.046511627906976744,0.0,1,0,1
CUST01978,Male,21,0,Yes,No,50,Yes,No,Month-to-month,Electronic check,27.03,1343.61,5,1,40.39,4,Yes,26.8722,0.1,0.02,0,0,1
CUST01979,Male,56,0,No,No,6,Yes,Fiber optic,Month-to-month,Bank transfer,92.9,624.29,2,2,18.88,3,Yes,104.04833333333333,0.3333333333333333,0.3333333333333333,1,1,0
CUST01980,Female,25,0,No,Yes,33,Yes,DSL,Month-to-month,Bank transfer,54.1,1806.43,0,0,28.07,1,Yes,54.74030303030303,0.0,0.0,0,0,0
CUST01981,Male,42,0,No,No,62,Yes,DSL,One year,Credit card,58.29,3692.58,4,2,25.39,4,No,59.55774193548387,0.06451612903225806,0.03225806451612903,0,0,1
CUST01982,Female,30,0,Yes,Yes,55,Yes,Fiber optic,Two year,Electronic check,92.58,5091.24,3,0,23.64,4,No,92.568,0.05454545454545454,0.0,1,0,1
CUST01983,Female,49,0,No,No,39,Yes,DSL,Month-to-month,Credit card,48.29,1965.12,0,2,23.39,1,No,50.387692307692305,0.0,0.05128205128205128,0,0,1
CUST01984,Male,55,0,No,Yes,12,No,No,Month-to-month,Electronic check,30.46,334.63,1,2,24.38,4,Yes,27.885833333333334,0.08333333333333333,0.16666666666666666,0,0,0
CUST01985,Female,55,0,No,No,31,Yes,DSL,Two year,Mailed check,85.29,2579.4,2,1,68.26,6,No,83.20645161290322,0.06451612903225806,0.03225806451612903,1,0,0
CUST01986,Female,73,1,Yes,No,53,Yes,DSL,Month-to-month,Mailed check,42.24,2344.02,3,1,21.7,6,No,44.22679245283019,0.05660377358490566,0.018867924528301886,0,0,1
CUST01987,Female,45,0,No,Yes,34,Yes,Fiber optic,Two year,Electronic check,92.99,3190.77,1,2,40.87,5,No,93.84617647058823,0.029411764705882353,0.058823529411764705,1,0,0
CUST01988,Female,70,1,No,No,41,Yes,Fiber optic,Month-to-month,Electronic check,72.72,3050.22,2,0,20.96,4,Yes,74.39560975609756,0.04878048780487805,0.0,0,0,1
CUST01989,Male,47,0,Yes,Yes,10,Yes,Fiber optic,Two year,Credit card,95.36,1076.03,1,2,29.78,2,No,107.603,0.1,0.2,1,0,0
CUST01990,Male,20,0,Yes,No,52,Yes,No,Month-to-month,Electronic check,27.71,1383.66,5,0,38.43,5,Yes,26.608846153846155,0.09615384615384616,0.0,0,0,1
CUST01991,Female,45,0,Yes,No,57,Yes,DSL,Month-to-month,Mailed check,82.56,4759.16,3,1,16.6,3,No,83.4940350877193,0.05263157894736842,0.017543859649122806,1,0,1
CUST01992,Male,20,0,No,Yes,3,Yes,No,Two year,Bank transfer,38.61,347.83,4,3,41.96,4,No,115.94333333333333,1.3333333333333333,1.0,0,1,0
CUST01993,Male,62,1,No,No,57,Yes,Fiber optic,Two year,Electronic check,63.28,3590.95,2,1,30.09,1,Yes,62.99912280701754,0.03508771929824561,0.017543859649122806,0,0,1
CUST01994,Male,71,1,No,Yes,33,Yes,DSL,Month-to-month,Electronic check,69.17,2161.97,0,0,41.37,5,Yes,65.51424242424241,0.0,0.0,0,0,0
CUST01995,Male,51,0,Yes,No,7,Yes,Fiber optic,Two year,Bank transfer,96.21,755.67,2,0,46.91,4,Yes,107.95285714285714,0.2857142857142857,0.0,1,0,0
CUST01996,Male,33,0,Yes,No,4,Yes,DSL,Month-to-month,Credit card,74.27,130.6,3,2,25.44,2,Yes,32.65,0.75,0.5,0,1,0
CUST01997,Female,39,0,No,No,39,Yes,Fiber optic,One year,Credit card,92.09,3481.75,4,0,42.36,6,Yes,89.27564102564102,0.10256410256410256,0.0,1,0,1
CUST01998,Male,49,0,No,No,48,Yes,Fiber optic,Month-to-month,Electronic check,93.95,4510.22,1,1,51.55,4,Yes,93.96291666666667,0.020833333333333332,0.020833333333333332,1,0,1
CUST01999,Male,55,0,No,Yes,16,Yes,DSL,Month-to-month,Electronic check,47.61,758.88,0,1,57.26,4,Yes,47.43,0.0,0.0625,0,0,0
CUST02000,Male,25,0,No,No,38,Yes,Fiber optic,One year,Bank transfer,91.33,3489.36,4,1,40.9,5,No,91.82526315789474,0.10526315789473684,0.02631578947368421,1,0,1
CUST02001,Male,72,1,Yes,No,4,Yes,DSL,Month-to-month,Credit card,57.4,450.29,3,1,29.84,6,Yes,112.5725,0.75,0.25,0,1,0
CUST02002,Female,25,0,No,Yes,4,Yes,DSL,Month-to-month,Electronic check,68.2,281.26,0,2,51.62,2,Yes,70.315,0.0,0.5,0,1,0
CUST02003,Female,74,1,Yes,No,27,Yes,DSL,Month-to-month,Electronic check,58.87,1531.75,2,2,24.96,4,Yes,56.73148148148148,0.07407407407407407,0.07407407407407407,0,0,0
CUST02004,Female,23,0,Yes,No,17,Yes,No,Month-to-month,Credit card,28.58,421.75,1,2,44.71,5,Yes,24.808823529411764,0.058823529411764705,0.11764705882352941,0,0,0
CUST02005,Female,31,0,No,No,70,No,Fiber optic,One year,Bank transfer,94.24,6551.19,2,2,33.95,1,No,93.58842857142857,0.02857142857142857,0.02857142857142857,1,0,1
CUST02006,Male,49,0,Yes,Yes,54,Yes,DSL,Month-to-month,Electronic check,67.62,3530.11,2,2,60.05,4,Yes,65.37240740740741,0.037037037037037035,0.037037037037037035,0,0,1
CUST02007,Female,52,0,Yes,Yes,8,Yes,DSL,Two year,Bank transfer,51.07,464.57,4,1,37.06,3,No,58.07125,0.5,0.125,0,0,0
CUST02008,Male,27,0,Yes,No,53,No,DSL,Month-to-month,Electronic check,89.03,4748.76,1,0,23.85,1,Yes,89.59924528301887,0.018867924528301886,0.0,1,0,1
CUST02009,Male,20,0,Yes,No,5,Yes,Fiber optic,Month-to-month,Electronic check,88.81,490.73,1,2,22.31,4,Yes,98.146,0.2,0.4,1,1,0
CUST02010,Male,29,0,No,No,69,Yes,DSL,Month-to-month,Bank transfer,67.58,4743.09,0,2,42.24,1,No,68.7404347826087,0.0,0.028985507246376812,0,0,1
CUST02011,Male,66,1,Yes,Yes,47,Yes,Fiber optic,One year,Bank transfer,85.89,4098.76,3,2,38.76,3,No,87.2076595744681,0.06382978723404255,0.0425531914893617,1,0,1
CUST02012,Male,48,0,Yes,No,40,Yes,Fiber optic,Month-to-month,Electronic check,68.38,2597.05,1,0,15.74,1,Yes,64.92625000000001,0.025,0.0,0,0,1
CUST02013,Female,46,0,Yes,No,7,No,Fiber optic,Month-to-month,Electronic check,96.74,649.06,5,2,92.61,4,No,92.72285714285714,0.7142857142857143,0.2857142857142857,1,0,0
CUST02014,Female,22,0,Yes,Yes,12,Yes,Fiber optic,Month-to-month,Electronic check,89.03,1044.36,6,0,36.85,6,Yes,87.02999999999999,0.5,0.0,1,0,0
CUST02015,Female,69,1,Yes,Yes,25,Yes,Fiber optic,Two year,Bank transfer,98.33,2595.98,2,3,41.83,3,Yes,103.8392,0.08,0.12,1,0,0
CUST02016,Female,42,0,No,No,28,Yes,Fiber optic,Month-to-month,Electronic check,75.03,2247.35,3,0,54.97,6,Yes,80.2625,0.10714285714285714,0.0,0,0,0
CUST02017,Male,58,0,Yes,No,43,Yes,Fiber optic,Two year,Electronic check,80.02,3398.26,5,0,42.32,6,No,79.0293023255814,0.11627906976744186,0.0,1,0,1
CUST02018,Female,48,0,No,No,47,Yes,Fiber optic,Month-to-month,Electronic check,89.02,4084.81,2,0,21.15,6,No,86.91085106382978,0.0425531914893617,0.0,1,0,1
CUST02019,Male,38,0,No,No,49,No,Fiber optic,Month-to-month,Credit card,85.72,4216.13,4,0,33.53,6,No,86.04346938775511,0.08163265306122448,0.0,1,0,1
CUST02020,Female,75,1,No,No,54,No,DSL,Month-to-month,Bank transfer,56.57,3022.91,2,3,22.16,2,Yes,55.97981481481481,0.037037037037037035,0.05555555555555555,0,0,1
CUST02021,Male,37,0,Yes,Yes,18,Yes,Fiber optic,Month-to-month,Electronic check,89.03,1594.18,2,1,24.04,5,Yes,88.56555555555556,0.1111111111111111,0.05555555555555555,1,0,0
CUST02022,Male,56,0,Yes,No,27,Yes,Fiber optic,Month-to-month,Credit card,106.45,2995.71,3,1,30.86,5,Yes,110.95222222222222,0.1111111111111111,0.037037037037037035,1,0,0
CUST02023,Female,39,0,No,No,72,Yes,Fiber optic,Two year,Electronic check,91.87,6641.53,1,2,40.62,4,No,92.24347222222222,0.013888888888888888,0.027777777777777776,1,0,1
CUST02024,Male,21,0,No,No,6,No,Fiber optic,Month-to-month,Credit card,102.6,567.61,1,2,32.41,5,Yes,94.60166666666667,0.16666666666666666,0.3333333333333333,1,1,0
CUST02025,Male,30,0,No,Yes,69,Yes,Fiber optic,Month-to-month,Electronic check,82.48,5625.24,2,5,22.92,5,No,81.52521739130434,0.028985507246376812,0.07246376811594203,1,0,1
CUST02026,Female,62,1,No,No,71,Yes,Fiber optic,Month-to-month,Electronic check,85.82,5949.62,2,2,3.88,4,Yes,83.7974647887324,0.028169014084507043,0.028169014084507043,1,0,1
CUST02027,Male,59,0,No,No,22,Yes,DSL,Month-to-month,Credit card,62.92,1440.48,4,1,65.81,4,No,65.47636363636364,0.18181818181818182,0.045454545454545456,0,0,0
CUST02028,Female,67,1,No,No,59,Yes,DSL,Month-to-month,Bank transfer,54.67,3253.75,3,2,51.51,1,No,55.148305084745765,0.05084745762711865,0.03389830508474576,0,0,1
CUST02029,Female,66,1,No,No,47,Yes,No,Two year,Bank transfer,27.01,1325.82,3,1,46.56,5,No,28.208936170212766,0.06382978723404255,0.02127659574468085,0,0,1
CUST02030,Female,37,0,Yes,No,68,Yes,DSL,Month-to-month,Credit card,78.81,5357.4,3,1,20.66,6,Yes,78.78529411764706,0.04411764705882353,0.014705882352941176,0,0,1
CUST02031,Male,69,1,No,No,32,Yes,DSL,One year,Electronic check,80.93,2484.14,2,1,30.24,1,Yes,77.629375,0.0625,0.03125,1,0,0
CUST02032,Male,30,0,No,No,1,Yes,Fiber optic,Month-to-month,Electronic check,105.63,111.2,3,0,23.63,5,No,111.2,3.0,0.0,1,1,0
CUST02033,Male,34,0,Yes,No,54,Yes,DSL,Month-to-month,Credit card,63.67,3552.13,5,0,20.31,5,No,65.78018518518519,0.09259259259259259,0.0,0,0,1
CUST02034,Female,71,1,No,Yes,46,Yes,Fiber optic,Month-to-month,Mailed check,74.21,3419.48,1,1,37.41,2,Yes,74.33652173913043,0.021739130434782608,0.021739130434782608,0,0,1
CUST02035,Male,53,0,No,No,41,Yes,DSL,Month-to-month,Mailed check,89.36,3828.03,3,3,33.59,5,No,93.36658536585367,0.07317073170731707,0.07317073170731707,1,0,1
CUST02036,Female,50,0,No,No,41,Yes,Fiber optic,Month-to-month,Credit card,77.29,3194.11,4,1,51.45,4,Yes,77.90512195121951,0.0975609756097561,0.024390243902439025,0,0,1
CUST02037,Female,18,0,No,No,8,Yes,DSL,Month-to-month,Credit card,78.29,823.09,2,1,31.05,5,Yes,102.88625,0.25,0.125,0,0,0
CUST02038,Male,32,0,Yes,No,32,Yes,No,Month-to-month,Bank transfer,27.93,1098.66,3,1,19.02,3,No,34.333125,0.09375,0.03125,0,0,0
CUST02039,Female,30,0,No,No,30,Yes,No,Two year,Electronic check,18.0,450.24,2,0,93.02,6,No,15.008000000000001,0.06666666666666667,0.0,0,0,0
CUST02040,Male,34,0,No,Yes,46,Yes,Fiber optic,Month-to-month,Credit card,62.77,2822.75,1,1,30.54,2,No,61.36413043478261,0.021739130434782608,0.021739130434782608,0,0,1
CUST02041,Male,41,0,No,No,52,Yes,Fiber optic,One year,Electronic check,105.86,5459.01,5,1,52.2,1,Yes,104.98096153846154,0.09615384615384616,0.019230769230769232,1,0,1
CUST02042,Male,75,1,Yes,No,61,Yes,DSL,Month-to-month,Electronic check,53.11,3068.92,3,1,31.11,5,No,50.31016393442623,0.04918032786885246,0.01639344262295082,0,0,1
CUST02043,Male,25,0,Yes,Yes,13,Yes,DSL,Two year,Electronic check,44.88,629.84,2,1,32.49,5,No,48.44923076923077,0.15384615384615385,0.07692307692307693,0,0,0
CUST02044,Male,67,1,No,No,40,Yes,DSL,Month-to-month,Credit card,56.77,2314.46,3,1,28.3,1,Yes,57.8615,0.075,0.025,0,0,1
CUST02045,Female,44,0,Yes,No,61,No,DSL,Month-to-month,Credit card,59.94,3675.55,1,0,24.89,2,No,60.25491803278689,0.01639344262295082,0.0,0,0,1
CUST02046,Female,62,1,Yes,No,44,Yes,DSL,Two year,Bank transfer,64.45,2713.45,2,1,25.2,1,Yes,61.66931818181818,0.045454545454545456,0.022727272727272728,0,0,1
CUST02047,Female,40,0,No,No,62,Yes,No,Month-to-month,Bank transfer,27.55,1866.95,6,1,44.31,5,No,30.11209677419355,0.0967741935483871,0.016129032258064516,0,0,1
CUST02048,Male,63,1,No,No,44,Yes,DSL,One year,Mailed check,51.21,2065.2,4,0,35.53,1,No,46.93636363636363,0.09090909090909091,0.0,0,0,1
CUST02049,Male,25,0,Yes,No,48,No,DSL,One year,Electronic check,60.02,2748.66,2,2,31.63,1,No,57.263749999999995,0.041666666666666664,0.041666666666666664,0,0,1
CUST02050,Male,25,0,Yes,Yes,59,Yes,DSL,Month-to-month,Credit card,80.61,4844.61,2,0,37.45,5,Yes,82.11203389830509,0.03389830508474576,0.0,1,0,1
CUST02051,Female,43,0,Yes,No,57,No,DSL,Two year,Credit card,47.37,2731.68,1,0,68.94,2,No,47.92421052631579,0.017543859649122806,0.0,0,0,1
CUST02052,Male,64,1,No,No,11,Yes,DSL,Two year,Bank transfer,65.65,660.74,5,3,111.5,4,Yes,60.06727272727273,0.45454545454545453,0.2727272727272727,0,0,0
CUST02053,Female,30,0,Yes,No,25,Yes,DSL,Two year,Electronic check,47.35,1189.25,2,2,10.15,2,No,47.57,0.08,0.08,0,0,0
CUST02054,Female,56,0,Yes,No,61,Yes,No,Two year,Electronic check,21.71,1337.23,2,2,70.09,4,No,21.921803278688525,0.03278688524590164,0.03278688524590164,0,0,1
CUST02055,Male,54,0,No,No,46,Yes,DSL,Month-to-month,Electronic check,73.59,3502.9,2,5,65.55,5,Yes,76.15,0.043478260869565216,0.10869565217391304,0,0,1
CUST02056,Male,66,1,No,Yes,54,Yes,Fiber optic,Month-to-month,Mailed check,54.5,2821.37,3,0,74.6,5,Yes,52.24759259259259,0.05555555555555555,0.0,0,0,1
CUST02057,Female,45,0,No,No,34,Yes,DSL,One year,Mailed check,85.18,2925.31,1,1,21.12,4,No,86.0385294117647,0.029411764705882353,0.029411764705882353,1,0,0
CUST02058,Male,42,0,Yes,No,7,Yes,DSL,Month-to-month,Credit card,44.48,419.24,1,0,19.5,5,Yes,59.89142857142857,0.14285714285714285,0.0,0,0,0
CUST02059,Female,33,0,Yes,No,62,Yes,Fiber optic,Month-to-month,Mailed check,54.86,3301.51,3,3,55.7,5,No,53.25016129032259,0.04838709677419355,0.04838709677419355,0,0,1
CUST02060,Male,72,1,No,No,57,Yes,DSL,Month-to-month,Electronic check,60.23,3427.95,1,1,26.77,4,No,60.13947368421052,0.017543859649122806,0.017543859649122806,0,0,1
CUST02061,Male,19,0,Yes,No,5,Yes,DSL,Two year,Electronic check,54.85,268.35,4,1,28.25,1,No,53.67,0.8,0.2,0,1,0
CUST02062,Female,71,1,No,No,35,Yes,DSL,Month-to-month,Bank transfer,52.58,1678.94,2,1,21.88,6,Yes,47.96971428571429,0.05714285714285714,0.02857142857142857,0,0,0
CUST02063,Male,35,0,Yes,Yes,37,No,DSL,Two year,Electronic check,67.7,2534.12,1,1,21.7,2,Yes,68.48972972972973,0.02702702702702703,0.02702702702702703,0,0,1
CUST02064,Female,34,0,Yes,No,60,Yes,DSL,Month-to-month,Electronic check,48.89,2968.59,3,2,29.81,2,No,49.4765,0.05,0.03333333333333333,0,0,1
CUST02065,Male,47,0,No,Yes,65,Yes,No,Month-to-month,Mailed check,29.56,2071.03,1,1,42.44,3,No,31.862000000000002,0.015384615384615385,0.015384615384615385,0,0,1
CUST02066,Female,56,0,No,Yes,16,Yes,Fiber optic,Two year,Credit card,97.41,1556.43,1,1,70.69,5,No,97.276875,0.0625,0.0625,1,0,0
CUST02067,Female,30,0,No,No,30,Yes,Fiber optic,Two year,Mailed check,64.42,1976.38,1,0,60.79,1,No,65.87933333333334,0.03333333333333333,0.0,0,0,0
CUST02068,Male,49,0,Yes,No,42,Yes,Fiber optic,Month-to-month,Electronic check,100.4,4364.02,0,1,12.48,1,Yes,103.9052380952381,0.0,0.023809523809523808,1,0,1
CUST02069,Female,67,1,Yes,No,61,Yes,DSL,Month-to-month,Credit card,69.28,4161.9,4,1,58.5,5,Yes,68.22786885245901,0.06557377049180328,0.01639344262295082,0,0,1
CUST02070,Male,46,0,No,Yes,48,Yes,Fiber optic,Month-to-month,Electronic check,108.29,5079.83,0,1,37.35,2,Yes,105.82979166666667,0.0,0.020833333333333332,1,0,1
CUST02071,Male,63,1,No,Yes,62,Yes,Fiber optic,Two year,Mailed check,85.08,5287.17,2,1,36.68,3,No,85.27693548387097,0.03225806451612903,0.016129032258064516,1,0,1
CUST02072,Male,47,0,Yes,Yes,64,Yes,DSL,Month-to-month,Electronic check,49.98,3179.0,6,1,41.42,3,Yes,49.671875,0.09375,0.015625,0,0,1
CUST02073,Female,35,0,Yes,Yes,57,Yes,Fiber optic,Month-to-month,Credit card,103.81,5908.09,2,1,49.72,3,Yes,103.65070175438596,0.03508771929824561,0.017543859649122806,1,0,1
CUST02074,Female,30,0,Yes,Yes,68,Yes,DSL,One year,Electronic check,60.58,4077.14,1,1,35.4,4,No,59.957941176470584,0.014705882352941176,0.014705882352941176,0,0,1
CUST02075,Male,60,1,No,No,46,Yes,DSL,Month-to-month,Bank transfer,81.87,3682.04,2,0,48.76,6,No,80.04434782608696,0.043478260869565216,0.0,1,0,1
CUST02076,Male,38,0,No,No,28,Yes,DSL,Month-to-month,Electronic check,68.51,2011.71,3,1,48.34,4,No,71.84678571428572,0.10714285714285714,0.03571428571428571,0,0,0
CUST02077,Female,47,0,No,No,3,Yes,Fiber optic,Two year,Electronic check,84.61,251.79,5,0,40.62,5,No,83.92999999999999,1.6666666666666667,0.0,1,1,0
CUST02078,Male,38,0,Yes,No,37,No,DSL,Two year,Credit card,49.42,2053.09,0,1,20.69,3,No,55.48891891891892,0.0,0.02702702702702703,0,0,1
CUST02079,Male,65,1,No,Yes,48,Yes,Fiber optic,Two year,Credit card,83.43,3900.64,2,0,40.86,1,No,81.26333333333334,0.041666666666666664,0.0,1,0,1
CUST02080,Female,72,1,Yes,No,19,Yes,No,Month-to-month,Electronic check,32.5,818.14,3,2,69.92,4,No,43.06,0.15789473684210525,0.10526315789473684,0,0,0
CUST02081,Male,34,0,No,No,17,Yes,No,Two year,Electronic check,18.0,335.25,0,2,82.0,4,No,19.720588235294116,0.0,0.11764705882352941,0,0,0
CUST02082,Female,57,0,No,No,40,Yes,Fiber optic,One year,Mailed check,78.92,3158.65,2,2,45.54,5,No,78.96625,0.05,0.05,0,0,1
CUST02083,Male,36,0,Yes,No,50,No,Fiber optic,Month-to-month,Electronic check,60.78,2928.93,8,0,79.18,6,No,58.578599999999994,0.16,0.0,0,0,1
CUST02084,Female,69,1,Yes,No,29,No,Fiber optic,One year,Electronic check,69.38,1945.76,0,0,25.77,4,Yes,67.09517241379311,0.0,0.0,0,0,0
CUST02085,Male,32,0,Yes,Yes,51,Yes,Fiber optic,Month-to-month,Electronic check,75.83,3993.19,4,1,50.34,5,No,78.2978431372549,0.0784313725490196,0.0196078431372549,0,0,1
CUST02086,Male,26,0,Yes,No,42,Yes,DSL,One year,Mailed check,56.75,2116.95,0,0,62.41,1,No,50.403571428571425,0.0,0.0,0,0,1
CUST02087,Female,69,1,No,Yes,29,Yes,DSL,One year,Electronic check,64.24,1683.44,5,0,31.74,5,Yes,58.04965517241379,0.1724137931034483,0.0,0,0,0
CUST02088,Male,27,0,No,Yes,66,Yes,Fiber optic,One year,Bank transfer,95.53,6143.79,3,1,74.71,3,No,93.08772727272728,0.045454545454545456,0.015151515151515152,1,0,1
CUST02089,Female,61,1,No,Yes,17,No,DSL,Month-to-month,Mailed check,76.6,1419.3,2,3,73.68,4,Yes,83.48823529411764,0.11764705882352941,0.17647058823529413,0,0,0
CUST02090,Male,48,0,No,No,31,Yes,No,One year,Credit card,37.83,1240.8,1,2,35.48,2,No,40.0258064516129,0.03225806451612903,0.06451612903225806,0,0,0
CUST02091,Female,70,1,No,No,52,Yes,DSL,Month-to-month,Electronic check,74.22,3758.14,1,3,25.65,5,No,72.27192307692307,0.019230769230769232,0.057692307692307696,0,0,1
CUST02092,Female,40,0,Yes,Yes,39,Yes,Fiber optic,Two year,Bank transfer,79.31,3045.93,1,1,24.37,1,Yes,78.10076923076923,0.02564102564102564,0.02564102564102564,0,0,1
CUST02093,Female,69,1,Yes,No,60,Yes,DSL,One year,Bank transfer,62.81,3781.58,0,1,40.21,3,No,63.02633333333333,0.0,0.016666666666666666,0,0,1
CUST02094,Female,47,0,No,No,51,No,DSL,Month-to-month,Bank transfer,53.25,2817.72,1,2,37.29,5,Yes,55.249411764705876,0.0196078431372549,0.0392156862745098,0,0,1
CUST02095,Male,50,0,Yes,No,16,Yes,No,Month-to-month,Bank transfer,27.01,330.85,2,3,36.96,3,Yes,20.678125,0.125,0.1875,0,0,0
CUST02096,Male,74,1,No,No,14,Yes,Fiber optic,One year,Electronic check,82.59,1169.58,1,1,37.92,1,Yes,83.54142857142857,0.07142857142857142,0.07142857142857142,1,0,0
CUST02097,Female,69,1,Yes,No,42,Yes,Fiber optic,Month-to-month,Bank transfer,67.87,2816.11,0,1,23.14,3,No,67.0502380952381,0.0,0.023809523809523808,0,0,1
CUST02098,Female,26,0,No,No,51,Yes,DSL,One year,Electronic check,77.42,3938.12,2,1,13.95,1,No,77.21803921568628,0.0392156862745098,0.0196078431372549,0,0,1
CUST02099,Female,71,1,No,No,24,No,DSL,Month-to-month,Credit card,80.5,1842.35,1,2,63.09,4,No,76.76458333333333,0.041666666666666664,0.08333333333333333,1,0,0
CUST02100,Male,64,1,Yes,No,43,No,DSL,One year,Credit card,50.9,2209.68,3,0,36.7,3,Yes,51.38790697674418,0.06976744186046512,0.0,0,0,1
CUST02101,Male,18,0,Yes,No,19,No,Fiber optic,Month-to-month,Electronic check,92.81,1685.15,2,3,63.34,2,Yes,88.6921052631579,0.10526315789473684,0.15789473684210525,1,0,0
CUST02102,Male,61,1,No,Yes,61,Yes,DSL,Month-to-month,Electronic check,51.42,3146.17,0,0,13.6,2,No,51.576557377049184,0.0,0.0,0,0,1
CUST02103,Male,52,0,Yes,No,63,Yes,Fiber optic,Two year,Electronic check,83.81,5436.28,2,3,16.02,2,No,86.29015873015872,0.031746031746031744,0.047619047619047616,1,0,1
CUST02104,Female,28,0,Yes,Yes,26,Yes,Fiber optic,One year,Credit card,77.03,2107.15,2,1,4.83,5,No,81.04423076923078,0.07692307692307693,0.038461538461538464,0,0,0
CUST02105,Female,51,0,No,No,35,Yes,DSL,Month-to-month,Mailed check,52.47,1975.43,1,1,37.87,4,Yes,56.44085714285715,0.02857142857142857,0.02857142857142857,0,0,0
CUST02106,Female,33,0,Yes,Yes,67,Yes,Fiber optic,Two year,Credit card,87.85,5917.59,3,0,49.47,4,No,88.32223880597014,0.04477611940298507,0.0,1,0,1
CUST02107,Male,26,0,No,No,56,Yes,Fiber optic,Month-to-month,Bank transfer,57.77,3348.4,2,1,58.27,1,No,59.792857142857144,0.03571428571428571,0.017857142857142856,0,0,1
CUST02108,Male,49,0,No,No,40,Yes,DSL,One year,Electronic check,53.73,1968.98,5,1,15.03,1,No,49.2245,0.125,0.025,0,0,1
CUST02109,Male,32,0,Yes,No,29,Yes,DSL,Month-to-month,Electronic check,108.19,2968.05,2,1,28.77,5,Yes,102.34655172413794,0.06896551724137931,0.034482758620689655,1,0,0
CUST02110,Female,29,0,No,No,6,Yes,Fiber optic,Month-to-month,Electronic check,61.88,270.78,3,2,41.79,6,Yes,45.129999999999995,0.5,0.3333333333333333,0,1,0
CUST02111,Female,50,0,No,No,52,Yes,DSL,Month-to-month,Electronic check,55.44,2789.28,1,1,24.52,6,No,53.64,0.019230769230769232,0.019230769230769232,0,0,1
CUST02112,Male,62,1,Yes,No,1,No,Fiber optic,Month-to-month,Credit card,89.32,194.11,1,0,27.63,3,Yes,194.11,1.0,0.0,1,1,0
CUST02113,Female,31,0,Yes,No,52,Yes,Fiber optic,Two year,Mailed check,82.31,4129.25,0,0,48.74,5,No,79.40865384615384,0.0,0.0,1,0,1
CUST02114,Male,74,1,Yes,Yes,24,Yes,DSL,Two year,Credit card,50.83,1084.25,3,1,12.22,2,No,45.177083333333336,0.125,0.041666666666666664,0,0,0
CUST02115,Male,74,1,Yes,No,34,No,Fiber optic,Month-to-month,Credit card,99.52,3371.49,2,0,19.49,4,No,99.16147058823529,0.058823529411764705,0.0,1,0,0
CUST02116,Female,25,0,Yes,No,7,Yes,No,Month-to-month,Electronic check,26.2,197.1,4,0,52.37,1,Yes,28.157142857142855,0.5714285714285714,0.0,0,0,0
CUST02117,Male,25,0,Yes,No,11,Yes,Fiber optic,Two year,Electronic check,75.65,919.65,3,1,33.74,6,No,83.60454545454546,0.2727272727272727,0.09090909090909091,0,0,0
CUST02118,Female,44,0,Yes,No,36,Yes,DSL,Month-to-month,Electronic check,70.29,2503.7,2,0,24.32,6,No,69.54722222222222,0.05555555555555555,0.0,0,0,1
CUST02119,Male,29,0,No,No,20,Yes,DSL,Month-to-month,Bank transfer,53.67,1055.13,2,2,18.89,1,Yes,52.7565,0.1,0.1,0,0,0
CUST02120,Female,18,0,No,Yes,63,Yes,No,Month-to-month,Credit card,18.0,1222.72,4,2,32.83,4,No,19.40825396825397,0.06349206349206349,0.031746031746031744,0,0,1
CUST02121,Female,60,1,No,No,63,Yes,Fiber optic,Month-to-month,Electronic check,93.82,5820.67,2,0,31.84,6,Yes,92.39158730158731,0.031746031746031744,0.0,1,0,1
CUST02122,Female,57,0,No,Yes,69,Yes,No,Month-to-month,Credit card,18.0,1254.27,1,1,68.58,2,Yes,18.17782608695652,0.014492753623188406,0.014492753623188406,0,0,1
CUST02123,Male,59,0,No,Yes,30,Yes,No,One year,Credit card,39.06,1228.8,6,0,37.13,2,No,40.96,0.2,0.0,0,0,0
CUST02124,Male,68,1,No,No,30,Yes,Fiber optic,Month-to-month,Electronic check,107.74,3195.16,3,0,9.22,2,Yes,106.50533333333333,0.1,0.0,1,0,0
CUST02125,Female,28,0,No,No,22,Yes,DSL,Two year,Credit card,66.56,1550.39,1,1,40.76,4,No,70.47227272727274,0.045454545454545456,0.045454545454545456,0,0,0
CUST02126,Female,56,0,Yes,Yes,61,Yes,Fiber optic,Month-to-month,Bank transfer,76.27,4566.79,3,1,39.86,5,Yes,74.86540983606557,0.04918032786885246,0.01639344262295082,0,0,1
CUST02127,Male,60,1,No,No,21,Yes,DSL,One year,Electronic check,47.19,1147.23,2,3,91.86,2,No,54.63,0.09523809523809523,0.14285714285714285,0,0,0
CUST02128,Male,48,0,Yes,No,37,Yes,DSL,Month-to-month,Bank transfer,29.13,1046.34,3,3,24.13,5,Yes,28.279459459459456,0.08108108108108109,0.08108108108108109,0,0,1
CUST02129,Male,34,0,Yes,No,27,Yes,Fiber optic,One year,Electronic check,109.24,2905.58,1,3,68.24,6,Yes,107.61407407407407,0.037037037037037035,0.1111111111111111,1,0,0
CUST02130,Female,50,0,No,No,35,Yes,DSL,Month-to-month,Bank transfer,48.37,1546.87,2,2,66.61,3,No,44.196285714285715,0.05714285714285714,0.05714285714285714,0,0,0
CUST02131,Male,49,0,Yes,No,38,Yes,Fiber optic,Month-to-month,Mailed check,90.31,3319.77,3,1,27.23,1,No,87.36236842105264,0.07894736842105263,0.02631578947368421,1,0,1
CUST02132,Male,75,1,Yes,Yes,60,Yes,DSL,Two year,Credit card,62.39,3662.24,4,1,27.45,5,No,61.03733333333333,0.06666666666666667,0.016666666666666666,0,0,1
CUST02133,Female,46,0,No,No,70,Yes,Fiber optic,Month-to-month,Electronic check,59.91,4080.9,2,1,11.77,6,Yes,58.29857142857143,0.02857142857142857,0.014285714285714285,0,0,1
CUST02134,Male,38,0,No,Yes,32,Yes,DSL,One year,Credit card,52.75,1569.75,2,2,44.65,3,No,49.0546875,0.0625,0.0625,0,0,0
CUST02135,Male,38,0,No,No,27,Yes,Fiber optic,Two year,Electronic check,68.0,1840.39,3,0,47.21,4,No,68.1625925925926,0.1111111111111111,0.0,0,0,0
CUST02136,Male,57,0,No,No,3,No,Fiber optic,Month-to-month,Electronic check,96.9,350.81,1,0,45.79,3,No,116.93666666666667,0.3333333333333333,0.0,1,1,0
CUST02137,Female,40,0,Yes,No,49,No,DSL,Month-to-month,Bank transfer,70.05,3460.41,2,0,27.22,3,No,70.62061224489796,0.04081632653061224,0.0,0,0,1
CUST02138,Female,73,1,Yes,Yes,30,Yes,Fiber optic,Month-to-month,Electronic check,81.34,2120.51,3,3,61.73,1,Yes,70.68366666666667,0.1,0.1,1,0,0
CUST02139,Female,23,0,No,Yes,22,Yes,DSL,Two year,Electronic check,49.89,993.43,3,3,32.55,3,No,45.15590909090909,0.13636363636363635,0.13636363636363635,0,0,0
CUST02140,Female,39,0,Yes,No,19,Yes,No,Month-to-month,Bank transfer,26.5,617.21,1,0,15.99,6,Yes,32.484736842105264,0.05263157894736842,0.0,0,0,0
CUST02141,Female,67,1,No,No,31,Yes,Fiber optic,One year,Bank transfer,101.61,3015.54,2,3,41.97,3,Yes,97.27548387096775,0.06451612903225806,0.0967741935483871,1,0,0
CUST02142,Female,55,0,Yes,No,20,Yes,DSL,One year,Electronic check,42.22,832.29,3,1,56.75,1,No,41.6145,0.15,0.05,0,0,0
CUST02143,Female,54,0,Yes,No,19,Yes,Fiber optic,Month-to-month,Bank transfer,116.69,2107.49,3,1,31.82,4,Yes,110.92052631578946,0.15789473684210525,0.05263157894736842,1,0,0
CUST02144,Male,62,1,No,No,2,Yes,Fiber optic,One year,Mailed check,81.34,293.22,1,1,42.22,2,Yes,146.61,0.5,0.5,1,1,0
CUST02145,Male,68,1,No,Yes,40,Yes,Fiber optic,Month-to-month,Electronic check,83.22,3249.34,1,1,49.94,5,Yes,81.2335,0.025,0.025,1,0,1
CUST02146,Female,71,1,No,Yes,39,Yes,No,Month-to-month,Credit card,37.82,1543.76,2,1,39.58,5,Yes,39.58358974358974,0.05128205128205128,0.02564102564102564,0,0,1
CUST02147,Male,25,0,No,No,72,Yes,Fiber optic,One year,Bank transfer,84.16,5987.08,4,2,36.67,3,No,83.15388888888889,0.05555555555555555,0.027777777777777776,1,0,1
CUST02148,Male,58,0,Yes,No,54,Yes,No,Month-to-month,Bank transfer,24.16,1062.05,2,0,52.18,2,No,19.66759259259259,0.037037037037037035,0.0,0,0,1
CUST02149,Female,66,1,Yes,Yes,27,Yes,No,Month-to-month,Electronic check,18.0,533.1,3,1,24.73,2,Yes,19.744444444444444,0.1111111111111111,0.037037037037037035,0,0,0
CUST02150,Male,52,0,Yes,Yes,12,Yes,Fiber optic,One year,Electronic check,76.34,724.16,2,1,45.1,3,Yes,60.346666666666664,0.16666666666666666,0.08333333333333333,0,0,0
CUST02151,Male,68,1,Yes,No,71,No,DSL,One year,Bank transfer,51.53,3567.3,5,1,42.62,5,No,50.24366197183099,0.07042253521126761,0.014084507042253521,0,0,1
CUST02152,Male,28,0,Yes,Yes,17,Yes,DSL,Month-to-month,Mailed check,38.81,846.36,4,1,43.31,5,No,49.78588235294118,0.23529411764705882,0.058823529411764705,0,0,0
CUST02153,Male,41,0,No,No,10,No,Fiber optic,One year,Bank transfer,53.8,850.97,3,2,22.59,6,No,85.09700000000001,0.3,0.2,0,0,0
CUST02154,Male,66,1,Yes,No,19,Yes,Fiber optic,Month-to-month,Mailed check,81.53,1551.08,3,2,72.46,6,Yes,81.63578947368421,0.15789473684210525,0.10526315789473684,1,0,0
CUST02155,Female,38,0,No,Yes,30,Yes,Fiber optic,Two year,Credit card,64.28,1839.26,3,2,33.25,2,No,61.30866666666667,0.1,0.06666666666666667,0,0,0
CUST02156,Female,68,1,No,Yes,30,Yes,DSL,One year,Mailed check,67.83,2037.49,1,1,36.64,2,No,67.91633333333333,0.03333333333333333,0.03333333333333333,0,0,0
CUST02157,Female,19,0,Yes,No,25,Yes,DSL,Month-to-month,Bank transfer,57.35,1302.35,2,1,44.2,3,No,52.093999999999994,0.08,0.04,0,0,0
CUST02158,Male,57,0,Yes,No,66,Yes,Fiber optic,Month-to-month,Mailed check,61.06,3987.74,1,1,84.92,5,No,60.420303030303025,0.015151515151515152,0.015151515151515152,0,0,1
CUST02159,Female,36,0,Yes,No,35,Yes,Fiber optic,One year,Electronic check,107.87,3935.69,4,2,59.15,5,No,112.44828571428572,0.11428571428571428,0.05714285714285714,1,0,0
CUST02160,Male,56,0,No,No,51,Yes,No,Two year,Bank transfer,21.59,1122.04,2,1,43.35,3,No,22.00078431372549,0.0392156862745098,0.0196078431372549,0,0,1
CUST02161,Male,45,0,Yes,No,71,Yes,Fiber optic,Month-to-month,Electronic check,92.73,6441.59,1,2,30.42,3,No,90.72661971830986,0.014084507042253521,0.028169014084507043,1,0,1
CUST02162,Male,34,0,Yes,No,71,Yes,DSL,Month-to-month,Electronic check,79.73,5701.47,4,1,115.25,4,No,80.30239436619719,0.056338028169014086,0.014084507042253521,0,0,1
CUST02163,Male,23,0,No,No,27,Yes,Fiber optic,Month-to-month,Credit card,84.49,2110.07,4,2,37.38,2,Yes,78.15074074074074,0.14814814814814814,0.07407407407407407,1,0,0
CUST02164,Female,36,0,Yes,Yes,10,Yes,DSL,Month-to-month,Electronic check,60.17,414.01,1,3,37.14,2,No,41.400999999999996,0.1,0.3,0,0,0
CUST02165,Female,73,1,No,No,43,Yes,No,One year,Electronic check,36.5,1646.08,2,0,31.67,2,No,38.28093023255814,0.046511627906976744,0.0,0,0,1
CUST02166,Male,55,0,No,No,55,Yes,Fiber optic,Month-to-month,Mailed check,80.59,4356.08,2,0,16.76,1,No,79.20145454545454,0.03636363636363636,0.0,1,0,1
CUST02167,Female,45,0,No,No,71,Yes,Fiber optic,One year,Bank transfer,101.1,7335.45,1,1,38.97,1,No,103.3161971830986,0.014084507042253521,0.014084507042253521,1,0,1
CUST02168,Male,19,0,Yes,No,6,Yes,DSL,Two year,Mailed check,59.11,249.22,2,0,60.7,6,No,41.53666666666667,0.3333333333333333,0.0,0,1,0
CUST02169,Female,55,0,No,No,6,Yes,Fiber optic,Two year,Mailed check,87.55,648.05,5,5,42.86,3,Yes,108.00833333333333,0.8333333333333334,0.8333333333333334,1,1,0
CUST02170,Female,72,1,No,No,48,Yes,Fiber optic,Month-to-month,Credit card,87.35,4356.96,3,2,54.27,4,Yes,90.77,0.0625,0.041666666666666664,1,0,1
CUST02171,Male,54,0,Yes,Yes,2,Yes,DSL,One year,Electronic check,55.56,126.68,1,1,57.19,1,No,63.34,0.5,0.5,0,1,0
CUST02172,Female,68,1,Yes,Yes,51,Yes,Fiber optic,Two year,Electronic check,76.98,3895.72,1,2,29.34,2,No,76.38666666666666,0.0196078431372549,0.0392156862745098,0,0,1
CUST02173,Male,69,1,Yes,No,61,Yes,Fiber optic,Month-to-month,Credit card,75.21,4527.76,2,1,42.31,4,Yes,74.2255737704918,0.03278688524590164,0.01639344262295082,0,0,1
CUST02174,Female,21,0,No,Yes,19,Yes,DSL,Month-to-month,Credit card,44.45,790.76,1,0,49.74,5,No,41.618947368421054,0.05263157894736842,0.0,0,0,0
CUST02175,Male,39,0,No,No,2,Yes,DSL,Two year,Credit card,54.64,0.0,2,1,49.88,3,No,0.0,1.0,0.5,0,1,0
CUST02176,Male,43,0,No,No,51,Yes,Fiber optic,Month-to-month,Credit card,81.02,4196.09,3,0,11.05,1,Yes,82.27627450980393,0.058823529411764705,0.0,1,0,1
CUST02177,Female,66,1,No,No,26,Yes,DSL,Two year,Electronic check,64.89,1747.7,2,0,70.59,6,No,67.21923076923078,0.07692307692307693,0.0,0,0,0
CUST02178,Female,60,1,Yes,No,70,Yes,DSL,Month-to-month,Credit card,58.89,4099.36,1,1,23.11,4,No,58.56228571428571,0.014285714285714285,0.014285714285714285,0,0,1
CUST02179,Male,53,0,Yes,No,20,Yes,DSL,Month-to-month,Electronic check,72.93,1461.6,4,4,50.67,1,Yes,73.08,0.2,0.2,0,0,0
CUST02180,Female,75,1,No,Yes,23,Yes,Fiber optic,Month-to-month,Mailed check,100.49,2265.88,2,1,60.41,6,Yes,98.51652173913044,0.08695652173913043,0.043478260869565216,1,0,0
CUST02181,Female,30,0,No,Yes,54,No,Fiber optic,Month-to-month,Electronic check,105.18,5558.08,4,1,20.18,1,No,102.9274074074074,0.07407407407407407,0.018518518518518517,1,0,1
CUST02182,Male,69,1,Yes,No,15,Yes,DSL,Month-to-month,Credit card,57.57,733.15,3,2,45.21,3,No,48.876666666666665,0.2,0.13333333333333333,0,0,0
CUST02183,Male,75,1,No,Yes,6,No,DSL,Month-to-month,Electronic check,53.87,266.38,1,0,53.74,1,Yes,44.39666666666667,0.16666666666666666,0.0,0,1,0
CUST02184,Female,49,0,No,No,35,Yes,DSL,Month-to-month,Bank transfer,43.59,1486.39,6,0,28.03,3,Yes,42.46828571428572,0.17142857142857143,0.0,0,0,0
CUST02185,Male,34,0,No,Yes,8,Yes,Fiber optic,Month-to-month,Electronic check,104.63,952.59,1,2,66.82,3,Yes,119.07375,0.125,0.25,1,0,0
CUST02186,Male,58,0,No,No,57,Yes,DSL,Month-to-month,Electronic check,46.15,2697.4,1,0,22.14,5,No,47.32280701754386,0.017543859649122806,0.0,0,0,1
CUST02187,Male,53,0,No,No,50,Yes,DSL,Two year,Credit card,49.19,2613.53,2,1,37.77,2,No,52.2706,0.04,0.02,0,0,1
CUST02188,Female,72,1,Yes,Yes,49,Yes,Fiber optic,Month-to-month,Mailed check,88.39,4400.13,2,1,31.99,5,Yes,89.79857142857144,0.04081632653061224,0.02040816326530612,1,0,1
CUST02189,Female,63,1,No,No,21,Yes,Fiber optic,Two year,Mailed check,80.37,1529.27,1,0,54.05,1,Yes,72.82238095238095,0.047619047619047616,0.0,1,0,0
CUST02190,Male,36,0,Yes,No,36,Yes,DSL,Two year,Electronic check,77.37,2636.86,2,0,30.34,5,No,73.24611111111112,0.05555555555555555,0.0,0,0,1
CUST02191,Female,75,1,No,No,71,Yes,DSL,Month-to-month,Bank transfer,50.79,3500.07,4,0,31.41,4,No,49.29676056338028,0.056338028169014086,0.0,0,0,1
CUST02192,Male,52,0,Yes,No,69,Yes,Fiber optic,Month-to-month,Electronic check,85.44,5860.09,1,1,31.02,5,No,84.92884057971014,0.014492753623188406,0.014492753623188406,1,0,1
CUST02193,Female,63,1,No,No,58,Yes,DSL,Two year,Electronic check,37.77,2113.04,4,2,66.87,5,No,36.431724137931035,0.06896551724137931,0.034482758620689655,0,0,1
CUST02194,Male,57,0,No,No,63,Yes,DSL,One year,Credit card,74.79,4780.97,2,1,52.41,5,No,75.88841269841271,0.031746031746031744,0.015873015873015872,0,0,1
CUST02195,Male,73,1,Yes,No,16,Yes,DSL,Month-to-month,Electronic check,39.89,756.09,1,2,46.82,3,Yes,47.255625,0.0625,0.125,0,0,0
CUST02196,Female,45,0,Yes,No,6,No,DSL,One year,Bank transfer,89.85,418.27,4,1,101.13,6,Yes,69.71166666666666,0.6666666666666666,0.16666666666666666,1,1,0
CUST02197,Male,18,0,No,Yes,52,Yes,DSL,Month-to-month,Mailed check,58.59,2882.39,3,1,24.87,2,No,55.43057692307692,0.057692307692307696,0.019230769230769232,0,0,1
CUST02198,Female,59,0,No,No,2,Yes,Fiber optic,Month-to-month,Electronic check,80.69,325.82,6,0,66.95,5,Yes,162.91,3.0,0.0,1,1,0
CUST02199,Female,35,0,Yes,No,18,Yes,Fiber optic,Month-to-month,Electronic check,84.53,1544.68,0,1,99.14,5,Yes,85.81555555555556,0.0,0.05555555555555555,1,0,0
CUST02200,Male,65,1,No,No,35,No,DSL,Month-to-month,Credit card,47.11,1595.32,5,0,20.01,2,Yes,45.580571428571425,0.14285714285714285,0.0,0,0,0
CUST02201,Male,57,0,No,No,39,Yes,Fiber optic,Two year,Credit card,94.87,3858.09,5,1,92.59,6,Yes,98.92538461538462,0.1282051282051282,0.02564102564102564,1,0,1
CUST02202,Female,50,0,No,No,1,Yes,DSL,Two year,Mailed check,55.1,179.62,4,1,28.54,5,No,179.62,4.0,1.0,0,1,0
CUST02203,Male,29,0,Yes,No,37,Yes,DSL,One year,Mailed check,56.25,2022.09,3,1,37.28,2,Yes,54.65108108108108,0.08108108108108109,0.02702702702702703,0,0,1
CUST02204,Male,25,0,No,No,21,Yes,Fiber optic,Month-to-month,Credit card,104.28,2276.92,1,1,33.83,6,Yes,108.42476190476191,0.047619047619047616,0.047619047619047616,1,0,0
CUST02205,Male,41,0,No,No,1,Yes,DSL,Month-to-month,Electronic check,39.36,154.59,2,0,41.45,5,No,154.59,2.0,0.0,0,1,0
CUST02206,Male,33,0,No,No,4,Yes,DSL,Month-to-month,Bank transfer,57.65,314.46,2,2,36.79,5,Yes,78.615,0.5,0.5,0,1,0
CUST02207,Male,67,1,No,No,58,Yes,Fiber optic,Month-to-month,Electronic check,83.36,4961.69,4,1,28.83,6,Yes,85.54637931034482,0.06896551724137931,0.017241379310344827,1,0,1
CUST02208,Female,21,0,No,No,1,No,DSL,Month-to-month,Mailed check,61.66,0.0,3,0,45.5,4,Yes,0.0,3.0,0.0,0,1,0
CUST02209,Female,55,0,No,No,13,Yes,No,One year,Electronic check,20.55,269.76,2,3,36.63,4,No,20.75076923076923,0.15384615384615385,0.23076923076923078,0,0,0
CUST02210,Male,61,1,Yes,No,46,No,Fiber optic,Month-to-month,Credit card,80.21,3854.21,1,2,24.93,4,Yes,83.78717391304347,0.021739130434782608,0.043478260869565216,1,0,1
CUST02211,Male,44,0,Yes,Yes,47,Yes,DSL,Two year,Electronic check,82.19,3823.95,2,0,9.63,3,No,81.36063829787234,0.0425531914893617,0.0,1,0,1
CUST02212,Male,26,0,Yes,Yes,7,Yes,Fiber optic,Two year,Credit card,92.49,582.92,3,2,59.32,1,No,83.27428571428571,0.42857142857142855,0.2857142857142857,1,0,0
CUST02213,Female,64,1,Yes,No,51,Yes,Fiber optic,One year,Credit card,73.31,3749.91,1,0,47.66,4,No,73.52764705882353,0.0196078431372549,0.0,0,0,1
CUST02214,Male,33,0,No,No,3,Yes,Fiber optic,One year,Bank transfer,94.78,126.04,3,0,24.03,1,No,42.013333333333335,1.0,0.0,1,1,0
CUST02215,Female,73,1,No,No,50,Yes,DSL,Month-to-month,Bank transfer,60.55,3060.14,3,2,18.61,2,No,61.202799999999996,0.06,0.04,0,0,1
CUST02216,Female,29,0,No,No,26,Yes,Fiber optic,Month-to-month,Credit card,96.13,2332.79,2,2,25.84,1,No,89.72269230769231,0.07692307692307693,0.07692307692307693,1,0,0
CUST02217,Female,48,0,Yes,No,31,Yes,Fiber optic,Two year,Electronic check,81.94,2666.82,3,0,36.33,2,Yes,86.02645161290323,0.0967741935483871,0.0,1,0,0
CUST02218,Male,41,0,No,Yes,62,Yes,DSL,One year,Mailed check,50.31,2957.1,0,0,45.75,1,No,47.69516129032258,0.0,0.0,0,0,1
CUST02219,Female,72,1,Yes,No,26,Yes,Fiber optic,Month-to-month,Bank transfer,59.97,1644.14,6,0,26.31,2,Yes,63.23615384615385,0.23076923076923078,0.0,0,0,0
CUST02220,Male,31,0,Yes,No,67,Yes,Fiber optic,One year,Electronic check,102.29,6780.46,1,1,53.3,4,No,101.20089552238807,0.014925373134328358,0.014925373134328358,1,0,1
CUST02221,Female,62,1,Yes,No,55,Yes,Fiber optic,Two year,Bank transfer,95.26,5133.53,2,1,29.92,4,Yes,93.33690909090909,0.03636363636363636,0.01818181818181818,1,0,1
CUST02222,Male,42,0,No,No,28,Yes,Fiber optic,Month-to-month,Mailed check,90.35,2532.42,3,1,50.6,6,No,90.44357142857143,0.10714285714285714,0.03571428571428571,1,0,0
CUST02223,Female,51,0,Yes,Yes,44,Yes,DSL,Month-to-month,Credit card,67.79,3012.69,1,0,18.47,4,Yes,68.47022727272727,0.022727272727272728,0.0,0,0,1
CUST02224,Male,20,0,No,No,38,Yes,Fiber optic,Two year,Electronic check,103.55,3944.1,5,0,23.08,2,Yes,103.7921052631579,0.13157894736842105,0.0,1,0,1
CUST02225,Female,75,1,Yes,Yes,30,Yes,Fiber optic,Month-to-month,Credit card,59.75,1826.49,1,1,45.69,3,No,60.883,0.03333333333333333,0.03333333333333333,0,0,0
CUST02226,Male,41,0,No,No,66,Yes,No,Month-to-month,Electronic check,25.67,1763.32,2,0,38.72,1,Yes,26.716969696969695,0.030303030303030304,0.0,0,0,1
CUST02227,Male,71,1,No,No,8,Yes,No,Month-to-month,Bank transfer,18.0,0.0,3,3,63.93,2,Yes,0.0,0.375,0.375,0,0,0
CUST02228,Male,59,0,No,No,14,Yes,DSL,Two year,Credit card,55.27,787.3,2,0,80.94,4,No,56.23571428571428,0.14285714285714285,0.0,0,0,0
CUST02229,Male,26,0,No,No,62,Yes,No,Two year,Mailed check,27.64,1577.29,1,3,33.81,1,No,25.440161290322582,0.016129032258064516,0.04838709677419355,0,0,1
CUST02230,Female,43,0,No,No,63,Yes,DSL,Month-to-month,Credit card,55.78,3387.29,0,0,14.28,4,Yes,53.766507936507935,0.0,0.0,0,0,1
CUST02231,Female,37,0,No,No,66,Yes,DSL,Month-to-month,Electronic check,81.15,5245.87,1,3,46.95,3,Yes,79.48287878787879,0.015151515151515152,0.045454545454545456,1,0,1
CUST02232,Male,57,0,No,No,40,Yes,DSL,Month-to-month,Bank transfer,56.51,2063.15,2,0,16.13,5,Yes,51.57875,0.05,0.0,0,0,1
CUST02233,Female,27,0,Yes,Yes,13,Yes,DSL,Month-to-month,Electronic check,50.76,658.78,1,3,66.77,6,No,50.675384615384615,0.07692307692307693,0.23076923076923078,0,0,0
CUST02234,Male,36,0,Yes,No,17,Yes,DSL,Month-to-month,Electronic check,60.38,849.74,3,0,54.1,4,No,49.98470588235294,0.17647058823529413,0.0,0,0,0
CUST02235,Male,20,0,Yes,No,15,No,Fiber optic,Month-to-month,Credit card,69.46,1082.41,2,1,27.23,5,No,72.16066666666667,0.13333333333333333,0.06666666666666667,0,0,0
CUST02236,Female,41,0,No,Yes,33,Yes,DSL,Month-to-month,Electronic check,49.48,1784.72,2,1,60.9,3,Yes,54.082424242424246,0.06060606060606061,0.030303030303030304,0,0,0
CUST02237,Male,22,0,No,No,16,Yes,DSL,Two year,Mailed check,71.24,1296.32,1,1,22.97,5,No,81.02,0.0625,0.0625,0,0,0
CUST02238,Male,20,0,No,No,13,Yes,DSL,Month-to-month,Credit card,71.88,825.34,4,1,51.6,4,Yes,63.48769230769231,0.3076923076923077,0.07692307692307693,0,0,0
CUST02239,Female,75,1,No,No,23,Yes,Fiber optic,Month-to-month,Bank transfer,87.36,1890.56,0,0,29.38,6,No,82.19826086956522,0.0,0.0,1,0,0
CUST02240,Male,44,0,Yes,No,36,Yes,Fiber optic,Month-to-month,Electronic check,94.15,3467.53,0,2,72.8,3,No,96.32027777777779,0.0,0.05555555555555555,1,0,1
CUST02241,Male,33,0,No,No,43,Yes,Fiber optic,One year,Bank transfer,116.33,5007.86,7,1,62.41,1,No,116.46186046511627,0.16279069767441862,0.023255813953488372,1,0,1
CUST02242,Male,66,1,No,No,50,Yes,DSL,Month-to-month,Credit card,59.3,2957.59,3,1,51.15,5,No,59.1518,0.06,0.02,0,0,1
CUST02243,Male,32,0,Yes,No,13,Yes,Fiber optic,Month-to-month,Credit card,72.0,805.21,2,0,69.95,5,No,61.939230769230775,0.15384615384615385,0.0,0,0,0
CUST02244,Female,52,0,No,No,30,Yes,Fiber optic,One year,Mailed check,93.04,2803.24,6,3,18.45,2,No,93.44133333333333,0.2,0.1,1,0,0
CUST02245,Female,29,0,Yes,No,57,No,Fiber optic,Two year,Credit card,97.53,5645.72,2,2,58.2,4,No,99.04771929824562,0.03508771929824561,0.03508771929824561,1,0,1
CUST02246,Female,58,0,No,Yes,30,Yes,Fiber optic,One year,Bank transfer,99.01,2893.04,1,1,48.8,4,No,96.43466666666667,0.03333333333333333,0.03333333333333333,1,0,0
CUST02247,Male,70,1,Yes,No,71,Yes,DSL,Month-to-month,Electronic check,73.73,5281.21,1,1,33.71,5,No,74.38323943661972,0.014084507042253521,0.014084507042253521,0,0,1
CUST02248,Male,61,1,No,Yes,10,Yes,No,Month-to-month,Electronic check,32.96,345.57,2,1,33.19,5,Yes,34.557,0.2,0.1,0,0,0
CUST02249,Female,43,0,No,Yes,66,Yes,Fiber optic,One year,Mailed check,92.8,6059.52,3,1,35.89,5,No,91.81090909090909,0.045454545454545456,0.015151515151515152,1,0,1
CUST02250,Male,64,1,Yes,No,39,Yes,DSL,Month-to-month,Bank transfer,67.63,2632.46,2,2,26.04,4,No,67.49897435897437,0.05128205128205128,0.05128205128205128,0,0,1
CUST02251,Male,51,0,Yes,No,37,Yes,Fiber optic,Month-to-month,Credit card,91.16,3268.26,2,4,18.09,2,Yes,88.33135135135136,0.05405405405405406,0.10810810810810811,1,0,1
CUST02252,Male,40,0,No,Yes,3,Yes,Fiber optic,Two year,Mailed check,61.16,269.07,6,1,21.42,5,No,89.69,2.0,0.3333333333333333,0,1,0
CUST02253,Male,48,0,No,Yes,34,Yes,DSL,Two year,Credit card,39.38,1235.95,1,1,25.8,4,No,36.351470588235294,0.029411764705882353,0.029411764705882353,0,0,0
CUST02254,Female,67,1,No,No,38,Yes,DSL,Two year,Credit card,47.36,1739.89,4,2,24.63,4,No,45.786578947368426,0.10526315789473684,0.05263157894736842,0,0,1
CUST02255,Female,37,0,No,No,14,Yes,DSL,Two year,Credit card,69.84,1068.02,1,1,34.39,2,No,76.28714285714285,0.07142857142857142,0.07142857142857142,0,0,0
CUST02256,Female,29,0,Yes,No,64,Yes,DSL,One year,Credit card,54.75,3451.66,3,4,17.42,6,No,53.9321875,0.046875,0.0625,0,0,1
CUST02257,Male,40,0,No,Yes,39,Yes,No,One year,Electronic check,26.09,923.92,2,0,51.3,6,No,23.69025641025641,0.05128205128205128,0.0,0,0,1
CUST02258,Female,21,0,No,No,54,Yes,Fiber optic,Month-to-month,Credit card,108.45,5874.67,3,0,58.92,2,Yes,108.79018518518518,0.05555555555555555,0.0,1,0,1
CUST02259,Female,40,0,No,No,2,Yes,Fiber optic,Two year,Mailed check,101.26,382.05,2,4,20.69,2,Yes,191.025,1.0,2.0,1,1,0
CUST02260,Male,65,1,Yes,No,43,Yes,Fiber optic,Month-to-month,Electronic check,52.41,2370.04,0,2,25.22,1,No,55.117209302325584,0.0,0.046511627906976744,0,0,1
CUST02261,Male,72,1,No,No,53,Yes,DSL,One year,Electronic check,68.76,3705.3,0,1,35.52,1,No,69.91132075471698,0.0,0.018867924528301886,0,0,1
CUST02262,Female,65,1,No,No,3,Yes,Fiber optic,Month-to-month,Electronic check,85.84,356.94,1,1,49.17,6,Yes,118.98,0.3333333333333333,0.3333333333333333,1,1,0
CUST02263,Female,18,0,No,No,41,Yes,Fiber optic,Month-to-month,Electronic check,75.16,3133.2,4,0,59.25,5,No,76.41951219512195,0.0975609756097561,0.0,0,0,1
CUST02264,Female,71,1,No,Yes,8,No,DSL,One year,Credit card,56.07,471.43,4,3,24.85,4,Yes,58.92875,0.5,0.375,0,0,0
CUST02265,Female,42,0,No,No,63,Yes,Fiber optic,Month-to-month,Electronic check,80.3,5150.3,3,0,21.07,2,No,81.75079365079365,0.047619047619047616,0.0,1,0,1
CUST02266,Male,19,0,No,No,65,Yes,Fiber optic,One year,Credit card,65.33,4281.16,2,2,42.71,1,No,65.864,0.03076923076923077,0.03076923076923077,0,0,1
CUST02267,Female,47,0,Yes,No,4,Yes,Fiber optic,One year,Credit card,88.67,349.35,2,1,50.56,5,No,87.3375,0.5,0.25,1,1,0
CUST02268,Female,20,0,No,No,68,Yes,Fiber optic,Month-to-month,Bank transfer,117.65,8018.83,3,1,42.05,4,No,117.92397058823529,0.04411764705882353,0.014705882352941176,1,0,1
CUST02269,Male,75,1,Yes,Yes,10,Yes,DSL,Month-to-month,Mailed check,72.19,755.11,1,0,22.17,2,Yes,75.511,0.1,0.0,0,0,0
CUST02270,Female,38,0,Yes,No,50,Yes,DSL,Month-to-month,Credit card,35.69,1815.13,2,1,40.71,1,No,36.302600000000005,0.04,0.02,0,0,1
CUST02271,Male,42,0,Yes,No,23,No,Fiber optic,Two year,Electronic check,89.37,2092.01,5,2,22.5,1,No,90.95695652173914,0.21739130434782608,0.08695652173913043,1,0,0
CUST02272,Male,37,0,No,No,61,Yes,Fiber optic,Month-to-month,Electronic check,89.37,5352.88,3,0,39.69,4,Yes,87.75213114754098,0.04918032786885246,0.0,1,0,1
CUST02273,Male,66,1,Yes,No,47,Yes,DSL,Month-to-month,Bank transfer,48.06,2238.14,2,2,17.17,6,No,47.62,0.0425531914893617,0.0425531914893617,0,0,1
CUST02274,Female,69,1,Yes,No,3,No,DSL,Month-to-month,Bank transfer,45.47,9.73,4,3,18.01,1,Yes,3.2433333333333336,1.3333333333333333,1.0,0,1,0
CUST02275,Female,39,0,No,No,17,Yes,DSL,Two year,Electronic check,70.77,1229.36,2,0,49.83,4,No,72.31529411764706,0.11764705882352941,0.0,0,0,0
CUST02276,Male,38,0,Yes,Yes,22,Yes,DSL,One year,Electronic check,61.26,1382.14,3,3,62.65,2,No,62.82454545454546,0.13636363636363635,0.13636363636363635,0,0,0
CUST02277,Female,50,0,Yes,No,16,No,Fiber optic,Month-to-month,Bank transfer,77.84,1377.25,4,1,26.38,4,No,86.078125,0.25,0.0625,0,0,0
CUST02278,Female,69,1,No,No,3,Yes,No,Two year,Credit card,29.82,119.49,2,3,62.78,2,No,39.83,0.6666666666666666,1.0,0,1,0
CUST02279,Male,55,0,No,Yes,52,Yes,DSL,Two year,Credit card,85.41,4404.29,3,0,32.71,6,No,84.69788461538461,0.057692307692307696,0.0,1,0,1
CUST02280,Male,32,0,Yes,No,33,Yes,Fiber optic,One year,Electronic check,88.87,2890.57,4,2,51.71,3,No,87.5930303030303,0.12121212121212122,0.06060606060606061,1,0,0
CUST02281,Female,75,1,No,No,42,Yes,Fiber optic,Month-to-month,Credit card,89.37,3818.11,1,0,50.69,6,Yes,90.90738095238096,0.023809523809523808,0.0,1,0,1
CUST02282,Male,75,1,No,No,2,Yes,Fiber optic,One year,Bank transfer,84.68,101.25,1,1,31.55,1,Yes,50.625,0.5,0.5,1,1,0
CUST02283,Female,63,1,Yes,No,39,No,Fiber optic,Month-to-month,Mailed check,79.12,3101.01,4,3,47.57,3,Yes,79.51307692307692,0.10256410256410256,0.07692307692307693,0,0,1
CUST02284,Female,69,1,No,Yes,46,Yes,No,One year,Bank transfer,31.55,1546.67,2,3,29.58,4,Yes,33.62326086956522,0.043478260869565216,0.06521739130434782,0,0,1
CUST02285,Female,32,0,No,No,48,Yes,No,Two year,Credit card,23.46,1328.56,1,0,33.53,6,No,27.67833333333333,0.020833333333333332,0.0,0,0,1
CUST02286,Female,63,1,Yes,No,27,No,Fiber optic,Two year,Bank transfer,92.5,2613.06,3,4,49.66,2,Yes,96.78,0.1111111111111111,0.14814814814814814,1,0,0
CUST02287,Male,42,0,Yes,No,15,Yes,Fiber optic,Month-to-month,Credit card,107.51,1560.11,2,1,33.48,1,Yes,104.00733333333332,0.13333333333333333,0.06666666666666667,1,0,0
CUST02288,Male,38,0,No,No,7,Yes,DSL,Two year,Electronic check,68.94,407.95,1,2,42.96,5,No,58.278571428571425,0.14285714285714285,0.2857142857142857,0,0,0
CUST02289,Male,41,0,No,Yes,57,Yes,Fiber optic,Month-to-month,Mailed check,65.89,3818.75,2,1,69.39,1,Yes,66.99561403508773,0.03508771929824561,0.017543859649122806,0,0,1
CUST02290,Male,74,1,Yes,No,42,No,DSL,Month-to-month,Credit card,44.01,1827.04,0,0,40.44,5,No,43.50095238095238,0.0,0.0,0,0,1
CUST02291,Female,75,1,No,No,9,No,DSL,Month-to-month,Credit card,75.04,527.47,1,0,50.76,1,Yes,58.607777777777784,0.1111111111111111,0.0,0,0,0
CUST02292,Female,22,0,No,No,6,Yes,DSL,One year,Mailed check,58.65,611.13,1,2,25.4,2,No,101.855,0.16666666666666666,0.3333333333333333,0,1,0
CUST02293,Male,23,0,No,Yes,57,Yes,DSL,Month-to-month,Mailed check,63.13,3615.71,0,0,48.17,4,Yes,63.43350877192982,0.0,0.0,0,0,1
CUST02294,Female,66,1,No,No,30,Yes,DSL,Month-to-month,Credit card,50.5,1639.93,3,2,37.67,2,Yes,54.66433333333334,0.1,0.06666666666666667,0,0,0
CUST02295,Female,60,1,Yes,No,55,Yes,No,Month-to-month,Electronic check,29.93,1612.8,2,2,22.98,1,Yes,29.323636363636364,0.03636363636363636,0.03636363636363636,0,0,1
CUST02296,Female,65,1,No,No,54,No,Fiber optic,One year,Credit card,113.32,6116.14,4,1,9.63,5,No,113.26185185185186,0.07407407407407407,0.018518518518518517,1,0,1
CUST02297,Male,61,1,No,No,27,Yes,No,Two year,Mailed check,26.21,722.82,3,4,20.89,2,No,26.771111111111114,0.1111111111111111,0.14814814814814814,0,0,0
CUST02298,Male,64,1,Yes,No,59,Yes,Fiber optic,One year,Electronic check,94.72,5561.2,5,1,41.15,2,No,94.25762711864407,0.0847457627118644,0.01694915254237288,1,0,1
CUST02299,Male,40,0,No,Yes,7,Yes,Fiber optic,Month-to-month,Mailed check,103.68,649.83,2,2,49.09,5,Yes,92.83285714285715,0.2857142857142857,0.2857142857142857,1,0,0
CUST02300,Female,21,0,No,No,40,Yes,Fiber optic,Two year,Electronic check,110.2,4627.75,3,2,55.33,3,No,115.69375,0.075,0.05,1,0,1
CUST02301,Male,44,0,Yes,No,72,Yes,DSL,One year,Credit card,51.85,3768.7,1,1,28.79,1,No,52.34305555555555,0.013888888888888888,0.013888888888888888,0,0,1
CUST02302,Male,35,0,No,No,2,Yes,Fiber optic,Two year,Credit card,91.2,24.6,2,4,33.88,2,No,12.3,1.0,2.0,1,1,0
CUST02303,Male,38,0,Yes,No,14,No,DSL,One year,Electronic check,75.3,1064.37,0,0,39.95,2,No,76.02642857142857,0.0,0.0,0,0,0
CUST02304,Male,45,0,Yes,No,10,No,DSL,Two year,Mailed check,78.65,642.62,3,1,35.59,1,No,64.262,0.3,0.1,0,0,0
CUST02305,Male,52,0,Yes,No,50,Yes,Fiber optic,Two year,Credit card,78.64,3847.43,1,2,43.0,5,No,76.9486,0.02,0.04,0,0,1
CUST02306,Male,39,0,Yes,No,18,Yes,DSL,Month-to-month,Electronic check,51.96,945.96,4,3,41.54,1,Yes,52.553333333333335,0.2222222222222222,0.16666666666666666,0,0,0
CUST02307,Female,57,0,No,Yes,18,Yes,No,Month-to-month,Credit card,23.76,481.61,6,1,16.63,4,Yes,26.75611111111111,0.3333333333333333,0.05555555555555555,0,0,0
CUST02308,Female,40,0,Yes,No,16,Yes,DSL,One year,Bank transfer,56.15,646.08,7,0,65.53,4,No,40.38,0.4375,0.0,0,0,0
CUST02309,Male,20,0,No,Yes,52,Yes,Fiber optic,One year,Electronic check,80.82,4374.22,5,2,13.13,6,Yes,84.11961538461539,0.09615384615384616,0.038461538461538464,1,0,1
CUST02310,Male,57,0,Yes,No,69,Yes,No,One year,Mailed check,28.3,1886.82,4,0,70.66,2,No,27.345217391304345,0.057971014492753624,0.0,0,0,1
CUST02311,Female,67,1,No,No,52,Yes,DSL,Month-to-month,Electronic check,53.51,2760.06,2,2,43.79,4,Yes,53.07807692307692,0.038461538461538464,0.038461538461538464,0,0,1
CUST02312,Female,27,0,No,No,31,Yes,Fiber optic,Month-to-month,Electronic check,108.39,3513.44,4,0,20.11,1,Yes,113.3367741935484,0.12903225806451613,0.0,1,0,0
CUST02313,Male,42,0,No,No,23,Yes,Fiber optic,One year,Electronic check,78.93,1986.54,3,1,72.41,2,Yes,86.37130434782608,0.13043478260869565,0.043478260869565216,0,0,0
CUST02314,Male,69,1,Yes,No,42,Yes,DSL,Two year,Electronic check,52.79,2155.23,2,1,48.1,4,No,51.315,0.047619047619047616,0.023809523809523808,0,0,1
CUST02315,Male,66,1,Yes,Yes,62,Yes,No,One year,Electronic check,18.0,1222.32,3,1,34.59,5,No,19.71483870967742,0.04838709677419355,0.016129032258064516,0,0,1
CUST02316,Male,25,0,Yes,No,50,Yes,Fiber optic,Month-to-month,Mailed check,103.86,5208.87,2,1,24.27,4,No,104.17739999999999,0.04,0.02,1,0,1
CUST02317,Female,72,1,No,Yes,15,Yes,Fiber optic,Month-to-month,Electronic check,65.6,1249.45,3,2,44.45,5,Yes,83.29666666666667,0.2,0.13333333333333333,0,0,0
CUST02318,Male,28,0,No,No,44,Yes,No,Month-to-month,Electronic check,28.66,1193.71,6,1,23.48,4,Yes,27.129772727272726,0.13636363636363635,0.022727272727272728,0,0,1
CUST02319,Male,22,0,No,Yes,42,Yes,Fiber optic,Month-to-month,Electronic check,95.42,4172.61,2,1,58.1,5,No,99.34785714285714,0.047619047619047616,0.023809523809523808,1,0,1
CUST02320,Male,75,1,No,Yes,45,Yes,No,Month-to-month,Credit card,18.0,751.48,1,1,24.75,1,Yes,16.699555555555555,0.022222222222222223,0.022222222222222223,0,0,1
CUST02321,Male,62,1,Yes,Yes,35,Yes,Fiber optic,One year,Bank transfer,65.37,2180.59,3,0,46.39,1,Yes,62.30257142857143,0.08571428571428572,0.0,0,0,0
CUST02322,Female,70,1,No,No,22,Yes,DSL,Two year,Bank transfer,55.47,1190.01,1,1,17.63,3,No,54.09136363636364,0.045454545454545456,0.045454545454545456,0,0,0
CUST02323,Female,72,1,No,No,38,Yes,Fiber optic,Month-to-month,Electronic check,113.42,4145.9,1,0,29.34,1,Yes,109.10263157894735,0.02631578947368421,0.0,1,0,1
CUST02324,Female,54,0,No,No,70,Yes,No,One year,Bank transfer,21.98,1445.5,1,0,23.97,4,No,20.65,0.014285714285714285,0.0,0,0,1
CUST02325,Male,73,1,No,Yes,64,No,DSL,One year,Credit card,53.96,3421.43,4,1,56.04,6,No,53.45984375,0.0625,0.015625,0,0,1
CUST02326,Male,62,1,Yes,No,7,Yes,No,Two year,Credit card,19.0,107.69,0,0,26.37,2,No,15.384285714285713,0.0,0.0,0,0,0
CUST02327,Female,55,0,Yes,No,44,Yes,DSL,Two year,Credit card,50.81,2327.28,4,2,59.85,5,No,52.89272727272728,0.09090909090909091,0.045454545454545456,0,0,1
CUST02328,Male,46,0,No,No,7,No,Fiber optic,Month-to-month,Bank transfer,75.47,610.48,3,1,85.0,1,Yes,87.21142857142857,0.42857142857142855,0.14285714285714285,0,0,0
CUST02329,Male,22,0,No,No,66,Yes,Fiber optic,Month-to-month,Electronic check,74.92,4941.16,3,2,62.51,2,Yes,74.8660606060606,0.045454545454545456,0.030303030303030304,0,0,1
CUST02330,Female,26,0,Yes,Yes,60,Yes,DSL,Month-to-month,Electronic check,51.42,2911.48,2,1,41.28,6,Yes,48.52466666666667,0.03333333333333333,0.016666666666666666,0,0,1
CUST02331,Female,65,1,No,No,1,Yes,DSL,One year,Electronic check,51.41,0.0,2,0,21.71,5,Yes,0.0,2.0,0.0,0,1,0
CUST02332,Female,19,0,Yes,No,62,Yes,No,One year,Credit card,21.95,1307.91,2,1,21.19,5,No,21.095322580645163,0.03225806451612903,0.016129032258064516,0,0,1
CUST02333,Female,18,0,No,Yes,18,Yes,Fiber optic,Month-to-month,Electronic check,99.26,1703.13,1,2,29.11,5,Yes,94.61833333333334,0.05555555555555555,0.1111111111111111,1,0,0
CUST02334,Male,57,0,No,No,7,Yes,DSL,Two year,Credit card,46.55,266.68,4,0,32.98,1,No,38.097142857142856,0.5714285714285714,0.0,0,0,0
CUST02335,Male,68,1,No,No,54,Yes,No,Month-to-month,Mailed check,19.82,1232.48,3,1,66.4,5,No,22.823703703703703,0.05555555555555555,0.018518518518518517,0,0,1
CUST02336,Female,47,0,No,Yes,67,No,Fiber optic,Two year,Credit card,77.2,5111.67,5,5,33.13,3,No,76.29358208955225,0.07462686567164178,0.07462686567164178,0,0,1
CUST02337,Male,28,0,Yes,No,10,Yes,No,Month-to-month,Credit card,25.0,163.46,4,2,31.32,6,No,16.346,0.4,0.2,0,0,0
CUST02338,Female,45,0,Yes,No,61,Yes,Fiber optic,Month-to-month,Bank transfer,73.56,4486.81,1,2,55.3,6,No,73.55426229508197,0.01639344262295082,0.03278688524590164,0,0,1
CUST02339,Female,61,1,No,No,59,Yes,DSL,Month-to-month,Bank transfer,84.9,4957.11,2,1,28.6,1,No,84.01881355932203,0.03389830508474576,0.01694915254237288,1,0,1
CUST02340,Male,29,0,Yes,No,59,Yes,Fiber optic,Month-to-month,Credit card,93.75,5590.95,2,0,38.93,6,No,94.76186440677965,0.03389830508474576,0.0,1,0,1
CUST02341,Female,56,0,Yes,No,69,Yes,Fiber optic,One year,Credit card,99.62,6898.34,1,2,14.62,2,No,99.97594202898551,0.014492753623188406,0.028985507246376812,1,0,1
CUST02342,Male,43,0,No,No,63,Yes,Fiber optic,Month-to-month,Bank transfer,88.58,5765.9,3,0,24.46,3,Yes,91.52222222222221,0.047619047619047616,0.0,1,0,1
CUST02343,Male,30,0,Yes,No,8,Yes,No,One year,Electronic check,36.23,260.66,2,1,37.45,3,No,32.5825,0.25,0.125,0,0,0
CUST02344,Male,25,0,No,Yes,55,Yes,DSL,Month-to-month,Credit card,46.28,2738.5,7,0,40.76,1,Yes,49.79090909090909,0.12727272727272726,0.0,0,0,1
CUST02345,Male,71,1,No,No,6,Yes,Fiber optic,Month-to-month,Electronic check,76.64,529.63,0,1,28.56,6,No,88.27166666666666,0.0,0.16666666666666666,0,1,0
CUST02346,Female,45,0,No,No,1,Yes,No,Two year,Mailed check,18.47,71.52,1,0,21.74,5,No,71.52,1.0,0.0,0,1,0
CUST02347,Male,75,1,No,No,56,No,DSL,Two year,Electronic check,57.94,3045.8,2,0,11.72,3,No,54.38928571428572,0.03571428571428571,0.0,0,0,1
CUST02348,Female,47,0,No,No,10,Yes,No,Month-to-month,Electronic check,37.67,162.78,2,2,35.73,4,Yes,16.278,0.2,0.2,0,0,0
CUST02349,Female,26,0,No,No,23,Yes,Fiber optic,Two year,Credit card,117.99,2552.77,3,0,67.79,2,No,110.99,0.13043478260869565,0.0,1,0,0
CUST02350,Female,56,0,No,Yes,16,Yes,Fiber optic,One year,Mailed check,99.32,1610.48,3,0,52.75,4,No,100.655,0.1875,0.0,1,0,0
CUST02351,Female,48,0,Yes,Yes,16,No,DSL,Month-to-month,Credit card,58.82,1016.54,2,5,51.48,1,Yes,63.53375,0.125,0.3125,0,0,0
CUST02352,Male,75,1,No,Yes,56,No,Fiber optic,Two year,Bank transfer,101.8,5754.26,2,2,31.92,3,Yes,102.75464285714285,0.03571428571428571,0.03571428571428571,1,0,1
CUST02353,Male,38,0,No,No,6,Yes,DSL,Month-to-month,Bank transfer,77.8,470.58,4,0,19.76,5,No,78.42999999999999,0.6666666666666666,0.0,0,1,0
CUST02354,Female,73,1,Yes,No,30,Yes,Fiber optic,Month-to-month,Credit card,102.65,3169.84,3,0,43.47,6,No,105.66133333333333,0.1,0.0,1,0,0
CUST02355,Female,64,1,Yes,No,63,Yes,Fiber optic,One year,Bank transfer,83.0,5348.44,4,1,42.45,5,No,84.89587301587301,0.06349206349206349,0.015873015873015872,1,0,1
CUST02356,Male,51,0,No,No,1,Yes,Fiber optic,Month-to-month,Electronic check,83.39,52.56,1,4,32.39,3,No,52.56,1.0,4.0,1,1,0
CUST02357,Female,72,1,Yes,No,51,Yes,No,Month-to-month,Mailed check,19.73,1062.05,2,1,39.24,3,No,20.82450980392157,0.0392156862745098,0.0196078431372549,0,0,1
CUST02358,Male,48,0,No,No,46,Yes,Fiber optic,Month-to-month,Bank transfer,81.32,3779.12,2,1,25.8,5,Yes,82.15478260869565,0.043478260869565216,0.021739130434782608,1,0,1
CUST02359,Female,69,1,No,No,21,Yes,Fiber optic,One year,Mailed check,73.01,1613.84,3,1,60.23,2,No,76.8495238095238,0.14285714285714285,0.047619047619047616,0,0,0
CUST02360,Male,42,0,Yes,No,38,Yes,DSL,One year,Bank transfer,59.23,2283.5,2,2,54.56,1,No,60.0921052631579,0.05263157894736842,0.05263157894736842,0,0,1
CUST02361,Female,29,0,No,No,69,Yes,DSL,Month-to-month,Mailed check,59.72,4147.09,1,0,43.65,2,No,60.102753623188406,0.014492753623188406,0.0,0,0,1
CUST02362,Female,18,0,Yes,No,63,Yes,DSL,Two year,Electronic check,49.64,3066.88,0,0,26.18,5,No,48.68063492063492,0.0,0.0,0,0,1
CUST02363,Male,72,1,No,No,50,Yes,DSL,Month-to-month,Electronic check,92.22,4631.56,4,1,26.65,1,Yes,92.6312,0.08,0.02,1,0,1
CUST02364,Female,39,0,Yes,No,12,Yes,Fiber optic,One year,Electronic check,89.44,1039.31,4,4,65.3,1,Yes,86.60916666666667,0.3333333333333333,0.3333333333333333,1,0,0
CUST02365,Female,57,0,No,Yes,69,Yes,Fiber optic,Two year,Electronic check,104.39,7096.01,1,3,40.06,5,No,102.84072463768116,0.014492753623188406,0.043478260869565216,1,0,1
CUST02366,Male,54,0,Yes,Yes,44,Yes,DSL,Two year,Bank transfer,74.41,3304.04,3,2,58.99,5,No,75.09181818181818,0.06818181818181818,0.045454545454545456,0,0,1
CUST02367,Female,64,1,Yes,No,52,Yes,No,Month-to-month,Electronic check,40.54,2005.83,4,1,71.24,3,Yes,38.573653846153846,0.07692307692307693,0.019230769230769232,0,0,1
CUST02368,Male,18,0,Yes,No,9,Yes,DSL,One year,Electronic check,49.12,437.78,2,0,23.31,3,Yes,48.642222222222216,0.2222222222222222,0.0,0,0,0
CUST02369,Male,18,0,Yes,Yes,65,Yes,Fiber optic,Month-to-month,Bank transfer,76.82,4956.67,4,0,57.38,3,Yes,76.25646153846154,0.06153846153846154,0.0,0,0,1
CUST02370,Female,74,1,No,Yes,10,Yes,Fiber optic,One year,Mailed check,57.79,521.66,1,4,44.16,5,No,52.166,0.1,0.4,0,0,0
CUST02371,Female,59,0,Yes,No,46,No,Fiber optic,Month-to-month,Bank transfer,60.74,2934.57,4,2,87.5,2,No,63.795,0.08695652173913043,0.043478260869565216,0,0,1
CUST02372,Female,71,1,No,No,58,Yes,DSL,Month-to-month,Bank transfer,47.88,2940.87,2,3,3.67,1,Yes,50.704655172413794,0.034482758620689655,0.05172413793103448,0,0,1
CUST02373,Female,59,0,No,Yes,37,Yes,Fiber optic,Month-to-month,Credit card,82.72,3030.95,2,2,47.25,6,No,81.91756756756756,0.05405405405405406,0.05405405405405406,1,0,1
CUST02374,Female,38,0,No,Yes,52,Yes,Fiber optic,Month-to-month,Mailed check,83.59,4446.41,5,2,50.64,2,Yes,85.50788461538461,0.09615384615384616,0.038461538461538464,1,0,1
CUST02375,Female,32,0,No,Yes,13,No,Fiber optic,One year,Credit card,132.63,1566.05,1,1,14.42,4,No,120.46538461538461,0.07692307692307693,0.07692307692307693,1,0,0
CUST02376,Female,34,0,No,Yes,6,Yes,DSL,Two year,Mailed check,66.04,278.08,4,2,46.62,2,No,46.346666666666664,0.6666666666666666,0.3333333333333333,0,1,0
CUST02377,Male,39,0,Yes,No,58,Yes,Fiber optic,Month-to-month,Electronic check,99.55,5767.79,1,0,106.62,4,Yes,99.44465517241379,0.017241379310344827,0.0,1,0,1
CUST02378,Female,55,0,Yes,Yes,48,Yes,DSL,Month-to-month,Bank transfer,61.7,2854.94,2,0,26.49,4,No,59.477916666666665,0.041666666666666664,0.0,0,0,1
CUST02379,Male,52,0,No,No,32,Yes,DSL,Month-to-month,Credit card,44.25,1453.56,3,1,40.14,1,No,45.42375,0.09375,0.03125,0,0,0
CUST02380,Female,62,1,No,No,11,Yes,Fiber optic,One year,Credit card,89.45,1012.7,2,2,34.74,1,No,92.06363636363636,0.18181818181818182,0.18181818181818182,1,0,0
CUST02381,Female,33,0,No,No,5,Yes,DSL,Month-to-month,Bank transfer,40.63,198.41,3,0,34.44,6,No,39.682,0.6,0.0,0,1,0
CUST02382,Male,25,0,Yes,Yes,6,Yes,Fiber optic,Month-to-month,Bank transfer,82.29,730.46,3,1,18.13,4,No,121.74333333333334,0.5,0.16666666666666666,1,1,0
CUST02383,Female,64,1,Yes,Yes,21,Yes,Fiber optic,Month-to-month,Mailed check,94.72,2025.92,3,1,59.82,5,Yes,96.47238095238096,0.14285714285714285,0.047619047619047616,1,0,0
CUST02384,Female,34,0,Yes,Yes,42,Yes,DSL,Two year,Electronic check,52.95,2281.5,2,2,40.14,4,No,54.32142857142857,0.047619047619047616,0.047619047619047616,0,0,1
CUST02385,Male,34,0,No,Yes,27,Yes,DSL,Month-to-month,Electronic check,62.31,1730.93,4,3,21.63,3,Yes,64.10851851851852,0.14814814814814814,0.1111111111111111,0,0,0
CUST02386,Female,71,1,No,No,3,No,DSL,Month-to-month,Electronic check,52.78,68.24,3,0,28.62,1,Yes,22.746666666666666,1.0,0.0,0,1,0
CUST02387,Female,43,0,Yes,Yes,60,Yes,DSL,One year,Electronic check,46.73,2998.82,2,1,54.51,2,No,49.980333333333334,0.03333333333333333,0.016666666666666666,0,0,1
CUST02388,Female,30,0,No,Yes,66,Yes,DSL,Month-to-month,Electronic check,65.85,4205.71,6,0,31.72,1,Yes,63.72287878787879,0.09090909090909091,0.0,0,0,1
CUST02389,Male,34,0,No,No,49,Yes,Fiber optic,Month-to-month,Bank transfer,100.67,4961.34,2,1,46.21,5,Yes,101.25183673469388,0.04081632653061224,0.02040816326530612,1,0,1
CUST02390,Female,55,0,No,No,34,Yes,DSL,Month-to-month,Credit card,72.5,2539.43,3,1,36.32,3,Yes,74.68911764705882,0.08823529411764706,0.029411764705882353,0,0,0
CUST02391,Female,34,0,Yes,Yes,37,Yes,DSL,Two year,Bank transfer,57.11,2211.43,5,2,28.31,6,No,59.76837837837837,0.13513513513513514,0.05405405405405406,0,0,1
CUST02392,Female,65,1,No,Yes,42,Yes,Fiber optic,Month-to-month,Credit card,52.36,2168.0,6,2,34.11,5,Yes,51.61904761904762,0.14285714285714285,0.047619047619047616,0,0,1
CUST02393,Female,31,0,No,Yes,65,Yes,Fiber optic,Month-to-month,Credit card,86.32,5685.15,5,1,28.07,2,Yes,87.46384615384615,0.07692307692307693,0.015384615384615385,1,0,1
CUST02394,Male,62,1,No,No,60,Yes,DSL,Month-to-month,Electronic check,75.23,4408.97,3,0,39.95,1,Yes,73.48283333333333,0.05,0.0,0,0,1
CUST02395,Male,23,0,No,No,1,Yes,Fiber optic,Two year,Bank transfer,65.28,232.32,3,1,42.45,2,No,232.32,3.0,1.0,0,1,0
CUST02396,Female,52,0,Yes,No,59,Yes,Fiber optic,Month-to-month,Bank transfer,111.71,6574.6,5,4,13.3,3,Yes,111.43389830508475,0.0847457627118644,0.06779661016949153,1,0,1
CUST02397,Female,63,1,Yes,No,4,Yes,DSL,One year,Electronic check,35.29,91.49,3,0,64.91,2,Yes,22.8725,0.75,0.0,0,1,0
CUST02398,Male,31,0,No,No,14,Yes,No,Two year,Electronic check,28.18,330.74,3,0,77.27,4,No,23.624285714285715,0.21428571428571427,0.0,0,0,0
CUST02399,Male,64,1,Yes,Yes,18,Yes,No,Two year,Electronic check,31.64,599.26,2,1,45.74,3,No,33.29222222222222,0.1111111111111111,0.05555555555555555,0,0,0
CUST02400,Female,25,0,No,No,34,Yes,Fiber optic,One year,Bank transfer,107.02,3480.67,4,1,35.53,5,No,102.37264705882353,0.11764705882352941,0.029411764705882353,1,0,0
CUST02401,Male,32,0,No,No,1,Yes,DSL,Month-to-month,Bank transfer,65.51,153.99,2,3,40.53,5,Yes,153.99,2.0,3.0,0,1,0
CUST02402,Female,71,1,No,No,53,Yes,Fiber optic,Month-to-month,Credit card,80.12,4186.65,1,2,25.65,6,Yes,78.99339622641509,0.018867924528301886,0.03773584905660377,1,0,1
CUST02403,Male,44,0,Yes,No,22,Yes,Fiber optic,Month-to-month,Electronic check,87.52,2055.88,0,1,23.33,2,Yes,93.44909090909091,0.0,0.045454545454545456,1,0,0
CUST02404,Male,30,0,Yes,No,61,Yes,DSL,One year,Electronic check,51.81,3036.17,2,1,13.18,3,Yes,49.77327868852459,0.03278688524590164,0.01639344262295082,0,0,1
CUST02405,Male,66,1,No,No,22,No,Fiber optic,One year,Electronic check,55.15,1226.5,1,0,17.72,2,Yes,55.75,0.045454545454545456,0.0,0,0,0
CUST02406,Male,48,0,Yes,Yes,50,Yes,Fiber optic,Two year,Electronic check,81.37,4123.89,5,0,50.27,4,No,82.4778,0.1,0.0,1,0,1
CUST02407,Female,70,1,No,No,16,Yes,No,Month-to-month,Electronic check,28.93,529.1,2,2,30.63,3,Yes,33.06875,0.125,0.125,0,0,0
CUST02408,Male,73,1,No,Yes,28,Yes,DSL,One year,Electronic check,72.31,1973.01,4,2,54.79,1,No,70.46464285714286,0.14285714285714285,0.07142857142857142,0,0,0
CUST02409,Male,52,0,Yes,No,70,Yes,DSL,Two year,Credit card,54.17,3668.43,2,4,46.1,5,No,52.406142857142854,0.02857142857142857,0.05714285714285714,0,0,1
CUST02410,Female,23,0,No,Yes,42,Yes,No,Two year,Credit card,36.82,1500.75,1,0,40.58,2,No,35.732142857142854,0.023809523809523808,0.0,0,0,1
CUST02411,Male,22,0,Yes,No,66,Yes,DSL,One year,Credit card,57.98,3943.35,1,1,26.26,4,No,59.747727272727275,0.015151515151515152,0.015151515151515152,0,0,1
CUST02412,Male,39,0,Yes,No,71,Yes,Fiber optic,One year,Credit card,92.18,6754.01,2,1,55.82,5,No,95.1269014084507,0.028169014084507043,0.014084507042253521,1,0,1
CUST02413,Female,75,1,No,No,35,Yes,DSL,Month-to-month,Bank transfer,68.95,2250.96,2,2,24.21,3,Yes,64.31314285714286,0.05714285714285714,0.05714285714285714,0,0,0
CUST02414,Male,66,1,No,No,20,Yes,Fiber optic,Month-to-month,Credit card,85.8,1642.2,2,4,35.74,6,Yes,82.11,0.1,0.2,1,0,0
CUST02415,Female,40,0,No,No,2,Yes,Fiber optic,Month-to-month,Electronic check,83.64,0.0,3,1,21.68,5,Yes,0.0,1.5,0.5,1,1,0
CUST02416,Female,42,0,No,No,7,Yes,DSL,Month-to-month,Bank transfer,78.69,495.99,0,0,21.21,5,Yes,70.85571428571428,0.0,0.0,0,0,0
CUST02417,Female,51,0,No,Yes,49,Yes,DSL,Month-to-month,Mailed check,39.61,1877.1,3,0,50.72,1,Yes,38.30816326530612,0.061224489795918366,0.0,0,0,1
CUST02418,Female,43,0,Yes,No,9,Yes,Fiber optic,One year,Electronic check,85.64,651.21,1,1,16.08,1,No,72.35666666666667,0.1111111111111111,0.1111111111111111,1,0,0
CUST02419,Male,64,1,Yes,Yes,27,Yes,Fiber optic,One year,Electronic check,57.48,1718.26,2,0,46.58,4,No,63.63925925925926,0.07407407407407407,0.0,0,0,0
CUST02420,Female,22,0,No,Yes,2,Yes,Fiber optic,Month-to-month,Mailed check,58.04,230.77,2,1,45.08,4,No,115.385,1.0,0.5,0,1,0
CUST02421,Male,43,0,Yes,Yes,68,Yes,No,Month-to-month,Mailed check,24.58,1695.78,2,2,29.41,6,No,24.937941176470588,0.029411764705882353,0.029411764705882353,0,0,1
CUST02422,Male,37,0,No,No,60,Yes,DSL,Month-to-month,Electronic check,53.69,3210.38,2,1,29.79,2,No,53.50633333333334,0.03333333333333333,0.016666666666666666,0,0,1
CUST02423,Male,23,0,No,No,49,Yes,DSL,Month-to-month,Electronic check,84.95,4251.8,0,2,9.15,6,Yes,86.77142857142857,0.0,0.04081632653061224,1,0,1
CUST02424,Male,23,0,No,Yes,2,Yes,DSL,Month-to-month,Bank transfer,56.96,13.77,3,1,23.39,1,Yes,6.885,1.5,0.5,0,1,0
CUST02425,Male,67,1,No,No,17,Yes,DSL,Two year,Electronic check,73.62,1275.38,2,1,43.67,6,Yes,75.02235294117648,0.11764705882352941,0.058823529411764705,0,0,0
CUST02426,Male,35,0,Yes,No,20,Yes,DSL,Month-to-month,Mailed check,60.62,1151.88,4,2,68.91,3,Yes,57.59400000000001,0.2,0.1,0,0,0
CUST02427,Male,21,0,Yes,No,32,Yes,DSL,Month-to-month,Electronic check,45.58,1692.91,2,3,73.35,6,Yes,52.9034375,0.0625,0.09375,0,0,0
CUST02428,Male,34,0,No,No,51,Yes,No,Month-to-month,Mailed check,18.0,782.18,2,3,52.04,2,No,15.336862745098038,0.0392156862745098,0.058823529411764705,0,0,1
CUST02429,Male,74,1,No,Yes,42,No,No,One year,Electronic check,18.0,728.78,0,0,27.29,3,Yes,17.351904761904763,0.0,0.0,0,0,1
CUST02430,Male,31,0,No,No,63,Yes,No,One year,Electronic check,27.62,1610.61,2,3,26.44,1,No,25.565238095238094,0.031746031746031744,0.047619047619047616,0,0,1
CUST02431,Female,31,0,No,Yes,61,Yes,DSL,Month-to-month,Mailed check,79.17,4904.58,1,1,46.04,3,No,80.40295081967213,0.01639344262295082,0.01639344262295082,0,0,1
CUST02432,Female,30,0,Yes,No,62,No,No,Two year,Electronic check,18.0,1190.98,2,0,50.74,3,No,19.20935483870968,0.03225806451612903,0.0,0,0,1
CUST02433,Female,24,0,No,No,3,No,Fiber optic,Two year,Electronic check,97.57,222.94,2,0,35.59,1,Yes,74.31333333333333,0.6666666666666666,0.0,1,1,0
CUST02434,Male,61,1,No,No,26,Yes,No,Month-to-month,Mailed check,23.55,488.08,2,1,29.68,1,Yes,18.77230769230769,0.07692307692307693,0.038461538461538464,0,0,0
CUST02435,Female,72,1,Yes,Yes,48,Yes,No,Month-to-month,Electronic check,18.0,825.42,3,0,24.64,5,Yes,17.19625,0.0625,0.0,0,0,1
CUST02436,Female,32,0,Yes,Yes,8,No,No,Month-to-month,Electronic check,27.84,152.93,4,3,17.98,3,Yes,19.11625,0.5,0.375,0,0,0
CUST02437,Female,36,0,No,Yes,5,Yes,DSL,Month-to-month,Electronic check,79.1,401.91,5,0,39.65,2,No,80.382,1.0,0.0,0,1,0
CUST02438,Male,60,1,No,No,11,Yes,Fiber optic,Two year,Credit card,83.87,1084.55,2,1,73.49,6,No,98.59545454545454,0.18181818181818182,0.09090909090909091,1,0,0
CUST02439,Male,64,1,Yes,Yes,42,Yes,Fiber optic,Month-to-month,Bank transfer,97.44,4158.61,0,0,50.78,4,Yes,99.01452380952381,0.0,0.0,1,0,1
CUST02440,Male,61,1,No,No,41,No,Fiber optic,Month-to-month,Mailed check,89.63,3750.75,4,3,14.63,6,Yes,91.48170731707317,0.0975609756097561,0.07317073170731707,1,0,1
CUST02441,Male,52,0,Yes,Yes,19,Yes,DSL,Month-to-month,Credit card,63.72,1210.26,2,1,34.49,5,No,63.6978947368421,0.10526315789473684,0.05263157894736842,0,0,0
CUST02442,Female,34,0,Yes,No,48,Yes,Fiber optic,Month-to-month,Credit card,72.95,3765.96,2,0,24.39,6,Yes,78.4575,0.041666666666666664,0.0,0,0,1
CUST02443,Female,52,0,No,Yes,53,Yes,DSL,Two year,Credit card,65.89,3503.82,4,1,44.23,4,No,66.10981132075472,0.07547169811320754,0.018867924528301886,0,0,1
CUST02444,Female,36,0,No,Yes,55,Yes,DSL,Month-to-month,Bank transfer,42.46,2407.86,0,2,60.68,2,Yes,43.779272727272726,0.0,0.03636363636363636,0,0,1
CUST02445,Female,37,0,No,No,61,No,DSL,Month-to-month,Bank transfer,64.34,4034.6,6,1,40.61,2,Yes,66.14098360655737,0.09836065573770492,0.01639344262295082,0,0,1
CUST02446,Male,53,0,Yes,No,32,Yes,No,One year,Mailed check,35.98,1146.25,1,1,28.36,1,No,35.8203125,0.03125,0.03125,0,0,0
CUST02447,Male,52,0,Yes,No,46,Yes,DSL,Month-to-month,Mailed check,81.65,3776.65,6,1,60.81,3,No,82.10108695652174,0.13043478260869565,0.021739130434782608,1,0,1
CUST02448,Male,49,0,Yes,Yes,36,Yes,DSL,Month-to-month,Electronic check,47.49,1652.66,2,3,47.7,1,Yes,45.907222222222224,0.05555555555555555,0.08333333333333333,0,0,1
CUST02449,Female,75,1,Yes,No,18,Yes,DSL,Month-to-month,Credit card,65.3,1177.2,2,0,27.63,3,No,65.4,0.1111111111111111,0.0,0,0,0
CUST02450,Male,65,1,Yes,No,18,Yes,DSL,Month-to-month,Credit card,51.54,1074.06,1,0,45.29,5,No,59.669999999999995,0.05555555555555555,0.0,0,0,0
CUST02451,Male,61,1,Yes,No,12,Yes,Fiber optic,Month-to-month,Electronic check,87.11,1161.71,3,1,37.06,1,Yes,96.80916666666667,0.25,0.08333333333333333,1,0,0
CUST02452,Female,57,0,Yes,No,72,Yes,Fiber optic,Month-to-month,Electronic check,113.83,8264.52,2,0,96.45,1,No,114.78500000000001,0.027777777777777776,0.0,1,0,1
CUST02453,Female,41,0,Yes,No,46,Yes,No,Month-to-month,Mailed check,32.02,1563.95,0,0,56.81,2,Yes,33.99891304347826,0.0,0.0,0,0,1
CUST02454,Male,34,0,No,Yes,55,Yes,DSL,One year,Credit card,52.17,2865.61,4,0,44.09,3,No,52.102000000000004,0.07272727272727272,0.0,0,0,1
CUST02455,Male,24,0,Yes,No,38,Yes,DSL,Month-to-month,Credit card,51.49,2051.44,2,1,20.61,2,No,53.985263157894735,0.05263157894736842,0.02631578947368421,0,0,1
CUST02456,Male,60,1,Yes,No,2,Yes,DSL,Two year,Credit card,60.2,105.17,1,1,45.8,1,No,52.585,0.5,0.5,0,1,0
CUST02457,Male,67,1,No,Yes,9,No,Fiber optic,Month-to-month,Bank transfer,86.27,613.09,0,1,28.36,3,Yes,68.12111111111112,0.0,0.1111111111111111,1,0,0
CUST02458,Male,18,0,Yes,No,5,Yes,DSL,One year,Electronic check,61.59,491.19,2,1,30.35,3,No,98.238,0.4,0.2,0,1,0
CUST02459,Male,52,0,No,Yes,19,Yes,Fiber optic,Two year,Credit card,62.66,1170.11,1,0,20.52,6,No,61.58473684210526,0.05263157894736842,0.0,0,0,0
CUST02460,Female,49,0,Yes,No,71,Yes,DSL,Month-to-month,Credit card,83.99,6068.72,1,0,81.09,5,Yes,85.47492957746479,0.014084507042253521,0.0,1,0,1
CUST02461,Female,53,0,Yes,No,39,Yes,DSL,One year,Mailed check,85.17,3285.36,4,1,17.78,2,No,84.24000000000001,0.10256410256410256,0.02564102564102564,1,0,1
CUST02462,Female,30,0,Yes,Yes,42,No,DSL,Two year,Credit card,65.75,2492.49,2,2,32.03,6,No,59.34499999999999,0.047619047619047616,0.047619047619047616,0,0,1
CUST02463,Male,23,0,Yes,Yes,17,Yes,DSL,Month-to-month,Mailed check,49.56,835.24,2,0,8.25,5,Yes,49.131764705882354,0.11764705882352941,0.0,0,0,0
CUST02464,Female,75,1,No,Yes,63,Yes,No,Two year,Credit card,19.98,1074.57,4,1,26.26,6,Yes,17.056666666666665,0.06349206349206349,0.015873015873015872,0,0,1
CUST02465,Male,31,0,No,No,46,Yes,DSL,Month-to-month,Mailed check,48.7,2315.74,2,0,25.51,2,Yes,50.342173913043474,0.043478260869565216,0.0,0,0,1
CUST02466,Male,54,0,Yes,No,20,Yes,No,Month-to-month,Mailed check,18.0,337.08,1,1,26.96,2,No,16.854,0.05,0.05,0,0,0
CUST02467,Female,65,1,Yes,Yes,70,Yes,DSL,One year,Credit card,52.39,3789.19,8,0,61.5,3,No,54.13128571428572,0.11428571428571428,0.0,0,0,1
CUST02468,Male,32,0,No,Yes,8,Yes,DSL,Month-to-month,Credit card,65.07,543.89,6,2,28.4,3,Yes,67.98625,0.75,0.25,0,0,0
CUST02469,Male,64,1,Yes,No,19,Yes,Fiber optic,One year,Credit card,86.93,1548.66,4,3,11.02,4,Yes,81.50842105263159,0.21052631578947367,0.15789473684210525,1,0,0
CUST02470,Female,21,0,No,Yes,32,No,Fiber optic,Two year,Bank transfer,107.86,3518.5,3,2,16.89,1,Yes,109.953125,0.09375,0.0625,1,0,0
CUST02471,Female,57,0,Yes,No,19,Yes,DSL,Two year,Credit card,41.72,636.72,4,1,40.41,5,No,33.51157894736842,0.21052631578947367,0.05263157894736842,0,0,0
CUST02472,Female,33,0,No,No,24,No,Fiber optic,Month-to-month,Credit card,71.79,1692.25,1,1,36.04,4,Yes,70.51041666666667,0.041666666666666664,0.041666666666666664,0,0,0
CUST02473,Male,45,0,Yes,No,24,Yes,DSL,Two year,Credit card,36.0,677.61,4,2,26.9,5,No,28.23375,0.16666666666666666,0.08333333333333333,0,0,0
CUST02474,Female,33,0,Yes,No,56,Yes,DSL,Month-to-month,Bank transfer,61.74,3492.45,4,1,56.27,5,No,62.365178571428565,0.07142857142857142,0.017857142857142856,0,0,1
CUST02475,Female,21,0,No,No,18,Yes,No,Month-to-month,Electronic check,37.81,705.31,0,1,31.23,1,Yes,39.18388888888889,0.0,0.05555555555555555,0,0,0
CUST02476,Male,62,1,No,No,12,Yes,No,Month-to-month,Electronic check,21.22,267.25,1,0,31.68,5,No,22.270833333333332,0.08333333333333333,0.0,0,0,0
CUST02477,Female,43,0,No,No,41,Yes,Fiber optic,One year,Electronic check,105.48,4231.09,4,1,29.33,5,No,103.19731707317074,0.0975609756097561,0.024390243902439025,1,0,1
CUST02478,Female,45,0,No,No,48,Yes,Fiber optic,Month-to-month,Electronic check,95.41,4714.92,4,2,58.8,6,Yes,98.2275,0.08333333333333333,0.041666666666666664,1,0,1
CUST02479,Female,49,0,No,Yes,64,Yes,DSL,One year,Credit card,70.4,4596.47,3,1,46.46,3,No,71.81984375,0.046875,0.015625,0,0,1
CUST02480,Male,62,1,Yes,Yes,16,Yes,Fiber optic,Month-to-month,Bank transfer,93.79,1524.04,5,1,65.27,3,Yes,95.2525,0.3125,0.0625,1,0,0
CUST02481,Male,19,0,No,Yes,23,Yes,Fiber optic,Month-to-month,Credit card,112.05,2519.07,6,1,59.27,3,Yes,109.52478260869566,0.2608695652173913,0.043478260869565216,1,0,0
CUST02482,Male,48,0,Yes,No,39,Yes,DSL,Two year,Electronic check,57.6,2211.41,4,1,40.03,1,No,56.70282051282051,0.10256410256410256,0.02564102564102564,0,0,1
CUST02483,Male,20,0,No,No,33,No,No,Month-to-month,Credit card,30.49,1004.64,1,2,40.88,3,No,30.44363636363636,0.030303030303030304,0.06060606060606061,0,0,0
CUST02484,Female,71,1,No,No,24,Yes,DSL,Month-to-month,Mailed check,82.15,1861.51,6,0,73.78,4,Yes,77.56291666666667,0.25,0.0,1,0,0
CUST02485,Male,25,0,Yes,No,61,Yes,DSL,One year,Electronic check,47.72,2996.23,5,2,30.75,4,No,49.118524590163936,0.08196721311475409,0.03278688524590164,0,0,1
CUST02486,Male,41,0,Yes,No,55,Yes,Fiber optic,Month-to-month,Mailed check,81.77,4623.28,2,3,16.35,4,Yes,84.05963636363636,0.03636363636363636,0.05454545454545454,1,0,1
CUST02487,Female,32,0,Yes,Yes,61,Yes,DSL,Two year,Electronic check,66.9,4251.81,3,1,51.3,1,No,69.70180327868853,0.04918032786885246,0.01639344262295082,0,0,1
CUST02488,Female,60,1,Yes,No,40,Yes,DSL,Month-to-month,Electronic check,49.7,1953.63,1,0,59.46,2,No,48.84075,0.025,0.0,0,0,1
CUST02489,Female,48,0,No,Yes,58,Yes,DSL,Month-to-month,Bank transfer,49.19,2990.75,2,1,47.88,2,No,51.564655172413794,0.034482758620689655,0.017241379310344827,0,0,1
CUST02490,Male,26,0,Yes,Yes,72,Yes,Fiber optic,Month-to-month,Credit card,115.45,8456.29,1,1,18.7,4,Yes,117.44847222222224,0.013888888888888888,0.013888888888888888,1,0,1
CUST02491,Male,56,0,Yes,No,1,Yes,No,Month-to-month,Bank transfer,18.5,0.0,2,1,56.51,2,Yes,0.0,2.0,1.0,0,1,0
CUST02492,Male,62,1,No,No,25,Yes,DSL,One year,Mailed check,55.6,1289.62,3,1,52.02,5,Yes,51.584799999999994,0.12,0.04,0,0,0
CUST02493,Female,19,0,No,No,53,Yes,DSL,Month-to-month,Electronic check,62.59,3425.93,3,3,44.72,1,Yes,64.64018867924528,0.05660377358490566,0.05660377358490566,0,0,1
CUST02494,Female,25,0,No,No,61,Yes,No,Two year,Bank transfer,28.43,1679.38,0,0,28.32,4,Yes,27.530819672131148,0.0,0.0,0,0,1
CUST02495,Male,24,0,No,No,46,Yes,Fiber optic,Month-to-month,Credit card,76.82,3460.33,3,0,28.6,6,No,75.2245652173913,0.06521739130434782,0.0,0,0,1
CUST02496,Female,73,1,No,No,60,Yes,Fiber optic,Month-to-month,Mailed check,81.88,4994.44,2,0,22.19,4,No,83.24066666666666,0.03333333333333333,0.0,1,0,1
CUST02497,Female,61,1,No,No,51,Yes,DSL,One year,Credit card,47.98,2308.39,0,1,33.82,4,No,45.26254901960784,0.0,0.0196078431372549,0,0,1
CUST02498,Female,68,1,No,No,48,No,No,One year,Electronic check,20.57,942.78,1,1,30.33,5,No,19.64125,0.020833333333333332,0.020833333333333332,0,0,1
CUST02499,Male,56,0,No,No,40,Yes,DSL,One year,Credit card,68.34,2547.2,6,2,56.11,6,No,63.67999999999999,0.15,0.05,0,0,1
CUST02500,Female,59,0,Yes,No,7,Yes,Fiber optic,One year,Mailed check,98.6,606.13,1,4,33.94,3,Yes,86.59,0.14285714285714285,0.5714285714285714,1,0,0
CUST02501,Female,74,1,Yes,No,19,Yes,DSL,Month-to-month,Electronic check,72.22,1306.43,4,1,23.56,4,Yes,68.75947368421053,0.21052631578947367,0.05263157894736842,0,0,0
CUST02502,Male,33,0,No,Yes,15,Yes,Fiber optic,One year,Electronic check,84.93,1198.93,3,1,23.43,6,No,79.92866666666667,0.2,0.06666666666666667,1,0,0
CUST02503,Male,52,0,No,No,70,Yes,DSL,Month-to-month,Electronic check,57.64,3991.79,3,2,26.94,2,No,57.025571428571425,0.04285714285714286,0.02857142857142857,0,0,1
CUST02504,Female,47,0,No,No,61,Yes,Fiber optic,Month-to-month,Bank transfer,65.38,3782.75,5,0,24.27,3,No,62.01229508196721,0.08196721311475409,0.0,0,0,1
CUST02505,Female,27,0,No,Yes,56,Yes,No,Two year,Electronic check,22.15,1139.74,3,0,19.51,5,No,20.3525,0.05357142857142857,0.0,0,0,1
CUST02506,Male,55,0,No,No,10,No,DSL,Month-to-month,Electronic check,62.08,755.29,2,1,26.78,4,Yes,75.529,0.2,0.1,0,0,0
CUST02507,Male,35,0,No,Yes,46,Yes,No,One year,Credit card,33.7,1580.02,2,1,30.54,3,No,34.348260869565216,0.043478260869565216,0.021739130434782608,0,0,1
CUST02508,Female,67,1,No,No,57,Yes,Fiber optic,Month-to-month,Electronic check,56.0,3140.76,1,1,20.26,4,No,55.10105263157895,0.017543859649122806,0.017543859649122806,0,0,1
CUST02509,Female,22,0,No,Yes,35,Yes,Fiber optic,Month-to-month,Electronic check,79.95,2732.71,4,3,20.93,4,Yes,78.07742857142857,0.11428571428571428,0.08571428571428572,0,0,0
CUST02510,Female,70,1,Yes,No,72,Yes,No,Month-to-month,Credit card,18.0,1372.52,3,2,73.75,5,No,19.06277777777778,0.041666666666666664,0.027777777777777776,0,0,1
CUST02511,Female,46,0,Yes,No,3,Yes,Fiber optic,One year,Credit card,60.94,191.41,1,0,105.19,2,No,63.803333333333335,0.3333333333333333,0.0,0,1,0
CUST02512,Male,56,0,No,No,66,Yes,DSL,Month-to-month,Electronic check,75.81,4891.25,2,1,34.21,5,No,74.10984848484848,0.030303030303030304,0.015151515151515152,0,0,1
CUST02513,Female,51,0,Yes,No,53,Yes,Fiber optic,Month-to-month,Electronic check,65.47,3416.55,3,2,97.92,5,No,64.46320754716982,0.05660377358490566,0.03773584905660377,0,0,1
CUST02514,Female,60,1,No,No,52,Yes,DSL,Two year,Credit card,61.3,3063.92,3,1,72.82,2,No,58.92153846153846,0.057692307692307696,0.019230769230769232,0,0,1
CUST02515,Male,62,1,Yes,Yes,53,Yes,Fiber optic,Month-to-month,Bank transfer,100.39,5251.41,1,0,28.81,3,No,99.0832075471698,0.018867924528301886,0.0,1,0,1
CUST02516,Female,40,0,No,Yes,54,Yes,Fiber optic,Month-to-month,Credit card,77.98,4279.43,2,1,42.81,5,No,79.24870370370371,0.037037037037037035,0.018518518518518517,0,0,1
CUST02517,Male,22,0,No,No,47,Yes,DSL,Two year,Credit card,45.31,2188.05,4,2,18.99,4,Yes,46.55425531914894,0.0851063829787234,0.0425531914893617,0,0,1
CUST02518,Female,47,0,No,No,3,Yes,Fiber optic,Two year,Electronic check,86.79,363.28,4,0,61.6,5,Yes,121.09333333333332,1.3333333333333333,0.0,1,1,0
CUST02519,Female,23,0,Yes,Yes,65,Yes,Fiber optic,Month-to-month,Electronic check,108.4,7060.22,3,1,62.21,2,Yes,108.61876923076923,0.046153846153846156,0.015384615384615385,1,0,1
CUST02520,Male,73,1,No,Yes,15,Yes,DSL,Two year,Mailed check,71.91,927.74,1,2,18.82,3,Yes,61.849333333333334,0.06666666666666667,0.13333333333333333,0,0,0
CUST02521,Male,75,1,No,Yes,34,Yes,DSL,Month-to-month,Electronic check,57.02,1814.11,3,0,32.41,2,Yes,53.35617647058823,0.08823529411764706,0.0,0,0,0
CUST02522,Female,63,1,Yes,No,50,Yes,Fiber optic,Month-to-month,Credit card,76.64,3879.41,3,2,113.94,4,No,77.5882,0.06,0.04,0,0,1
CUST02523,Female,61,1,No,Yes,33,Yes,DSL,Two year,Mailed check,73.88,2448.22,5,1,38.73,3,No,74.18848484848485,0.15151515151515152,0.030303030303030304,0,0,0
CUST02524,Female,21,0,Yes,Yes,3,Yes,No,Two year,Bank transfer,18.0,0.0,1,1,11.5,5,No,0.0,0.3333333333333333,0.3333333333333333,0,1,0
CUST02525,Male,46,0,Yes,No,2,Yes,Fiber optic,Month-to-month,Bank transfer,99.05,163.87,2,1,27.24,3,Yes,81.935,1.0,0.5,1,1,0
CUST02526,Female,40,0,Yes,No,4,Yes,DSL,Month-to-month,Bank transfer,53.63,404.5,4,4,33.51,5,Yes,101.125,1.0,1.0,0,1,0
CUST02527,Male,23,0,No,No,16,Yes,DSL,Month-to-month,Electronic check,42.15,767.56,2,1,17.18,5,Yes,47.9725,0.125,0.0625,0,0,0
CUST02528,Male,49,0,No,No,54,Yes,Fiber optic,Month-to-month,Mailed check,58.5,3308.86,2,1,36.43,1,No,61.27518518518519,0.037037037037037035,0.018518518518518517,0,0,1
CUST02529,Female,59,0,No,No,33,Yes,Fiber optic,One year,Mailed check,109.53,3496.57,0,0,30.02,5,No,105.95666666666668,0.0,0.0,1,0,0
CUST02530,Male,35,0,Yes,No,9,Yes,DSL,Month-to-month,Electronic check,57.59,685.35,2,1,41.2,5,Yes,76.15,0.2222222222222222,0.1111111111111111,0,0,0
CUST02531,Female,32,0,Yes,No,57,Yes,DSL,Month-to-month,Bank transfer,49.27,2756.37,1,0,51.5,5,No,48.35736842105263,0.017543859649122806,0.0,0,0,1
CUST02532,Female,57,0,No,Yes,40,Yes,Fiber optic,One year,Credit card,84.34,3530.82,2,1,126.94,1,No,88.2705,0.05,0.025,1,0,1
CUST02533,Female,75,1,No,No,52,No,DSL,Two year,Bank transfer,53.13,2798.59,2,0,39.0,3,No,53.81903846153846,0.038461538461538464,0.0,0,0,1
CUST02534,Female,49,0,No,No,16,Yes,DSL,Month-to-month,Electronic check,53.54,919.49,0,2,51.07,1,Yes,57.468125,0.0,0.125,0,0,0
CUST02535,Female,26,0,Yes,Yes,8,Yes,Fiber optic,One year,Credit card,77.56,689.95,2,2,51.34,6,Yes,86.24375,0.25,0.25,0,0,0
CUST02536,Male,54,0,Yes,No,60,Yes,DSL,Two year,Electronic check,60.1,3615.88,3,0,21.2,2,No,60.26466666666667,0.05,0.0,0,0,1
CUST02537,Male,27,0,No,Yes,36,No,No,Month-to-month,Credit card,31.06,1176.5,1,1,21.1,5,Yes,32.68055555555556,0.027777777777777776,0.027777777777777776,0,0,1
CUST02538,Female,37,0,No,No,3,Yes,Fiber optic,Two year,Electronic check,62.07,84.33,1,0,45.61,1,Yes,28.11,0.3333333333333333,0.0,0,1,0
CUST02539,Female,23,0,Yes,No,15,Yes,DSL,One year,Credit card,76.21,1130.26,2,2,33.86,6,No,75.35066666666667,0.13333333333333333,0.13333333333333333,0,0,0
CUST02540,Male,65,1,Yes,Yes,23,Yes,DSL,Month-to-month,Bank transfer,48.66,1197.25,2,0,51.63,1,No,52.05434782608695,0.08695652173913043,0.0,0,0,0
CUST02541,Male,73,1,No,No,3,Yes,Fiber optic,Month-to-month,Mailed check,88.84,277.41,3,0,42.06,6,No,92.47000000000001,1.0,0.0,1,1,0
CUST02542,Male,20,0,Yes,No,30,Yes,Fiber optic,One year,Electronic check,84.13,2488.82,1,1,12.48,3,Yes,82.96066666666667,0.03333333333333333,0.03333333333333333,1,0,0
CUST02543,Male,59,0,No,No,45,Yes,Fiber optic,Month-to-month,Mailed check,72.9,3303.88,5,2,52.26,3,Yes,73.41955555555556,0.1111111111111111,0.044444444444444446,0,0,1
CUST02544,Female,28,0,Yes,No,17,Yes,Fiber optic,Month-to-month,Credit card,102.03,1598.11,1,1,15.77,6,No,94.00647058823529,0.058823529411764705,0.058823529411764705,1,0,0
CUST02545,Female,60,1,Yes,Yes,58,Yes,Fiber optic,Month-to-month,Bank transfer,73.09,4343.83,4,1,44.02,3,Yes,74.89362068965517,0.06896551724137931,0.017241379310344827,0,0,1
CUST02546,Male,34,0,No,No,58,Yes,DSL,One year,Credit card,77.03,4259.85,2,0,52.14,4,No,73.44568965517242,0.034482758620689655,0.0,0,0,1
CUST02547,Female,49,0,Yes,No,57,Yes,No,Month-to-month,Mailed check,30.34,1726.88,4,2,38.51,3,Yes,30.296140350877195,0.07017543859649122,0.03508771929824561,0,0,1
CUST02548,Male,21,0,No,Yes,7,Yes,Fiber optic,Month-to-month,Bank transfer,73.76,592.34,5,2,54.26,6,No,84.62,0.7142857142857143,0.2857142857142857,0,0,0
CUST02549,Female,21,0,No,No,39,Yes,Fiber optic,Month-to-month,Credit card,67.02,2621.93,2,1,19.37,5,No,67.22897435897436,0.05128205128205128,0.02564102564102564,0,0,1
CUST02550,Male,34,0,Yes,No,58,Yes,Fiber optic,One year,Electronic check,100.98,5809.93,2,0,59.89,1,No,100.17120689655172,0.034482758620689655,0.0,1,0,1
CUST02551,Female,58,0,Yes,No,56,Yes,Fiber optic,Month-to-month,Mailed check,67.88,3911.24,3,2,27.63,2,Yes,69.84357142857142,0.05357142857142857,0.03571428571428571,0,0,1
CUST02552,Male,36,0,No,Yes,15,Yes,Fiber optic,Month-to-month,Bank transfer,83.0,1176.11,5,3,9.75,2,Yes,78.40733333333333,0.3333333333333333,0.2,1,0,0
CUST02553,Male,22,0,No,No,44,Yes,Fiber optic,Month-to-month,Credit card,95.45,4368.27,0,2,64.83,2,Yes,99.27886363636365,0.0,0.045454545454545456,1,0,1
CUST02554,Female,49,0,Yes,No,12,Yes,No,Month-to-month,Electronic check,28.71,323.53,2,1,45.35,5,No,26.96083333333333,0.16666666666666666,0.08333333333333333,0,0,0
CUST02555,Male,39,0,Yes,No,8,No,Fiber optic,Month-to-month,Bank transfer,81.96,631.15,1,1,32.11,1,Yes,78.89375,0.125,0.125,1,0,0
CUST02556,Female,73,1,No,Yes,41,Yes,DSL,One year,Mailed check,51.24,2173.65,1,2,13.92,4,No,53.015853658536585,0.024390243902439025,0.04878048780487805,0,0,1
CUST02557,Female,23,0,No,No,34,Yes,Fiber optic,One year,Electronic check,95.83,3227.19,2,2,27.57,6,Yes,94.91735294117647,0.058823529411764705,0.058823529411764705,1,0,0
CUST02558,Male,52,0,No,No,46,Yes,Fiber optic,One year,Mailed check,56.79,2621.94,0,4,34.32,4,No,56.998695652173915,0.0,0.08695652173913043,0,0,1
CUST02559,Female,39,0,Yes,Yes,29,Yes,No,Month-to-month,Electronic check,27.08,842.45,3,1,43.09,3,Yes,29.05,0.10344827586206896,0.034482758620689655,0,0,0
CUST02560,Female,18,0,No,No,16,No,Fiber optic,Month-to-month,Mailed check,65.55,926.26,2,0,69.78,4,Yes,57.89125,0.125,0.0,0,0,0
CUST02561,Female,37,0,No,No,5,Yes,No,Two year,Bank transfer,18.0,151.29,2,1,22.39,1,No,30.258,0.4,0.2,0,1,0
CUST02562,Female,39,0,No,Yes,5,Yes,Fiber optic,Month-to-month,Electronic check,90.52,283.26,3,2,15.99,3,Yes,56.652,0.6,0.4,1,1,0
CUST02563,Female,65,1,No,Yes,30,Yes,DSL,One year,Electronic check,51.0,1528.7,4,2,28.05,5,Yes,50.95666666666667,0.13333333333333333,0.06666666666666667,0,0,0
CUST02564,Male,72,1,No,No,50,Yes,No,Two year,Credit card,34.26,1677.35,3,0,60.43,6,No,33.547,0.06,0.0,0,0,1
CUST02565,Female,28,0,No,No,5,Yes,Fiber optic,One year,Credit card,95.6,346.88,1,0,25.78,6,Yes,69.376,0.2,0.0,1,1,0
CUST02566,Female,30,0,No,No,13,Yes,Fiber optic,Month-to-month,Mailed check,74.54,1138.16,5,1,28.27,6,No,87.55076923076923,0.38461538461538464,0.07692307692307693,0,0,0
CUST02567,Female,59,0,Yes,Yes,49,Yes,DSL,Month-to-month,Bank transfer,57.3,2824.44,2,0,89.45,2,Yes,57.64163265306122,0.04081632653061224,0.0,0,0,1
CUST02568,Female,20,0,Yes,No,50,No,Fiber optic,Month-to-month,Credit card,68.45,3357.23,2,1,47.29,2,Yes,67.1446,0.04,0.02,0,0,1
CUST02569,Female,26,0,Yes,No,14,Yes,DSL,One year,Mailed check,65.68,933.72,2,1,14.07,3,No,66.69428571428571,0.14285714285714285,0.07142857142857142,0,0,0
CUST02570,Male,29,0,Yes,Yes,46,Yes,Fiber optic,One year,Credit card,108.52,5240.6,2,2,61.1,3,Yes,113.92608695652174,0.043478260869565216,0.043478260869565216,1,0,1
CUST02571,Female,40,0,Yes,No,34,Yes,Fiber optic,One year,Bank transfer,67.07,2180.84,2,0,44.78,3,Yes,64.14235294117647,0.058823529411764705,0.0,0,0,0
CUST02572,Male,31,0,No,Yes,71,Yes,Fiber optic,Month-to-month,Bank transfer,87.83,6301.73,2,5,49.85,1,Yes,88.75676056338027,0.028169014084507043,0.07042253521126761,1,0,1
CUST02573,Male,50,0,Yes,No,47,Yes,No,Two year,Mailed check,27.59,1205.28,1,4,17.15,3,No,25.644255319148936,0.02127659574468085,0.0851063829787234,0,0,1
CUST02574,Male,35,0,No,No,60,Yes,Fiber optic,One year,Electronic check,66.25,4023.23,3,1,52.64,1,No,67.05383333333333,0.05,0.016666666666666666,0,0,1
CUST02575,Male,66,1,No,No,11,Yes,Fiber optic,Month-to-month,Credit card,69.87,702.66,3,2,47.4,3,No,63.878181818181815,0.2727272727272727,0.18181818181818182,0,0,0
CUST02576,Female,58,0,Yes,Yes,50,Yes,DSL,Month-to-month,Credit card,38.3,1898.64,3,2,18.15,6,Yes,37.9728,0.06,0.04,0,0,1
CUST02577,Male,26,0,No,No,4,Yes,Fiber optic,One year,Credit card,93.41,389.46,3,0,61.28,1,No,97.365,0.75,0.0,1,1,0
CUST02578,Male,40,0,No,No,41,Yes,Fiber optic,Month-to-month,Credit card,79.6,3395.61,4,2,56.53,1,Yes,82.81975609756098,0.0975609756097561,0.04878048780487805,0,0,1
CUST02579,Female,27,0,Yes,No,59,Yes,Fiber optic,Month-to-month,Bank transfer,74.12,4225.69,3,0,49.36,4,No,71.62186440677965,0.05084745762711865,0.0,0,0,1
CUST02580,Female,36,0,Yes,No,60,Yes,DSL,Month-to-month,Electronic check,84.77,5256.17,1,3,36.49,4,No,87.60283333333334,0.016666666666666666,0.05,1,0,1
CUST02581,Female,64,1,Yes,Yes,62,Yes,DSL,One year,Credit card,38.38,2187.74,3,4,23.13,3,Yes,35.28612903225806,0.04838709677419355,0.06451612903225806,0,0,1
CUST02582,Male,22,0,No,No,25,Yes,Fiber optic,Month-to-month,Electronic check,104.28,2639.77,0,1,28.18,3,No,105.5908,0.0,0.04,1,0,0
CUST02583,Female,64,1,Yes,No,33,Yes,Fiber optic,Month-to-month,Electronic check,52.69,1744.81,1,1,44.83,1,Yes,52.873030303030305,0.030303030303030304,0.030303030303030304,0,0,0
CUST02584,Female,69,1,No,No,19,Yes,DSL,Two year,Bank transfer,53.75,1008.12,2,1,29.15,1,No,53.05894736842105,0.10526315789473684,0.05263157894736842,0,0,0
CUST02585,Male,40,0,No,No,57,Yes,DSL,One year,Electronic check,39.62,2261.97,4,1,24.46,4,No,39.68368421052631,0.07017543859649122,0.017543859649122806,0,0,1
CUST02586,Female,47,0,Yes,No,15,Yes,Fiber optic,One year,Electronic check,72.7,1142.68,2,3,41.38,5,Yes,76.17866666666667,0.13333333333333333,0.2,0,0,0
CUST02587,Female,42,0,No,Yes,41,Yes,Fiber optic,Month-to-month,Credit card,76.89,3198.66,0,0,15.72,2,Yes,78.01609756097561,0.0,0.0,0,0,1
CUST02588,Female,45,0,Yes,No,69,No,Fiber optic,One year,Electronic check,74.35,5112.2,2,2,19.77,2,Yes,74.08985507246376,0.028985507246376812,0.028985507246376812,0,0,1
CUST02589,Female,51,0,No,No,60,Yes,DSL,One year,Electronic check,63.0,3850.33,0,0,46.03,5,No,64.17216666666667,0.0,0.0,0,0,1
CUST02590,Male,62,1,Yes,No,22,Yes,No,Two year,Mailed check,32.02,681.48,1,0,40.33,5,No,30.976363636363637,0.045454545454545456,0.0,0,0,0
CUST02591,Female,73,1,No,No,43,No,Fiber optic,Month-to-month,Bank transfer,83.3,3591.25,1,0,18.51,2,No,83.51744186046511,0.023255813953488372,0.0,1,0,1
CUST02592,Female,65,1,Yes,No,32,No,Fiber optic,Month-to-month,Electronic check,89.85,2990.98,3,2,21.55,4,Yes,93.468125,0.09375,0.0625,1,0,0
CUST02593,Male,64,1,No,Yes,13,Yes,Fiber optic,Month-to-month,Electronic check,108.41,1528.0,5,0,38.04,2,Yes,117.53846153846153,0.38461538461538464,0.0,1,0,0
CUST02594,Female,42,0,No,No,38,Yes,Fiber optic,One year,Mailed check,74.53,2936.92,4,3,49.21,5,Yes,77.28736842105263,0.10526315789473684,0.07894736842105263,0,0,1
CUST02595,Male,27,0,Yes,No,26,No,Fiber optic,Month-to-month,Electronic check,98.56,2460.06,3,2,12.56,2,No,94.61769230769231,0.11538461538461539,0.07692307692307693,1,0,0
CUST02596,Female,31,0,No,No,5,Yes,No,Month-to-month,Credit card,45.2,268.63,1,1,17.97,2,Yes,53.726,0.2,0.2,0,1,0
CUST02597,Male,59,0,Yes,Yes,49,Yes,Fiber optic,Month-to-month,Credit card,112.21,5544.44,2,1,51.01,5,Yes,113.15183673469387,0.04081632653061224,0.02040816326530612,1,0,1
CUST02598,Male,74,1,No,Yes,5,Yes,DSL,Month-to-month,Bank transfer,79.55,574.51,3,3,13.92,4,Yes,114.902,0.6,0.6,0,1,0
CUST02599,Male,63,1,No,No,71,Yes,Fiber optic,Month-to-month,Mailed check,95.92,6889.61,2,2,15.1,2,Yes,97.03676056338028,0.028169014084507043,0.028169014084507043,1,0,1
CUST02600,Male,75,1,Yes,No,48,Yes,DSL,Two year,Credit card,73.81,3480.17,3,3,62.82,3,No,72.50354166666666,0.0625,0.0625,0,0,1
CUST02601,Female,47,0,Yes,No,18,Yes,DSL,One year,Credit card,54.19,937.24,3,3,36.05,3,No,52.06888888888889,0.16666666666666666,0.16666666666666666,0,0,0
CUST02602,Male,72,1,Yes,No,6,Yes,Fiber optic,Month-to-month,Bank transfer,83.78,248.43,1,0,22.08,2,No,41.405,0.16666666666666666,0.0,1,1,0
CUST02603,Female,58,0,No,No,66,Yes,No,Month-to-month,Mailed check,23.42,1538.01,2,1,84.67,5,No,23.30318181818182,0.030303030303030304,0.015151515151515152,0,0,1
CUST02604,Male,42,0,Yes,Yes,42,Yes,Fiber optic,Month-to-month,Mailed check,75.05,3115.17,1,1,44.99,3,No,74.17071428571428,0.023809523809523808,0.023809523809523808,0,0,1
CUST02605,Male,31,0,Yes,No,52,Yes,DSL,One year,Bank transfer,61.76,3159.05,2,3,32.68,2,Yes,60.75096153846154,0.038461538461538464,0.057692307692307696,0,0,1
CUST02606,Male,52,0,Yes,No,11,Yes,No,Month-to-month,Mailed check,20.8,150.84,1,1,22.39,5,Yes,13.712727272727273,0.09090909090909091,0.09090909090909091,0,0,0
CUST02607,Female,69,1,Yes,No,26,Yes,Fiber optic,Two year,Electronic check,85.93,2387.89,4,2,33.31,3,No,91.84192307692307,0.15384615384615385,0.07692307692307693,1,0,0
CUST02608,Male,65,1,No,No,21,Yes,DSL,One year,Credit card,43.43,643.25,2,2,39.89,4,Yes,30.63095238095238,0.09523809523809523,0.09523809523809523,0,0,0
CUST02609,Female,51,0,Yes,No,66,Yes,DSL,Month-to-month,Electronic check,53.6,3410.71,5,1,47.41,5,No,51.677424242424244,0.07575757575757576,0.015151515151515152,0,0,1
CUST02610,Female,27,0,No,No,40,Yes,No,Two year,Electronic check,35.53,1659.87,1,0,79.11,3,No,41.49675,0.025,0.0,0,0,1
CUST02611,Female,52,0,No,Yes,56,Yes,DSL,One year,Credit card,62.34,3589.45,1,0,37.6,1,No,64.09732142857142,0.017857142857142856,0.0,0,0,1
CUST02612,Female,28,0,No,No,51,Yes,Fiber optic,Month-to-month,Mailed check,105.02,5386.61,4,1,34.88,6,No,105.61980392156862,0.0784313725490196,0.0196078431372549,1,0,1
CUST02613,Female,28,0,Yes,Yes,20,Yes,DSL,Month-to-month,Credit card,52.73,1054.13,0,2,42.22,1,Yes,52.706500000000005,0.0,0.1,0,0,0
CUST02614,Female,38,0,No,No,57,Yes,DSL,One year,Bank transfer,57.02,3191.62,4,2,27.4,5,No,55.99333333333333,0.07017543859649122,0.03508771929824561,0,0,1
CUST02615,Female,38,0,No,No,5,Yes,DSL,Month-to-month,Electronic check,62.58,185.26,2,1,23.22,3,Yes,37.052,0.4,0.2,0,1,0
CUST02616,Female,39,0,Yes,No,14,Yes,No,Month-to-month,Bank transfer,23.44,364.92,3,1,34.74,4,Yes,26.065714285714286,0.21428571428571427,0.07142857142857142,0,0,0
CUST02617,Female,62,1,Yes,No,24,Yes,Fiber optic,Month-to-month,Credit card,64.09,1618.13,3,1,28.81,5,No,67.42208333333333,0.125,0.041666666666666664,0,0,0
CUST02618,Male,24,0,Yes,No,68,Yes,Fiber optic,Month-to-month,Bank transfer,93.5,6288.7,3,0,29.7,5,No,92.48088235294118,0.04411764705882353,0.0,1,0,1
CUST02619,Male,72,1,Yes,No,52,Yes,DSL,Month-to-month,Electronic check,48.17,2323.16,2,0,79.0,4,Yes,44.676153846153845,0.038461538461538464,0.0,0,0,1
CUST02620,Male,34,0,Yes,Yes,48,Yes,No,Two year,Credit card,24.92,1262.63,2,0,29.15,6,No,26.30479166666667,0.041666666666666664,0.0,0,0,1
CUST02621,Male,19,0,No,No,47,Yes,DSL,One year,Credit card,34.43,1695.73,4,2,38.08,2,No,36.07936170212766,0.0851063829787234,0.0425531914893617,0,0,1
CUST02622,Male,29,0,Yes,No,60,Yes,No,One year,Credit card,19.81,1271.79,1,0,46.65,2,No,21.1965,0.016666666666666666,0.0,0,0,1
CUST02623,Female,74,1,No,No,3,Yes,No,One year,Electronic check,23.99,56.12,4,3,21.72,4,No,18.706666666666667,1.3333333333333333,1.0,0,1,0
CUST02624,Female,59,0,No,No,9,Yes,No,One year,Credit card,29.49,49.56,2,1,33.61,4,Yes,5.506666666666667,0.2222222222222222,0.1111111111111111,0,0,0
CUST02625,Female,35,0,No,Yes,24,Yes,No,Two year,Credit card,18.0,309.49,3,1,21.7,3,No,12.895416666666668,0.125,0.041666666666666664,0,0,0
CUST02626,Female,71,1,No,Yes,4,No,No,Month-to-month,Bank transfer,18.0,200.59,3,2,53.12,4,No,50.1475,0.75,0.5,0,1,0
CUST02627,Female,28,0,Yes,Yes,9,Yes,DSL,One year,Bank transfer,81.17,595.47,4,0,62.46,6,Yes,66.16333333333334,0.4444444444444444,0.0,1,0,0
CUST02628,Female,33,0,No,No,1,Yes,DSL,Month-to-month,Mailed check,83.58,153.58,3,3,26.27,1,Yes,153.58,3.0,3.0,1,1,0
CUST02629,Female,66,1,No,Yes,35,Yes,Fiber optic,Two year,Credit card,92.72,3143.08,2,1,45.57,1,No,89.80228571428572,0.05714285714285714,0.02857142857142857,1,0,0
CUST02630,Male,68,1,No,Yes,12,Yes,Fiber optic,Two year,Electronic check,104.19,1138.09,5,2,33.09,2,No,94.84083333333332,0.4166666666666667,0.16666666666666666,1,0,0
CUST02631,Male,35,0,No,No,18,Yes,Fiber optic,Two year,Bank transfer,79.08,1606.03,2,3,49.8,1,No,89.2238888888889,0.1111111111111111,0.16666666666666666,0,0,0
CUST02632,Male,52,0,Yes,No,10,No,Fiber optic,Month-to-month,Credit card,94.8,1134.29,3,0,20.62,1,Yes,113.429,0.3,0.0,1,0,0
CUST02633,Male,70,1,Yes,No,18,Yes,Fiber optic,Month-to-month,Electronic check,94.05,1709.22,3,2,45.67,6,Yes,94.95666666666666,0.16666666666666666,0.1111111111111111,1,0,0
CUST02634,Female,43,0,No,No,24,Yes,No,Month-to-month,Bank transfer,18.0,383.54,5,0,44.99,3,No,15.980833333333335,0.20833333333333334,0.0,0,0,0
CUST02635,Female,33,0,No,No,1,Yes,DSL,Month-to-month,Electronic check,62.36,165.56,3,2,35.58,2,Yes,165.56,3.0,2.0,0,1,0
CUST02636,Female,23,0,No,No,72,Yes,Fiber optic,Month-to-month,Electronic check,80.57,5643.08,1,0,52.51,3,Yes,78.37611111111111,0.013888888888888888,0.0,1,0,1
CUST02637,Male,74,1,No,No,16,Yes,DSL,Month-to-month,Bank transfer,64.41,1151.72,2,3,61.44,5,Yes,71.9825,0.125,0.1875,0,0,0
CUST02638,Female,61,1,Yes,No,15,Yes,DSL,One year,Bank transfer,53.58,1005.75,9,3,77.74,6,No,67.05,0.6,0.2,0,0,0
CUST02639,Female,60,1,Yes,No,62,No,Fiber optic,Month-to-month,Bank transfer,63.18,3975.23,3,2,19.86,1,No,64.1166129032258,0.04838709677419355,0.03225806451612903,0,0,1
CUST02640,Female,64,1,Yes,No,5,Yes,No,Two year,Electronic check,25.14,9.42,3,1,54.15,1,No,1.884,0.6,0.2,0,1,0
CUST02641,Male,64,1,Yes,Yes,45,Yes,Fiber optic,Month-to-month,Mailed check,97.46,4538.16,1,0,12.49,3,Yes,100.848,0.022222222222222223,0.0,1,0,1
CUST02642,Female,65,1,No,No,52,Yes,DSL,Month-to-month,Bank transfer,69.97,3669.71,3,0,43.79,5,Yes,70.57134615384615,0.057692307692307696,0.0,0,0,1
CUST02643,Male,59,0,No,Yes,71,Yes,Fiber optic,One year,Bank transfer,58.36,4129.53,1,1,34.71,6,No,58.16239436619718,0.014084507042253521,0.014084507042253521,0,0,1
CUST02644,Male,29,0,Yes,No,7,Yes,DSL,One year,Bank transfer,62.19,338.43,5,2,43.64,1,No,48.347142857142856,0.7142857142857143,0.2857142857142857,0,0,0
CUST02645,Male,30,0,Yes,Yes,27,Yes,DSL,Month-to-month,Credit card,68.26,1729.04,5,2,45.66,4,Yes,64.03851851851852,0.18518518518518517,0.07407407407407407,0,0,0
CUST02646,Male,21,0,Yes,No,13,Yes,Fiber optic,Two year,Electronic check,87.06,1247.12,0,2,20.31,3,No,95.93230769230769,0.0,0.15384615384615385,1,0,0
CUST02647,Female,56,0,Yes,No,17,No,No,One year,Bank transfer,31.92,535.02,1,3,33.91,2,No,31.47176470588235,0.058823529411764705,0.17647058823529413,0,0,0
CUST02648,Male,71,1,No,No,44,Yes,Fiber optic,Two year,Bank transfer,63.84,2800.3,1,3,16.23,5,No,63.64318181818182,0.022727272727272728,0.06818181818181818,0,0,1
CUST02649,Male,19,0,Yes,No,13,Yes,DSL,Two year,Electronic check,46.26,613.99,2,3,102.94,6,No,47.230000000000004,0.15384615384615385,0.23076923076923078,0,0,0
CUST02650,Female,43,0,No,No,5,Yes,No,Month-to-month,Bank transfer,29.71,0.0,2,1,41.08,1,No,0.0,0.4,0.2,0,1,0
CUST02651,Female,44,0,No,No,33,Yes,No,Two year,Credit card,22.21,730.73,3,0,16.26,1,No,22.143333333333334,0.09090909090909091,0.0,0,0,0
CUST02652,Male,44,0,No,Yes,4,No,Fiber optic,Two year,Credit card,102.59,409.71,2,1,17.03,2,No,102.4275,0.5,0.25,1,1,0
CUST02653,Female,32,0,Yes,No,26,No,Fiber optic,Two year,Credit card,89.6,2479.12,3,0,19.0,1,No,95.35076923076923,0.11538461538461539,0.0,1,0,0
CUST02654,Male,25,0,No,No,68,Yes,DSL,Two year,Electronic check,49.26,3432.44,3,2,27.94,4,No,50.47705882352941,0.04411764705882353,0.029411764705882353,0,0,1
CUST02655,Male,24,0,No,Yes,16,Yes,Fiber optic,Two year,Electronic check,70.81,1011.54,2,3,14.6,6,No,63.22125,0.125,0.1875,0,0,0
CUST02656,Male,64,1,No,No,22,No,DSL,Month-to-month,Bank transfer,37.48,785.22,2,0,35.9,4,No,35.691818181818185,0.09090909090909091,0.0,0,0,0
CUST02657,Male,72,1,Yes,No,36,Yes,DSL,Month-to-month,Electronic check,68.25,2561.63,2,2,60.55,5,Yes,71.1563888888889,0.05555555555555555,0.05555555555555555,0,0,1
CUST02658,Female,63,1,Yes,No,58,Yes,DSL,Two year,Electronic check,58.6,3268.53,5,2,64.72,4,Yes,56.353965517241384,0.08620689655172414,0.034482758620689655,0,0,1
CUST02659,Male,57,0,No,No,55,Yes,Fiber optic,One year,Mailed check,98.74,5600.3,4,1,41.3,5,No,101.82363636363637,0.07272727272727272,0.01818181818181818,1,0,1
CUST02660,Female,29,0,Yes,No,35,Yes,DSL,Month-to-month,Electronic check,63.09,2204.1,0,1,55.28,5,No,62.97428571428571,0.0,0.02857142857142857,0,0,0
CUST02661,Female,30,0,Yes,No,25,Yes,No,Month-to-month,Bank transfer,25.92,701.62,3,1,24.84,3,No,28.0648,0.12,0.04,0,0,0
CUST02662,Female,60,1,No,No,72,Yes,DSL,One year,Mailed check,69.78,4979.97,4,1,45.61,1,No,69.16625,0.05555555555555555,0.013888888888888888,0,0,1
CUST02663,Female,34,0,Yes,No,61,Yes,DSL,Month-to-month,Credit card,58.83,3543.07,2,2,37.68,1,No,58.08311475409836,0.03278688524590164,0.03278688524590164,0,0,1
CUST02664,Male,34,0,Yes,Yes,18,Yes,Fiber optic,Month-to-month,Bank transfer,80.01,1348.0,2,1,61.03,4,Yes,74.88888888888889,0.1111111111111111,0.05555555555555555,1,0,0
CUST02665,Female,73,1,Yes,No,58,Yes,Fiber optic,Month-to-month,Mailed check,85.0,5083.68,3,1,57.72,1,No,87.6496551724138,0.05172413793103448,0.017241379310344827,1,0,1
CUST02666,Male,53,0,No,No,57,Yes,Fiber optic,One year,Mailed check,97.63,5624.09,3,3,37.06,5,No,98.66824561403509,0.05263157894736842,0.05263157894736842,1,0,1
CUST02667,Female,38,0,Yes,Yes,63,Yes,DSL,Month-to-month,Credit card,48.7,2971.46,5,0,21.53,5,No,47.16603174603175,0.07936507936507936,0.0,0,0,1
CUST02668,Female,25,0,No,Yes,12,Yes,Fiber optic,Month-to-month,Credit card,98.87,1256.99,1,1,82.85,6,No,104.74916666666667,0.08333333333333333,0.08333333333333333,1,0,0
CUST02669,Male,22,0,Yes,No,11,No,DSL,One year,Credit card,60.76,762.41,0,2,54.71,6,No,69.31,0.0,0.18181818181818182,0,0,0
CUST02670,Male,43,0,Yes,No,13,Yes,DSL,One year,Bank transfer,55.39,828.22,5,3,21.84,2,Yes,63.70923076923077,0.38461538461538464,0.23076923076923078,0,0,0
CUST02671,Male,33,0,No,No,35,No,DSL,Month-to-month,Mailed check,62.2,2205.14,3,0,54.72,1,No,63.004,0.08571428571428572,0.0,0,0,0
CUST02672,Female,53,0,Yes,No,27,Yes,Fiber optic,Month-to-month,Bank transfer,102.65,2788.65,2,1,94.79,1,No,103.28333333333333,0.07407407407407407,0.037037037037037035,1,0,0
CUST02673,Female,45,0,No,No,67,Yes,DSL,One year,Credit card,74.03,4866.87,6,2,65.75,6,No,72.63985074626865,0.08955223880597014,0.029850746268656716,0,0,1
CUST02674,Male,71,1,Yes,Yes,45,Yes,DSL,One year,Credit card,64.7,3044.66,5,1,26.1,4,Yes,67.6591111111111,0.1111111111111111,0.022222222222222223,0,0,1
CUST02675,Male,46,0,Yes,Yes,67,Yes,Fiber optic,Month-to-month,Electronic check,94.39,6390.8,1,0,63.14,4,Yes,95.38507462686567,0.014925373134328358,0.0,1,0,1
CUST02676,Male,64,1,Yes,No,22,No,Fiber optic,Month-to-month,Electronic check,85.65,1983.19,1,1,38.03,3,No,90.145,0.045454545454545456,0.045454545454545456,1,0,0
CUST02677,Male,29,0,Yes,No,42,Yes,DSL,Two year,Bank transfer,52.98,2036.87,4,1,25.26,4,Yes,48.49690476190476,0.09523809523809523,0.023809523809523808,0,0,1
CUST02678,Female,54,0,No,Yes,20,Yes,Fiber optic,Two year,Electronic check,91.67,1929.06,0,2,26.96,5,No,96.453,0.0,0.1,1,0,0
CUST02679,Male,47,0,No,No,48,Yes,Fiber optic,Month-to-month,Electronic check,78.27,3759.47,2,0,28.43,5,Yes,78.32229166666666,0.041666666666666664,0.0,0,0,1
CUST02680,Male,40,0,Yes,No,18,No,Fiber optic,Month-to-month,Bank transfer,69.6,1335.56,1,0,54.65,1,Yes,74.19777777777777,0.05555555555555555,0.0,0,0,0
CUST02681,Male,33,0,No,No,70,Yes,Fiber optic,Month-to-month,Electronic check,78.66,5386.41,3,2,26.92,6,Yes,76.94871428571429,0.04285714285714286,0.02857142857142857,0,0,1
CUST02682,Male,31,0,No,No,6,Yes,No,Month-to-month,Mailed check,18.0,289.32,1,0,36.19,2,Yes,48.22,0.16666666666666666,0.0,0,1,0
CUST02683,Female,27,0,Yes,No,39,Yes,DSL,Month-to-month,Electronic check,45.14,1695.26,1,0,45.91,6,No,43.46820512820513,0.02564102564102564,0.0,0,0,1
CUST02684,Male,24,0,Yes,Yes,11,Yes,DSL,Month-to-month,Mailed check,84.35,1043.03,1,1,36.0,1,Yes,94.82090909090908,0.09090909090909091,0.09090909090909091,1,0,0
CUST02685,Female,62,1,No,Yes,25,Yes,No,One year,Credit card,34.01,829.78,2,3,24.59,2,No,33.1912,0.08,0.12,0,0,0
CUST02686,Male,69,1,No,No,55,Yes,DSL,Month-to-month,Electronic check,57.12,3326.63,0,0,36.58,4,Yes,60.48418181818182,0.0,0.0,0,0,1
CUST02687,Male,54,0,No,No,58,Yes,DSL,Two year,Bank transfer,66.27,3873.43,3,4,39.0,3,No,66.78327586206896,0.05172413793103448,0.06896551724137931,0,0,1
CUST02688,Female,46,0,No,No,37,Yes,Fiber optic,One year,Mailed check,70.74,2805.85,1,1,37.59,3,No,75.83378378378379,0.02702702702702703,0.02702702702702703,0,0,1
CUST02689,Male,20,0,No,Yes,16,No,DSL,One year,Credit card,67.94,1080.04,6,2,37.16,3,Yes,67.5025,0.375,0.125,0,0,0
CUST02690,Female,32,0,Yes,No,70,Yes,Fiber optic,Two year,Bank transfer,88.92,6113.11,3,0,34.4,4,No,87.33014285714285,0.04285714285714286,0.0,1,0,1
CUST02691,Female,53,0,Yes,Yes,37,Yes,Fiber optic,One year,Mailed check,74.43,2783.52,2,0,25.54,2,No,75.23027027027027,0.05405405405405406,0.0,0,0,1
CUST02692,Male,64,1,Yes,Yes,53,Yes,Fiber optic,Two year,Electronic check,80.15,4234.63,0,0,47.54,1,No,79.89867924528302,0.0,0.0,1,0,1
CUST02693,Female,63,1,No,No,16,Yes,Fiber optic,Month-to-month,Bank transfer,79.11,1205.35,0,1,34.33,6,Yes,75.334375,0.0,0.0625,0,0,0
CUST02694,Female,69,1,No,No,18,Yes,Fiber optic,Month-to-month,Electronic check,97.75,1883.81,0,2,26.6,6,No,104.6561111111111,0.0,0.1111111111111111,1,0,0
CUST02695,Female,36,0,No,Yes,19,Yes,Fiber optic,Month-to-month,Credit card,83.78,1456.51,2,0,39.57,3,Yes,76.65842105263158,0.10526315789473684,0.0,1,0,0
CUST02696,Female,30,0,No,Yes,44,Yes,DSL,Month-to-month,Electronic check,41.06,1997.8,2,0,40.66,1,Yes,45.404545454545456,0.045454545454545456,0.0,0,0,1
CUST02697,Female,59,0,No,No,2,Yes,Fiber optic,Month-to-month,Credit card,78.27,138.04,0,1,45.61,3,No,69.02,0.0,0.5,0,1,0
CUST02698,Female,38,0,No,No,58,Yes,DSL,One year,Electronic check,50.61,2799.17,2,0,39.5,2,No,48.26155172413793,0.034482758620689655,0.0,0,0,1
CUST02699,Female,54,0,Yes,No,10,Yes,DSL,Month-to-month,Electronic check,42.26,461.58,3,0,79.87,4,Yes,46.158,0.3,0.0,0,0,0
CUST02700,Female,44,0,No,No,46,Yes,DSL,One year,Credit card,50.87,2358.3,2,1,16.74,2,Yes,51.26739130434783,0.043478260869565216,0.021739130434782608,0,0,1
CUST02701,Male,72,1,No,No,19,No,Fiber optic,Month-to-month,Credit card,52.62,984.4,4,1,24.23,2,Yes,51.810526315789474,0.21052631578947367,0.05263157894736842,0,0,0
CUST02702,Male,69,1,Yes,Yes,38,Yes,No,One year,Credit card,18.0,621.01,2,2,65.44,5,Yes,16.34236842105263,0.05263157894736842,0.05263157894736842,0,0,1
CUST02703,Female,46,0,No,Yes,37,Yes,Fiber optic,Month-to-month,Credit card,87.94,3385.19,2,1,25.32,3,No,91.49162162162162,0.05405405405405406,0.02702702702702703,1,0,1
CUST02704,Male,37,0,No,No,45,Yes,DSL,Two year,Electronic check,65.44,2998.74,5,2,25.65,2,No,66.63866666666667,0.1111111111111111,0.044444444444444446,0,0,1
CUST02705,Female,42,0,Yes,Yes,34,Yes,DSL,Month-to-month,Mailed check,66.04,2196.79,2,0,53.6,5,Yes,64.61147058823529,0.058823529411764705,0.0,0,0,0
CUST02706,Female,23,0,Yes,No,2,No,Fiber optic,Two year,Credit card,99.36,238.54,3,1,20.01,1,No,119.27,1.5,0.5,1,1,0
CUST02707,Male,53,0,No,No,44,Yes,Fiber optic,Month-to-month,Electronic check,102.81,4445.64,3,0,46.05,2,Yes,101.03727272727274,0.06818181818181818,0.0,1,0,1
CUST02708,Female,19,0,No,No,27,Yes,Fiber optic,One year,Credit card,69.63,1977.86,3,2,37.57,4,No,73.25407407407407,0.1111111111111111,0.07407407407407407,0,0,0
CUST02709,Female,39,0,No,No,48,Yes,No,Month-to-month,Bank transfer,18.0,1073.68,2,0,69.18,6,No,22.368333333333336,0.041666666666666664,0.0,0,0,1
CUST02710,Female,49,0,Yes,No,7,Yes,DSL,Two year,Electronic check,60.51,534.28,3,0,57.75,5,No,76.32571428571428,0.42857142857142855,0.0,0,0,0
CUST02711,Female,33,0,Yes,Yes,27,Yes,No,One year,Electronic check,29.37,726.93,3,0,20.38,6,No,26.923333333333332,0.1111111111111111,0.0,0,0,0
CUST02712,Male,35,0,Yes,No,71,Yes,Fiber optic,Two year,Bank transfer,72.47,5049.15,3,2,40.8,6,No,71.11478873239436,0.04225352112676056,0.028169014084507043,0,0,1
CUST02713,Female,22,0,Yes,Yes,18,Yes,Fiber optic,Month-to-month,Credit card,88.97,1611.35,4,2,32.71,4,No,89.51944444444445,0.2222222222222222,0.1111111111111111,1,0,0
CUST02714,Female,71,1,Yes,No,33,Yes,Fiber optic,Two year,Credit card,112.34,3546.28,0,0,63.17,5,No,107.46303030303031,0.0,0.0,1,0,0
CUST02715,Female,53,0,No,No,33,Yes,No,Month-to-month,Mailed check,18.0,685.5,5,0,52.67,3,No,20.772727272727273,0.15151515151515152,0.0,0,0,0
CUST02716,Male,47,0,Yes,Yes,25,No,Fiber optic,Month-to-month,Electronic check,85.09,2193.82,3,0,64.47,6,No,87.75280000000001,0.12,0.0,1,0,0
CUST02717,Female,62,1,Yes,No,14,Yes,Fiber optic,Month-to-month,Credit card,100.58,1392.78,1,0,18.21,1,No,99.48428571428572,0.07142857142857142,0.0,1,0,0
CUST02718,Male,36,0,Yes,Yes,38,Yes,No,Month-to-month,Electronic check,23.42,860.96,3,0,17.24,6,Yes,22.65684210526316,0.07894736842105263,0.0,0,0,1
CUST02719,Male,40,0,Yes,Yes,38,Yes,DSL,One year,Electronic check,64.95,2457.04,3,1,29.74,6,No,64.65894736842105,0.07894736842105263,0.02631578947368421,0,0,1
CUST02720,Female,51,0,No,No,4,Yes,DSL,Month-to-month,Electronic check,70.92,439.86,2,2,54.87,6,Yes,109.965,0.5,0.5,0,1,0
CUST02721,Female,30,0,No,Yes,62,Yes,Fiber optic,Month-to-month,Credit card,80.47,4948.58,3,0,23.3,4,No,79.8158064516129,0.04838709677419355,0.0,1,0,1
CUST02722,Male,60,1,No,Yes,10,Yes,DSL,One year,Electronic check,47.27,353.1,0,0,30.75,6,Yes,35.31,0.0,0.0,0,0,0
CUST02723,Female,71,1,Yes,No,35,Yes,No,Two year,Credit card,24.19,768.47,1,3,29.43,2,No,21.956285714285716,0.02857142857142857,0.08571428571428572,0,0,0
CUST02724,Male,46,0,Yes,No,23,Yes,DSL,One year,Mailed check,46.86,1176.72,2,0,12.85,1,No,51.16173913043478,0.08695652173913043,0.0,0,0,0
CUST02725,Male,53,0,No,Yes,65,Yes,Fiber optic,One year,Bank transfer,76.74,4892.02,4,1,25.39,6,No,75.26184615384616,0.06153846153846154,0.015384615384615385,0,0,1
CUST02726,Female,39,0,Yes,No,25,Yes,Fiber optic,One year,Electronic check,91.63,2410.61,1,3,18.09,6,No,96.4244,0.04,0.12,1,0,0
CUST02727,Female,69,1,No,No,53,Yes,Fiber optic,One year,Electronic check,87.72,4629.01,6,2,80.78,1,Yes,87.33981132075472,0.11320754716981132,0.03773584905660377,1,0,1
CUST02728,Male,69,1,Yes,Yes,17,Yes,DSL,Two year,Credit card,71.97,1044.13,3,0,41.79,2,No,61.41941176470589,0.17647058823529413,0.0,0,0,0
CUST02729,Male,64,1,No,No,57,Yes,Fiber optic,Month-to-month,Credit card,88.48,5118.23,3,2,25.55,4,Yes,89.79350877192982,0.05263157894736842,0.03508771929824561,1,0,1
CUST02730,Male,53,0,Yes,No,20,Yes,DSL,Month-to-month,Mailed check,50.64,985.66,2,1,24.46,6,Yes,49.283,0.1,0.05,0,0,0
CUST02731,Male,26,0,No,No,25,Yes,DSL,Two year,Mailed check,48.04,1238.16,0,0,50.23,6,No,49.5264,0.0,0.0,0,0,0
CUST02732,Female,56,0,No,No,42,No,DSL,Two year,Credit card,67.53,2773.94,3,3,34.09,4,Yes,66.04619047619047,0.07142857142857142,0.07142857142857142,0,0,1
CUST02733,Female,68,1,No,Yes,45,Yes,Fiber optic,Month-to-month,Electronic check,88.6,4110.09,3,2,55.55,3,Yes,91.33533333333334,0.06666666666666667,0.044444444444444446,1,0,1
CUST02734,Female,36,0,No,No,31,No,DSL,One year,Mailed check,57.69,1832.96,2,0,29.97,5,No,59.127741935483876,0.06451612903225806,0.0,0,0,0
CUST02735,Female,55,0,No,No,65,Yes,DSL,One year,Bank transfer,64.07,4381.19,1,2,25.99,1,No,67.40292307692307,0.015384615384615385,0.03076923076923077,0,0,1
CUST02736,Female,23,0,No,Yes,52,Yes,Fiber optic,Month-to-month,Credit card,74.44,3941.93,6,1,9.39,1,No,75.80634615384615,0.11538461538461539,0.019230769230769232,0,0,1
CUST02737,Male,69,1,Yes,Yes,21,Yes,No,Month-to-month,Credit card,18.0,354.72,2,2,50.6,3,No,16.891428571428573,0.09523809523809523,0.09523809523809523,0,0,0
CUST02738,Female,64,1,Yes,No,30,Yes,Fiber optic,One year,Credit card,100.64,2932.75,0,1,51.73,5,No,97.75833333333334,0.0,0.03333333333333333,1,0,0
CUST02739,Female,32,0,No,No,3,No,DSL,Month-to-month,Mailed check,67.79,61.65,1,0,71.18,5,Yes,20.55,0.3333333333333333,0.0,0,1,0
CUST02740,Female,74,1,No,No,70,Yes,Fiber optic,Month-to-month,Electronic check,83.7,5846.12,5,2,19.07,5,Yes,83.516,0.07142857142857142,0.02857142857142857,1,0,1
CUST02741,Female,37,0,Yes,No,43,Yes,DSL,Two year,Bank transfer,49.22,2107.48,3,3,102.83,2,No,49.011162790697675,0.06976744186046512,0.06976744186046512,0,0,1
CUST02742,Female,26,0,Yes,No,29,Yes,DSL,One year,Electronic check,57.44,1824.86,0,3,20.69,3,Yes,62.92620689655172,0.0,0.10344827586206896,0,0,0
CUST02743,Male,49,0,No,No,3,Yes,Fiber optic,Two year,Mailed check,59.05,136.03,2,2,66.31,2,No,45.343333333333334,0.6666666666666666,0.6666666666666666,0,1,0
CUST02744,Male,21,0,Yes,Yes,58,Yes,DSL,Two year,Credit card,61.37,3660.93,1,0,25.44,5,No,63.119482758620684,0.017241379310344827,0.0,0,0,1
CUST02745,Male,67,1,Yes,Yes,33,Yes,DSL,One year,Electronic check,36.77,1202.74,5,1,42.42,2,No,36.446666666666665,0.15151515151515152,0.030303030303030304,0,0,0
CUST02746,Female,35,0,Yes,No,45,Yes,DSL,Two year,Electronic check,61.28,2946.78,4,3,34.2,1,No,65.48400000000001,0.08888888888888889,0.06666666666666667,0,0,1
CUST02747,Male,22,0,No,No,69,Yes,Fiber optic,Month-to-month,Credit card,74.42,4978.38,1,1,99.51,2,Yes,72.1504347826087,0.014492753623188406,0.014492753623188406,0,0,1
CUST02748,Male,37,0,Yes,No,32,Yes,Fiber optic,One year,Electronic check,82.79,2784.48,3,3,11.57,2,No,87.015,0.09375,0.09375,1,0,0
CUST02749,Female,40,0,No,No,52,Yes,DSL,One year,Credit card,46.33,2359.26,5,0,60.52,4,No,45.37038461538462,0.09615384615384616,0.0,0,0,1
CUST02750,Female,28,0,Yes,No,64,Yes,Fiber optic,One year,Electronic check,107.62,6976.84,2,2,27.84,3,No,109.013125,0.03125,0.03125,1,0,1
CUST02751,Female,54,0,No,Yes,40,Yes,DSL,Month-to-month,Electronic check,64.33,2730.38,1,2,63.34,5,Yes,68.2595,0.025,0.05,0,0,1
CUST02752,Male,39,0,No,No,13,Yes,Fiber optic,Month-to-month,Credit card,74.67,935.59,1,1,56.58,3,Yes,71.96846153846154,0.07692307692307693,0.07692307692307693,0,0,0
CUST02753,Male,75,1,Yes,No,29,No,Fiber optic,Month-to-month,Credit card,82.31,2277.36,0,3,31.75,1,Yes,78.5296551724138,0.0,0.10344827586206896,1,0,0
CUST02754,Female,21,0,No,Yes,63,Yes,DSL,One year,Credit card,79.27,4874.7,3,1,45.98,5,No,77.37619047619047,0.047619047619047616,0.015873015873015872,0,0,1
CUST02755,Female,46,0,Yes,No,26,No,DSL,Two year,Credit card,48.6,1178.2,2,3,44.21,1,No,45.315384615384616,0.07692307692307693,0.11538461538461539,0,0,0
CUST02756,Male,61,1,Yes,No,59,Yes,DSL,Two year,Credit card,46.65,2509.44,1,0,41.57,2,No,42.532881355932204,0.01694915254237288,0.0,0,0,1
CUST02757,Male,51,0,No,No,49,Yes,No,Month-to-month,Credit card,18.0,859.24,0,1,39.11,4,Yes,17.535510204081632,0.0,0.02040816326530612,0,0,1
CUST02758,Female,30,0,Yes,Yes,53,Yes,DSL,Month-to-month,Electronic check,51.82,2811.44,3,0,72.19,5,Yes,53.046037735849055,0.05660377358490566,0.0,0,0,1
CUST02759,Female,59,0,No,Yes,31,Yes,DSL,Month-to-month,Electronic check,77.94,2440.74,2,0,52.69,1,Yes,78.73354838709676,0.06451612903225806,0.0,0,0,0
CUST02760,Male,26,0,Yes,No,12,Yes,No,Month-to-month,Electronic check,20.52,208.44,3,0,76.66,2,Yes,17.37,0.25,0.0,0,0,0
CUST02761,Female,59,0,Yes,No,58,Yes,DSL,Two year,Bank transfer,55.0,3101.31,2,1,29.21,5,No,53.470862068965516,0.034482758620689655,0.017241379310344827,0,0,1
CUST02762,Male,48,0,Yes,No,36,No,DSL,Two year,Credit card,62.42,2190.03,2,0,45.19,5,No,60.834166666666675,0.05555555555555555,0.0,0,0,1
CUST02763,Male,24,0,No,No,10,Yes,Fiber optic,Month-to-month,Credit card,84.53,873.67,3,1,39.99,6,No,87.36699999999999,0.3,0.1,1,0,0
CUST02764,Male,21,0,Yes,No,6,Yes,No,Month-to-month,Bank transfer,32.76,279.09,0,1,51.04,6,Yes,46.51499999999999,0.0,0.16666666666666666,0,1,0
CUST02765,Male,36,0,No,Yes,7,Yes,Fiber optic,Month-to-month,Electronic check,97.32,531.71,4,1,14.49,6,Yes,75.95857142857143,0.5714285714285714,0.14285714285714285,1,0,0
CUST02766,Female,59,0,Yes,No,31,No,Fiber optic,Month-to-month,Credit card,89.91,2802.95,3,3,72.62,3,Yes,90.41774193548386,0.0967741935483871,0.0967741935483871,1,0,0
CUST02767,Female,47,0,Yes,Yes,72,Yes,Fiber optic,Two year,Electronic check,81.55,5898.11,3,2,60.32,5,No,81.91819444444444,0.041666666666666664,0.027777777777777776,1,0,1
CUST02768,Male,48,0,No,No,3,Yes,Fiber optic,One year,Bank transfer,99.4,203.85,1,0,19.22,1,Yes,67.95,0.3333333333333333,0.0,1,1,0
CUST02769,Male,52,0,No,Yes,47,Yes,Fiber optic,One year,Bank transfer,73.19,3494.62,5,0,24.02,4,No,74.35361702127659,0.10638297872340426,0.0,0,0,1
CUST02770,Male,74,1,Yes,No,1,Yes,DSL,One year,Bank transfer,49.79,143.14,2,3,56.16,5,No,143.14,2.0,3.0,0,1,0
CUST02771,Male,38,0,No,Yes,45,Yes,DSL,Month-to-month,Mailed check,55.1,2422.49,1,2,25.37,1,Yes,53.83311111111111,0.022222222222222223,0.044444444444444446,0,0,1
CUST02772,Male,48,0,Yes,No,54,Yes,Fiber optic,Month-to-month,Bank transfer,102.43,5444.56,2,2,12.65,2,No,100.82518518518519,0.037037037037037035,0.037037037037037035,1,0,1
CUST02773,Female,36,0,No,Yes,50,Yes,DSL,Month-to-month,Bank transfer,49.96,2713.55,5,2,32.13,2,Yes,54.271,0.1,0.04,0,0,1
CUST02774,Female,48,0,No,No,7,Yes,DSL,One year,Electronic check,52.8,449.65,1,2,34.66,5,No,64.23571428571428,0.14285714285714285,0.2857142857142857,0,0,0
CUST02775,Female,70,1,No,Yes,63,No,DSL,Two year,Electronic check,62.09,3929.65,2,1,19.36,4,No,62.37539682539683,0.031746031746031744,0.015873015873015872,0,0,1
CUST02776,Female,49,0,No,No,15,Yes,Fiber optic,One year,Mailed check,84.15,1194.82,4,1,24.33,5,No,79.65466666666666,0.26666666666666666,0.06666666666666667,1,0,0
CUST02777,Male,19,0,Yes,No,67,No,No,Month-to-month,Mailed check,21.96,1394.04,4,3,26.78,3,No,20.806567164179103,0.05970149253731343,0.04477611940298507,0,0,1
CUST02778,Male,69,1,No,No,30,Yes,Fiber optic,One year,Credit card,92.01,2817.61,3,0,63.11,5,No,93.92033333333333,0.1,0.0,1,0,0
CUST02779,Male,27,0,No,No,68,Yes,Fiber optic,Month-to-month,Credit card,77.9,5214.95,4,0,75.53,3,Yes,76.69044117647059,0.058823529411764705,0.0,0,0,1
CUST02780,Male,19,0,Yes,No,36,Yes,Fiber optic,Month-to-month,Mailed check,100.84,3543.66,1,1,20.46,3,No,98.435,0.027777777777777776,0.027777777777777776,1,0,1
CUST02781,Male,19,0,Yes,No,67,Yes,DSL,Month-to-month,Electronic check,62.85,4197.46,3,3,38.65,6,Yes,62.64865671641791,0.04477611940298507,0.04477611940298507,0,0,1
CUST02782,Female,41,0,No,No,5,No,DSL,Month-to-month,Electronic check,72.2,424.83,2,1,20.55,3,No,84.966,0.4,0.2,0,1,0
CUST02783,Male,34,0,No,No,25,Yes,Fiber optic,Two year,Credit card,73.14,2004.9,2,3,31.62,3,No,80.196,0.08,0.12,0,0,0
CUST02784,Female,49,0,Yes,Yes,11,Yes,Fiber optic,One year,Electronic check,82.78,934.62,2,3,19.47,3,Yes,84.96545454545455,0.18181818181818182,0.2727272727272727,1,0,0
CUST02785,Female,33,0,No,No,72,No,DSL,Month-to-month,Credit card,37.23,2598.4,2,2,24.72,2,Yes,36.08888888888889,0.027777777777777776,0.027777777777777776,0,0,1
CUST02786,Female,33,0,No,Yes,66,Yes,DSL,Month-to-month,Bank transfer,76.05,4992.53,1,4,27.69,5,No,75.64439393939394,0.015151515151515152,0.06060606060606061,0,0,1
CUST02787,Female,63,1,Yes,No,28,Yes,Fiber optic,Month-to-month,Electronic check,119.41,3473.89,1,2,42.93,5,Yes,124.0675,0.03571428571428571,0.07142857142857142,1,0,0
CUST02788,Male,56,0,Yes,Yes,60,Yes,DSL,Month-to-month,Mailed check,56.54,3512.72,1,0,58.18,3,Yes,58.54533333333333,0.016666666666666666,0.0,0,0,1
CUST02789,Female,70,1,No,No,10,Yes,No,Month-to-month,Mailed check,27.98,404.51,3,0,45.42,3,No,40.451,0.3,0.0,0,0,0
CUST02790,Female,48,0,Yes,Yes,50,Yes,Fiber optic,One year,Bank transfer,86.7,4436.37,4,2,32.96,3,No,88.7274,0.08,0.04,1,0,1
CUST02791,Female,60,1,Yes,No,39,Yes,DSL,Month-to-month,Mailed check,44.5,1926.91,2,1,65.16,5,No,49.40794871794872,0.05128205128205128,0.02564102564102564,0,0,1
CUST02792,Male,41,0,No,No,37,Yes,Fiber optic,Two year,Credit card,103.71,3858.01,2,1,34.19,3,No,104.27054054054055,0.05405405405405406,0.02702702702702703,1,0,1
CUST02793,Male,18,0,No,No,63,Yes,DSL,Month-to-month,Credit card,56.7,3647.27,1,3,46.22,3,No,57.8931746031746,0.015873015873015872,0.047619047619047616,0,0,1
CUST02794,Male,28,0,No,Yes,61,Yes,Fiber optic,Month-to-month,Bank transfer,54.28,3230.42,3,0,50.14,4,No,52.95770491803279,0.04918032786885246,0.0,0,0,1
CUST02795,Female,72,1,No,No,38,Yes,Fiber optic,Month-to-month,Credit card,74.26,2845.18,6,1,70.1,5,Yes,74.87315789473683,0.15789473684210525,0.02631578947368421,0,0,1
CUST02796,Female,38,0,Yes,No,33,Yes,DSL,One year,Credit card,43.27,1455.17,2,1,65.1,4,No,44.09606060606061,0.06060606060606061,0.030303030303030304,0,0,0
CUST02797,Male,21,0,Yes,No,45,Yes,DSL,Month-to-month,Credit card,61.47,2845.02,1,2,32.52,1,No,63.22266666666667,0.022222222222222223,0.044444444444444446,0,0,1
CUST02798,Female,24,0,No,Yes,44,Yes,Fiber optic,Month-to-month,Bank transfer,86.74,3754.06,0,2,59.56,4,No,85.31954545454545,0.0,0.045454545454545456,1,0,1
CUST02799,Male,43,0,Yes,No,1,Yes,Fiber optic,Two year,Bank transfer,102.79,0.0,3,2,35.46,4,Yes,0.0,3.0,2.0,1,1,0
CUST02800,Male,64,1,No,No,53,Yes,Fiber optic,Month-to-month,Bank transfer,112.45,5901.77,3,1,74.2,1,Yes,111.35415094339623,0.05660377358490566,0.018867924528301886,1,0,1
CUST02801,Female,67,1,Yes,Yes,47,Yes,DSL,Two year,Bank transfer,82.94,4004.36,4,2,30.71,4,Yes,85.19914893617022,0.0851063829787234,0.0425531914893617,1,0,1
CUST02802,Female,29,0,Yes,Yes,33,Yes,DSL,Month-to-month,Bank transfer,47.7,1552.88,1,1,35.08,4,Yes,47.0569696969697,0.030303030303030304,0.030303030303030304,0,0,0
CUST02803,Female,48,0,Yes,No,67,Yes,DSL,One year,Credit card,67.43,4564.75,3,0,28.7,3,No,68.13059701492537,0.04477611940298507,0.0,0,0,1
CUST02804,Female,34,0,No,No,15,No,DSL,Month-to-month,Electronic check,69.56,983.54,2,1,26.67,1,No,65.56933333333333,0.13333333333333333,0.06666666666666667,0,0,0
CUST02805,Male,50,0,Yes,Yes,14,Yes,DSL,Month-to-month,Bank transfer,53.72,856.15,5,0,53.43,3,Yes,61.153571428571425,0.35714285714285715,0.0,0,0,0
CUST02806,Male,28,0,Yes,No,23,Yes,DSL,Month-to-month,Electronic check,63.45,1448.77,2,1,18.87,2,Yes,62.99,0.08695652173913043,0.043478260869565216,0,0,0
CUST02807,Male,45,0,Yes,Yes,54,No,DSL,Month-to-month,Mailed check,64.79,3486.68,1,0,27.02,5,No,64.56814814814814,0.018518518518518517,0.0,0,0,1
CUST02808,Male,49,0,No,No,8,Yes,DSL,One year,Bank transfer,54.18,566.19,2,0,42.86,4,Yes,70.77375,0.25,0.0,0,0,0
CUST02809,Male,18,0,Yes,No,54,Yes,No,Two year,Bank transfer,35.26,2061.69,3,2,40.08,2,No,38.17944444444444,0.05555555555555555,0.037037037037037035,0,0,1
CUST02810,Female,64,1,Yes,Yes,36,Yes,Fiber optic,Month-to-month,Mailed check,88.53,3321.81,3,1,50.5,1,No,92.2725,0.08333333333333333,0.027777777777777776,1,0,1
CUST02811,Male,45,0,Yes,No,52,Yes,Fiber optic,Month-to-month,Credit card,82.42,4253.05,1,1,77.13,2,Yes,81.78942307692309,0.019230769230769232,0.019230769230769232,1,0,1
CUST02812,Male,70,1,No,No,6,Yes,Fiber optic,Month-to-month,Electronic check,66.65,340.42,1,0,18.81,1,Yes,56.73666666666667,0.16666666666666666,0.0,0,1,0
CUST02813,Male,59,0,Yes,No,28,Yes,DSL,One year,Credit card,73.82,1975.79,0,3,23.58,1,No,70.56392857142858,0.0,0.10714285714285714,0,0,0
CUST02814,Female,24,0,Yes,Yes,50,Yes,Fiber optic,Month-to-month,Electronic check,86.12,4157.11,3,2,53.63,1,No,83.14219999999999,0.06,0.04,1,0,1
CUST02815,Female,19,0,Yes,Yes,38,No,Fiber optic,Month-to-month,Credit card,86.17,3181.17,5,0,36.0,4,No,83.715,0.13157894736842105,0.0,1,0,1
CUST02816,Female,59,0,No,No,30,No,No,One year,Credit card,18.23,462.03,4,2,19.69,1,No,15.401,0.13333333333333333,0.06666666666666667,0,0,0
CUST02817,Female,41,0,No,Yes,54,Yes,No,Month-to-month,Bank transfer,32.15,1609.92,4,2,13.69,4,No,29.813333333333336,0.07407407407407407,0.037037037037037035,0,0,1
CUST02818,Male,21,0,No,No,71,Yes,No,Month-to-month,Credit card,18.0,1126.28,2,0,37.22,2,No,15.863098591549296,0.028169014084507043,0.0,0,0,1
CUST02819,Male,61,1,No,Yes,46,Yes,Fiber optic,Month-to-month,Credit card,51.88,2256.12,1,2,64.15,2,Yes,49.046086956521734,0.021739130434782608,0.043478260869565216,0,0,1
CUST02820,Female,36,0,No,No,28,Yes,No,One year,Electronic check,19.33,536.14,0,1,42.78,4,No,19.14785714285714,0.0,0.03571428571428571,0,0,0
CUST02821,Female,43,0,Yes,Yes,17,Yes,Fiber optic,Month-to-month,Credit card,90.21,1577.64,2,1,39.64,6,No,92.80235294117648,0.11764705882352941,0.058823529411764705,1,0,0
CUST02822,Male,28,0,No,No,48,Yes,Fiber optic,Two year,Electronic check,90.08,4359.07,2,0,31.96,2,No,90.81395833333333,0.041666666666666664,0.0,1,0,1
CUST02823,Male,57,0,No,No,44,Yes,Fiber optic,Month-to-month,Electronic check,87.11,3780.67,1,0,26.03,3,Yes,85.92431818181818,0.022727272727272728,0.0,1,0,1
CUST02824,Female,67,1,No,Yes,60,Yes,DSL,Month-to-month,Bank transfer,57.93,3440.93,1,3,25.33,2,No,57.34883333333333,0.016666666666666666,0.05,0,0,1
CUST02825,Female,60,1,Yes,No,60,Yes,Fiber optic,One year,Electronic check,87.38,5279.53,4,0,56.93,3,No,87.99216666666666,0.06666666666666667,0.0,1,0,1
CUST02826,Female,28,0,No,No,5,Yes,DSL,Month-to-month,Electronic check,94.32,490.85,1,2,26.47,2,Yes,98.17,0.2,0.4,1,1,0
CUST02827,Female,62,1,Yes,Yes,69,Yes,DSL,Month-to-month,Electronic check,63.0,4403.18,6,0,19.81,6,No,63.81420289855073,0.08695652173913043,0.0,0,0,1
CUST02828,Male,20,0,No,No,70,Yes,Fiber optic,Month-to-month,Credit card,78.66,5409.96,1,2,47.18,2,Yes,77.28514285714286,0.014285714285714285,0.02857142857142857,0,0,1
CUST02829,Male,29,0,Yes,No,7,Yes,Fiber optic,Month-to-month,Bank transfer,83.43,757.4,3,2,75.97,1,Yes,108.2,0.42857142857142855,0.2857142857142857,1,0,0
CUST02830,Male,20,0,Yes,Yes,53,No,Fiber optic,One year,Mailed check,81.89,4403.31,2,1,89.5,6,No,83.08132075471698,0.03773584905660377,0.018867924528301886,1,0,1
CUST02831,Female,59,0,Yes,Yes,17,Yes,No,Month-to-month,Bank transfer,25.55,508.63,5,2,74.01,6,No,29.91941176470588,0.29411764705882354,0.11764705882352941,0,0,0
CUST02832,Female,44,0,Yes,No,59,Yes,Fiber optic,One year,Credit card,71.33,4102.38,1,1,35.73,3,No,69.53186440677966,0.01694915254237288,0.01694915254237288,0,0,1
CUST02833,Male,66,1,No,No,9,Yes,Fiber optic,One year,Electronic check,96.98,764.41,2,2,21.98,6,Yes,84.93444444444444,0.2222222222222222,0.2222222222222222,1,0,0
CUST02834,Male,71,1,Yes,No,22,Yes,Fiber optic,One year,Electronic check,89.45,1898.17,5,1,49.58,4,Yes,86.28045454545455,0.22727272727272727,0.045454545454545456,1,0,0
CUST02835,Male,19,0,Yes,Yes,45,Yes,No,One year,Credit card,18.69,914.75,3,0,86.43,1,No,20.32777777777778,0.06666666666666667,0.0,0,0,1
CUST02836,Male,66,1,No,No,59,Yes,Fiber optic,One year,Credit card,100.3,5801.99,3,1,70.11,6,No,98.33881355932203,0.05084745762711865,0.01694915254237288,1,0,1
CUST02837,Female,33,0,Yes,Yes,13,Yes,Fiber optic,Month-to-month,Bank transfer,56.46,778.63,1,0,50.26,6,No,59.894615384615385,0.07692307692307693,0.0,0,0,0
CUST02838,Male,19,0,No,No,12,Yes,Fiber optic,Month-to-month,Electronic check,117.29,1553.34,4,3,34.85,3,No,129.445,0.3333333333333333,0.25,1,0,0
CUST02839,Male,71,1,Yes,Yes,36,Yes,No,Month-to-month,Electronic check,40.08,1372.18,0,2,36.81,1,Yes,38.11611111111111,0.0,0.05555555555555555,0,0,1
CUST02840,Male,47,0,Yes,No,10,Yes,Fiber optic,One year,Electronic check,110.88,1015.15,0,2,14.33,5,Yes,101.515,0.0,0.2,1,0,0
CUST02841,Male,37,0,No,No,16,Yes,DSL,One year,Bank transfer,54.04,791.53,5,1,23.89,6,No,49.470625,0.3125,0.0625,0,0,0
CUST02842,Male,55,0,No,No,19,Yes,Fiber optic,Month-to-month,Electronic check,88.61,1667.18,2,1,25.91,1,Yes,87.74631578947368,0.10526315789473684,0.05263157894736842,1,0,0
CUST02843,Male,45,0,Yes,No,6,Yes,No,Two year,Credit card,20.03,215.2,3,1,58.69,6,No,35.86666666666667,0.5,0.16666666666666666,0,1,0
CUST02844,Male,42,0,No,No,4,Yes,DSL,One year,Electronic check,65.17,361.84,1,2,30.8,4,No,90.46,0.25,0.5,0,1,0
CUST02845,Female,49,0,No,No,30,Yes,DSL,Month-to-month,Credit card,60.22,1886.47,2,0,31.01,5,No,62.882333333333335,0.06666666666666667,0.0,0,0,0
CUST02846,Female,27,0,No,No,46,Yes,Fiber optic,Month-to-month,Electronic check,78.1,3398.22,4,1,47.52,4,No,73.87434782608695,0.08695652173913043,0.021739130434782608,0,0,1
CUST02847,Female,59,0,Yes,Yes,27,Yes,Fiber optic,Month-to-month,Electronic check,77.94,2085.64,4,2,29.46,6,Yes,77.24592592592592,0.14814814814814814,0.07407407407407407,0,0,0
CUST02848,Female,57,0,Yes,No,45,Yes,Fiber optic,One year,Electronic check,86.24,3792.58,4,0,51.65,4,Yes,84.27955555555556,0.08888888888888889,0.0,1,0,1
CUST02849,Male,50,0,No,No,37,Yes,DSL,Month-to-month,Electronic check,95.23,3563.94,3,2,58.37,3,Yes,96.3227027027027,0.08108108108108109,0.05405405405405406,1,0,1
CUST02850,Female,30,0,No,Yes,9,No,No,Month-to-month,Electronic check,35.44,408.96,1,0,46.93,6,Yes,45.44,0.1111111111111111,0.0,0,0,0
CUST02851,Female,73,1,Yes,Yes,61,Yes,Fiber optic,Two year,Bank transfer,86.29,5213.78,2,0,41.78,2,No,85.47180327868853,0.03278688524590164,0.0,1,0,1
CUST02852,Male,58,0,No,No,35,Yes,No,One year,Electronic check,23.55,1016.38,8,1,60.69,1,No,29.039428571428573,0.22857142857142856,0.02857142857142857,0,0,0
CUST02853,Male,71,1,Yes,Yes,47,Yes,Fiber optic,Month-to-month,Electronic check,94.34,4343.37,1,1,29.99,4,Yes,92.41212765957447,0.02127659574468085,0.02127659574468085,1,0,1
CUST02854,Female,59,0,No,No,21,Yes,No,Month-to-month,Credit card,20.1,475.3,3,0,28.83,5,No,22.633333333333333,0.14285714285714285,0.0,0,0,0
CUST02855,Female,64,1,Yes,No,17,Yes,Fiber optic,Month-to-month,Bank transfer,81.58,1601.31,2,0,44.99,3,No,94.19470588235293,0.11764705882352941,0.0,1,0,0
CUST02856,Male,54,0,No,No,55,No,Fiber optic,Two year,Electronic check,55.73,3156.96,3,2,9.75,6,Yes,57.39927272727273,0.05454545454545454,0.03636363636363636,0,0,1
CUST02857,Female,71,1,Yes,Yes,6,Yes,DSL,Two year,Credit card,61.09,425.99,0,0,70.96,1,No,70.99833333333333,0.0,0.0,0,1,0
CUST02858,Male,33,0,No,No,35,Yes,DSL,One year,Bank transfer,61.4,2131.96,2,1,42.11,1,No,60.91314285714286,0.05714285714285714,0.02857142857142857,0,0,0
CUST02859,Male,62,1,No,No,50,Yes,DSL,Month-to-month,Electronic check,53.47,2734.65,3,0,6.86,3,No,54.693000000000005,0.06,0.0,0,0,1
CUST02860,Male,39,0,No,No,37,Yes,DSL,Month-to-month,Credit card,65.42,2365.33,0,0,105.61,1,No,63.927837837837835,0.0,0.0,0,0,1
CUST02861,Male,74,1,No,Yes,13,Yes,DSL,Month-to-month,Electronic check,61.49,912.17,3,0,52.77,2,No,70.16692307692307,0.23076923076923078,0.0,0,0,0
CUST02862,Female,37,0,No,No,25,Yes,Fiber optic,Month-to-month,Electronic check,77.02,1853.08,1,2,72.56,2,Yes,74.1232,0.04,0.08,0,0,0
CUST02863,Male,67,1,No,No,1,Yes,Fiber optic,Month-to-month,Mailed check,97.35,72.51,1,0,47.15,1,Yes,72.51,1.0,0.0,1,1,0
CUST02864,Male,60,1,Yes,No,49,No,Fiber optic,One year,Electronic check,82.3,3948.76,4,1,31.12,1,No,80.5869387755102,0.08163265306122448,0.02040816326530612,1,0,1
CUST02865,Female,44,0,Yes,No,35,Yes,DSL,Month-to-month,Electronic check,47.43,1625.7,1,1,12.64,3,No,46.44857142857143,0.02857142857142857,0.02857142857142857,0,0,0
CUST02866,Male,58,0,Yes,Yes,53,Yes,DSL,Month-to-month,Mailed check,38.86,2013.78,3,0,43.06,5,Yes,37.995849056603774,0.05660377358490566,0.0,0,0,1
CUST02867,Female,33,0,Yes,No,52,Yes,DSL,One year,Bank transfer,77.22,3813.8,1,1,51.1,6,No,73.3423076923077,0.019230769230769232,0.019230769230769232,0,0,1
CUST02868,Female,51,0,No,No,54,Yes,DSL,Month-to-month,Credit card,61.51,3324.88,4,2,41.61,4,Yes,61.571851851851854,0.07407407407407407,0.037037037037037035,0,0,1
CUST02869,Female,49,0,Yes,No,47,Yes,Fiber optic,Two year,Bank transfer,86.25,4005.34,5,1,23.47,6,No,85.22,0.10638297872340426,0.02127659574468085,1,0,1
CUST02870,Male,43,0,No,No,43,Yes,DSL,Month-to-month,Bank transfer,59.47,2426.26,0,2,11.22,4,Yes,56.4246511627907,0.0,0.046511627906976744,0,0,1
CUST02871,Female,42,0,No,No,20,Yes,Fiber optic,Month-to-month,Bank transfer,103.27,1996.95,1,1,26.64,6,No,99.8475,0.05,0.05,1,0,0
CUST02872,Female,19,0,No,No,33,Yes,DSL,Month-to-month,Electronic check,61.71,2072.59,3,3,32.85,5,No,62.80575757575758,0.09090909090909091,0.09090909090909091,0,0,0
CUST02873,Male,29,0,Yes,Yes,16,Yes,Fiber optic,Two year,Credit card,108.22,1554.13,1,1,19.83,6,No,97.133125,0.0625,0.0625,1,0,0
CUST02874,Female,57,0,No,Yes,7,Yes,DSL,One year,Electronic check,61.75,416.18,1,3,18.0,6,No,59.45428571428572,0.14285714285714285,0.42857142857142855,0,0,0
CUST02875,Female,26,0,Yes,No,70,Yes,DSL,Month-to-month,Electronic check,27.9,2067.56,8,1,43.86,1,Yes,29.536571428571428,0.11428571428571428,0.014285714285714285,0,0,1
CUST02876,Female,29,0,Yes,No,21,Yes,Fiber optic,Month-to-month,Credit card,104.0,2140.76,5,1,41.96,4,No,101.9409523809524,0.23809523809523808,0.047619047619047616,1,0,0
CUST02877,Female,43,0,No,No,36,Yes,DSL,One year,Credit card,63.78,2442.32,3,3,24.7,2,No,67.84222222222223,0.08333333333333333,0.08333333333333333,0,0,1
CUST02878,Female,26,0,No,No,54,Yes,Fiber optic,Month-to-month,Electronic check,77.4,4287.18,3,0,27.28,3,Yes,79.39222222222223,0.05555555555555555,0.0,0,0,1
CUST02879,Male,27,0,Yes,Yes,19,Yes,Fiber optic,Two year,Electronic check,81.15,1578.25,4,0,57.44,5,No,83.0657894736842,0.21052631578947367,0.0,1,0,0
CUST02880,Female,49,0,No,No,25,Yes,DSL,Two year,Credit card,56.31,1405.34,3,2,35.39,4,No,56.2136,0.12,0.08,0,0,0
CUST02881,Female,74,1,Yes,No,67,Yes,DSL,One year,Credit card,45.1,3022.37,3,0,59.25,5,No,45.11,0.04477611940298507,0.0,0,0,1
CUST02882,Male,51,0,Yes,No,53,Yes,Fiber optic,Two year,Mailed check,98.16,5251.47,3,1,32.26,1,No,99.08433962264151,0.05660377358490566,0.018867924528301886,1,0,1
CUST02883,Male,65,1,Yes,No,48,Yes,Fiber optic,Month-to-month,Bank transfer,78.31,3958.78,1,1,36.96,4,No,82.47458333333334,0.020833333333333332,0.020833333333333332,0,0,1
CUST02884,Male,37,0,No,No,42,Yes,DSL,Month-to-month,Mailed check,49.58,2132.45,4,3,38.58,5,No,50.772619047619045,0.09523809523809523,0.07142857142857142,0,0,1
CUST02885,Female,56,0,No,No,47,Yes,DSL,Month-to-month,Credit card,111.59,5393.58,3,2,76.47,4,Yes,114.75702127659574,0.06382978723404255,0.0425531914893617,1,0,1
CUST02886,Male,19,0,Yes,No,42,Yes,Fiber optic,Month-to-month,Bank transfer,67.7,2727.49,3,1,55.65,4,Yes,64.94023809523809,0.07142857142857142,0.023809523809523808,0,0,1
CUST02887,Female,18,0,Yes,Yes,2,Yes,No,Two year,Mailed check,24.3,0.0,4,0,37.94,4,No,0.0,2.0,0.0,0,1,0
CUST02888,Female,68,1,No,No,6,Yes,DSL,Month-to-month,Bank transfer,32.39,196.0,7,2,19.81,5,Yes,32.666666666666664,1.1666666666666667,0.3333333333333333,0,1,0
CUST02889,Male,53,0,Yes,No,46,No,Fiber optic,Two year,Bank transfer,103.81,4909.61,3,0,54.83,3,No,106.73065217391304,0.06521739130434782,0.0,1,0,1
CUST02890,Male,41,0,Yes,No,66,Yes,Fiber optic,One year,Credit card,80.76,5151.01,3,1,25.66,3,Yes,78.04560606060606,0.045454545454545456,0.015151515151515152,1,0,1
CUST02891,Female,71,1,No,No,40,Yes,DSL,Month-to-month,Electronic check,69.8,3093.78,3,0,57.26,5,Yes,77.34450000000001,0.075,0.0,0,0,1
CUST02892,Male,44,0,Yes,No,58,Yes,DSL,Month-to-month,Mailed check,48.68,2823.41,1,0,39.67,2,No,48.679482758620686,0.017241379310344827,0.0,0,0,1
CUST02893,Female,19,0,No,No,33,Yes,Fiber optic,Month-to-month,Bank transfer,60.76,2122.88,1,2,46.5,1,No,64.32969696969697,0.030303030303030304,0.06060606060606061,0,0,0
CUST02894,Male,48,0,Yes,Yes,62,Yes,No,Month-to-month,Bank transfer,19.03,1178.26,9,0,17.19,5,Yes,19.004193548387097,0.14516129032258066,0.0,0,0,1
CUST02895,Male,74,1,No,Yes,12,Yes,Fiber optic,Month-to-month,Electronic check,105.18,1180.59,2,2,44.54,2,Yes,98.3825,0.16666666666666666,0.16666666666666666,1,0,0
CUST02896,Male,31,0,No,No,49,Yes,DSL,Month-to-month,Electronic check,66.93,3450.9,1,1,13.73,6,No,70.4265306122449,0.02040816326530612,0.02040816326530612,0,0,1
CUST02897,Female,19,0,No,No,5,Yes,Fiber optic,One year,Credit card,60.75,284.42,5,0,18.67,5,Yes,56.884,1.0,0.0,0,1,0
CUST02898,Male,46,0,Yes,Yes,51,Yes,No,One year,Bank transfer,18.0,845.5,2,0,47.1,1,No,16.57843137254902,0.0392156862745098,0.0,0,0,1
CUST02899,Female,32,0,No,No,69,Yes,DSL,Month-to-month,Mailed check,56.15,3912.81,2,0,18.21,6,Yes,56.70739130434782,0.028985507246376812,0.0,0,0,1
CUST02900,Female,29,0,No,No,32,Yes,Fiber optic,Month-to-month,Electronic check,101.39,3304.09,1,1,12.1,6,Yes,103.2528125,0.03125,0.03125,1,0,0
CUST02901,Female,54,0,No,Yes,49,Yes,No,Two year,Bank transfer,18.93,961.05,1,3,36.71,5,No,19.613265306122447,0.02040816326530612,0.061224489795918366,0,0,1
CUST02902,Female,45,0,No,No,60,Yes,Fiber optic,Month-to-month,Electronic check,101.14,6110.03,2,0,19.82,4,Yes,101.83383333333333,0.03333333333333333,0.0,1,0,1
CUST02903,Male,37,0,No,Yes,46,Yes,DSL,Month-to-month,Credit card,61.52,2867.99,4,0,31.89,5,No,62.34760869565217,0.08695652173913043,0.0,0,0,1
CUST02904,Female,56,0,No,No,68,Yes,DSL,One year,Credit card,81.03,5633.35,1,1,24.24,2,No,82.84338235294118,0.014705882352941176,0.014705882352941176,1,0,1
CUST02905,Female,41,0,Yes,No,41,Yes,DSL,Two year,Bank transfer,51.86,2131.92,2,3,30.19,5,No,51.99804878048781,0.04878048780487805,0.07317073170731707,0,0,1
CUST02906,Male,38,0,Yes,No,67,Yes,No,Two year,Mailed check,24.52,1578.02,5,0,41.89,3,No,23.552537313432836,0.07462686567164178,0.0,0,0,1
CUST02907,Female,27,0,No,No,13,No,No,Month-to-month,Electronic check,19.76,329.12,6,0,44.91,5,Yes,25.31692307692308,0.46153846153846156,0.0,0,0,0
CUST02908,Male,63,1,Yes,Yes,18,Yes,No,Month-to-month,Credit card,32.88,345.39,3,1,56.22,2,No,19.188333333333333,0.16666666666666666,0.05555555555555555,0,0,0
CUST02909,Female,31,0,No,No,51,No,Fiber optic,Month-to-month,Credit card,93.86,4847.06,2,3,45.58,5,No,95.04039215686275,0.0392156862745098,0.058823529411764705,1,0,1
CUST02910,Male,54,0,No,No,36,Yes,Fiber optic,Two year,Electronic check,59.52,2293.47,4,1,42.49,6,Yes,63.707499999999996,0.1111111111111111,0.027777777777777776,0,0,1
CUST02911,Female,35,0,No,No,34,Yes,DSL,Month-to-month,Mailed check,68.31,2398.75,1,1,57.42,3,No,70.55147058823529,0.029411764705882353,0.029411764705882353,0,0,0
CUST02912,Male,41,0,Yes,No,12,Yes,DSL,Month-to-month,Mailed check,42.13,346.69,3,2,22.54,6,Yes,28.890833333333333,0.25,0.16666666666666666,0,0,0
CUST02913,Female,31,0,Yes,No,5,Yes,DSL,Two year,Electronic check,49.07,389.59,3,0,56.68,5,Yes,77.91799999999999,0.6,0.0,0,1,0
CUST02914,Female,51,0,No,No,48,No,Fiber optic,Two year,Credit card,96.19,4561.89,1,0,37.71,1,No,95.039375,0.020833333333333332,0.0,1,0,1
CUST02915,Male,75,1,No,Yes,40,Yes,DSL,One year,Electronic check,44.95,1817.94,2,5,64.51,3,Yes,45.4485,0.05,0.125,0,0,1
CUST02916,Male,29,0,No,No,13,Yes,No,Month-to-month,Credit card,22.03,415.44,3,0,21.53,1,No,31.956923076923076,0.23076923076923078,0.0,0,0,0
CUST02917,Male,39,0,Yes,No,26,Yes,Fiber optic,Month-to-month,Bank transfer,96.39,2444.35,3,1,36.1,3,Yes,94.01346153846154,0.11538461538461539,0.038461538461538464,1,0,0
CUST02918,Male,73,1,Yes,No,14,Yes,Fiber optic,Two year,Electronic check,91.23,1291.11,3,1,46.45,2,No,92.22214285714286,0.21428571428571427,0.07142857142857142,1,0,0
CUST02919,Female,23,0,Yes,No,11,No,Fiber optic,One year,Mailed check,90.35,863.43,5,1,37.65,5,Yes,78.49363636363636,0.45454545454545453,0.09090909090909091,1,0,0
CUST02920,Female,53,0,No,Yes,38,Yes,Fiber optic,Month-to-month,Credit card,96.88,3662.82,4,1,45.18,5,Yes,96.39,0.10526315789473684,0.02631578947368421,1,0,1
CUST02921,Male,62,1,Yes,No,57,Yes,DSL,Month-to-month,Mailed check,75.68,4197.08,3,5,73.1,6,No,73.63298245614035,0.05263157894736842,0.08771929824561403,0,0,1
CUST02922,Female,53,0,Yes,No,22,Yes,No,Two year,Electronic check,18.0,444.33,0,2,28.53,1,No,20.19681818181818,0.0,0.09090909090909091,0,0,0
CUST02923,Male,39,0,Yes,No,16,No,Fiber optic,Month-to-month,Bank transfer,90.0,1294.97,4,1,26.25,3,Yes,80.935625,0.25,0.0625,1,0,0
CUST02924,Male,31,0,Yes,No,29,Yes,DSL,One year,Bank transfer,71.57,2066.56,2,1,60.62,2,Yes,71.26068965517241,0.06896551724137931,0.034482758620689655,0,0,0
CUST02925,Female,33,0,No,No,2,No,DSL,Month-to-month,Electronic check,69.21,81.71,2,3,42.67,6,Yes,40.855,1.0,1.5,0,1,0
CUST02926,Female,53,0,No,Yes,54,Yes,Fiber optic,Month-to-month,Electronic check,82.61,4389.37,1,2,25.92,3,Yes,81.28462962962963,0.018518518518518517,0.037037037037037035,1,0,1
CUST02927,Female,73,1,Yes,No,2,Yes,DSL,Two year,Mailed check,57.39,224.87,2,3,23.9,4,Yes,112.435,1.0,1.5,0,1,0
CUST02928,Female,42,0,Yes,No,3,Yes,DSL,Month-to-month,Credit card,69.89,102.26,0,0,41.92,1,Yes,34.086666666666666,0.0,0.0,0,1,0
CUST02929,Female,49,0,Yes,No,56,Yes,DSL,One year,Credit card,62.57,3449.64,6,0,57.25,3,No,61.60071428571428,0.10714285714285714,0.0,0,0,1
CUST02930,Female,50,0,Yes,No,72,Yes,DSL,Month-to-month,Mailed check,73.13,5284.56,1,1,32.22,1,Yes,73.39666666666668,0.013888888888888888,0.013888888888888888,0,0,1
CUST02931,Female,62,1,Yes,No,11,Yes,DSL,Month-to-month,Electronic check,61.32,738.77,3,0,41.69,6,No,67.16090909090909,0.2727272727272727,0.0,0,0,0
CUST02932,Male,53,0,No,No,32,Yes,Fiber optic,One year,Credit card,79.4,2360.18,3,0,25.11,4,Yes,73.755625,0.09375,0.0,0,0,0
CUST02933,Male,37,0,Yes,No,4,Yes,Fiber optic,Two year,Bank transfer,58.55,216.35,1,1,47.95,3,No,54.0875,0.25,0.25,0,1,0
CUST02934,Male,35,0,Yes,No,9,Yes,Fiber optic,One year,Credit card,81.54,809.53,1,2,73.71,3,No,89.94777777777777,0.1111111111111111,0.2222222222222222,1,0,0
CUST02935,Male,55,0,Yes,Yes,56,Yes,Fiber optic,Month-to-month,Electronic check,66.54,3892.62,4,2,33.46,1,Yes,69.51107142857143,0.07142857142857142,0.03571428571428571,0,0,1
CUST02936,Male,20,0,No,No,16,Yes,Fiber optic,Month-to-month,Credit card,57.56,924.15,4,1,39.16,4,Yes,57.759375,0.25,0.0625,0,0,0
CUST02937,Female,40,0,No,No,71,Yes,Fiber optic,Two year,Bank transfer,72.02,4973.36,6,2,24.17,2,No,70.04732394366197,0.08450704225352113,0.028169014084507043,0,0,1
CUST02938,Male,49,0,No,Yes,10,Yes,DSL,Month-to-month,Credit card,68.44,683.11,2,2,32.94,5,Yes,68.311,0.2,0.2,0,0,0
CUST02939,Male,62,1,No,No,36,No,DSL,Two year,Bank transfer,57.1,2007.44,2,0,12.79,6,No,55.76222222222222,0.05555555555555555,0.0,0,0,1
CUST02940,Male,33,0,No,No,24,Yes,Fiber optic,Month-to-month,Electronic check,87.67,2138.09,1,2,12.02,1,Yes,89.08708333333334,0.041666666666666664,0.08333333333333333,1,0,0
CUST02941,Male,22,0,Yes,No,64,Yes,Fiber optic,Two year,Bank transfer,95.1,6270.47,2,0,47.86,1,No,97.97609375,0.03125,0.0,1,0,1
CUST02942,Male,21,0,No,Yes,56,Yes,DSL,Two year,Credit card,59.57,3218.69,2,0,22.09,5,No,57.47660714285714,0.03571428571428571,0.0,0,0,1
CUST02943,Male,38,0,Yes,No,22,Yes,Fiber optic,Month-to-month,Mailed check,74.68,1752.65,1,0,19.61,3,Yes,79.6659090909091,0.045454545454545456,0.0,0,0,0
CUST02944,Male,57,0,Yes,No,52,Yes,Fiber optic,One year,Electronic check,78.31,4162.43,1,0,26.31,1,Yes,80.04673076923078,0.019230769230769232,0.0,0,0,1
CUST02945,Female,68,1,No,Yes,50,Yes,DSL,Month-to-month,Credit card,69.27,3528.94,0,1,11.13,2,No,70.5788,0.0,0.02,0,0,1
CUST02946,Female,31,0,Yes,No,47,Yes,Fiber optic,Month-to-month,Electronic check,84.61,4002.85,2,0,14.31,4,No,85.16702127659575,0.0425531914893617,0.0,1,0,1
CUST02947,Male,56,0,No,Yes,23,Yes,Fiber optic,Month-to-month,Credit card,46.84,1284.78,2,2,12.11,3,Yes,55.86,0.08695652173913043,0.08695652173913043,0,0,0
CUST02948,Female,48,0,Yes,No,19,Yes,Fiber optic,One year,Electronic check,79.7,1643.33,0,2,45.28,1,Yes,86.49105263157894,0.0,0.10526315789473684,0,0,0
CUST02949,Female,31,0,No,No,52,Yes,Fiber optic,Month-to-month,Bank transfer,92.98,4776.57,0,3,22.36,6,No,91.85711538461538,0.0,0.057692307692307696,1,0,1
CUST02950,Female,23,0,No,Yes,34,No,No,One year,Mailed check,26.46,904.55,3,3,49.93,2,No,26.60441176470588,0.08823529411764706,0.08823529411764706,0,0,0
CUST02951,Female,29,0,No,Yes,29,No,Fiber optic,Month-to-month,Electronic check,69.69,1912.49,2,2,19.41,6,No,65.94793103448276,0.06896551724137931,0.06896551724137931,0,0,0
CUST02952,Male,33,0,No,No,61,Yes,DSL,Month-to-month,Electronic check,51.05,3252.81,8,0,54.06,5,No,53.32475409836066,0.13114754098360656,0.0,0,0,1
CUST02953,Female,34,0,No,No,35,Yes,DSL,One year,Mailed check,36.62,1286.42,3,1,56.35,3,No,36.75485714285715,0.08571428571428572,0.02857142857142857,0,0,0
CUST02954,Female,62,1,No,Yes,5,Yes,Fiber optic,Month-to-month,Credit card,93.24,273.74,4,1,35.45,2,Yes,54.748000000000005,0.8,0.2,1,1,0
CUST02955,Female,40,0,Yes,No,7,Yes,Fiber optic,One year,Credit card,94.33,414.59,1,1,26.59,1,Yes,59.22714285714285,0.14285714285714285,0.14285714285714285,1,0,0
CUST02956,Male,31,0,Yes,Yes,41,Yes,DSL,One year,Electronic check,58.4,2338.59,5,2,42.18,5,No,57.03878048780488,0.12195121951219512,0.04878048780487805,0,0,1
CUST02957,Male,24,0,No,Yes,2,Yes,No,Two year,Credit card,22.2,0.0,5,0,95.01,1,No,0.0,2.5,0.0,0,1,0
CUST02958,Male,63,1,No,No,10,Yes,Fiber optic,Month-to-month,Electronic check,68.78,643.48,4,1,35.83,4,Yes,64.348,0.4,0.1,0,0,0
CUST02959,Male,49,0,No,No,44,Yes,Fiber optic,Month-to-month,Bank transfer,89.99,3938.87,5,0,75.07,1,Yes,89.51977272727272,0.11363636363636363,0.0,1,0,1
CUST02960,Male,32,0,No,No,70,Yes,DSL,One year,Credit card,40.29,2949.93,1,2,9.62,5,No,42.14185714285714,0.014285714285714285,0.02857142857142857,0,0,1
CUST02961,Male,61,1,No,Yes,35,Yes,Fiber optic,One year,Bank transfer,96.65,3525.23,2,1,16.07,4,Yes,100.72085714285714,0.05714285714285714,0.02857142857142857,1,0,0
CUST02962,Male,34,0,Yes,Yes,62,Yes,Fiber optic,Month-to-month,Electronic check,93.69,6032.07,2,1,23.73,4,Yes,97.29145161290322,0.03225806451612903,0.016129032258064516,1,0,1
CUST02963,Female,58,0,Yes,No,20,Yes,Fiber optic,One year,Credit card,102.52,2221.23,1,2,74.18,3,No,111.0615,0.05,0.1,1,0,0
CUST02964,Female,71,1,Yes,Yes,35,No,Fiber optic,Month-to-month,Electronic check,85.76,3064.56,2,2,41.05,1,Yes,87.55885714285714,0.05714285714285714,0.05714285714285714,1,0,0
CUST02965,Female,64,1,Yes,No,37,Yes,Fiber optic,Month-to-month,Mailed check,77.2,2716.23,0,1,43.08,3,No,73.41162162162162,0.0,0.02702702702702703,0,0,1
CUST02966,Male,61,1,No,Yes,72,Yes,DSL,One year,Credit card,65.19,4773.89,1,0,22.51,5,No,66.30402777777778,0.013888888888888888,0.0,0,0,1
CUST02967,Male,51,0,No,No,54,Yes,DSL,Month-to-month,Electronic check,69.37,3588.21,5,2,25.96,6,Yes,66.44833333333334,0.09259259259259259,0.037037037037037035,0,0,1
CUST02968,Male,22,0,No,Yes,28,Yes,DSL,Month-to-month,Electronic check,46.11,1324.25,3,3,50.78,3,Yes,47.294642857142854,0.10714285714285714,0.10714285714285714,0,0,0
CUST02969,Male,62,1,Yes,No,70,Yes,Fiber optic,Month-to-month,Electronic check,83.96,5728.38,4,1,43.01,3,No,81.834,0.05714285714285714,0.014285714285714285,1,0,1
CUST02970,Male,44,0,Yes,No,32,Yes,Fiber optic,Month-to-month,Electronic check,88.98,3041.6,3,1,35.63,5,No,95.05,0.09375,0.03125,1,0,0
CUST02971,Female,69,1,Yes,No,11,Yes,DSL,One year,Credit card,65.78,762.0,2,1,13.61,4,Yes,69.27272727272727,0.18181818181818182,0.09090909090909091,0,0,0
CUST02972,Female,40,0,No,Yes,42,Yes,Fiber optic,Month-to-month,Electronic check,79.72,3327.64,1,1,52.96,1,No,79.22952380952381,0.023809523809523808,0.023809523809523808,0,0,1
CUST02973,Male,57,0,Yes,No,23,Yes,Fiber optic,Two year,Mailed check,94.47,2127.69,6,3,28.54,3,Yes,92.50826086956522,0.2608695652173913,0.13043478260869565,1,0,0
CUST02974,Male,31,0,Yes,Yes,30,Yes,Fiber optic,One year,Electronic check,70.6,2114.47,4,2,36.06,2,Yes,70.48233333333333,0.13333333333333333,0.06666666666666667,0,0,0
CUST02975,Male,32,0,Yes,No,9,Yes,Fiber optic,Month-to-month,Bank transfer,115.27,964.72,0,1,31.01,4,No,107.19111111111111,0.0,0.1111111111111111,1,0,0
CUST02976,Male,60,1,Yes,No,59,Yes,No,Month-to-month,Electronic check,20.0,1147.19,2,2,17.95,3,No,19.443898305084748,0.03389830508474576,0.03389830508474576,0,0,1
CUST02977,Female,50,0,No,Yes,28,Yes,DSL,Month-to-month,Electronic check,64.89,1616.5,4,1,33.24,2,No,57.732142857142854,0.14285714285714285,0.03571428571428571,0,0,0
CUST02978,Male,70,1,Yes,No,33,No,Fiber optic,One year,Mailed check,76.71,2439.34,0,1,20.65,6,No,73.91939393939394,0.0,0.030303030303030304,0,0,0
CUST02979,Male,48,0,Yes,No,47,Yes,DSL,Month-to-month,Bank transfer,61.18,2759.23,2,3,16.14,5,No,58.707021276595746,0.0425531914893617,0.06382978723404255,0,0,1
CUST02980,Male,52,0,Yes,No,22,Yes,Fiber optic,Month-to-month,Credit card,68.81,1565.92,1,0,17.83,3,Yes,71.17818181818183,0.045454545454545456,0.0,0,0,0
CUST02981,Male,34,0,Yes,No,29,Yes,Fiber optic,Month-to-month,Bank transfer,101.13,2936.12,2,2,21.09,1,Yes,101.2455172413793,0.06896551724137931,0.06896551724137931,1,0,0
CUST02982,Female,45,0,No,Yes,34,Yes,Fiber optic,One year,Mailed check,72.74,2559.82,0,1,13.99,4,Yes,75.28882352941177,0.0,0.029411764705882353,0,0,0
CUST02983,Male,36,0,No,No,42,Yes,DSL,One year,Credit card,60.98,2519.07,2,0,20.65,6,No,59.97785714285715,0.047619047619047616,0.0,0,0,1
CUST02984,Male,63,1,Yes,No,52,Yes,Fiber optic,One year,Electronic check,84.04,4381.39,3,2,97.84,3,No,84.25750000000001,0.057692307692307696,0.038461538461538464,1,0,1
CUST02985,Female,71,1,No,No,47,Yes,Fiber optic,Two year,Electronic check,74.48,3297.22,4,1,44.36,1,No,70.15361702127659,0.0851063829787234,0.02127659574468085,0,0,1
CUST02986,Female,40,0,Yes,No,51,Yes,Fiber optic,Month-to-month,Bank transfer,46.82,2478.91,3,2,44.4,3,Yes,48.606078431372545,0.058823529411764705,0.0392156862745098,0,0,1
CUST02987,Female,49,0,No,No,45,Yes,Fiber optic,One year,Bank transfer,100.89,4666.71,1,1,23.05,2,No,103.70466666666667,0.022222222222222223,0.022222222222222223,1,0,1
CUST02988,Male,57,0,Yes,Yes,34,No,DSL,Month-to-month,Bank transfer,61.73,2163.91,2,2,94.2,4,Yes,63.64441176470588,0.058823529411764705,0.058823529411764705,0,0,0
CUST02989,Male,30,0,Yes,Yes,21,Yes,DSL,Month-to-month,Electronic check,39.12,733.47,2,0,83.46,1,No,34.92714285714286,0.09523809523809523,0.0,0,0,0
CUST02990,Female,37,0,No,No,13,Yes,DSL,One year,Mailed check,37.04,536.91,3,0,12.12,1,No,41.30076923076923,0.23076923076923078,0.0,0,0,0
CUST02991,Female,52,0,No,No,54,Yes,DSL,Month-to-month,Credit card,56.14,3049.11,5,1,47.12,5,No,56.465,0.09259259259259259,0.018518518518518517,0,0,1
CUST02992,Female,22,0,No,No,25,Yes,No,Month-to-month,Credit card,24.34,412.47,3,2,57.17,4,No,16.498800000000003,0.12,0.08,0,0,0
CUST02993,Female,26,0,Yes,No,21,Yes,Fiber optic,Two year,Electronic check,81.78,1841.5,1,2,49.62,6,No,87.69047619047619,0.047619047619047616,0.09523809523809523,1,0,0
CUST02994,Female,46,0,Yes,No,1,Yes,Fiber optic,Month-to-month,Mailed check,106.66,0.0,2,0,49.33,3,Yes,0.0,2.0,0.0,1,1,0
CUST02995,Female,23,0,No,No,58,Yes,Fiber optic,Month-to-month,Credit card,59.96,3535.19,3,2,31.62,2,Yes,60.95155172413793,0.05172413793103448,0.034482758620689655,0,0,1
CUST02996,Male,42,0,Yes,No,69,Yes,Fiber optic,Two year,Credit card,88.18,6087.26,5,2,43.05,3,No,88.22115942028987,0.07246376811594203,0.028985507246376812,1,0,1
CUST02997,Male,48,0,Yes,Yes,71,Yes,Fiber optic,Month-to-month,Mailed check,94.68,6857.04,2,1,16.78,2,Yes,96.57802816901409,0.028169014084507043,0.014084507042253521,1,0,1
CUST02998,Male,39,0,Yes,No,13,Yes,Fiber optic,One year,Mailed check,94.37,1140.44,2,2,51.82,5,No,87.72615384615385,0.15384615384615385,0.15384615384615385,1,0,0
CUST02999,Female,19,0,Yes,Yes,52,Yes,Fiber optic,Two year,Electronic check,98.41,5066.76,2,0,49.58,6,No,97.43769230769232,0.038461538461538464,0.0,1,0,1
CUST03000,Female,62,1,Yes,Yes,23,Yes,DSL,Month-to-month,Mailed check,61.4,1481.12,3,0,22.85,1,Yes,64.39652173913043,0.13043478260869565,0.0,0,0,0
CUST03001,Female,22,0,No,No,21,Yes,No,Month-to-month,Bank transfer,26.97,506.62,5,2,49.38,2,Yes,24.124761904761904,0.23809523809523808,0.09523809523809523,0,0,0
CUST03002,Female,44,0,Yes,Yes,6,Yes,Fiber optic,One year,Electronic check,80.05,622.62,2,3,37.58,1,Yes,103.77,0.3333333333333333,0.5,1,1,0
CUST03003,Female,42,0,No,Yes,20,No,Fiber optic,One year,Electronic check,62.36,1171.48,1,0,45.24,6,No,58.574,0.05,0.0,0,0,0
CUST03004,Female,25,0,Yes,Yes,40,Yes,DSL,Month-to-month,Credit card,63.95,2616.83,2,2,46.96,1,Yes,65.42075,0.05,0.05,0,0,1
CUST03005,Male,72,1,Yes,Yes,9,Yes,Fiber optic,Month-to-month,Credit card,78.96,710.23,1,0,62.26,3,No,78.91444444444444,0.1111111111111111,0.0,0,0,0
CUST03006,Male,18,0,No,No,50,Yes,Fiber optic,Month-to-month,Bank transfer,73.84,3626.28,3,2,65.11,2,No,72.5256,0.06,0.04,0,0,1
CUST03007,Female,37,0,No,Yes,28,Yes,Fiber optic,Two year,Electronic check,90.59,2668.27,5,2,45.61,2,No,95.29535714285714,0.17857142857142858,0.07142857142857142,1,0,0
CUST03008,Male,61,1,No,No,11,Yes,DSL,Month-to-month,Bank transfer,65.54,615.64,3,1,67.96,1,Yes,55.96727272727273,0.2727272727272727,0.09090909090909091,0,0,0
CUST03009,Female,40,0,No,No,56,No,DSL,Two year,Bank transfer,51.53,2938.82,1,0,33.02,6,No,52.478928571428575,0.017857142857142856,0.0,0,0,1
CUST03010,Male,49,0,Yes,No,35,Yes,DSL,Two year,Credit card,63.0,1955.31,0,2,70.62,6,No,55.866,0.0,0.05714285714285714,0,0,0
CUST03011,Female,28,0,No,No,25,Yes,Fiber optic,One year,Mailed check,83.78,2126.78,0,2,31.44,6,No,85.0712,0.0,0.08,1,0,0
CUST03012,Female,56,0,No,No,19,Yes,Fiber optic,One year,Bank transfer,87.85,1791.38,4,1,35.88,2,No,94.28315789473685,0.21052631578947367,0.05263157894736842,1,0,0
CUST03013,Male,64,1,Yes,Yes,31,Yes,Fiber optic,Month-to-month,Electronic check,103.8,3202.92,1,2,51.2,4,No,103.32000000000001,0.03225806451612903,0.06451612903225806,1,0,0
CUST03014,Male,71,1,No,No,50,Yes,No,Month-to-month,Bank transfer,28.54,1448.23,3,5,27.21,6,No,28.9646,0.06,0.1,0,0,1
CUST03015,Female,41,0,No,No,63,No,DSL,One year,Mailed check,64.4,4227.8,1,2,20.08,5,Yes,67.10793650793651,0.015873015873015872,0.031746031746031744,0,0,1
CUST03016,Female,28,0,Yes,No,47,Yes,Fiber optic,Month-to-month,Electronic check,71.72,3476.58,3,1,53.53,6,Yes,73.96978723404256,0.06382978723404255,0.02127659574468085,0,0,1
CUST03017,Male,46,0,Yes,No,1,No,DSL,Month-to-month,Mailed check,51.07,0.0,0,2,51.63,4,No,0.0,0.0,2.0,0,1,0
CUST03018,Male,71,1,Yes,Yes,58,Yes,Fiber optic,One year,Electronic check,92.22,5294.31,3,2,50.32,3,Yes,91.28120689655174,0.05172413793103448,0.034482758620689655,1,0,1
CUST03019,Female,43,0,No,No,10,Yes,No,Month-to-month,Credit card,18.0,151.34,2,0,30.55,3,Yes,15.134,0.2,0.0,0,0,0
CUST03020,Male,33,0,Yes,Yes,8,Yes,DSL,One year,Bank transfer,55.72,477.0,3,1,23.93,4,No,59.625,0.375,0.125,0,0,0
CUST03021,Female,52,0,Yes,No,26,No,Fiber optic,Month-to-month,Bank transfer,73.55,1905.92,5,3,11.56,5,Yes,73.30461538461539,0.19230769230769232,0.11538461538461539,0,0,0
CUST03022,Female,37,0,Yes,No,34,Yes,DSL,Month-to-month,Bank transfer,58.29,1929.49,3,2,18.06,6,No,56.74970588235294,0.08823529411764706,0.058823529411764705,0,0,0
CUST03023,Female,63,1,No,No,19,Yes,DSL,Month-to-month,Credit card,57.41,1031.88,1,0,83.77,6,Yes,54.30947368421053,0.05263157894736842,0.0,0,0,0
CUST03024,Female,20,0,No,No,72,Yes,Fiber optic,Two year,Bank transfer,86.96,6117.2,0,2,41.66,2,No,84.96111111111111,0.0,0.027777777777777776,1,0,1
CUST03025,Male,18,0,No,No,1,Yes,DSL,Two year,Bank transfer,65.58,0.0,2,2,46.33,6,No,0.0,2.0,2.0,0,1,0
CUST03026,Male,75,1,Yes,No,48,Yes,DSL,Month-to-month,Credit card,71.6,3520.86,1,2,65.65,5,Yes,73.35125000000001,0.020833333333333332,0.041666666666666664,0,0,1
CUST03027,Male,70,1,No,Yes,25,Yes,Fiber optic,Month-to-month,Credit card,100.63,2410.93,2,0,50.85,5,No,96.43719999999999,0.08,0.0,1,0,0
CUST03028,Male,64,1,No,No,24,Yes,DSL,Two year,Bank transfer,57.15,1291.37,3,1,14.22,2,No,53.80708333333333,0.125,0.041666666666666664,0,0,0
CUST03029,Male,18,0,No,No,47,Yes,DSL,Month-to-month,Electronic check,52.91,2340.97,1,1,58.92,6,Yes,49.807872340425526,0.02127659574468085,0.02127659574468085,0,0,1
CUST03030,Male,34,0,Yes,No,69,No,Fiber optic,Month-to-month,Credit card,73.18,5087.83,3,1,21.4,2,Yes,73.73666666666666,0.043478260869565216,0.014492753623188406,0,0,1
CUST03031,Male,19,0,Yes,No,67,No,Fiber optic,Month-to-month,Electronic check,80.16,5466.73,1,3,89.96,2,No,81.59298507462685,0.014925373134328358,0.04477611940298507,1,0,1
CUST03032,Female,46,0,No,No,32,Yes,DSL,One year,Bank transfer,48.15,1657.1,4,1,48.49,2,Yes,51.784375,0.125,0.03125,0,0,0
CUST03033,Male,37,0,Yes,No,17,Yes,Fiber optic,Month-to-month,Electronic check,92.04,1525.75,6,0,56.31,1,No,89.75,0.35294117647058826,0.0,1,0,0
CUST03034,Male,23,0,No,Yes,61,Yes,No,Month-to-month,Credit card,33.19,2018.13,4,0,30.94,4,Yes,33.08409836065574,0.06557377049180328,0.0,0,0,1
CUST03035,Female,25,0,No,No,69,Yes,Fiber optic,One year,Electronic check,62.13,4289.85,4,3,43.86,6,No,62.17173913043479,0.057971014492753624,0.043478260869565216,0,0,1
CUST03036,Male,46,0,No,No,11,Yes,Fiber optic,Month-to-month,Electronic check,85.14,894.68,3,2,67.47,1,Yes,81.33454545454545,0.2727272727272727,0.18181818181818182,1,0,0
CUST03037,Male,65,1,No,No,38,Yes,Fiber optic,One year,Credit card,108.34,4149.9,2,3,84.08,4,No,109.20789473684209,0.05263157894736842,0.07894736842105263,1,0,1
CUST03038,Female,68,1,No,No,68,Yes,DSL,Month-to-month,Credit card,42.22,2984.11,3,4,55.92,4,Yes,43.88397058823529,0.04411764705882353,0.058823529411764705,0,0,1
CUST03039,Male,50,0,Yes,No,19,Yes,DSL,Month-to-month,Credit card,77.73,1576.44,2,0,43.29,6,No,82.97052631578947,0.10526315789473684,0.0,0,0,0
CUST03040,Male,20,0,Yes,No,17,Yes,Fiber optic,Month-to-month,Electronic check,72.1,1208.93,0,1,25.27,4,Yes,71.11352941176472,0.0,0.058823529411764705,0,0,0
CUST03041,Male,52,0,Yes,No,13,Yes,Fiber optic,One year,Mailed check,75.89,933.11,2,0,49.57,5,No,71.7776923076923,0.15384615384615385,0.0,0,0,0
CUST03042,Female,22,0,No,No,1,Yes,DSL,Month-to-month,Electronic check,67.41,0.0,4,2,17.11,4,Yes,0.0,4.0,2.0,0,1,0
CUST03043,Male,44,0,Yes,No,2,Yes,Fiber optic,Month-to-month,Mailed check,92.61,11.5,3,3,51.87,6,No,5.75,1.5,1.5,1,1,0
CUST03044,Male,61,1,Yes,Yes,66,Yes,Fiber optic,One year,Bank transfer,83.42,5560.18,5,2,59.47,2,Yes,84.24515151515152,0.07575757575757576,0.030303030303030304,1,0,1
CUST03045,Female,29,0,No,Yes,68,Yes,Fiber optic,One year,Electronic check,73.55,5001.32,2,1,23.52,5,Yes,73.54882352941176,0.029411764705882353,0.014705882352941176,0,0,1
CUST03046,Male,37,0,No,No,16,Yes,Fiber optic,Month-to-month,Credit card,66.34,1062.28,4,3,51.77,5,No,66.3925,0.25,0.1875,0,0,0
CUST03047,Female,62,1,No,Yes,4,Yes,Fiber optic,Month-to-month,Mailed check,83.85,580.01,3,2,42.75,1,Yes,145.0025,0.75,0.5,1,1,0
CUST03048,Female,37,0,No,No,57,Yes,Fiber optic,Month-to-month,Credit card,81.82,4822.47,1,2,76.68,3,No,84.60473684210527,0.017543859649122806,0.03508771929824561,1,0,1
CUST03049,Male,26,0,No,Yes,23,Yes,Fiber optic,One year,Electronic check,73.12,1686.07,3,1,56.42,6,No,73.30739130434782,0.13043478260869565,0.043478260869565216,0,0,0
CUST03050,Female,56,0,No,Yes,2,Yes,DSL,One year,Credit card,56.93,134.73,1,1,69.99,5,No,67.365,0.5,0.5,0,1,0
CUST03051,Female,21,0,No,No,67,Yes,Fiber optic,One year,Credit card,88.76,5836.0,3,1,129.59,2,No,87.1044776119403,0.04477611940298507,0.014925373134328358,1,0,1
CUST03052,Male,68,1,No,No,26,Yes,DSL,One year,Bank transfer,72.84,1958.4,0,1,46.7,5,No,75.32307692307693,0.0,0.038461538461538464,0,0,0
CUST03053,Female,71,1,No,Yes,7,Yes,DSL,Two year,Mailed check,62.34,459.28,7,0,32.34,1,No,65.61142857142856,1.0,0.0,0,0,0
CUST03054,Female,36,0,No,Yes,44,Yes,Fiber optic,Month-to-month,Electronic check,82.37,3536.02,3,0,34.77,5,No,80.3640909090909,0.06818181818181818,0.0,1,0,1
CUST03055,Male,55,0,No,Yes,33,Yes,DSL,Month-to-month,Electronic check,50.12,1678.92,3,0,13.54,3,Yes,50.876363636363635,0.09090909090909091,0.0,0,0,0
CUST03056,Male,44,0,Yes,No,64,Yes,Fiber optic,Two year,Electronic check,73.83,4829.35,3,1,42.09,4,No,75.45859375,0.046875,0.015625,0,0,1
CUST03057,Male,62,1,Yes,Yes,36,Yes,Fiber optic,Month-to-month,Mailed check,88.25,3383.77,1,0,31.52,5,No,93.99361111111111,0.027777777777777776,0.0,1,0,1
CUST03058,Female,60,1,Yes,No,4,Yes,No,Month-to-month,Credit card,27.17,0.0,3,0,38.27,1,No,0.0,0.75,0.0,0,1,0
CUST03059,Male,30,0,Yes,No,23,Yes,DSL,Month-to-month,Mailed check,57.33,1204.14,1,1,21.77,3,Yes,52.353913043478265,0.043478260869565216,0.043478260869565216,0,0,0
CUST03060,Female,30,0,Yes,No,25,Yes,No,Two year,Credit card,32.24,796.02,3,2,27.53,4,No,31.840799999999998,0.12,0.08,0,0,0
CUST03061,Female,74,1,Yes,Yes,27,Yes,DSL,Month-to-month,Bank transfer,60.71,1662.2,4,1,21.88,5,No,61.56296296296296,0.14814814814814814,0.037037037037037035,0,0,0
CUST03062,Female,39,0,Yes,No,51,Yes,Fiber optic,Month-to-month,Electronic check,77.7,4130.81,2,3,51.75,6,Yes,80.99627450980392,0.0392156862745098,0.058823529411764705,0,0,1
CUST03063,Female,45,0,No,No,69,Yes,Fiber optic,One year,Mailed check,75.17,5309.57,0,0,46.31,2,No,76.95028985507246,0.0,0.0,0,0,1
CUST03064,Female,69,1,No,No,23,Yes,Fiber optic,Month-to-month,Credit card,74.17,1498.54,3,1,32.52,5,Yes,65.15391304347825,0.13043478260869565,0.043478260869565216,0,0,0
CUST03065,Female,64,1,Yes,No,9,Yes,DSL,Two year,Bank transfer,65.76,549.56,1,0,34.01,2,No,61.06222222222222,0.1111111111111111,0.0,0,0,0
CUST03066,Female,70,1,No,No,33,Yes,No,Month-to-month,Electronic check,20.03,509.12,4,0,44.71,1,No,15.427878787878788,0.12121212121212122,0.0,0,0,0
CUST03067,Male,62,1,No,Yes,35,Yes,DSL,One year,Bank transfer,61.29,2014.63,2,1,52.13,6,No,57.560857142857145,0.05714285714285714,0.02857142857142857,0,0,0
CUST03068,Male,39,0,No,No,50,Yes,Fiber optic,Month-to-month,Credit card,72.27,3671.87,2,0,36.88,4,No,73.4374,0.04,0.0,0,0,1
CUST03069,Female,60,1,No,No,24,No,Fiber optic,Two year,Electronic check,82.49,1993.77,1,3,8.01,5,Yes,83.07375,0.041666666666666664,0.125,1,0,0
CUST03070,Female,36,0,Yes,No,24,Yes,DSL,Two year,Credit card,59.35,1590.38,5,1,38.88,4,Yes,66.26583333333333,0.20833333333333334,0.041666666666666664,0,0,0
CUST03071,Male,25,0,Yes,No,19,Yes,No,One year,Credit card,43.91,693.51,3,0,32.61,6,No,36.50052631578947,0.15789473684210525,0.0,0,0,0
CUST03072,Female,69,1,Yes,No,39,No,Fiber optic,Two year,Electronic check,65.39,2547.68,1,0,29.55,2,No,65.3251282051282,0.02564102564102564,0.0,0,0,1
CUST03073,Male,25,0,Yes,Yes,61,Yes,Fiber optic,Month-to-month,Electronic check,97.13,5870.85,4,2,42.86,3,No,96.24344262295082,0.06557377049180328,0.03278688524590164,1,0,1
CUST03074,Male,59,0,No,Yes,25,Yes,Fiber optic,Two year,Credit card,73.47,1994.12,4,2,12.3,6,No,79.7648,0.16,0.08,0,0,0
CUST03075,Male,43,0,Yes,No,25,No,Fiber optic,One year,Electronic check,105.25,2541.46,0,0,42.28,1,No,101.6584,0.0,0.0,1,0,0
CUST03076,Female,65,1,Yes,No,27,Yes,DSL,Two year,Credit card,51.62,1415.37,0,0,51.92,5,No,52.42111111111111,0.0,0.0,0,0,0
CUST03077,Female,68,1,Yes,No,32,Yes,DSL,One year,Credit card,72.43,2178.63,3,2,66.79,3,Yes,68.0821875,0.09375,0.0625,0,0,0
CUST03078,Male,43,0,Yes,No,11,Yes,DSL,Month-to-month,Electronic check,62.66,834.03,0,0,30.85,6,Yes,75.82090909090908,0.0,0.0,0,0,0
CUST03079,Male,40,0,No,No,69,No,Fiber optic,One year,Electronic check,65.03,4670.79,2,1,49.98,1,No,67.69260869565217,0.028985507246376812,0.014492753623188406,0,0,1
CUST03080,Male,60,1,No,Yes,33,Yes,Fiber optic,Month-to-month,Bank transfer,87.98,2833.62,4,0,14.93,2,Yes,85.86727272727272,0.12121212121212122,0.0,1,0,0
CUST03081,Male,30,0,Yes,No,19,Yes,Fiber optic,One year,Electronic check,92.73,1680.14,1,1,55.4,1,Yes,88.42842105263158,0.05263157894736842,0.05263157894736842,1,0,0
CUST03082,Male,45,0,Yes,Yes,16,No,DSL,Month-to-month,Bank transfer,67.05,1099.18,3,1,63.6,4,Yes,68.69875,0.1875,0.0625,0,0,0
CUST03083,Female,26,0,Yes,No,11,Yes,DSL,Month-to-month,Credit card,57.16,546.98,4,0,9.22,2,Yes,49.72545454545455,0.36363636363636365,0.0,0,0,0
CUST03084,Male,37,0,Yes,No,69,Yes,Fiber optic,Two year,Mailed check,123.92,8665.13,4,1,23.35,6,No,125.58159420289854,0.057971014492753624,0.014492753623188406,1,0,1
CUST03085,Female,73,1,No,No,55,Yes,Fiber optic,Two year,Electronic check,114.19,6326.07,1,0,23.49,1,No,115.01945454545454,0.01818181818181818,0.0,1,0,1
CUST03086,Male,36,0,Yes,No,25,Yes,Fiber optic,Two year,Bank transfer,90.07,2378.46,1,1,19.96,4,Yes,95.1384,0.04,0.04,1,0,0
CUST03087,Female,65,1,No,Yes,34,Yes,Fiber optic,One year,Credit card,65.26,2110.75,4,2,51.68,6,No,62.080882352941174,0.11764705882352941,0.058823529411764705,0,0,0
CUST03088,Female,56,0,No,Yes,12,Yes,DSL,One year,Electronic check,48.0,438.43,2,3,10.15,4,No,36.535833333333336,0.16666666666666666,0.25,0,0,0
CUST03089,Female,68,1,Yes,No,21,Yes,DSL,One year,Electronic check,56.77,1228.71,6,0,45.75,5,No,58.510000000000005,0.2857142857142857,0.0,0,0,0
CUST03090,Female,29,0,Yes,No,29,No,Fiber optic,Month-to-month,Credit card,83.56,2592.21,2,0,27.47,5,Yes,89.38655172413793,0.06896551724137931,0.0,1,0,0
CUST03091,Female,32,0,No,No,51,Yes,DSL,Two year,Electronic check,50.09,2461.01,2,2,43.65,1,No,48.25509803921569,0.0392156862745098,0.0392156862745098,0,0,1
CUST03092,Female,48,0,No,No,23,Yes,DSL,Two year,Credit card,53.48,1276.15,3,2,70.16,4,No,55.48478260869565,0.13043478260869565,0.08695652173913043,0,0,0
CUST03093,Male,72,1,No,No,33,No,Fiber optic,One year,Mailed check,55.17,1754.35,2,0,45.72,3,Yes,53.16212121212121,0.06060606060606061,0.0,0,0,0
CUST03094,Female,31,0,No,Yes,8,Yes,Fiber optic,Two year,Credit card,52.58,526.51,1,0,20.62,4,No,65.81375,0.125,0.0,0,0,0
CUST03095,Male,28,0,No,Yes,42,Yes,DSL,One year,Credit card,60.17,2438.72,3,0,59.15,2,Yes,58.0647619047619,0.07142857142857142,0.0,0,0,1
CUST03096,Female,43,0,Yes,No,69,Yes,DSL,Month-to-month,Bank transfer,79.11,5486.09,5,0,29.23,1,Yes,79.50855072463769,0.07246376811594203,0.0,0,0,1
CUST03097,Female,59,0,No,Yes,41,Yes,Fiber optic,Two year,Bank transfer,61.73,2642.99,0,0,21.29,1,No,64.46317073170731,0.0,0.0,0,0,1
CUST03098,Male,44,0,Yes,No,63,Yes,DSL,Month-to-month,Electronic check,57.44,3484.29,0,0,84.33,5,No,55.30619047619047,0.0,0.0,0,0,1
CUST03099,Female,28,0,No,No,14,Yes,Fiber optic,One year,Bank transfer,84.72,1246.31,3,0,24.4,4,No,89.02214285714285,0.21428571428571427,0.0,1,0,0
CUST03100,Male,55,0,No,Yes,62,Yes,DSL,Month-to-month,Credit card,64.47,3961.38,4,3,26.15,5,Yes,63.89322580645162,0.06451612903225806,0.04838709677419355,0,0,1
CUST03101,Male,51,0,No,No,46,Yes,No,One year,Electronic check,20.92,1047.06,0,0,26.67,6,No,22.762173913043476,0.0,0.0,0,0,1
CUST03102,Male,60,1,Yes,No,67,Yes,DSL,One year,Electronic check,46.8,3172.5,5,3,39.48,4,No,47.350746268656714,0.07462686567164178,0.04477611940298507,0,0,1
CUST03103,Male,36,0,Yes,No,53,Yes,DSL,One year,Electronic check,67.75,3548.98,1,2,69.06,6,No,66.96188679245283,0.018867924528301886,0.03773584905660377,0,0,1
CUST03104,Female,23,0,No,Yes,52,Yes,Fiber optic,Month-to-month,Credit card,55.69,2886.5,3,1,43.28,1,Yes,55.50961538461539,0.057692307692307696,0.019230769230769232,0,0,1
CUST03105,Female,63,1,No,No,7,No,DSL,Month-to-month,Electronic check,64.58,268.32,2,1,47.85,2,No,38.33142857142857,0.2857142857142857,0.14285714285714285,0,0,0
CUST03106,Male,69,1,No,No,54,Yes,DSL,One year,Credit card,50.35,2805.9,4,2,13.92,2,No,51.961111111111116,0.07407407407407407,0.037037037037037035,0,0,1
CUST03107,Female,55,0,No,No,11,No,DSL,Two year,Credit card,62.93,882.21,1,0,10.17,2,No,80.2009090909091,0.09090909090909091,0.0,0,0,0
CUST03108,Female,66,1,No,Yes,25,Yes,DSL,Month-to-month,Bank transfer,73.93,1793.9,4,0,72.99,1,Yes,71.756,0.16,0.0,0,0,0
CUST03109,Male,59,0,Yes,No,59,Yes,No,Month-to-month,Credit card,19.51,1147.31,3,0,44.71,5,No,19.44593220338983,0.05084745762711865,0.0,0,0,1
CUST03110,Female,45,0,Yes,No,66,Yes,Fiber optic,Month-to-month,Bank transfer,79.48,5402.92,1,0,20.08,4,Yes,81.86242424242424,0.015151515151515152,0.0,0,0,1
CUST03111,Male,18,0,Yes,No,27,Yes,Fiber optic,Two year,Mailed check,78.69,1945.19,0,0,90.08,5,No,72.04407407407408,0.0,0.0,0,0,0
CUST03112,Male,52,0,No,No,58,Yes,DSL,One year,Mailed check,87.34,5116.09,2,2,22.18,1,No,88.20844827586207,0.034482758620689655,0.034482758620689655,1,0,1
CUST03113,Female,57,0,No,No,11,No,DSL,Two year,Mailed check,58.46,810.43,4,1,40.53,6,No,73.67545454545454,0.36363636363636365,0.09090909090909091,0,0,0
CUST03114,Female,25,0,No,No,55,Yes,No,One year,Electronic check,23.61,1235.57,2,1,16.87,5,Yes,22.46490909090909,0.03636363636363636,0.01818181818181818,0,0,1
CUST03115,Female,69,1,Yes,Yes,19,Yes,DSL,Month-to-month,Electronic check,58.96,1066.04,2,3,33.66,3,Yes,56.10736842105263,0.10526315789473684,0.15789473684210525,0,0,0
CUST03116,Male,71,1,Yes,No,39,Yes,DSL,One year,Credit card,76.23,3105.82,6,1,41.8,4,No,79.63641025641026,0.15384615384615385,0.02564102564102564,0,0,1
CUST03117,Male,64,1,Yes,Yes,70,Yes,DSL,Month-to-month,Credit card,52.34,3554.68,1,0,62.54,1,No,50.781142857142854,0.014285714285714285,0.0,0,0,1
CUST03118,Female,73,1,No,No,11,Yes,Fiber optic,Month-to-month,Electronic check,96.9,1152.09,2,2,50.1,3,Yes,104.73545454545454,0.18181818181818182,0.18181818181818182,1,0,0
CUST03119,Female,24,0,Yes,No,14,Yes,DSL,Month-to-month,Electronic check,50.89,750.01,2,2,18.03,5,Yes,53.57214285714286,0.14285714285714285,0.14285714285714285,0,0,0
CUST03120,Female,28,0,Yes,No,60,Yes,Fiber optic,Month-to-month,Mailed check,72.57,4467.73,6,5,47.04,2,Yes,74.46216666666666,0.1,0.08333333333333333,0,0,1
CUST03121,Female,56,0,Yes,No,36,Yes,Fiber optic,Month-to-month,Electronic check,90.56,3247.41,3,0,64.23,5,No,90.20583333333333,0.08333333333333333,0.0,1,0,1
CUST03122,Male,21,0,No,No,41,No,Fiber optic,Month-to-month,Credit card,103.21,4385.19,4,0,82.41,1,Yes,106.95585365853657,0.0975609756097561,0.0,1,0,1
CUST03123,Female,42,0,Yes,Yes,2,Yes,Fiber optic,Month-to-month,Electronic check,79.25,120.0,3,1,66.3,6,Yes,60.0,1.5,0.5,0,1,0
CUST03124,Male,29,0,No,No,57,Yes,Fiber optic,Month-to-month,Bank transfer,79.14,4363.63,2,1,31.51,2,No,76.55491228070176,0.03508771929824561,0.017543859649122806,0,0,1
CUST03125,Male,43,0,No,No,60,Yes,Fiber optic,One year,Credit card,94.53,5517.71,3,2,67.5,5,Yes,91.96183333333333,0.05,0.03333333333333333,1,0,1
CUST03126,Female,55,0,No,No,20,Yes,Fiber optic,Month-to-month,Electronic check,84.84,1587.63,5,0,22.08,1,Yes,79.3815,0.25,0.0,1,0,0
CUST03127,Female,63,1,No,No,22,Yes,Fiber optic,Month-to-month,Mailed check,95.2,2162.03,4,1,20.21,3,No,98.27409090909092,0.18181818181818182,0.045454545454545456,1,0,0
CUST03128,Female,29,0,Yes,No,4,Yes,DSL,Month-to-month,Bank transfer,40.5,86.89,3,0,39.6,3,Yes,21.7225,0.75,0.0,0,1,0
CUST03129,Male,60,1,Yes,No,56,Yes,DSL,One year,Bank transfer,47.53,2659.79,4,0,32.03,2,No,47.496249999999996,0.07142857142857142,0.0,0,0,1
CUST03130,Female,68,1,No,No,58,Yes,No,One year,Mailed check,24.51,1430.66,2,0,47.34,5,No,24.666551724137932,0.034482758620689655,0.0,0,0,1
CUST03131,Female,70,1,No,No,65,Yes,DSL,Two year,Credit card,65.42,4174.83,2,2,42.7,3,Yes,64.22815384615384,0.03076923076923077,0.03076923076923077,0,0,1
CUST03132,Male,54,0,No,No,58,Yes,Fiber optic,Two year,Bank transfer,83.05,4832.53,1,1,39.95,6,No,83.31948275862068,0.017241379310344827,0.017241379310344827,1,0,1
CUST03133,Female,63,1,No,No,30,Yes,DSL,Month-to-month,Electronic check,60.96,1922.9,3,0,43.77,5,No,64.09666666666666,0.1,0.0,0,0,0
CUST03134,Male,70,1,Yes,No,19,Yes,Fiber optic,Month-to-month,Bank transfer,94.1,1791.48,3,2,47.23,3,Yes,94.28842105263158,0.15789473684210525,0.10526315789473684,1,0,0
CUST03135,Female,41,0,Yes,No,62,Yes,Fiber optic,Month-to-month,Electronic check,66.3,4202.45,1,4,26.56,1,Yes,67.78145161290323,0.016129032258064516,0.06451612903225806,0,0,1
CUST03136,Male,33,0,No,No,68,Yes,DSL,Two year,Electronic check,67.28,4537.32,2,1,17.37,2,No,66.72529411764705,0.029411764705882353,0.014705882352941176,0,0,1
CUST03137,Female,74,1,Yes,No,44,No,DSL,One year,Credit card,72.61,3221.4,2,0,43.13,2,No,73.21363636363637,0.045454545454545456,0.0,0,0,1
CUST03138,Female,30,0,Yes,No,61,Yes,DSL,Month-to-month,Electronic check,55.89,3419.0,2,2,63.07,6,Yes,56.049180327868854,0.03278688524590164,0.03278688524590164,0,0,1
CUST03139,Male,42,0,No,No,21,Yes,DSL,Month-to-month,Credit card,49.67,1150.45,4,1,36.01,4,Yes,54.78333333333334,0.19047619047619047,0.047619047619047616,0,0,0
CUST03140,Male,71,1,Yes,No,10,Yes,Fiber optic,Month-to-month,Credit card,98.33,1025.77,2,4,20.39,3,Yes,102.577,0.2,0.4,1,0,0
CUST03141,Female,71,1,Yes,Yes,30,Yes,No,Month-to-month,Credit card,38.76,1098.6,2,3,37.47,3,No,36.62,0.06666666666666667,0.1,0,0,0
CUST03142,Male,74,1,No,No,24,Yes,DSL,Two year,Electronic check,61.77,1531.27,4,2,34.74,4,No,63.80291666666667,0.16666666666666666,0.08333333333333333,0,0,0
CUST03143,Male,69,1,No,No,48,No,DSL,One year,Electronic check,49.41,2276.05,3,1,56.14,5,No,47.41770833333334,0.0625,0.020833333333333332,0,0,1
CUST03144,Male,71,1,Yes,No,55,Yes,DSL,One year,Credit card,59.93,3336.54,3,1,33.77,2,No,60.66436363636364,0.05454545454545454,0.01818181818181818,0,0,1
CUST03145,Male,21,0,No,No,52,Yes,Fiber optic,Month-to-month,Bank transfer,72.49,3766.42,5,0,6.68,2,No,72.43115384615385,0.09615384615384616,0.0,0,0,1
CUST03146,Female,28,0,No,No,38,Yes,Fiber optic,Month-to-month,Electronic check,95.74,3653.11,5,1,27.46,2,Yes,96.13447368421053,0.13157894736842105,0.02631578947368421,1,0,1
CUST03147,Female,49,0,Yes,No,67,Yes,Fiber optic,One year,Credit card,84.24,5640.08,3,2,36.51,1,No,84.18029850746268,0.04477611940298507,0.029850746268656716,1,0,1
CUST03148,Male,66,1,Yes,No,8,Yes,Fiber optic,One year,Bank transfer,71.08,507.75,2,0,22.11,5,Yes,63.46875,0.25,0.0,0,0,0
CUST03149,Male,24,0,Yes,No,29,Yes,Fiber optic,Month-to-month,Electronic check,87.99,2478.43,4,0,34.37,6,Yes,85.46310344827586,0.13793103448275862,0.0,1,0,0
CUST03150,Male,63,1,No,No,10,Yes,DSL,Month-to-month,Credit card,52.14,629.46,4,0,11.29,4,Yes,62.946000000000005,0.4,0.0,0,0,0
CUST03151,Male,75,1,Yes,No,69,Yes,No,Two year,Electronic check,18.0,1430.22,4,0,53.22,2,No,20.727826086956522,0.057971014492753624,0.0,0,0,1
CUST03152,Female,28,0,No,No,68,Yes,No,Month-to-month,Mailed check,31.07,2139.84,2,0,7.6,3,Yes,31.468235294117648,0.029411764705882353,0.0,0,0,1
CUST03153,Female,45,0,No,No,49,Yes,DSL,Month-to-month,Electronic check,63.58,3118.6,1,1,53.79,3,No,63.64489795918367,0.02040816326530612,0.02040816326530612,0,0,1
CUST03154,Male,71,1,No,Yes,58,Yes,Fiber optic,Month-to-month,Electronic check,77.96,4398.89,3,3,21.08,5,Yes,75.84293103448276,0.05172413793103448,0.05172413793103448,0,0,1
CUST03155,Male,58,0,No,Yes,35,Yes,Fiber optic,One year,Mailed check,104.08,3466.87,1,1,24.21,1,No,99.05342857142857,0.02857142857142857,0.02857142857142857,1,0,0
CUST03156,Male,40,0,No,No,50,Yes,DSL,Month-to-month,Electronic check,51.04,2391.21,1,4,29.08,4,No,47.8242,0.02,0.08,0,0,1
CUST03157,Female,62,1,Yes,No,40,Yes,Fiber optic,One year,Credit card,78.48,3192.26,2,1,73.93,6,No,79.8065,0.05,0.025,0,0,1
CUST03158,Male,40,0,Yes,No,12,No,DSL,Month-to-month,Electronic check,64.5,596.46,3,2,15.67,2,Yes,49.705000000000005,0.25,0.16666666666666666,0,0,0
CUST03159,Female,67,1,No,No,16,Yes,No,Month-to-month,Mailed check,32.01,578.0,1,0,47.04,4,Yes,36.125,0.0625,0.0,0,0,0
CUST03160,Male,45,0,Yes,No,48,Yes,Fiber optic,One year,Bank transfer,90.86,4251.55,1,1,29.87,6,No,88.57395833333334,0.020833333333333332,0.020833333333333332,1,0,1
CUST03161,Female,60,1,Yes,Yes,1,Yes,DSL,One year,Credit card,53.23,69.19,3,0,20.77,4,No,69.19,3.0,0.0,0,1,0
CUST03162,Male,64,1,No,No,65,Yes,Fiber optic,Two year,Electronic check,81.44,5252.83,7,2,54.42,6,No,80.81276923076923,0.1076923076923077,0.03076923076923077,1,0,1
CUST03163,Female,74,1,No,Yes,22,Yes,DSL,Month-to-month,Electronic check,52.26,1043.66,1,0,21.4,6,Yes,47.439090909090915,0.045454545454545456,0.0,0,0,0
CUST03164,Male,43,0,Yes,No,15,Yes,Fiber optic,Month-to-month,Credit card,80.02,1061.85,7,3,24.66,3,Yes,70.78999999999999,0.4666666666666667,0.2,1,0,0
CUST03165,Male,42,0,No,No,67,Yes,Fiber optic,One year,Electronic check,81.15,5264.73,2,1,28.15,1,Yes,78.57805970149253,0.029850746268656716,0.014925373134328358,1,0,1
CUST03166,Male,71,1,Yes,No,14,Yes,DSL,Month-to-month,Credit card,65.0,801.8,1,2,78.45,2,Yes,57.271428571428565,0.07142857142857142,0.14285714285714285,0,0,0
CUST03167,Female,46,0,No,Yes,19,Yes,DSL,Month-to-month,Credit card,51.72,1205.07,3,2,7.88,3,Yes,63.42473684210526,0.15789473684210525,0.10526315789473684,0,0,0
CUST03168,Male,36,0,Yes,Yes,40,Yes,DSL,Month-to-month,Bank transfer,71.46,2988.81,2,2,24.39,3,Yes,74.72025,0.05,0.05,0,0,1
CUST03169,Female,50,0,No,No,4,Yes,DSL,Month-to-month,Electronic check,59.7,256.99,4,1,36.09,6,Yes,64.2475,1.0,0.25,0,1,0
CUST03170,Female,53,0,Yes,No,33,Yes,DSL,Month-to-month,Credit card,49.75,1605.11,7,1,38.26,3,No,48.63969696969696,0.21212121212121213,0.030303030303030304,0,0,0
CUST03171,Male,31,0,No,Yes,43,Yes,DSL,Two year,Bank transfer,64.66,2721.72,4,2,29.72,3,No,63.29581395348837,0.09302325581395349,0.046511627906976744,0,0,1
CUST03172,Male,31,0,Yes,No,37,Yes,No,Two year,Credit card,24.04,900.45,2,0,79.63,4,No,24.33648648648649,0.05405405405405406,0.0,0,0,1
CUST03173,Male,52,0,Yes,Yes,66,Yes,No,Two year,Bank transfer,21.32,1350.04,0,3,26.71,1,No,20.455151515151513,0.0,0.045454545454545456,0,0,1
CUST03174,Female,47,0,No,No,27,Yes,DSL,Two year,Electronic check,77.0,2021.24,2,3,48.36,4,No,74.86074074074074,0.07407407407407407,0.1111111111111111,0,0,0
CUST03175,Male,45,0,Yes,Yes,45,Yes,DSL,Month-to-month,Bank transfer,56.25,2579.92,3,0,57.09,1,No,57.33155555555556,0.06666666666666667,0.0,0,0,1
CUST03176,Female,34,0,Yes,No,50,Yes,DSL,Month-to-month,Mailed check,54.55,2626.56,1,1,16.74,1,No,52.5312,0.02,0.02,0,0,1
CUST03177,Female,20,0,Yes,No,63,Yes,Fiber optic,One year,Electronic check,99.41,6014.78,1,1,19.22,6,No,95.4726984126984,0.015873015873015872,0.015873015873015872,1,0,1
CUST03178,Male,33,0,No,Yes,6,Yes,Fiber optic,Two year,Credit card,92.56,496.87,1,1,36.9,2,No,82.81166666666667,0.16666666666666666,0.16666666666666666,1,1,0
CUST03179,Male,63,1,No,No,67,Yes,DSL,Month-to-month,Electronic check,69.05,4771.55,6,1,33.44,4,No,71.21716417910449,0.08955223880597014,0.014925373134328358,0,0,1
CUST03180,Male,47,0,Yes,No,67,Yes,DSL,Month-to-month,Credit card,53.24,3404.25,3,2,39.03,5,Yes,50.809701492537314,0.04477611940298507,0.029850746268656716,0,0,1
CUST03181,Male,69,1,No,No,59,Yes,DSL,Month-to-month,Credit card,62.64,3571.92,4,1,23.2,6,Yes,60.54101694915254,0.06779661016949153,0.01694915254237288,0,0,1
CUST03182,Male,46,0,Yes,Yes,13,Yes,Fiber optic,Month-to-month,Electronic check,64.2,770.94,1,0,34.48,1,No,59.30307692307693,0.07692307692307693,0.0,0,0,0
CUST03183,Male,62,1,No,No,21,Yes,Fiber optic,Month-to-month,Bank transfer,56.19,1020.2,3,0,43.46,5,Yes,48.58095238095238,0.14285714285714285,0.0,0,0,0
CUST03184,Female,32,0,Yes,Yes,64,Yes,Fiber optic,Month-to-month,Bank transfer,76.14,5023.32,1,2,29.91,3,No,78.489375,0.015625,0.03125,0,0,1
CUST03185,Female,63,1,No,No,37,Yes,Fiber optic,Two year,Mailed check,85.71,3181.05,2,0,55.23,1,No,85.97432432432433,0.05405405405405406,0.0,1,0,1
CUST03186,Female,73,1,Yes,No,48,Yes,DSL,Month-to-month,Credit card,88.8,4084.55,1,1,18.75,1,Yes,85.09479166666667,0.020833333333333332,0.020833333333333332,1,0,1
CUST03187,Male,42,0,No,No,56,Yes,No,Two year,Credit card,35.0,1947.2,2,3,27.63,6,No,34.77142857142857,0.03571428571428571,0.05357142857142857,0,0,1
CUST03188,Female,68,1,Yes,No,44,Yes,Fiber optic,Month-to-month,Mailed check,68.6,3014.48,0,0,77.28,4,No,68.5109090909091,0.0,0.0,0,0,1
CUST03189,Female,55,0,Yes,No,13,Yes,DSL,Two year,Credit card,70.51,892.5,2,2,40.27,1,No,68.65384615384616,0.15384615384615385,0.15384615384615385,0,0,0
CUST03190,Female,59,0,Yes,No,4,Yes,Fiber optic,Month-to-month,Bank transfer,64.82,242.73,2,1,41.31,5,Yes,60.6825,0.5,0.25,0,1,0
CUST03191,Female,64,1,No,Yes,33,Yes,No,One year,Credit card,37.26,1216.65,1,2,33.36,1,No,36.868181818181824,0.030303030303030304,0.06060606060606061,0,0,0
CUST03192,Female,70,1,No,Yes,37,Yes,No,Month-to-month,Credit card,20.96,806.5,4,0,73.09,2,No,21.7972972972973,0.10810810810810811,0.0,0,0,1
CUST03193,Male,71,1,No,No,53,Yes,Fiber optic,One year,Electronic check,76.38,4085.48,3,0,26.46,2,Yes,77.08452830188679,0.05660377358490566,0.0,0,0,1
CUST03194,Male,69,1,No,No,24,Yes,No,Two year,Electronic check,33.16,646.14,1,0,50.08,4,No,26.9225,0.041666666666666664,0.0,0,0,0
CUST03195,Female,75,1,No,Yes,51,Yes,DSL,Month-to-month,Credit card,53.29,2723.81,3,0,78.12,2,Yes,53.40803921568627,0.058823529411764705,0.0,0,0,1
CUST03196,Female,55,0,No,No,41,Yes,Fiber optic,Month-to-month,Credit card,111.22,4578.16,0,0,52.98,1,No,111.66243902439024,0.0,0.0,1,0,1
CUST03197,Female,40,0,Yes,No,29,No,DSL,Month-to-month,Bank transfer,53.16,1480.61,1,0,56.16,2,Yes,51.055517241379306,0.034482758620689655,0.0,0,0,0
CUST03198,Male,42,0,No,No,59,Yes,Fiber optic,Month-to-month,Credit card,98.31,5970.89,2,3,90.66,6,Yes,101.20152542372882,0.03389830508474576,0.05084745762711865,1,0,1
CUST03199,Male,59,0,Yes,Yes,40,Yes,DSL,Month-to-month,Electronic check,61.39,2447.28,2,2,50.92,3,No,61.182,0.05,0.05,0,0,1
CUST03200,Female,24,0,No,No,51,Yes,No,One year,Credit card,30.43,1602.33,2,1,12.67,4,No,31.418235294117647,0.0392156862745098,0.0196078431372549,0,0,1
CUST03201,Male,39,0,No,Yes,50,Yes,DSL,Month-to-month,Electronic check,47.91,2350.6,3,1,27.88,6,Yes,47.012,0.06,0.02,0,0,1
CUST03202,Male,34,0,No,Yes,36,No,Fiber optic,One year,Electronic check,57.5,2039.59,1,0,49.91,1,No,56.655277777777776,0.027777777777777776,0.0,0,0,1
CUST03203,Female,35,0,No,No,60,Yes,Fiber optic,Two year,Electronic check,70.92,4289.46,1,1,33.96,2,No,71.491,0.016666666666666666,0.016666666666666666,0,0,1
CUST03204,Male,66,1,No,No,18,Yes,Fiber optic,One year,Electronic check,78.94,1282.47,5,1,35.22,3,Yes,71.24833333333333,0.2777777777777778,0.05555555555555555,0,0,0
CUST03205,Male,58,0,No,No,20,Yes,Fiber optic,Month-to-month,Electronic check,82.0,1714.5,1,0,67.08,2,Yes,85.725,0.05,0.0,1,0,0
CUST03206,Female,27,0,Yes,Yes,5,Yes,Fiber optic,One year,Electronic check,77.74,265.58,4,1,35.89,2,No,53.116,0.8,0.2,0,1,0
CUST03207,Male,27,0,Yes,No,18,Yes,DSL,Month-to-month,Bank transfer,34.36,706.61,3,0,54.34,2,No,39.25611111111111,0.16666666666666666,0.0,0,0,0
CUST03208,Male,74,1,No,Yes,40,Yes,DSL,Month-to-month,Electronic check,52.34,2066.76,4,1,20.26,1,No,51.669000000000004,0.1,0.025,0,0,1
CUST03209,Female,24,0,No,No,1,Yes,DSL,Month-to-month,Electronic check,60.47,266.54,3,0,37.38,4,Yes,266.54,3.0,0.0,0,1,0
CUST03210,Male,65,1,Yes,No,19,Yes,Fiber optic,Two year,Mailed check,81.35,1643.94,3,0,47.53,3,No,86.52315789473684,0.15789473684210525,0.0,1,0,0
CUST03211,Male,67,1,Yes,No,26,Yes,Fiber optic,One year,Credit card,79.38,2162.67,3,3,31.96,4,Yes,83.17961538461539,0.11538461538461539,0.11538461538461539,0,0,0
CUST03212,Female,55,0,Yes,No,29,Yes,Fiber optic,Month-to-month,Electronic check,78.1,2279.39,2,2,38.91,6,Yes,78.59965517241379,0.06896551724137931,0.06896551724137931,0,0,0
CUST03213,Female,44,0,Yes,No,59,Yes,Fiber optic,Month-to-month,Electronic check,85.85,5166.11,1,0,26.1,4,Yes,87.56118644067796,0.01694915254237288,0.0,1,0,1
CUST03214,Female,69,1,No,No,63,Yes,Fiber optic,Month-to-month,Credit card,69.29,4441.28,5,2,51.21,5,No,70.49650793650794,0.07936507936507936,0.031746031746031744,0,0,1
CUST03215,Male,50,0,No,No,62,Yes,Fiber optic,Two year,Credit card,81.32,4848.16,2,0,14.89,3,No,78.19612903225806,0.03225806451612903,0.0,1,0,1
CUST03216,Female,18,0,No,Yes,48,Yes,DSL,Two year,Electronic check,55.11,2558.19,3,2,36.15,1,No,53.295625,0.0625,0.041666666666666664,0,0,1
CUST03217,Male,61,1,No,No,62,Yes,No,Month-to-month,Electronic check,18.0,1022.97,4,0,20.32,1,Yes,16.49951612903226,0.06451612903225806,0.0,0,0,1
CUST03218,Female,70,1,No,No,18,Yes,DSL,Month-to-month,Mailed check,57.82,962.98,2,0,94.86,6,No,53.49888888888889,0.1111111111111111,0.0,0,0,0
CUST03219,Male,51,0,Yes,Yes,66,Yes,DSL,One year,Credit card,36.17,2361.53,4,1,26.35,5,No,35.780757575757576,0.06060606060606061,0.015151515151515152,0,0,1
CUST03220,Female,21,0,Yes,No,27,No,Fiber optic,Month-to-month,Credit card,74.82,2071.79,5,3,49.01,5,Yes,76.73296296296296,0.18518518518518517,0.1111111111111111,0,0,0
CUST03221,Female,34,0,No,Yes,6,No,No,Month-to-month,Electronic check,27.69,283.62,0,2,23.83,5,No,47.27,0.0,0.3333333333333333,0,1,0
CUST03222,Female,21,0,Yes,No,70,Yes,Fiber optic,One year,Electronic check,91.18,6443.2,3,0,31.72,5,No,92.04571428571428,0.04285714285714286,0.0,1,0,1
CUST03223,Female,60,1,Yes,No,59,Yes,Fiber optic,Month-to-month,Credit card,85.2,5150.89,4,1,48.12,1,No,87.30322033898305,0.06779661016949153,0.01694915254237288,1,0,1
CUST03224,Male,71,1,Yes,No,6,Yes,Fiber optic,One year,Mailed check,88.37,424.59,2,2,13.63,1,No,70.765,0.3333333333333333,0.3333333333333333,1,1,0
CUST03225,Female,43,0,Yes,Yes,31,No,Fiber optic,Month-to-month,Electronic check,94.3,2872.93,1,2,26.07,2,Yes,92.67516129032258,0.03225806451612903,0.06451612903225806,1,0,0
CUST03226,Female,21,0,Yes,Yes,56,Yes,DSL,One year,Mailed check,61.26,3404.52,0,0,20.44,6,No,60.795,0.0,0.0,0,0,1
CUST03227,Male,18,0,No,Yes,54,Yes,No,One year,Electronic check,34.41,1791.4,3,1,66.67,4,No,33.17407407407408,0.05555555555555555,0.018518518518518517,0,0,1
CUST03228,Female,24,0,Yes,Yes,41,Yes,DSL,Month-to-month,Credit card,34.54,1303.88,4,0,42.17,4,No,31.801951219512198,0.0975609756097561,0.0,0,0,1
CUST03229,Male,47,0,No,No,18,Yes,Fiber optic,One year,Electronic check,97.37,1791.68,1,1,73.1,6,No,99.53777777777778,0.05555555555555555,0.05555555555555555,1,0,0
CUST03230,Female,67,1,Yes,No,23,Yes,DSL,Month-to-month,Credit card,33.9,709.38,5,2,52.87,4,Yes,30.842608695652174,0.21739130434782608,0.08695652173913043,0,0,0
CUST03231,Female,26,0,No,No,36,Yes,DSL,Month-to-month,Credit card,52.48,1969.96,3,1,38.17,4,Yes,54.721111111111114,0.08333333333333333,0.027777777777777776,0,0,1
CUST03232,Female,52,0,No,No,25,Yes,DSL,Month-to-month,Bank transfer,68.77,1597.01,2,0,37.48,1,Yes,63.8804,0.08,0.0,0,0,0
CUST03233,Male,25,0,No,No,7,Yes,DSL,Month-to-month,Credit card,67.44,558.44,2,2,83.35,1,Yes,79.77714285714286,0.2857142857142857,0.2857142857142857,0,0,0
CUST03234,Female,41,0,No,No,20,No,DSL,Month-to-month,Credit card,48.36,988.69,3,2,90.17,5,No,49.4345,0.15,0.1,0,0,0
CUST03235,Female,36,0,Yes,Yes,5,No,DSL,One year,Bank transfer,59.42,318.61,3,2,58.06,6,No,63.722,0.6,0.4,0,1,0
CUST03236,Female,53,0,Yes,No,18,Yes,DSL,Month-to-month,Electronic check,52.86,975.87,2,2,46.45,1,Yes,54.215,0.1111111111111111,0.1111111111111111,0,0,0
CUST03237,Male,67,1,Yes,No,33,Yes,Fiber optic,Month-to-month,Credit card,97.71,3216.31,4,1,31.54,1,Yes,97.4639393939394,0.12121212121212122,0.030303030303030304,1,0,0
CUST03238,Male,69,1,Yes,No,35,Yes,Fiber optic,Two year,Electronic check,83.84,2928.02,2,3,44.52,6,No,83.65771428571429,0.05714285714285714,0.08571428571428572,1,0,0
CUST03239,Female,60,1,Yes,No,65,Yes,DSL,One year,Credit card,52.22,3367.28,2,1,29.69,2,No,51.804307692307695,0.03076923076923077,0.015384615384615385,0,0,1
CUST03240,Male,44,0,No,No,63,Yes,No,Month-to-month,Bank transfer,28.05,1797.05,1,0,45.27,3,Yes,28.524603174603175,0.015873015873015872,0.0,0,0,1
CUST03241,Female,49,0,No,Yes,72,Yes,Fiber optic,Month-to-month,Electronic check,93.69,6800.85,2,0,61.28,5,Yes,94.45625000000001,0.027777777777777776,0.0,1,0,1
CUST03242,Female,31,0,No,No,71,Yes,No,Month-to-month,Mailed check,23.44,1618.99,2,0,53.28,5,No,22.80267605633803,0.028169014084507043,0.0,0,0,1
CUST03243,Female,74,1,No,Yes,41,Yes,Fiber optic,Month-to-month,Mailed check,94.8,4025.62,3,3,37.21,2,Yes,98.18585365853659,0.07317073170731707,0.07317073170731707,1,0,1
CUST03244,Female,35,0,No,No,50,Yes,Fiber optic,Two year,Credit card,108.42,5384.38,3,0,31.11,3,No,107.6876,0.06,0.0,1,0,1
CUST03245,Female,45,0,No,No,30,Yes,Fiber optic,Month-to-month,Electronic check,53.79,1543.47,4,0,39.15,1,Yes,51.449,0.13333333333333333,0.0,0,0,0
CUST03246,Female,46,0,No,No,38,Yes,No,One year,Bank transfer,34.65,1301.56,1,3,14.46,5,No,34.25157894736842,0.02631578947368421,0.07894736842105263,0,0,1
CUST03247,Female,33,0,Yes,No,35,Yes,Fiber optic,Two year,Mailed check,106.48,3650.22,3,0,40.3,3,Yes,104.29199999999999,0.08571428571428572,0.0,1,0,0
CUST03248,Male,52,0,Yes,No,66,Yes,DSL,One year,Electronic check,65.39,4362.37,2,0,10.51,6,No,66.09651515151515,0.030303030303030304,0.0,0,0,1
CUST03249,Male,64,1,No,No,46,Yes,Fiber optic,Month-to-month,Mailed check,80.31,3680.13,1,1,57.31,4,No,80.00282608695652,0.021739130434782608,0.021739130434782608,1,0,1
CUST03250,Male,48,0,No,Yes,8,Yes,DSL,One year,Mailed check,41.3,403.76,2,1,45.61,5,Yes,50.47,0.25,0.125,0,0,0
CUST03251,Male,21,0,No,No,68,No,No,Two year,Credit card,25.34,1717.04,1,1,53.39,3,No,25.250588235294117,0.014705882352941176,0.014705882352941176,0,0,1
CUST03252,Male,54,0,Yes,Yes,37,Yes,Fiber optic,One year,Bank transfer,78.96,2912.16,4,0,39.52,4,Yes,78.70702702702702,0.10810810810810811,0.0,0,0,1
CUST03253,Male,34,0,No,Yes,13,Yes,DSL,Two year,Credit card,43.31,522.22,3,1,150.0,4,No,40.17076923076923,0.23076923076923078,0.07692307692307693,0,0,0
CUST03254,Male,56,0,Yes,Yes,45,Yes,No,Month-to-month,Credit card,19.75,971.43,4,1,89.88,6,No,21.587333333333333,0.08888888888888889,0.022222222222222223,0,0,1
CUST03255,Female,65,1,Yes,No,29,Yes,Fiber optic,Two year,Electronic check,84.4,2423.27,0,0,43.65,1,No,83.56103448275861,0.0,0.0,1,0,0
CUST03256,Female,63,1,Yes,Yes,41,Yes,DSL,Two year,Electronic check,63.23,2618.88,4,2,38.16,6,No,63.87512195121951,0.0975609756097561,0.04878048780487805,0,0,1
CUST03257,Female,43,0,No,No,56,Yes,Fiber optic,Month-to-month,Bank transfer,69.63,4003.89,4,1,29.21,3,No,71.4980357142857,0.07142857142857142,0.017857142857142856,0,0,1
CUST03258,Female,65,1,Yes,No,16,Yes,Fiber optic,One year,Electronic check,49.3,780.01,1,0,15.29,5,Yes,48.750625,0.0625,0.0,0,0,0
CUST03259,Male,56,0,Yes,No,12,Yes,DSL,One year,Credit card,56.93,673.18,0,1,22.78,5,No,56.09833333333333,0.0,0.08333333333333333,0,0,0
CUST03260,Male,58,0,Yes,Yes,66,Yes,DSL,One year,Mailed check,48.98,3209.65,3,0,27.9,3,No,48.63106060606061,0.045454545454545456,0.0,0,0,1
CUST03261,Female,21,0,No,No,62,Yes,Fiber optic,Two year,Electronic check,78.45,4882.9,3,0,49.48,2,No,78.75645161290322,0.04838709677419355,0.0,0,0,1
CUST03262,Female,47,0,No,No,19,Yes,Fiber optic,Month-to-month,Electronic check,54.3,1112.39,4,1,64.15,2,No,58.54684210526316,0.21052631578947367,0.05263157894736842,0,0,0
CUST03263,Male,47,0,No,No,30,Yes,No,One year,Credit card,22.43,750.63,3,1,29.25,1,No,25.021,0.1,0.03333333333333333,0,0,0
CUST03264,Female,39,0,Yes,No,16,Yes,DSL,One year,Electronic check,64.47,1080.65,4,0,37.14,1,No,67.540625,0.25,0.0,0,0,0
CUST03265,Female,28,0,No,No,13,Yes,Fiber optic,One year,Bank transfer,78.35,1139.54,4,2,35.66,6,No,87.65692307692308,0.3076923076923077,0.15384615384615385,0,0,0
CUST03266,Female,19,0,No,Yes,69,Yes,DSL,One year,Credit card,61.24,4233.83,4,1,52.99,2,No,61.359855072463766,0.057971014492753624,0.014492753623188406,0,0,1
CUST03267,Female,61,1,No,No,23,Yes,Fiber optic,Month-to-month,Credit card,80.59,1994.03,4,1,6.71,6,No,86.69695652173912,0.17391304347826086,0.043478260869565216,1,0,0
CUST03268,Male,29,0,Yes,Yes,62,Yes,Fiber optic,Month-to-month,Electronic check,55.43,3541.65,2,3,51.51,4,No,57.123387096774195,0.03225806451612903,0.04838709677419355,0,0,1
CUST03269,Female,47,0,No,No,31,Yes,DSL,Two year,Electronic check,60.97,1824.7,2,0,13.19,6,No,58.86129032258064,0.06451612903225806,0.0,0,0,0
CUST03270,Female,53,0,No,No,53,Yes,DSL,Two year,Electronic check,50.59,2760.01,3,1,23.46,4,No,52.075660377358496,0.05660377358490566,0.018867924528301886,0,0,1
CUST03271,Male,35,0,Yes,No,17,Yes,Fiber optic,Month-to-month,Electronic check,65.13,921.56,2,0,37.54,2,Yes,54.20941176470588,0.11764705882352941,0.0,0,0,0
CUST03272,Male,43,0,Yes,Yes,49,Yes,DSL,One year,Credit card,68.14,3459.08,3,2,57.09,5,No,70.5934693877551,0.061224489795918366,0.04081632653061224,0,0,1
CUST03273,Female,70,1,Yes,No,49,Yes,Fiber optic,Two year,Credit card,89.04,4355.83,2,3,17.23,2,No,88.89448979591836,0.04081632653061224,0.061224489795918366,1,0,1
CUST03274,Male,24,0,No,No,67,Yes,DSL,One year,Electronic check,52.65,3449.85,4,0,43.47,5,No,51.49029850746268,0.05970149253731343,0.0,0,0,1
CUST03275,Female,18,0,Yes,Yes,26,Yes,Fiber optic,One year,Electronic check,82.67,1974.67,3,1,28.44,6,No,75.94884615384616,0.11538461538461539,0.038461538461538464,1,0,0
CUST03276,Female,75,1,Yes,No,13,Yes,Fiber optic,Month-to-month,Credit card,87.41,1122.81,2,4,20.8,5,Yes,86.36999999999999,0.15384615384615385,0.3076923076923077,1,0,0
CUST03277,Male,43,0,Yes,No,38,Yes,Fiber optic,One year,Bank transfer,59.52,2383.3,4,2,13.0,4,No,62.718421052631584,0.10526315789473684,0.05263157894736842,0,0,1
CUST03278,Female,40,0,No,No,22,Yes,DSL,One year,Credit card,46.31,1043.09,4,0,26.31,6,Yes,47.41318181818181,0.18181818181818182,0.0,0,0,0
CUST03279,Female,43,0,No,Yes,29,No,Fiber optic,One year,Electronic check,68.61,1950.08,1,1,52.79,4,No,67.24413793103449,0.034482758620689655,0.034482758620689655,0,0,0
CUST03280,Female,62,1,No,Yes,45,Yes,Fiber optic,One year,Mailed check,92.47,4142.15,1,1,37.02,6,No,92.04777777777777,0.022222222222222223,0.022222222222222223,1,0,1
CUST03281,Female,23,0,No,Yes,46,Yes,Fiber optic,Month-to-month,Mailed check,108.48,5123.07,0,0,35.13,4,Yes,111.37108695652174,0.0,0.0,1,0,1
CUST03282,Male,23,0,Yes,Yes,39,Yes,DSL,Two year,Electronic check,67.09,2686.39,3,2,64.65,5,Yes,68.88179487179487,0.07692307692307693,0.05128205128205128,0,0,1
CUST03283,Male,61,1,No,No,69,Yes,Fiber optic,One year,Credit card,86.77,5982.97,5,1,46.33,5,No,86.70971014492754,0.07246376811594203,0.014492753623188406,1,0,1
CUST03284,Female,25,0,No,No,68,Yes,DSL,One year,Credit card,47.67,3335.01,5,1,24.48,1,No,49.044264705882355,0.07352941176470588,0.014705882352941176,0,0,1
CUST03285,Male,41,0,Yes,No,39,Yes,Fiber optic,Two year,Mailed check,96.11,3827.63,4,2,60.37,2,No,98.14435897435898,0.10256410256410256,0.05128205128205128,1,0,1
CUST03286,Female,39,0,No,No,20,Yes,DSL,Two year,Credit card,55.65,1024.1,0,2,45.39,4,No,51.205,0.0,0.1,0,0,0
CUST03287,Female,36,0,No,Yes,68,Yes,No,Two year,Mailed check,18.0,1189.38,1,2,23.82,3,No,17.490882352941178,0.014705882352941176,0.029411764705882353,0,0,1
CUST03288,Female,54,0,No,No,35,Yes,DSL,One year,Electronic check,68.67,2545.39,3,0,23.86,3,No,72.72542857142857,0.08571428571428572,0.0,0,0,0
CUST03289,Female,35,0,Yes,No,8,Yes,DSL,Month-to-month,Electronic check,75.96,675.3,2,1,31.71,5,No,84.4125,0.25,0.125,0,0,0
CUST03290,Female,48,0,No,No,52,Yes,DSL,Month-to-month,Bank transfer,68.86,3757.97,1,2,16.38,1,No,72.26865384615384,0.019230769230769232,0.038461538461538464,0,0,1
CUST03291,Male,54,0,No,Yes,40,Yes,No,Month-to-month,Bank transfer,44.03,1821.11,3,0,88.21,2,No,45.52775,0.075,0.0,0,0,1
CUST03292,Female,47,0,Yes,No,36,Yes,Fiber optic,Month-to-month,Bank transfer,73.62,2579.32,4,2,33.82,5,Yes,71.64777777777778,0.1111111111111111,0.05555555555555555,0,0,1
CUST03293,Male,74,1,Yes,No,6,No,DSL,One year,Mailed check,54.37,324.13,2,1,32.22,2,Yes,54.02166666666667,0.3333333333333333,0.16666666666666666,0,1,0
CUST03294,Male,59,0,Yes,No,70,Yes,No,Month-to-month,Bank transfer,18.0,1338.74,1,1,103.59,5,No,19.12485714285714,0.014285714285714285,0.014285714285714285,0,0,1
CUST03295,Female,50,0,No,Yes,16,Yes,Fiber optic,Two year,Credit card,71.7,1146.32,0,0,27.7,4,Yes,71.645,0.0,0.0,0,0,0
CUST03296,Female,27,0,No,Yes,46,Yes,Fiber optic,One year,Credit card,105.96,4880.22,2,0,16.12,1,Yes,106.09173913043479,0.043478260869565216,0.0,1,0,1
CUST03297,Female,54,0,Yes,No,59,Yes,No,Month-to-month,Credit card,18.0,1265.5,2,1,47.73,4,No,21.449152542372882,0.03389830508474576,0.01694915254237288,0,0,1
CUST03298,Female,29,0,Yes,No,38,Yes,DSL,Month-to-month,Credit card,53.43,2006.63,3,0,40.36,6,Yes,52.80605263157895,0.07894736842105263,0.0,0,0,1
CUST03299,Female,71,1,Yes,Yes,18,Yes,Fiber optic,Month-to-month,Credit card,103.91,1902.57,0,2,39.61,4,Yes,105.69833333333332,0.0,0.1111111111111111,1,0,0
CUST03300,Male,47,0,No,No,12,No,DSL,Two year,Credit card,64.63,801.6,4,3,11.4,3,Yes,66.8,0.3333333333333333,0.25,0,0,0
CUST03301,Female,44,0,Yes,No,54,Yes,Fiber optic,Month-to-month,Electronic check,69.76,3858.35,4,0,8.17,3,No,71.45092592592593,0.07407407407407407,0.0,0,0,1
CUST03302,Female,56,0,No,No,47,Yes,Fiber optic,One year,Electronic check,83.79,3964.2,3,0,12.07,3,No,84.34468085106383,0.06382978723404255,0.0,1,0,1
CUST03303,Male,26,0,No,No,1,Yes,DSL,One year,Mailed check,39.62,52.57,2,0,56.62,3,No,52.57,2.0,0.0,0,1,0
CUST03304,Male,71,1,No,No,15,Yes,DSL,One year,Electronic check,57.59,1065.4,0,1,38.28,6,No,71.02666666666667,0.0,0.06666666666666667,0,0,0
CUST03305,Female,38,0,Yes,No,21,Yes,DSL,Month-to-month,Electronic check,60.92,1269.08,1,3,17.01,5,No,60.432380952380946,0.047619047619047616,0.14285714285714285,0,0,0
CUST03306,Male,29,0,Yes,No,1,Yes,DSL,Month-to-month,Credit card,61.69,135.01,1,0,35.74,5,Yes,135.01,1.0,0.0,0,1,0
CUST03307,Female,72,1,No,Yes,67,Yes,DSL,Month-to-month,Electronic check,82.53,5400.8,0,3,24.51,1,Yes,80.6089552238806,0.0,0.04477611940298507,1,0,1
CUST03308,Male,46,0,Yes,Yes,12,Yes,Fiber optic,Month-to-month,Credit card,96.15,1154.02,2,1,30.32,3,No,96.16833333333334,0.16666666666666666,0.08333333333333333,1,0,0
CUST03309,Male,50,0,Yes,No,28,Yes,DSL,One year,Electronic check,45.95,1276.97,2,0,34.56,3,No,45.60607142857143,0.07142857142857142,0.0,0,0,0
CUST03310,Female,60,1,No,No,39,Yes,Fiber optic,Month-to-month,Electronic check,86.63,3371.36,3,0,19.92,5,Yes,86.44512820512821,0.07692307692307693,0.0,1,0,1
CUST03311,Male,70,1,Yes,No,37,Yes,Fiber optic,Month-to-month,Bank transfer,84.02,2936.67,4,3,27.33,2,Yes,79.36945945945946,0.10810810810810811,0.08108108108108109,1,0,1
CUST03312,Male,32,0,Yes,No,60,Yes,No,Month-to-month,Bank transfer,39.92,2359.75,6,1,106.98,6,No,39.329166666666666,0.1,0.016666666666666666,0,0,1
CUST03313,Male,19,0,Yes,Yes,31,Yes,Fiber optic,One year,Electronic check,78.38,2342.93,2,0,39.75,4,No,75.5783870967742,0.06451612903225806,0.0,0,0,0
CUST03314,Male,69,1,Yes,No,58,Yes,DSL,Month-to-month,Bank transfer,61.56,3679.13,1,1,80.88,1,No,63.43327586206897,0.017241379310344827,0.017241379310344827,0,0,1
CUST03315,Male,56,0,No,No,11,Yes,Fiber optic,Month-to-month,Credit card,89.01,892.61,2,2,55.72,5,Yes,81.14636363636363,0.18181818181818182,0.18181818181818182,1,0,0
CUST03316,Male,70,1,Yes,No,29,Yes,Fiber optic,One year,Bank transfer,68.95,2062.36,3,1,29.75,5,No,71.11586206896553,0.10344827586206896,0.034482758620689655,0,0,0
CUST03317,Female,61,1,Yes,Yes,13,Yes,Fiber optic,Month-to-month,Credit card,62.13,875.23,1,2,45.12,4,Yes,67.32538461538462,0.07692307692307693,0.15384615384615385,0,0,0
CUST03318,Female,71,1,No,No,51,Yes,DSL,Month-to-month,Electronic check,57.28,2861.71,3,2,43.98,1,No,56.11196078431372,0.058823529411764705,0.0392156862745098,0,0,1
CUST03319,Male,35,0,Yes,No,54,Yes,Fiber optic,Month-to-month,Bank transfer,95.0,5044.96,2,2,23.28,5,No,93.42518518518519,0.037037037037037035,0.037037037037037035,1,0,1
CUST03320,Female,20,0,Yes,No,19,Yes,DSL,Two year,Credit card,44.24,812.32,1,2,19.05,3,No,42.753684210526316,0.05263157894736842,0.10526315789473684,0,0,0
CUST03321,Female,24,0,Yes,No,58,Yes,DSL,Month-to-month,Electronic check,58.8,3370.59,8,0,16.49,3,Yes,58.11362068965518,0.13793103448275862,0.0,0,0,1
CUST03322,Female,60,1,Yes,No,36,Yes,Fiber optic,Month-to-month,Credit card,74.96,2600.23,0,0,35.5,5,No,72.2286111111111,0.0,0.0,0,0,1
CUST03323,Male,35,0,Yes,No,28,Yes,DSL,Two year,Bank transfer,36.77,999.98,2,2,32.16,2,No,35.71357142857143,0.07142857142857142,0.07142857142857142,0,0,0
CUST03324,Female,61,1,Yes,No,68,Yes,Fiber optic,Month-to-month,Credit card,88.5,6049.2,2,0,31.52,2,Yes,88.95882352941176,0.029411764705882353,0.0,1,0,1
CUST03325,Male,55,0,No,No,3,No,No,One year,Electronic check,28.27,0.0,1,3,14.64,2,Yes,0.0,0.3333333333333333,1.0,0,1,0
CUST03326,Female,54,0,Yes,No,41,Yes,Fiber optic,Month-to-month,Bank transfer,95.06,3877.94,3,0,11.17,6,No,94.58390243902438,0.07317073170731707,0.0,1,0,1
CUST03327,Male,75,1,No,No,35,No,Fiber optic,Month-to-month,Mailed check,96.75,3333.74,2,3,24.27,3,No,95.24971428571428,0.05714285714285714,0.08571428571428572,1,0,0
CUST03328,Male,50,0,No,Yes,50,No,Fiber optic,One year,Credit card,83.51,4184.84,3,2,36.43,6,No,83.6968,0.06,0.04,1,0,1
CUST03329,Female,61,1,No,Yes,30,Yes,DSL,Two year,Credit card,64.81,2132.76,1,2,31.31,3,No,71.09200000000001,0.03333333333333333,0.06666666666666667,0,0,0
CUST03330,Female,48,0,Yes,No,72,Yes,DSL,Month-to-month,Credit card,62.25,4330.47,1,4,31.72,4,No,60.14541666666667,0.013888888888888888,0.05555555555555555,0,0,1
CUST03331,Male,75,1,Yes,No,70,Yes,No,One year,Electronic check,18.0,1249.39,3,3,23.28,2,No,17.848428571428574,0.04285714285714286,0.04285714285714286,0,0,1
CUST03332,Female,28,0,No,No,54,Yes,No,One year,Bank transfer,18.0,999.95,3,2,32.0,4,No,18.517592592592592,0.05555555555555555,0.037037037037037035,0,0,1
CUST03333,Female,21,0,No,Yes,71,Yes,Fiber optic,Month-to-month,Bank transfer,73.89,5195.2,0,2,14.99,5,No,73.17183098591549,0.0,0.028169014084507043,0,0,1
CUST03334,Female,35,0,No,Yes,51,Yes,DSL,One year,Credit card,60.63,3128.92,3,0,37.14,6,No,61.35137254901961,0.058823529411764705,0.0,0,0,1
CUST03335,Male,21,0,Yes,Yes,28,Yes,DSL,Month-to-month,Electronic check,63.21,1623.94,1,0,41.28,6,No,57.99785714285714,0.03571428571428571,0.0,0,0,0
CUST03336,Male,66,1,No,No,64,Yes,No,Month-to-month,Electronic check,30.22,1899.07,5,0,16.83,5,Yes,29.67296875,0.078125,0.0,0,0,1
CUST03337,Female,51,0,Yes,No,21,Yes,Fiber optic,Month-to-month,Credit card,95.12,1730.71,2,3,39.83,1,Yes,82.4147619047619,0.09523809523809523,0.14285714285714285,1,0,0
CUST03338,Female,46,0,Yes,No,27,Yes,Fiber optic,Two year,Electronic check,87.79,2346.05,2,2,38.73,1,No,86.89074074074075,0.07407407407407407,0.07407407407407407,1,0,0
CUST03339,Female,41,0,Yes,Yes,27,Yes,No,Month-to-month,Credit card,28.94,658.15,1,2,27.27,1,No,24.375925925925927,0.037037037037037035,0.07407407407407407,0,0,0
CUST03340,Male,39,0,Yes,No,50,Yes,Fiber optic,One year,Credit card,108.0,5431.32,1,2,59.37,1,No,108.62639999999999,0.02,0.04,1,0,1
CUST03341,Male,19,0,No,No,29,Yes,DSL,Month-to-month,Electronic check,64.93,2024.38,2,5,17.67,6,Yes,69.80620689655173,0.06896551724137931,0.1724137931034483,0,0,0
CUST03342,Female,61,1,No,Yes,39,Yes,No,Month-to-month,Credit card,24.73,992.04,5,0,43.7,6,Yes,25.436923076923076,0.1282051282051282,0.0,0,0,1
CUST03343,Female,23,0,No,No,57,Yes,DSL,One year,Credit card,65.5,3726.07,1,5,70.11,3,Yes,65.36964912280702,0.017543859649122806,0.08771929824561403,0,0,1
CUST03344,Female,59,0,No,Yes,37,Yes,Fiber optic,One year,Credit card,97.23,3545.5,3,1,18.43,4,No,95.82432432432432,0.08108108108108109,0.02702702702702703,1,0,1
CUST03345,Female,42,0,No,No,64,Yes,Fiber optic,Month-to-month,Electronic check,108.24,6899.37,4,2,22.9,6,Yes,107.80265625,0.0625,0.03125,1,0,1
CUST03346,Female,72,1,No,No,48,Yes,Fiber optic,Month-to-month,Electronic check,68.58,3265.34,1,3,18.5,3,Yes,68.02791666666667,0.020833333333333332,0.0625,0,0,1
CUST03347,Female,74,1,Yes,No,22,Yes,No,Two year,Bank transfer,18.0,397.61,1,2,22.43,5,No,18.07318181818182,0.045454545454545456,0.09090909090909091,0,0,0
CUST03348,Male,38,0,No,Yes,30,Yes,No,Month-to-month,Bank transfer,26.66,847.5,6,3,48.52,6,Yes,28.25,0.2,0.1,0,0,0
CUST03349,Female,72,1,Yes,No,28,Yes,DSL,One year,Bank transfer,42.66,1117.68,5,0,23.68,2,No,39.917142857142856,0.17857142857142858,0.0,0,0,0
CUST03350,Male,33,0,Yes,No,23,Yes,DSL,One year,Electronic check,57.01,1425.97,1,0,23.03,2,No,61.998695652173915,0.043478260869565216,0.0,0,0,0
CUST03351,Female,48,0,Yes,Yes,4,Yes,Fiber optic,One year,Electronic check,112.16,427.16,1,0,41.38,4,No,106.79,0.25,0.0,1,1,0
CUST03352,Female,31,0,Yes,No,3,Yes,DSL,Two year,Credit card,60.04,181.55,0,1,16.74,4,No,60.51666666666667,0.0,0.3333333333333333,0,1,0
CUST03353,Male,56,0,No,No,61,Yes,Fiber optic,One year,Mailed check,85.22,5327.02,10,3,46.32,5,No,87.32819672131149,0.16393442622950818,0.04918032786885246,1,0,1
CUST03354,Male,45,0,No,No,4,Yes,DSL,Month-to-month,Mailed check,55.19,7.9,6,1,37.21,3,Yes,1.975,1.5,0.25,0,1,0
CUST03355,Male,49,0,Yes,No,65,Yes,DSL,Month-to-month,Bank transfer,78.06,4819.35,1,2,11.11,2,No,74.14384615384616,0.015384615384615385,0.03076923076923077,0,0,1
CUST03356,Male,45,0,No,No,12,Yes,DSL,Month-to-month,Electronic check,65.08,819.91,1,0,34.12,3,Yes,68.32583333333334,0.08333333333333333,0.0,0,0,0
CUST03357,Female,68,1,No,No,13,Yes,No,Month-to-month,Bank transfer,21.26,277.23,1,0,64.91,5,No,21.325384615384618,0.07692307692307693,0.0,0,0,0
CUST03358,Male,72,1,No,No,34,No,Fiber optic,Two year,Mailed check,107.2,3793.38,1,2,25.94,3,Yes,111.57000000000001,0.029411764705882353,0.058823529411764705,1,0,0
CUST03359,Female,66,1,No,Yes,59,Yes,DSL,Month-to-month,Electronic check,62.22,3558.47,0,0,38.12,2,No,60.313050847457625,0.0,0.0,0,0,1
CUST03360,Male,26,0,Yes,Yes,31,Yes,Fiber optic,One year,Credit card,78.78,2490.74,2,0,54.87,6,No,80.34645161290322,0.06451612903225806,0.0,0,0,0
CUST03361,Female,75,1,No,Yes,71,Yes,DSL,One year,Credit card,34.94,2444.76,2,2,42.6,5,No,34.43323943661972,0.028169014084507043,0.028169014084507043,0,0,1
CUST03362,Female,62,1,No,No,13,Yes,DSL,Two year,Electronic check,61.65,896.26,4,5,43.53,3,No,68.94307692307692,0.3076923076923077,0.38461538461538464,0,0,0
CUST03363,Female,39,0,No,No,54,Yes,Fiber optic,One year,Credit card,78.23,4005.89,3,0,47.04,3,No,74.18314814814815,0.05555555555555555,0.0,0,0,1
CUST03364,Female,49,0,No,No,2,Yes,Fiber optic,One year,Mailed check,80.28,134.1,2,1,25.7,3,Yes,67.05,1.0,0.5,1,1,0
CUST03365,Female,22,0,No,No,33,Yes,Fiber optic,Month-to-month,Mailed check,79.44,2694.33,3,0,60.68,3,No,81.64636363636363,0.09090909090909091,0.0,0,0,0
CUST03366,Female,40,0,No,No,50,Yes,Fiber optic,One year,Mailed check,57.54,2797.56,2,0,26.78,4,No,55.9512,0.04,0.0,0,0,1
CUST03367,Male,22,0,Yes,No,7,No,DSL,Month-to-month,Credit card,90.77,629.93,2,1,8.57,5,Yes,89.99,0.2857142857142857,0.14285714285714285,1,0,0
CUST03368,Female,59,0,Yes,Yes,18,Yes,Fiber optic,Two year,Credit card,74.59,1347.6,3,1,54.38,5,No,74.86666666666666,0.16666666666666666,0.05555555555555555,0,0,0
CUST03369,Male,70,1,Yes,No,51,Yes,DSL,Month-to-month,Bank transfer,68.02,3502.65,3,1,80.86,3,No,68.67941176470589,0.058823529411764705,0.0196078431372549,0,0,1
CUST03370,Male,49,0,Yes,No,8,Yes,Fiber optic,Month-to-month,Credit card,81.72,544.83,0,1,38.83,3,Yes,68.10375,0.0,0.125,1,0,0
CUST03371,Female,27,0,Yes,No,55,Yes,DSL,Month-to-month,Electronic check,27.15,1444.78,3,2,33.54,6,Yes,26.268727272727272,0.05454545454545454,0.03636363636363636,0,0,1
CUST03372,Male,56,0,No,Yes,43,Yes,DSL,One year,Bank transfer,58.22,2552.93,1,1,78.39,4,Yes,59.370465116279064,0.023255813953488372,0.023255813953488372,0,0,1
CUST03373,Female,75,1,No,No,59,Yes,Fiber optic,One year,Electronic check,86.79,5195.03,5,1,36.25,6,No,88.05135593220338,0.0847457627118644,0.01694915254237288,1,0,1
CUST03374,Male,32,0,No,No,30,No,DSL,Month-to-month,Electronic check,53.46,1621.05,5,3,34.48,2,Yes,54.035,0.16666666666666666,0.1,0,0,0
CUST03375,Female,24,0,No,No,59,Yes,DSL,Month-to-month,Electronic check,77.41,4532.87,1,3,48.81,4,No,76.82830508474576,0.01694915254237288,0.05084745762711865,0,0,1
CUST03376,Male,46,0,No,No,9,Yes,Fiber optic,Month-to-month,Mailed check,111.88,1016.31,3,1,4.39,3,Yes,112.92333333333333,0.3333333333333333,0.1111111111111111,1,0,0
CUST03377,Female,64,1,No,No,68,Yes,DSL,Month-to-month,Electronic check,63.45,4398.87,0,1,35.11,3,No,64.68926470588235,0.0,0.014705882352941176,0,0,1
CUST03378,Female,20,0,No,Yes,39,Yes,Fiber optic,Month-to-month,Credit card,91.35,3582.81,4,0,22.88,3,Yes,91.86692307692307,0.10256410256410256,0.0,1,0,1
CUST03379,Female,36,0,No,Yes,11,Yes,Fiber optic,Month-to-month,Mailed check,67.71,626.76,7,0,62.56,3,Yes,56.97818181818182,0.6363636363636364,0.0,0,0,0
CUST03380,Female,27,0,Yes,No,2,Yes,DSL,One year,Credit card,46.12,0.0,1,1,30.26,4,Yes,0.0,0.5,0.5,0,1,0
CUST03381,Male,45,0,Yes,Yes,23,Yes,Fiber optic,Month-to-month,Electronic check,75.18,1732.8,2,2,33.72,3,No,75.3391304347826,0.08695652173913043,0.08695652173913043,0,0,0
CUST03382,Female,46,0,Yes,No,63,Yes,DSL,Two year,Credit card,84.0,5126.1,3,2,11.1,2,No,81.36666666666667,0.047619047619047616,0.031746031746031744,1,0,1
CUST03383,Male,32,0,No,No,22,Yes,Fiber optic,Month-to-month,Electronic check,76.77,1768.18,1,0,28.5,1,No,80.37181818181818,0.045454545454545456,0.0,0,0,0
CUST03384,Male,52,0,No,No,61,Yes,Fiber optic,One year,Electronic check,104.76,6297.57,2,1,45.17,2,No,103.23885245901639,0.03278688524590164,0.01639344262295082,1,0,1
CUST03385,Male,23,0,No,Yes,26,Yes,DSL,One year,Mailed check,51.33,1218.96,4,1,27.42,6,No,46.88307692307693,0.15384615384615385,0.038461538461538464,0,0,0
CUST03386,Female,29,0,Yes,No,12,Yes,DSL,Month-to-month,Electronic check,48.45,750.19,5,0,20.37,3,Yes,62.51583333333334,0.4166666666666667,0.0,0,0,0
CUST03387,Male,64,1,No,No,32,Yes,DSL,Month-to-month,Bank transfer,54.0,1676.87,2,2,55.6,4,Yes,52.4021875,0.0625,0.0625,0,0,0
CUST03388,Male,55,0,No,No,9,Yes,Fiber optic,Month-to-month,Credit card,77.11,722.33,1,1,40.05,6,Yes,80.25888888888889,0.1111111111111111,0.1111111111111111,0,0,0
CUST03389,Male,30,0,Yes,No,69,Yes,DSL,Month-to-month,Electronic check,51.29,3598.88,9,1,21.88,3,Yes,52.15768115942029,0.13043478260869565,0.014492753623188406,0,0,1
CUST03390,Female,46,0,No,No,71,Yes,No,Month-to-month,Credit card,37.49,2806.96,2,2,39.54,6,No,39.53464788732394,0.028169014084507043,0.028169014084507043,0,0,1
CUST03391,Female,36,0,No,Yes,33,Yes,DSL,Month-to-month,Electronic check,59.35,1899.26,3,0,26.37,4,Yes,57.553333333333335,0.09090909090909091,0.0,0,0,0
CUST03392,Male,20,0,No,No,24,Yes,DSL,Month-to-month,Electronic check,57.61,1400.36,3,2,32.87,6,Yes,58.34833333333333,0.125,0.08333333333333333,0,0,0
CUST03393,Female,25,0,No,Yes,69,Yes,DSL,Month-to-month,Credit card,60.3,4148.77,2,2,37.5,1,No,60.12710144927537,0.028985507246376812,0.028985507246376812,0,0,1
CUST03394,Female,25,0,Yes,No,38,Yes,Fiber optic,Month-to-month,Electronic check,98.72,3991.19,5,1,52.59,5,Yes,105.03131578947368,0.13157894736842105,0.02631578947368421,1,0,1
CUST03395,Male,72,1,Yes,No,11,Yes,Fiber optic,Month-to-month,Bank transfer,85.38,736.95,1,1,21.23,2,No,66.99545454545455,0.09090909090909091,0.09090909090909091,1,0,0
CUST03396,Male,75,1,Yes,No,32,Yes,Fiber optic,Month-to-month,Electronic check,89.58,2850.51,2,1,39.29,1,No,89.0784375,0.0625,0.03125,1,0,0
CUST03397,Female,37,0,No,No,64,Yes,No,One year,Credit card,33.14,2119.22,2,0,59.23,3,Yes,33.1128125,0.03125,0.0,0,0,1
CUST03398,Male,64,1,Yes,No,72,Yes,Fiber optic,One year,Bank transfer,68.96,4954.03,3,3,39.77,4,Yes,68.80597222222222,0.041666666666666664,0.041666666666666664,0,0,1
CUST03399,Female,21,0,No,No,20,Yes,DSL,Two year,Credit card,49.95,854.53,3,2,60.66,6,No,42.7265,0.15,0.1,0,0,0
CUST03400,Female,68,1,No,No,34,No,Fiber optic,Month-to-month,Mailed check,86.63,2759.98,2,1,78.08,4,No,81.17588235294117,0.058823529411764705,0.029411764705882353,1,0,0
CUST03401,Female,38,0,No,Yes,42,Yes,DSL,Month-to-month,Credit card,51.51,2009.33,2,5,18.25,5,Yes,47.84119047619048,0.047619047619047616,0.11904761904761904,0,0,1
CUST03402,Female,20,0,Yes,Yes,8,Yes,Fiber optic,Month-to-month,Mailed check,81.52,738.41,3,1,78.89,6,Yes,92.30125,0.375,0.125,1,0,0
CUST03403,Female,62,1,No,Yes,66,Yes,DSL,Month-to-month,Electronic check,46.77,3085.13,1,0,40.04,1,No,46.744393939393944,0.015151515151515152,0.0,0,0,1
CUST03404,Female,25,0,No,Yes,21,Yes,Fiber optic,One year,Mailed check,72.06,1337.34,4,2,36.29,2,No,63.68285714285714,0.19047619047619047,0.09523809523809523,0,0,0
CUST03405,Male,40,0,No,No,70,Yes,No,Month-to-month,Credit card,33.88,2514.78,3,1,35.24,6,Yes,35.925428571428576,0.04285714285714286,0.014285714285714285,0,0,1
CUST03406,Male,33,0,Yes,No,5,Yes,DSL,One year,Bank transfer,55.6,474.33,3,0,19.71,4,No,94.866,0.6,0.0,0,1,0
CUST03407,Female,30,0,Yes,Yes,67,Yes,DSL,One year,Mailed check,54.49,3680.95,1,2,45.64,2,No,54.939552238805966,0.014925373134328358,0.029850746268656716,0,0,1
CUST03408,Female,20,0,No,Yes,43,Yes,Fiber optic,Two year,Credit card,72.59,3164.08,3,3,20.84,3,No,73.58325581395349,0.06976744186046512,0.06976744186046512,0,0,1
CUST03409,Female,65,1,Yes,No,16,Yes,Fiber optic,Month-to-month,Mailed check,71.72,1156.41,3,1,42.75,4,Yes,72.275625,0.1875,0.0625,0,0,0
CUST03410,Male,26,0,Yes,No,35,Yes,No,Month-to-month,Credit card,18.0,567.29,0,2,39.93,6,No,16.20828571428571,0.0,0.05714285714285714,0,0,0
CUST03411,Female,31,0,Yes,No,43,No,Fiber optic,Month-to-month,Credit card,65.63,2639.06,1,2,48.33,4,Yes,61.37348837209302,0.023255813953488372,0.046511627906976744,0,0,1
CUST03412,Male,30,0,No,No,39,Yes,Fiber optic,Month-to-month,Credit card,74.44,2794.9,0,1,42.45,1,No,71.66410256410256,0.0,0.02564102564102564,0,0,1
CUST03413,Female,70,1,No,No,10,Yes,DSL,Two year,Electronic check,58.61,580.67,2,1,33.34,5,Yes,58.06699999999999,0.2,0.1,0,0,0
CUST03414,Female,74,1,Yes,No,20,Yes,Fiber optic,Month-to-month,Credit card,94.61,1949.75,2,1,20.46,3,Yes,97.4875,0.1,0.05,1,0,0
CUST03415,Male,24,0,Yes,No,1,Yes,Fiber optic,One year,Mailed check,83.73,60.53,2,0,58.33,6,No,60.53,2.0,0.0,1,1,0
CUST03416,Male,32,0,No,Yes,6,Yes,DSL,Month-to-month,Bank transfer,47.91,277.97,3,3,17.63,5,Yes,46.32833333333334,0.5,0.5,0,1,0
CUST03417,Female,24,0,No,No,53,Yes,Fiber optic,Month-to-month,Bank transfer,76.88,4079.05,3,0,23.86,6,No,76.96320754716982,0.05660377358490566,0.0,0,0,1
CUST03418,Female,55,0,Yes,Yes,46,Yes,Fiber optic,Month-to-month,Credit card,75.97,3505.22,1,0,29.82,1,No,76.2004347826087,0.021739130434782608,0.0,0,0,1
CUST03419,Female,51,0,Yes,No,66,Yes,DSL,Month-to-month,Electronic check,52.07,3377.93,4,2,23.91,2,Yes,51.180757575757575,0.06060606060606061,0.030303030303030304,0,0,1
CUST03420,Male,58,0,No,No,38,Yes,Fiber optic,One year,Electronic check,79.32,3055.46,0,2,21.56,1,No,80.40684210526315,0.0,0.05263157894736842,0,0,1
CUST03421,Male,39,0,No,No,33,Yes,DSL,Two year,Electronic check,70.68,2221.21,3,1,49.53,6,No,67.30939393939394,0.09090909090909091,0.030303030303030304,0,0,0
CUST03422,Male,41,0,No,Yes,67,Yes,Fiber optic,One year,Electronic check,95.11,6403.02,3,1,22.21,1,No,95.56746268656717,0.04477611940298507,0.014925373134328358,1,0,1
CUST03423,Male,66,1,No,No,35,Yes,DSL,Month-to-month,Bank transfer,79.16,2618.77,1,0,60.33,1,No,74.822,0.02857142857142857,0.0,0,0,0
CUST03424,Male,54,0,Yes,No,45,Yes,Fiber optic,Month-to-month,Bank transfer,71.6,3102.61,1,0,37.44,6,No,68.94688888888889,0.022222222222222223,0.0,0,0,1
CUST03425,Male,61,1,No,Yes,22,Yes,Fiber optic,Two year,Electronic check,68.25,1429.75,4,1,19.67,4,No,64.98863636363636,0.18181818181818182,0.045454545454545456,0,0,0
CUST03426,Female,18,0,Yes,No,68,Yes,Fiber optic,Month-to-month,Electronic check,79.46,5422.73,3,1,108.32,3,Yes,79.7460294117647,0.04411764705882353,0.014705882352941176,0,0,1
CUST03427,Female,27,0,No,Yes,17,Yes,Fiber optic,Two year,Electronic check,102.5,1766.08,3,1,28.09,2,Yes,103.8870588235294,0.17647058823529413,0.058823529411764705,1,0,0
CUST03428,Male,60,1,Yes,No,5,Yes,DSL,Month-to-month,Electronic check,34.74,88.63,1,0,44.83,5,Yes,17.726,0.2,0.0,0,1,0
CUST03429,Female,33,0,No,No,57,Yes,Fiber optic,Month-to-month,Credit card,86.71,4800.6,2,1,12.94,6,Yes,84.22105263157896,0.03508771929824561,0.017543859649122806,1,0,1
CUST03430,Female,63,1,No,No,40,Yes,DSL,Month-to-month,Electronic check,55.94,2358.2,2,2,35.27,2,Yes,58.955,0.05,0.05,0,0,1
CUST03431,Male,25,0,Yes,No,30,Yes,No,Two year,Electronic check,29.99,906.37,1,1,56.43,4,No,30.212333333333333,0.03333333333333333,0.03333333333333333,0,0,0
CUST03432,Female,73,1,No,No,42,No,DSL,Month-to-month,Mailed check,65.04,2717.96,4,2,13.09,4,No,64.71333333333334,0.09523809523809523,0.047619047619047616,0,0,1
CUST03433,Male,66,1,Yes,No,7,Yes,Fiber optic,Month-to-month,Electronic check,94.29,696.44,3,1,86.69,5,No,99.49142857142859,0.42857142857142855,0.14285714285714285,1,0,0
CUST03434,Male,42,0,Yes,No,71,Yes,Fiber optic,Month-to-month,Bank transfer,92.35,6461.45,2,1,29.4,4,No,91.00633802816901,0.028169014084507043,0.014084507042253521,1,0,1
CUST03435,Female,67,1,Yes,No,19,Yes,No,One year,Credit card,47.42,1008.07,4,3,25.57,6,No,53.056315789473686,0.21052631578947367,0.15789473684210525,0,0,0
CUST03436,Male,29,0,Yes,No,41,Yes,DSL,Month-to-month,Electronic check,81.41,3395.41,2,2,31.95,5,No,82.81487804878049,0.04878048780487805,0.04878048780487805,1,0,1
CUST03437,Male,42,0,Yes,No,34,Yes,DSL,One year,Bank transfer,69.9,2348.26,3,1,36.79,4,No,69.0664705882353,0.08823529411764706,0.029411764705882353,0,0,0
CUST03438,Male,34,0,No,No,22,Yes,Fiber optic,Two year,Credit card,77.72,1703.62,3,2,30.01,1,Yes,77.43727272727273,0.13636363636363635,0.09090909090909091,0,0,0
CUST03439,Male,43,0,Yes,No,52,Yes,DSL,Two year,Electronic check,55.49,2861.51,3,2,61.7,4,No,55.02903846153846,0.057692307692307696,0.038461538461538464,0,0,1
CUST03440,Male,63,1,Yes,No,6,Yes,DSL,Month-to-month,Electronic check,73.79,576.06,6,1,43.42,5,No,96.00999999999999,1.0,0.16666666666666666,0,1,0
CUST03441,Male,65,1,Yes,Yes,25,Yes,Fiber optic,One year,Bank transfer,102.82,2613.63,2,1,28.6,5,No,104.54520000000001,0.08,0.04,1,0,0
CUST03442,Male,31,0,No,No,66,Yes,DSL,Month-to-month,Credit card,49.79,3340.38,6,3,26.87,5,No,50.61181818181819,0.09090909090909091,0.045454545454545456,0,0,1
CUST03443,Male,58,0,No,No,10,Yes,Fiber optic,One year,Credit card,55.01,557.02,1,2,16.64,3,Yes,55.702,0.1,0.2,0,0,0
CUST03444,Female,53,0,No,No,26,Yes,Fiber optic,Two year,Electronic check,57.52,1495.5,4,1,28.68,2,Yes,57.51923076923077,0.15384615384615385,0.038461538461538464,0,0,0
CUST03445,Female,74,1,No,No,5,Yes,DSL,Month-to-month,Electronic check,74.07,558.26,4,3,47.73,2,Yes,111.652,0.8,0.6,0,1,0
CUST03446,Female,40,0,No,Yes,68,Yes,Fiber optic,Two year,Bank transfer,105.41,7131.61,2,1,14.94,1,No,104.87661764705882,0.029411764705882353,0.014705882352941176,1,0,1
CUST03447,Male,60,1,No,No,71,Yes,DSL,Two year,Bank transfer,60.21,4296.84,4,3,14.74,5,Yes,60.51887323943662,0.056338028169014086,0.04225352112676056,0,0,1
CUST03448,Male,23,0,No,No,50,Yes,Fiber optic,Month-to-month,Credit card,89.86,4699.14,3,3,81.08,6,Yes,93.98280000000001,0.06,0.06,1,0,1
CUST03449,Female,64,1,Yes,No,17,Yes,Fiber optic,One year,Electronic check,111.74,2032.28,0,2,21.3,6,No,119.54588235294118,0.0,0.11764705882352941,1,0,0
CUST03450,Female,22,0,No,No,11,Yes,DSL,Month-to-month,Mailed check,84.17,963.8,2,2,25.77,6,Yes,87.61818181818181,0.18181818181818182,0.18181818181818182,1,0,0
CUST03451,Female,60,1,No,Yes,53,Yes,No,Month-to-month,Credit card,30.44,1462.34,2,1,29.9,6,Yes,27.59132075471698,0.03773584905660377,0.018867924528301886,0,0,1
CUST03452,Male,42,0,No,No,50,No,Fiber optic,Month-to-month,Bank transfer,84.67,4450.38,3,2,15.58,3,Yes,89.0076,0.06,0.04,1,0,1
CUST03453,Female,35,0,No,No,8,Yes,Fiber optic,Two year,Electronic check,78.51,604.03,7,0,51.36,3,Yes,75.50375,0.875,0.0,0,0,0
CUST03454,Female,30,0,No,No,62,Yes,DSL,Month-to-month,Credit card,56.62,3518.83,5,3,3.8,6,No,56.755322580645164,0.08064516129032258,0.04838709677419355,0,0,1
CUST03455,Male,60,1,No,Yes,29,Yes,Fiber optic,One year,Mailed check,73.38,2231.2,4,1,36.72,3,No,76.93793103448276,0.13793103448275862,0.034482758620689655,0,0,0
CUST03456,Female,31,0,Yes,No,44,Yes,Fiber optic,One year,Electronic check,94.78,4149.72,2,0,78.97,5,No,94.31181818181818,0.045454545454545456,0.0,1,0,1
CUST03457,Male,45,0,Yes,Yes,45,Yes,Fiber optic,One year,Bank transfer,83.03,3757.62,1,1,27.98,3,Yes,83.50266666666667,0.022222222222222223,0.022222222222222223,1,0,1
CUST03458,Male,35,0,Yes,No,29,Yes,Fiber optic,One year,Bank transfer,72.71,2115.04,6,1,33.23,3,No,72.93241379310345,0.20689655172413793,0.034482758620689655,0,0,0
CUST03459,Male,74,1,No,No,59,Yes,Fiber optic,Month-to-month,Electronic check,101.94,5978.1,1,0,22.85,2,Yes,101.32372881355933,0.01694915254237288,0.0,1,0,1
CUST03460,Female,45,0,No,Yes,15,Yes,Fiber optic,One year,Bank transfer,93.29,1434.48,3,1,16.83,4,No,95.632,0.2,0.06666666666666667,1,0,0
CUST03461,Female,68,1,No,Yes,70,Yes,Fiber optic,Month-to-month,Electronic check,88.87,6157.49,2,3,75.59,4,Yes,87.96414285714286,0.02857142857142857,0.04285714285714286,1,0,1
CUST03462,Male,73,1,No,No,44,Yes,DSL,One year,Bank transfer,58.07,2441.44,2,1,44.49,4,No,55.48727272727273,0.045454545454545456,0.022727272727272728,0,0,1
CUST03463,Female,44,0,No,No,36,Yes,Fiber optic,Month-to-month,Mailed check,91.86,3361.04,5,0,21.94,5,Yes,93.36222222222221,0.1388888888888889,0.0,1,0,1
CUST03464,Female,49,0,No,Yes,57,Yes,No,Month-to-month,Mailed check,22.21,1391.14,2,1,12.91,1,No,24.405964912280705,0.03508771929824561,0.017543859649122806,0,0,1
CUST03465,Female,64,1,No,No,64,Yes,DSL,Two year,Bank transfer,93.23,5892.47,1,0,38.21,1,No,92.06984375,0.015625,0.0,1,0,1
CUST03466,Female,26,0,No,No,38,No,Fiber optic,Month-to-month,Credit card,119.24,4478.45,2,0,18.65,2,Yes,117.85394736842105,0.05263157894736842,0.0,1,0,1
CUST03467,Male,57,0,No,Yes,17,Yes,No,Month-to-month,Bank transfer,18.46,314.3,3,2,26.26,1,Yes,18.488235294117647,0.17647058823529413,0.11764705882352941,0,0,0
CUST03468,Female,49,0,Yes,No,27,Yes,Fiber optic,Month-to-month,Bank transfer,81.1,2190.29,3,1,35.95,1,No,81.12185185185184,0.1111111111111111,0.037037037037037035,1,0,0
CUST03469,Male,37,0,No,No,17,Yes,Fiber optic,Month-to-month,Electronic check,71.52,1018.62,5,0,63.9,4,Yes,59.91882352941177,0.29411764705882354,0.0,0,0,0
CUST03470,Male,45,0,Yes,Yes,63,Yes,Fiber optic,Month-to-month,Electronic check,56.87,3540.41,7,1,39.56,4,No,56.19698412698413,0.1111111111111111,0.015873015873015872,0,0,1
CUST03471,Female,50,0,Yes,No,11,Yes,DSL,One year,Credit card,80.48,1064.8,5,1,35.36,5,No,96.8,0.45454545454545453,0.09090909090909091,1,0,0
CUST03472,Male,21,0,No,No,64,Yes,DSL,Two year,Electronic check,58.2,3864.54,0,1,60.03,1,No,60.3834375,0.0,0.015625,0,0,1
CUST03473,Female,63,1,No,Yes,39,Yes,Fiber optic,Month-to-month,Mailed check,68.59,2845.44,3,2,32.32,5,No,72.96000000000001,0.07692307692307693,0.05128205128205128,0,0,1
CUST03474,Female,74,1,No,Yes,2,Yes,Fiber optic,Month-to-month,Credit card,59.01,179.78,2,1,9.38,6,No,89.89,1.0,0.5,0,1,0
CUST03475,Male,51,0,Yes,Yes,66,Yes,DSL,One year,Electronic check,62.67,4083.03,0,0,34.81,3,No,61.86409090909091,0.0,0.0,0,0,1
CUST03476,Male,65,1,No,No,54,Yes,Fiber optic,Month-to-month,Credit card,90.37,4905.62,2,1,47.06,6,Yes,90.84481481481481,0.037037037037037035,0.018518518518518517,1,0,1
CUST03477,Male,20,0,Yes,Yes,29,Yes,Fiber optic,Two year,Mailed check,91.17,2703.77,4,1,28.01,2,No,93.23344827586207,0.13793103448275862,0.034482758620689655,1,0,0
CUST03478,Male,43,0,Yes,No,45,No,DSL,Month-to-month,Mailed check,72.84,3244.88,3,2,26.57,2,No,72.10844444444444,0.06666666666666667,0.044444444444444446,0,0,1
CUST03479,Female,25,0,Yes,Yes,31,Yes,DSL,Month-to-month,Electronic check,70.76,2021.11,0,2,32.16,3,Yes,65.19709677419354,0.0,0.06451612903225806,0,0,0
CUST03480,Female,23,0,Yes,No,49,Yes,Fiber optic,Month-to-month,Bank transfer,65.69,3309.36,3,1,28.35,2,Yes,67.53795918367348,0.061224489795918366,0.02040816326530612,0,0,1
CUST03481,Female,33,0,Yes,No,9,Yes,Fiber optic,One year,Credit card,68.67,573.17,2,0,75.44,1,No,63.68555555555555,0.2222222222222222,0.0,0,0,0
CUST03482,Male,41,0,Yes,No,27,Yes,DSL,One year,Credit card,71.7,1998.54,0,2,26.53,6,No,74.02,0.0,0.07407407407407407,0,0,0
CUST03483,Male,65,1,Yes,No,56,No,Fiber optic,Month-to-month,Bank transfer,75.73,4082.77,1,1,43.27,5,No,72.90660714285714,0.017857142857142856,0.017857142857142856,0,0,1
CUST03484,Male,56,0,No,No,45,Yes,DSL,Month-to-month,Electronic check,42.4,1843.84,0,0,44.72,1,No,40.974222222222224,0.0,0.0,0,0,1
CUST03485,Female,47,0,Yes,No,43,Yes,No,Two year,Credit card,18.0,812.79,1,0,29.59,2,No,18.902093023255812,0.023255813953488372,0.0,0,0,1
CUST03486,Male,62,1,No,No,22,Yes,DSL,Two year,Electronic check,71.24,1630.38,0,3,39.89,6,Yes,74.10818181818182,0.0,0.13636363636363635,0,0,0
CUST03487,Female,30,0,No,No,33,Yes,Fiber optic,Month-to-month,Electronic check,98.79,3334.93,4,3,16.89,1,Yes,101.05848484848484,0.12121212121212122,0.09090909090909091,1,0,0
CUST03488,Male,22,0,No,No,27,Yes,Fiber optic,Two year,Electronic check,86.92,2339.95,1,2,52.5,2,No,86.6648148148148,0.037037037037037035,0.07407407407407407,1,0,0
CUST03489,Female,42,0,No,Yes,40,Yes,Fiber optic,One year,Electronic check,70.86,2853.68,1,0,17.89,5,No,71.342,0.025,0.0,0,0,1
CUST03490,Female,37,0,No,No,26,Yes,No,Month-to-month,Credit card,24.5,675.97,5,1,31.55,2,No,25.998846153846156,0.19230769230769232,0.038461538461538464,0,0,0
CUST03491,Male,71,1,No,No,45,Yes,No,Month-to-month,Electronic check,23.72,1099.37,7,2,38.44,3,Yes,24.430444444444444,0.15555555555555556,0.044444444444444446,0,0,1
CUST03492,Male,35,0,Yes,No,45,Yes,Fiber optic,One year,Credit card,78.39,3584.67,2,1,21.63,2,No,79.65933333333334,0.044444444444444446,0.022222222222222223,0,0,1
CUST03493,Female,64,1,No,No,26,Yes,DSL,Month-to-month,Credit card,68.21,1658.34,0,2,54.16,3,Yes,63.78230769230769,0.0,0.07692307692307693,0,0,0
CUST03494,Female,35,0,No,No,70,Yes,DSL,One year,Mailed check,54.24,3983.12,3,0,27.34,5,No,56.901714285714284,0.04285714285714286,0.0,0,0,1
CUST03495,Male,19,0,Yes,Yes,67,Yes,Fiber optic,Month-to-month,Credit card,93.1,6219.28,4,1,36.45,2,No,92.82507462686567,0.05970149253731343,0.014925373134328358,1,0,1
CUST03496,Male,27,0,Yes,No,6,Yes,Fiber optic,One year,Mailed check,90.01,530.57,2,1,40.43,5,Yes,88.42833333333334,0.3333333333333333,0.16666666666666666,1,1,0
CUST03497,Female,72,1,Yes,Yes,28,Yes,Fiber optic,Month-to-month,Electronic check,63.38,1745.54,3,1,37.36,4,Yes,62.340714285714284,0.10714285714285714,0.03571428571428571,0,0,0
CUST03498,Male,62,1,No,Yes,67,Yes,Fiber optic,Month-to-month,Bank transfer,114.9,7721.48,1,1,49.01,4,No,115.24597014925372,0.014925373134328358,0.014925373134328358,1,0,1
CUST03499,Female,67,1,Yes,No,13,Yes,No,Month-to-month,Electronic check,29.62,240.82,2,0,34.07,2,Yes,18.524615384615384,0.15384615384615385,0.0,0,0,0
CUST03500,Female,64,1,No,No,63,Yes,No,Month-to-month,Bank transfer,18.0,1085.27,3,2,33.9,4,Yes,17.226507936507936,0.047619047619047616,0.031746031746031744,0,0,1
CUST03501,Male,29,0,Yes,No,13,Yes,Fiber optic,Month-to-month,Credit card,63.45,634.04,2,1,24.27,6,Yes,48.77230769230769,0.15384615384615385,0.07692307692307693,0,0,0
CUST03502,Male,64,1,No,No,1,Yes,Fiber optic,Month-to-month,Credit card,108.76,61.97,1,1,30.22,1,No,61.97,1.0,1.0,1,1,0
CUST03503,Male,30,0,Yes,Yes,40,Yes,Fiber optic,Two year,Electronic check,87.7,3523.78,0,1,119.14,1,Yes,88.09450000000001,0.0,0.025,1,0,1
CUST03504,Male,67,1,Yes,No,37,Yes,DSL,One year,Electronic check,66.73,2525.96,0,3,41.17,3,Yes,68.26918918918919,0.0,0.08108108108108109,0,0,1
CUST03505,Male,64,1,No,Yes,31,Yes,DSL,One year,Bank transfer,64.65,1998.23,1,4,37.37,4,No,64.45903225806451,0.03225806451612903,0.12903225806451613,0,0,0
CUST03506,Female,74,1,Yes,No,17,Yes,DSL,Month-to-month,Mailed check,73.05,1270.45,1,2,13.85,3,Yes,74.73235294117647,0.058823529411764705,0.11764705882352941,0,0,0
CUST03507,Female,72,1,Yes,No,9,Yes,DSL,Month-to-month,Electronic check,73.58,493.63,1,2,16.18,4,Yes,54.84777777777778,0.1111111111111111,0.2222222222222222,0,0,0
CUST03508,Male,28,0,Yes,Yes,64,Yes,Fiber optic,Month-to-month,Mailed check,71.84,4613.35,4,2,65.03,1,Yes,72.08359375,0.0625,0.03125,0,0,1
CUST03509,Male,36,0,No,No,57,Yes,DSL,One year,Electronic check,66.04,3889.99,2,0,32.54,4,No,68.24543859649123,0.03508771929824561,0.0,0,0,1
CUST03510,Male,52,0,No,No,13,Yes,No,Month-to-month,Bank transfer,18.0,280.38,3,1,35.38,1,Yes,21.567692307692308,0.23076923076923078,0.07692307692307693,0,0,0
CUST03511,Female,56,0,No,No,37,Yes,Fiber optic,One year,Mailed check,68.68,2466.52,1,3,74.18,1,No,66.6627027027027,0.02702702702702703,0.08108108108108109,0,0,1
CUST03512,Male,70,1,No,No,14,Yes,DSL,Month-to-month,Electronic check,56.36,805.94,3,2,51.17,5,Yes,57.56714285714286,0.21428571428571427,0.14285714285714285,0,0,0
CUST03513,Male,43,0,Yes,Yes,25,Yes,Fiber optic,Two year,Credit card,59.49,1623.74,5,3,64.03,1,No,64.9496,0.2,0.12,0,0,0
CUST03514,Female,63,1,No,Yes,57,Yes,DSL,Month-to-month,Electronic check,50.67,2945.14,3,0,48.31,1,Yes,51.669122807017544,0.05263157894736842,0.0,0,0,1
CUST03515,Female,31,0,No,Yes,71,Yes,DSL,Month-to-month,Credit card,33.93,2468.71,2,1,66.07,3,Yes,34.77056338028169,0.028169014084507043,0.014084507042253521,0,0,1
CUST03516,Male,71,1,Yes,No,42,Yes,DSL,One year,Bank transfer,59.76,2431.3,3,0,12.66,4,No,57.88809523809524,0.07142857142857142,0.0,0,0,1
CUST03517,Male,62,1,Yes,Yes,42,Yes,No,Two year,Bank transfer,38.14,1565.64,3,1,26.24,2,No,37.27714285714286,0.07142857142857142,0.023809523809523808,0,0,1
CUST03518,Male,61,1,Yes,No,47,Yes,Fiber optic,One year,Mailed check,85.48,4010.7,4,0,33.97,6,No,85.33404255319148,0.0851063829787234,0.0,1,0,1
CUST03519,Female,41,0,No,Yes,44,Yes,DSL,Month-to-month,Electronic check,60.42,2839.17,5,2,19.21,2,Yes,64.52659090909091,0.11363636363636363,0.045454545454545456,0,0,1
CUST03520,Male,58,0,Yes,No,41,No,Fiber optic,Month-to-month,Credit card,79.61,3172.75,2,1,9.6,1,No,77.38414634146342,0.04878048780487805,0.024390243902439025,0,0,1
CUST03521,Male,18,0,No,Yes,3,Yes,DSL,Two year,Credit card,71.72,241.12,2,0,20.0,4,No,80.37333333333333,0.6666666666666666,0.0,0,1,0
CUST03522,Male,68,1,Yes,Yes,1,Yes,Fiber optic,Month-to-month,Mailed check,84.22,151.54,4,0,40.04,5,Yes,151.54,4.0,0.0,1,1,0
CUST03523,Female,60,1,Yes,Yes,11,Yes,DSL,Month-to-month,Electronic check,46.81,589.09,1,0,37.78,2,Yes,53.553636363636365,0.09090909090909091,0.0,0,0,0
CUST03524,Female,72,1,Yes,No,7,Yes,Fiber optic,Two year,Mailed check,87.54,587.94,2,2,66.84,3,Yes,83.99142857142859,0.2857142857142857,0.2857142857142857,1,0,0
CUST03525,Male,39,0,Yes,No,12,No,Fiber optic,Two year,Credit card,108.29,1266.87,5,0,28.99,3,Yes,105.57249999999999,0.4166666666666667,0.0,1,0,0
CUST03526,Male,40,0,Yes,No,38,Yes,Fiber optic,One year,Credit card,63.59,2609.18,2,2,51.2,3,No,68.66263157894737,0.05263157894736842,0.05263157894736842,0,0,1
CUST03527,Female,73,1,Yes,No,54,Yes,No,Two year,Credit card,18.0,945.19,3,1,95.3,5,No,17.50351851851852,0.05555555555555555,0.018518518518518517,0,0,1
CUST03528,Female,71,1,Yes,No,67,Yes,Fiber optic,Month-to-month,Mailed check,83.43,5547.98,3,0,48.31,5,Yes,82.80567164179104,0.04477611940298507,0.0,1,0,1
CUST03529,Female,36,0,Yes,No,53,Yes,Fiber optic,Month-to-month,Credit card,79.74,4319.14,1,1,24.86,5,No,81.49320754716982,0.018867924528301886,0.018867924528301886,0,0,1
CUST03530,Female,35,0,Yes,Yes,32,Yes,Fiber optic,One year,Bank transfer,91.3,2934.44,1,1,89.16,4,No,91.70125,0.03125,0.03125,1,0,0
CUST03531,Female,29,0,No,No,45,Yes,Fiber optic,One year,Credit card,70.26,3031.62,0,5,67.24,4,No,67.36933333333333,0.0,0.1111111111111111,0,0,1
CUST03532,Female,72,1,No,No,51,Yes,Fiber optic,One year,Credit card,77.05,4027.5,1,1,64.1,6,No,78.97058823529412,0.0196078431372549,0.0196078431372549,0,0,1
CUST03533,Female,45,0,No,No,37,Yes,DSL,Two year,Electronic check,60.63,2203.54,3,1,49.92,4,No,59.55513513513513,0.08108108108108109,0.02702702702702703,0,0,1
CUST03534,Female,45,0,Yes,Yes,59,Yes,Fiber optic,Month-to-month,Bank transfer,86.3,5050.85,1,0,52.79,6,Yes,85.60762711864407,0.01694915254237288,0.0,1,0,1
CUST03535,Female,50,0,Yes,No,54,Yes,DSL,Month-to-month,Electronic check,91.24,5192.98,3,3,31.68,5,Yes,96.1662962962963,0.05555555555555555,0.05555555555555555,1,0,1
CUST03536,Male,36,0,Yes,Yes,18,Yes,Fiber optic,Month-to-month,Bank transfer,96.75,1718.04,3,1,26.06,2,Yes,95.44666666666666,0.16666666666666666,0.05555555555555555,1,0,0
CUST03537,Male,45,0,No,Yes,1,Yes,Fiber optic,One year,Credit card,61.89,68.62,5,1,84.7,6,No,68.62,5.0,1.0,0,1,0
CUST03538,Male,69,1,No,No,21,Yes,DSL,Month-to-month,Credit card,47.82,1095.54,0,1,31.58,2,No,52.168571428571425,0.0,0.047619047619047616,0,0,0
CUST03539,Female,66,1,Yes,No,28,Yes,Fiber optic,Two year,Credit card,64.58,1715.03,7,0,80.71,6,No,61.25107142857143,0.25,0.0,0,0,0
CUST03540,Male,54,0,No,No,16,Yes,Fiber optic,Month-to-month,Credit card,109.21,1803.19,0,0,13.84,2,Yes,112.699375,0.0,0.0,1,0,0
CUST03541,Female,43,0,No,No,48,Yes,Fiber optic,Month-to-month,Bank transfer,68.96,3402.48,6,3,18.87,6,No,70.885,0.125,0.0625,0,0,1
CUST03542,Female,52,0,Yes,Yes,28,Yes,Fiber optic,Month-to-month,Bank transfer,93.81,2759.33,3,2,40.44,4,Yes,98.5475,0.10714285714285714,0.07142857142857142,1,0,0
CUST03543,Male,51,0,Yes,Yes,22,No,DSL,One year,Electronic check,65.85,1514.64,2,2,21.81,4,No,68.84727272727274,0.09090909090909091,0.09090909090909091,0,0,0
CUST03544,Female,52,0,No,No,1,Yes,DSL,Month-to-month,Mailed check,42.41,0.0,2,0,17.85,2,Yes,0.0,2.0,0.0,0,1,0
CUST03545,Male,57,0,No,No,42,Yes,DSL,One year,Credit card,54.97,2352.37,3,0,29.74,5,No,56.00880952380952,0.07142857142857142,0.0,0,0,1
CUST03546,Male,33,0,Yes,No,70,Yes,Fiber optic,Month-to-month,Mailed check,81.03,5537.6,1,2,48.95,6,No,79.10857142857144,0.014285714285714285,0.02857142857142857,1,0,1
CUST03547,Male,55,0,Yes,No,3,Yes,Fiber optic,Month-to-month,Electronic check,61.29,306.87,4,0,25.0,2,Yes,102.29,1.3333333333333333,0.0,0,1,0
CUST03548,Female,30,0,No,No,44,Yes,Fiber optic,Month-to-month,Electronic check,111.77,5025.3,4,1,20.48,6,Yes,114.21136363636364,0.09090909090909091,0.022727272727272728,1,0,1
CUST03549,Male,40,0,Yes,No,27,Yes,DSL,One year,Credit card,62.04,1697.55,2,2,29.21,2,No,62.87222222222222,0.07407407407407407,0.07407407407407407,0,0,0
CUST03550,Female,71,1,No,Yes,51,Yes,DSL,Month-to-month,Electronic check,79.12,4053.52,2,0,18.77,1,Yes,79.4807843137255,0.0392156862745098,0.0,0,0,1
CUST03551,Male,39,0,No,No,24,Yes,Fiber optic,Two year,Mailed check,118.12,2834.12,3,1,48.4,4,Yes,118.08833333333332,0.125,0.041666666666666664,1,0,0
CUST03552,Male,33,0,Yes,No,20,Yes,DSL,Month-to-month,Electronic check,61.92,1235.75,2,1,29.68,1,Yes,61.7875,0.1,0.05,0,0,0
CUST03553,Male,45,0,Yes,No,32,Yes,Fiber optic,Month-to-month,Electronic check,90.6,2995.98,2,2,27.95,1,Yes,93.624375,0.0625,0.0625,1,0,0
CUST03554,Female,65,1,No,No,13,Yes,No,Month-to-month,Electronic check,18.7,211.96,5,2,33.63,3,Yes,16.304615384615385,0.38461538461538464,0.15384615384615385,0,0,0
CUST03555,Female,52,0,Yes,No,43,Yes,Fiber optic,Month-to-month,Electronic check,105.0,4734.18,1,1,44.02,1,Yes,110.0972093023256,0.023255813953488372,0.023255813953488372,1,0,1
CUST03556,Female,62,1,Yes,No,20,Yes,DSL,One year,Credit card,59.43,1205.91,0,3,28.7,5,No,60.295500000000004,0.0,0.15,0,0,0
CUST03557,Male,63,1,No,Yes,2,Yes,Fiber optic,One year,Credit card,78.65,281.45,8,2,4.19,2,Yes,140.725,4.0,1.0,0,1,0
CUST03558,Male,25,0,Yes,Yes,68,Yes,No,One year,Credit card,18.86,1116.99,2,2,48.31,3,No,16.426323529411764,0.029411764705882353,0.029411764705882353,0,0,1
CUST03559,Female,61,1,Yes,No,60,Yes,Fiber optic,Month-to-month,Electronic check,86.1,5108.28,0,0,25.17,5,No,85.13799999999999,0.0,0.0,1,0,1
CUST03560,Female,72,1,Yes,No,4,Yes,Fiber optic,Month-to-month,Electronic check,94.32,468.92,3,4,52.95,3,Yes,117.23,0.75,1.0,1,1,0
CUST03561,Female,72,1,No,No,17,No,Fiber optic,Month-to-month,Electronic check,88.05,1529.12,6,0,34.8,3,Yes,89.94823529411764,0.35294117647058826,0.0,1,0,0
CUST03562,Female,39,0,Yes,No,1,Yes,No,Month-to-month,Bank transfer,28.7,31.54,3,1,35.93,3,Yes,31.54,3.0,1.0,0,1,0
CUST03563,Female,38,0,No,No,33,No,No,Month-to-month,Bank transfer,23.27,873.87,2,1,129.8,6,Yes,26.48090909090909,0.06060606060606061,0.030303030303030304,0,0,0
CUST03564,Female,43,0,No,Yes,30,Yes,Fiber optic,Two year,Bank transfer,92.57,2989.13,3,1,33.47,1,No,99.63766666666668,0.1,0.03333333333333333,1,0,0
CUST03565,Male,57,0,Yes,Yes,5,Yes,DSL,One year,Mailed check,65.69,212.88,4,0,24.02,5,No,42.576,0.8,0.0,0,1,0
CUST03566,Female,38,0,Yes,No,12,No,DSL,One year,Mailed check,74.58,995.05,2,1,20.39,3,Yes,82.92083333333333,0.16666666666666666,0.08333333333333333,0,0,0
CUST03567,Male,42,0,Yes,Yes,32,Yes,Fiber optic,Month-to-month,Credit card,97.09,3062.65,1,0,29.78,3,No,95.7078125,0.03125,0.0,1,0,0
CUST03568,Male,58,0,No,Yes,38,No,Fiber optic,Month-to-month,Credit card,87.32,3403.64,2,1,40.9,2,Yes,89.56947368421052,0.05263157894736842,0.02631578947368421,1,0,1
CUST03569,Female,18,0,No,No,17,Yes,No,Month-to-month,Mailed check,28.32,436.04,4,0,45.06,6,No,25.649411764705885,0.23529411764705882,0.0,0,0,0
CUST03570,Female,23,0,No,Yes,58,No,DSL,Month-to-month,Credit card,46.18,2731.38,0,1,38.46,6,No,47.09275862068966,0.0,0.017241379310344827,0,0,1
CUST03571,Male,40,0,Yes,No,40,Yes,Fiber optic,One year,Electronic check,104.17,4228.83,2,0,10.8,6,No,105.72075,0.05,0.0,1,0,1
CUST03572,Female,68,1,No,No,24,Yes,Fiber optic,Month-to-month,Credit card,81.26,1880.59,2,2,66.36,1,Yes,78.35791666666667,0.08333333333333333,0.08333333333333333,1,0,0
CUST03573,Female,40,0,Yes,No,12,Yes,Fiber optic,Two year,Mailed check,83.13,950.04,0,2,87.07,4,Yes,79.17,0.0,0.16666666666666666,1,0,0
CUST03574,Male,60,1,No,No,19,Yes,DSL,Two year,Bank transfer,54.26,1012.04,0,0,84.86,5,No,53.265263157894736,0.0,0.0,0,0,0
CUST03575,Male,60,1,No,No,29,Yes,Fiber optic,Month-to-month,Electronic check,71.7,1916.77,1,2,27.76,2,Yes,66.09551724137931,0.034482758620689655,0.06896551724137931,0,0,0
CUST03576,Male,40,0,Yes,Yes,52,Yes,DSL,One year,Mailed check,50.19,2655.25,1,4,25.54,4,Yes,51.0625,0.019230769230769232,0.07692307692307693,0,0,1
CUST03577,Female,49,0,Yes,Yes,17,Yes,Fiber optic,One year,Mailed check,68.84,1317.56,3,1,52.97,4,No,77.5035294117647,0.17647058823529413,0.058823529411764705,0,0,0
CUST03578,Male,47,0,No,No,21,No,Fiber optic,Month-to-month,Electronic check,81.41,1583.69,5,2,68.23,6,Yes,75.41380952380953,0.23809523809523808,0.09523809523809523,1,0,0
CUST03579,Female,30,0,No,Yes,60,Yes,Fiber optic,Two year,Mailed check,97.5,5915.82,1,2,28.58,5,No,98.597,0.016666666666666666,0.03333333333333333,1,0,1
CUST03580,Male,60,1,Yes,Yes,20,Yes,No,Month-to-month,Mailed check,24.82,530.71,3,2,46.38,5,No,26.535500000000003,0.15,0.1,0,0,0
CUST03581,Male,35,0,Yes,No,53,Yes,Fiber optic,One year,Electronic check,94.95,4963.43,4,1,71.05,6,Yes,93.64962264150944,0.07547169811320754,0.018867924528301886,1,0,1
CUST03582,Male,40,0,No,No,63,Yes,DSL,Month-to-month,Bank transfer,65.77,4347.6,2,0,45.09,4,Yes,69.00952380952381,0.031746031746031744,0.0,0,0,1
CUST03583,Female,32,0,Yes,No,57,Yes,Fiber optic,Month-to-month,Electronic check,78.27,4576.44,2,2,29.41,1,Yes,80.28842105263158,0.03508771929824561,0.03508771929824561,0,0,1
CUST03584,Female,50,0,Yes,Yes,29,Yes,DSL,Month-to-month,Bank transfer,74.86,2294.79,1,0,29.82,6,Yes,79.13068965517242,0.034482758620689655,0.0,0,0,0
CUST03585,Male,38,0,Yes,No,1,Yes,Fiber optic,Two year,Mailed check,99.99,104.04,6,0,22.54,5,Yes,104.04,6.0,0.0,1,1,0
CUST03586,Male,74,1,Yes,No,59,Yes,DSL,Month-to-month,Credit card,69.85,3969.91,6,2,37.73,3,Yes,67.28661016949152,0.1016949152542373,0.03389830508474576,0,0,1
CUST03587,Male,56,0,No,Yes,64,Yes,DSL,Month-to-month,Credit card,64.99,4176.48,3,2,27.74,1,No,65.2575,0.046875,0.03125,0,0,1
CUST03588,Female,40,0,No,Yes,72,Yes,Fiber optic,Month-to-month,Mailed check,79.9,5740.28,3,0,11.06,5,No,79.72611111111111,0.041666666666666664,0.0,0,0,1
CUST03589,Male,44,0,No,No,71,Yes,Fiber optic,Month-to-month,Mailed check,79.87,5772.96,4,1,24.6,3,Yes,81.3092957746479,0.056338028169014086,0.014084507042253521,0,0,1
CUST03590,Female,62,1,Yes,No,44,Yes,DSL,One year,Electronic check,59.64,2565.02,3,0,39.36,6,No,58.29590909090909,0.06818181818181818,0.0,0,0,1
CUST03591,Male,61,1,No,No,48,Yes,Fiber optic,One year,Mailed check,105.67,5205.6,1,0,50.41,5,No,108.45,0.020833333333333332,0.0,1,0,1
CUST03592,Male,35,0,No,Yes,15,Yes,DSL,Two year,Electronic check,73.41,1039.03,5,1,16.82,5,No,69.26866666666666,0.3333333333333333,0.06666666666666667,0,0,0
CUST03593,Male,41,0,Yes,No,35,Yes,Fiber optic,One year,Electronic check,63.36,2288.18,1,1,70.07,6,No,65.37657142857142,0.02857142857142857,0.02857142857142857,0,0,0
CUST03594,Male,68,1,No,No,23,Yes,DSL,Two year,Bank transfer,63.12,1377.07,1,0,29.88,1,No,59.87260869565217,0.043478260869565216,0.0,0,0,0
CUST03595,Male,64,1,Yes,Yes,53,Yes,DSL,One year,Bank transfer,30.15,1594.13,4,1,22.92,6,No,30.07792452830189,0.07547169811320754,0.018867924528301886,0,0,1
CUST03596,Male,57,0,No,Yes,45,Yes,Fiber optic,Two year,Bank transfer,78.38,3393.83,1,1,29.23,3,No,75.41844444444445,0.022222222222222223,0.022222222222222223,0,0,1
CUST03597,Female,68,1,Yes,Yes,13,Yes,DSL,Month-to-month,Electronic check,51.87,681.59,2,0,57.56,4,No,52.43,0.15384615384615385,0.0,0,0,0
CUST03598,Male,59,0,No,No,34,Yes,Fiber optic,Month-to-month,Electronic check,93.34,3072.79,3,6,40.92,2,Yes,90.37617647058823,0.08823529411764706,0.17647058823529413,1,0,0
CUST03599,Female,24,0,Yes,No,38,Yes,Fiber optic,Two year,Mailed check,68.68,2665.34,4,2,104.77,6,No,70.14052631578947,0.10526315789473684,0.05263157894736842,0,0,1
CUST03600,Male,67,1,Yes,No,70,No,Fiber optic,One year,Electronic check,62.07,4414.55,2,0,37.58,4,Yes,63.065000000000005,0.02857142857142857,0.0,0,0,1
CUST03601,Male,65,1,Yes,No,68,Yes,DSL,Two year,Electronic check,54.01,3671.54,1,3,38.93,3,No,53.993235294117646,0.014705882352941176,0.04411764705882353,0,0,1
CUST03602,Female,37,0,No,No,5,No,Fiber optic,Month-to-month,Bank transfer,84.88,359.05,4,0,17.42,6,Yes,71.81,0.8,0.0,1,1,0
CUST03603,Male,44,0,No,No,40,Yes,No,Two year,Credit card,18.0,760.51,2,1,39.1,6,No,19.01275,0.05,0.025,0,0,1
CUST03604,Female,23,0,No,Yes,70,Yes,DSL,One year,Credit card,73.65,5250.55,2,1,20.08,2,No,75.00785714285715,0.02857142857142857,0.014285714285714285,0,0,1
CUST03605,Female,44,0,No,No,21,Yes,Fiber optic,Month-to-month,Electronic check,81.98,1704.59,2,0,44.36,1,Yes,81.17095238095237,0.09523809523809523,0.0,1,0,0
CUST03606,Male,26,0,No,No,28,No,DSL,Month-to-month,Mailed check,60.3,1645.45,5,1,49.28,2,No,58.76607142857143,0.17857142857142858,0.03571428571428571,0,0,0
CUST03607,Female,70,1,Yes,Yes,3,Yes,Fiber optic,Month-to-month,Mailed check,101.54,178.6,0,0,46.41,1,Yes,59.53333333333333,0.0,0.0,1,1,0
CUST03608,Female,62,1,Yes,No,23,Yes,DSL,Two year,Electronic check,51.21,1199.61,2,0,53.94,1,Yes,52.156956521739126,0.08695652173913043,0.0,0,0,0
CUST03609,Male,74,1,No,Yes,72,Yes,Fiber optic,One year,Credit card,107.22,7825.84,0,3,33.98,6,No,108.69222222222223,0.0,0.041666666666666664,1,0,1
CUST03610,Female,48,0,No,No,19,Yes,DSL,Two year,Electronic check,60.07,1284.33,1,1,30.27,4,No,67.59631578947368,0.05263157894736842,0.05263157894736842,0,0,0
CUST03611,Male,38,0,No,No,50,Yes,DSL,Month-to-month,Bank transfer,69.5,3498.73,0,1,55.09,2,No,69.9746,0.0,0.02,0,0,1
CUST03612,Male,43,0,Yes,No,58,No,DSL,Two year,Electronic check,65.33,3649.03,3,1,52.43,1,No,62.91431034482759,0.05172413793103448,0.017241379310344827,0,0,1
CUST03613,Male,57,0,Yes,No,20,Yes,Fiber optic,Month-to-month,Bank transfer,95.3,1859.0,3,1,55.4,2,No,92.95,0.15,0.05,1,0,0
CUST03614,Male,65,1,No,No,72,Yes,Fiber optic,Month-to-month,Credit card,86.14,6319.13,1,3,41.2,3,Yes,87.76569444444445,0.013888888888888888,0.041666666666666664,1,0,1
CUST03615,Female,62,1,No,Yes,53,Yes,Fiber optic,Month-to-month,Credit card,77.98,4215.15,2,0,73.63,6,No,79.53113207547169,0.03773584905660377,0.0,0,0,1
CUST03616,Male,30,0,Yes,Yes,9,Yes,Fiber optic,Two year,Mailed check,114.08,923.35,1,1,59.46,4,No,102.59444444444445,0.1111111111111111,0.1111111111111111,1,0,0
CUST03617,Male,66,1,No,No,4,Yes,Fiber optic,Month-to-month,Credit card,84.7,536.47,6,1,67.81,3,Yes,134.1175,1.5,0.25,1,1,0
CUST03618,Female,40,0,No,Yes,41,Yes,DSL,Month-to-month,Bank transfer,46.83,1811.8,2,1,16.2,2,No,44.19024390243902,0.04878048780487805,0.024390243902439025,0,0,1
CUST03619,Male,37,0,Yes,Yes,25,Yes,DSL,Month-to-month,Credit card,77.63,1901.81,3,0,21.75,5,No,76.0724,0.12,0.0,0,0,0
CUST03620,Male,54,0,No,No,34,Yes,Fiber optic,Month-to-month,Electronic check,80.34,2781.87,2,2,35.91,2,No,81.81970588235293,0.058823529411764705,0.058823529411764705,1,0,0
CUST03621,Female,71,1,No,Yes,9,No,Fiber optic,Two year,Credit card,59.15,524.41,1,0,12.1,1,No,58.26777777777777,0.1111111111111111,0.0,0,0,0
CUST03622,Female,70,1,No,No,13,Yes,DSL,Month-to-month,Credit card,50.11,618.93,4,1,4.72,4,No,47.61,0.3076923076923077,0.07692307692307693,0,0,0
CUST03623,Female,45,0,No,No,9,Yes,No,One year,Credit card,18.0,163.35,3,1,21.66,5,Yes,18.15,0.3333333333333333,0.1111111111111111,0,0,0
CUST03624,Female,34,0,No,No,4,No,Fiber optic,Two year,Bank transfer,73.33,395.86,1,0,49.88,2,No,98.965,0.25,0.0,0,1,0
CUST03625,Female,45,0,Yes,No,34,Yes,Fiber optic,Month-to-month,Credit card,111.37,3978.88,7,0,18.68,4,No,117.02588235294118,0.20588235294117646,0.0,1,0,0
CUST03626,Female,58,0,Yes,Yes,7,Yes,DSL,Two year,Mailed check,65.51,488.92,0,1,47.66,6,No,69.8457142857143,0.0,0.14285714285714285,0,0,0
CUST03627,Female,19,0,Yes,No,15,Yes,DSL,Month-to-month,Credit card,59.94,836.24,1,0,37.61,1,Yes,55.74933333333333,0.06666666666666667,0.0,0,0,0
CUST03628,Male,42,0,Yes,Yes,38,Yes,Fiber optic,Two year,Electronic check,76.34,2911.43,1,0,22.6,2,Yes,76.61657894736841,0.02631578947368421,0.0,0,0,1
CUST03629,Female,75,1,Yes,Yes,52,Yes,DSL,Month-to-month,Electronic check,58.34,3231.13,1,1,51.95,3,No,62.137115384615385,0.019230769230769232,0.019230769230769232,0,0,1
CUST03630,Female,67,1,Yes,No,7,Yes,DSL,One year,Mailed check,73.38,594.88,2,2,11.09,6,No,84.98285714285714,0.2857142857142857,0.2857142857142857,0,0,0
CUST03631,Female,58,0,Yes,Yes,45,Yes,Fiber optic,One year,Electronic check,57.58,2725.05,1,0,53.69,6,No,60.55666666666667,0.022222222222222223,0.0,0,0,1
CUST03632,Male,23,0,Yes,No,59,Yes,DSL,Month-to-month,Electronic check,95.27,5703.99,1,3,141.71,5,No,96.6777966101695,0.01694915254237288,0.05084745762711865,1,0,1
CUST03633,Male,28,0,No,No,21,No,Fiber optic,Month-to-month,Electronic check,71.76,1601.03,5,0,82.21,6,Yes,76.2395238095238,0.23809523809523808,0.0,0,0,0
CUST03634,Female,74,1,Yes,No,28,Yes,DSL,Month-to-month,Credit card,57.01,1600.96,2,2,48.93,4,Yes,57.17714285714286,0.07142857142857142,0.07142857142857142,0,0,0
CUST03635,Female,55,0,No,No,3,Yes,DSL,Month-to-month,Credit card,58.08,318.32,3,0,71.64,2,Yes,106.10666666666667,1.0,0.0,0,1,0
CUST03636,Female,23,0,No,Yes,14,Yes,Fiber optic,One year,Electronic check,82.21,867.8,1,0,61.56,6,No,61.98571428571428,0.07142857142857142,0.0,1,0,0
CUST03637,Male,62,1,Yes,No,2,Yes,DSL,Two year,Credit card,51.94,160.78,0,1,28.84,4,No,80.39,0.0,0.5,0,1,0
CUST03638,Male,28,0,No,Yes,29,Yes,DSL,One year,Credit card,70.5,2092.37,5,1,21.32,5,No,72.15068965517241,0.1724137931034483,0.034482758620689655,0,0,0
CUST03639,Female,31,0,No,No,18,Yes,No,Month-to-month,Bank transfer,34.13,527.52,3,1,35.26,6,No,29.306666666666665,0.16666666666666666,0.05555555555555555,0,0,0
CUST03640,Male,19,0,Yes,Yes,37,Yes,Fiber optic,Month-to-month,Bank transfer,99.33,3709.68,5,2,62.22,3,Yes,100.26162162162161,0.13513513513513514,0.05405405405405406,1,0,1
CUST03641,Female,57,0,Yes,Yes,45,Yes,Fiber optic,Month-to-month,Bank transfer,86.34,3944.77,4,1,58.5,6,Yes,87.66155555555555,0.08888888888888889,0.022222222222222223,1,0,1
CUST03642,Male,20,0,Yes,No,45,Yes,No,Month-to-month,Credit card,20.29,739.89,6,1,18.44,6,No,16.442,0.13333333333333333,0.022222222222222223,0,0,1
CUST03643,Male,72,1,Yes,No,24,Yes,DSL,Two year,Electronic check,57.77,1422.95,0,0,18.44,6,No,59.28958333333333,0.0,0.0,0,0,0
CUST03644,Female,70,1,Yes,No,46,Yes,No,Two year,Bank transfer,24.31,1248.24,3,0,40.03,2,No,27.135652173913044,0.06521739130434782,0.0,0,0,1
CUST03645,Female,52,0,No,No,12,Yes,Fiber optic,Month-to-month,Electronic check,70.29,1011.77,4,1,98.82,5,Yes,84.31416666666667,0.3333333333333333,0.08333333333333333,0,0,0
CUST03646,Female,50,0,No,No,53,Yes,Fiber optic,Month-to-month,Credit card,87.67,4709.35,1,1,48.36,1,Yes,88.8556603773585,0.018867924528301886,0.018867924528301886,1,0,1
CUST03647,Female,41,0,No,No,45,Yes,Fiber optic,One year,Mailed check,111.99,5031.4,2,3,53.35,6,No,111.80888888888889,0.044444444444444446,0.06666666666666667,1,0,1
CUST03648,Male,36,0,Yes,No,32,Yes,DSL,One year,Mailed check,57.96,1952.45,3,4,23.05,2,No,61.0140625,0.09375,0.125,0,0,0
CUST03649,Male,35,0,Yes,Yes,18,Yes,No,One year,Mailed check,29.0,438.33,1,1,28.79,6,No,24.351666666666667,0.05555555555555555,0.05555555555555555,0,0,0
CUST03650,Male,66,1,Yes,No,13,Yes,DSL,One year,Mailed check,52.12,757.19,0,0,28.68,1,No,58.24538461538462,0.0,0.0,0,0,0
CUST03651,Female,69,1,Yes,No,4,Yes,Fiber optic,Month-to-month,Mailed check,98.29,389.73,3,0,17.54,3,No,97.4325,0.75,0.0,1,1,0
CUST03652,Male,41,0,Yes,Yes,23,No,Fiber optic,Two year,Bank transfer,75.13,1847.19,1,5,54.93,3,No,80.31260869565217,0.043478260869565216,0.21739130434782608,0,0,0
CUST03653,Female,62,1,No,Yes,62,No,DSL,Month-to-month,Electronic check,55.04,3366.12,3,0,24.44,6,No,54.292258064516126,0.04838709677419355,0.0,0,0,1
CUST03654,Male,52,0,Yes,Yes,54,Yes,DSL,Month-to-month,Mailed check,66.21,3748.36,1,1,32.57,6,No,69.41407407407408,0.018518518518518517,0.018518518518518517,0,0,1
CUST03655,Female,18,0,No,No,55,Yes,DSL,Two year,Mailed check,48.11,2768.61,2,1,55.96,6,No,50.33836363636364,0.03636363636363636,0.01818181818181818,0,0,1
CUST03656,Female,53,0,Yes,No,69,Yes,Fiber optic,Month-to-month,Electronic check,91.49,6350.75,1,0,34.46,2,No,92.03985507246377,0.014492753623188406,0.0,1,0,1
CUST03657,Male,42,0,No,No,40,Yes,Fiber optic,Month-to-month,Credit card,100.77,4060.55,1,0,50.26,4,Yes,101.51375,0.025,0.0,1,0,1
CUST03658,Female,62,1,No,No,14,Yes,Fiber optic,Month-to-month,Electronic check,87.44,1395.86,1,1,35.12,4,No,99.7042857142857,0.07142857142857142,0.07142857142857142,1,0,0
CUST03659,Female,66,1,No,No,28,Yes,DSL,One year,Mailed check,70.42,2188.55,1,1,71.11,4,No,78.16250000000001,0.03571428571428571,0.03571428571428571,0,0,0
CUST03660,Male,60,1,Yes,Yes,72,No,Fiber optic,Month-to-month,Credit card,65.63,4692.63,2,1,33.36,4,No,65.17541666666666,0.027777777777777776,0.013888888888888888,0,0,1
CUST03661,Female,51,0,No,Yes,71,Yes,No,Month-to-month,Electronic check,28.59,2001.28,4,5,44.91,6,Yes,28.187042253521128,0.056338028169014086,0.07042253521126761,0,0,1
CUST03662,Female,42,0,No,No,67,Yes,DSL,Month-to-month,Electronic check,54.53,3785.73,4,2,18.25,5,No,56.503432835820895,0.05970149253731343,0.029850746268656716,0,0,1
CUST03663,Female,33,0,No,No,29,Yes,Fiber optic,Two year,Mailed check,90.78,2398.9,2,1,47.22,2,No,82.72068965517242,0.06896551724137931,0.034482758620689655,1,0,0
CUST03664,Male,51,0,No,No,61,Yes,Fiber optic,Month-to-month,Credit card,108.73,6379.18,1,0,48.97,6,Yes,104.57672131147541,0.01639344262295082,0.0,1,0,1
CUST03665,Male,46,0,No,No,68,Yes,No,One year,Credit card,18.0,1151.73,5,1,46.15,4,Yes,16.93720588235294,0.07352941176470588,0.014705882352941176,0,0,1
CUST03666,Female,36,0,Yes,No,9,Yes,Fiber optic,Month-to-month,Credit card,75.69,716.0,1,1,33.14,3,No,79.55555555555556,0.1111111111111111,0.1111111111111111,0,0,0
CUST03667,Male,40,0,No,No,17,Yes,Fiber optic,One year,Electronic check,50.64,754.43,3,0,33.49,2,No,44.378235294117644,0.17647058823529413,0.0,0,0,0
CUST03668,Female,36,0,No,Yes,49,Yes,No,Month-to-month,Electronic check,18.0,761.3,1,1,21.57,4,Yes,15.53673469387755,0.02040816326530612,0.02040816326530612,0,0,1
CUST03669,Female,42,0,Yes,No,63,Yes,DSL,One year,Credit card,54.3,3377.49,2,2,25.06,1,No,53.61095238095238,0.031746031746031744,0.031746031746031744,0,0,1
CUST03670,Female,33,0,Yes,Yes,46,Yes,DSL,One year,Credit card,70.32,3375.98,1,2,40.72,2,No,73.39086956521739,0.021739130434782608,0.043478260869565216,0,0,1
CUST03671,Female,71,1,Yes,No,13,Yes,Fiber optic,Month-to-month,Credit card,97.12,1228.28,3,1,34.21,4,Yes,94.48307692307692,0.23076923076923078,0.07692307692307693,1,0,0
CUST03672,Female,68,1,No,Yes,45,Yes,DSL,Two year,Credit card,69.35,3236.57,0,2,28.3,5,No,71.92377777777779,0.0,0.044444444444444446,0,0,1
CUST03673,Male,26,0,Yes,No,53,Yes,Fiber optic,Two year,Electronic check,93.4,4965.75,1,3,23.67,1,No,93.69339622641509,0.018867924528301886,0.05660377358490566,1,0,1
CUST03674,Female,18,0,Yes,No,17,Yes,Fiber optic,Month-to-month,Mailed check,64.88,1263.07,5,1,30.57,1,No,74.29823529411765,0.29411764705882354,0.058823529411764705,0,0,0
CUST03675,Male,59,0,Yes,No,47,Yes,Fiber optic,One year,Electronic check,97.03,4541.71,1,2,21.72,3,Yes,96.63212765957446,0.02127659574468085,0.0425531914893617,1,0,1
CUST03676,Male,36,0,No,No,62,Yes,Fiber optic,One year,Electronic check,74.83,4686.69,2,1,18.23,6,No,75.59177419354837,0.03225806451612903,0.016129032258064516,0,0,1
CUST03677,Female,50,0,Yes,No,50,No,No,Month-to-month,Electronic check,28.58,1456.79,3,3,43.24,6,Yes,29.1358,0.06,0.06,0,0,1
CUST03678,Female,51,0,No,Yes,43,Yes,DSL,Month-to-month,Electronic check,48.98,2098.02,1,1,11.02,4,Yes,48.791162790697676,0.023255813953488372,0.023255813953488372,0,0,1
CUST03679,Male,33,0,Yes,No,68,Yes,DSL,Two year,Electronic check,57.83,4018.3,5,1,33.48,4,No,59.09264705882353,0.07352941176470588,0.014705882352941176,0,0,1
CUST03680,Male,61,1,No,No,72,Yes,No,One year,Credit card,24.46,1835.94,5,1,11.37,2,No,25.499166666666667,0.06944444444444445,0.013888888888888888,0,0,1
CUST03681,Male,57,0,No,Yes,28,No,Fiber optic,Two year,Bank transfer,90.18,2554.22,0,3,72.24,6,No,91.22214285714286,0.0,0.10714285714285714,1,0,0
CUST03682,Female,72,1,Yes,No,45,Yes,Fiber optic,One year,Electronic check,72.41,3072.66,2,0,51.9,3,No,68.28133333333334,0.044444444444444446,0.0,0,0,1
CUST03683,Male,35,0,Yes,No,41,Yes,DSL,Month-to-month,Credit card,67.94,2674.12,2,1,39.53,6,Yes,65.22243902439024,0.04878048780487805,0.024390243902439025,0,0,1
CUST03684,Female,51,0,No,No,36,Yes,DSL,Month-to-month,Mailed check,44.24,1506.12,1,2,38.2,1,Yes,41.836666666666666,0.027777777777777776,0.05555555555555555,0,0,1
CUST03685,Female,42,0,Yes,No,33,Yes,DSL,One year,Electronic check,80.41,2683.24,2,3,74.3,5,No,81.31030303030302,0.06060606060606061,0.09090909090909091,1,0,0
CUST03686,Female,62,1,Yes,Yes,25,Yes,Fiber optic,One year,Bank transfer,73.73,1845.4,4,1,43.37,6,No,73.816,0.16,0.04,0,0,0
CUST03687,Male,23,0,No,No,19,Yes,DSL,Month-to-month,Electronic check,36.51,624.98,4,1,20.72,4,No,32.89368421052632,0.21052631578947367,0.05263157894736842,0,0,0
CUST03688,Female,38,0,No,No,47,Yes,Fiber optic,One year,Electronic check,83.92,3868.09,2,0,59.71,1,No,82.29978723404255,0.0425531914893617,0.0,1,0,1
CUST03689,Female,75,1,No,Yes,33,No,Fiber optic,Two year,Credit card,78.82,2676.39,2,0,16.02,4,No,81.10272727272726,0.06060606060606061,0.0,0,0,0
CUST03690,Female,23,0,Yes,No,67,Yes,Fiber optic,One year,Electronic check,71.23,4706.08,2,1,34.83,6,No,70.24,0.029850746268656716,0.014925373134328358,0,0,1
CUST03691,Female,49,0,Yes,No,14,Yes,Fiber optic,Month-to-month,Mailed check,105.19,1231.7,3,0,32.19,4,No,87.97857142857143,0.21428571428571427,0.0,1,0,0
CUST03692,Female,58,0,Yes,Yes,33,Yes,Fiber optic,Month-to-month,Electronic check,96.32,3200.48,1,1,23.26,5,Yes,96.98424242424242,0.030303030303030304,0.030303030303030304,1,0,0
CUST03693,Male,65,1,No,Yes,42,Yes,Fiber optic,Two year,Credit card,91.93,3812.84,2,0,37.65,5,Yes,90.78190476190477,0.047619047619047616,0.0,1,0,1
CUST03694,Female,60,1,No,No,65,Yes,No,Two year,Credit card,18.0,1251.86,5,0,27.08,5,No,19.259384615384615,0.07692307692307693,0.0,0,0,1
CUST03695,Female,56,0,No,Yes,47,Yes,No,Month-to-month,Electronic check,20.76,906.26,2,4,8.77,2,Yes,19.282127659574467,0.0425531914893617,0.0851063829787234,0,0,1
CUST03696,Male,48,0,Yes,No,35,Yes,DSL,Two year,Bank transfer,52.67,1825.89,4,0,35.93,5,No,52.168285714285716,0.11428571428571428,0.0,0,0,0
CUST03697,Female,59,0,No,No,32,Yes,No,Month-to-month,Credit card,18.0,609.66,1,2,14.22,6,Yes,19.051875,0.03125,0.0625,0,0,0
CUST03698,Male,27,0,Yes,No,55,Yes,No,Month-to-month,Bank transfer,27.17,1280.49,2,0,22.16,5,Yes,23.281636363636363,0.03636363636363636,0.0,0,0,1
CUST03699,Female,47,0,Yes,No,54,Yes,Fiber optic,Month-to-month,Bank transfer,90.17,4814.42,3,2,74.4,6,No,89.15592592592593,0.05555555555555555,0.037037037037037035,1,0,1
CUST03700,Male,74,1,No,No,51,No,Fiber optic,Month-to-month,Electronic check,86.83,4356.32,5,3,23.42,5,Yes,85.41803921568626,0.09803921568627451,0.058823529411764705,1,0,1
CUST03701,Male,69,1,Yes,No,59,No,No,Two year,Credit card,26.82,1539.61,1,4,35.96,5,No,26.09508474576271,0.01694915254237288,0.06779661016949153,0,0,1
CUST03702,Female,35,0,No,No,72,No,DSL,One year,Electronic check,46.41,3294.68,3,2,60.61,3,No,45.75944444444444,0.041666666666666664,0.027777777777777776,0,0,1
CUST03703,Female,41,0,No,No,14,Yes,Fiber optic,Month-to-month,Electronic check,71.58,1006.66,4,1,50.34,6,Yes,71.9042857142857,0.2857142857142857,0.07142857142857142,0,0,0
CUST03704,Female,69,1,No,No,18,Yes,DSL,Two year,Electronic check,56.2,1034.79,1,0,70.19,6,No,57.48833333333333,0.05555555555555555,0.0,0,0,0
CUST03705,Male,26,0,No,No,55,No,Fiber optic,Two year,Mailed check,105.77,5884.66,1,0,13.61,2,No,106.99381818181818,0.01818181818181818,0.0,1,0,1
CUST03706,Male,48,0,No,Yes,56,Yes,Fiber optic,Month-to-month,Credit card,102.44,5792.01,1,2,53.88,4,Yes,103.42875000000001,0.017857142857142856,0.03571428571428571,1,0,1
CUST03707,Male,32,0,No,No,49,Yes,Fiber optic,One year,Electronic check,92.75,4668.2,3,1,20.9,2,No,95.26938775510203,0.061224489795918366,0.02040816326530612,1,0,1
CUST03708,Female,21,0,Yes,No,60,Yes,Fiber optic,One year,Electronic check,115.22,7014.63,2,0,45.86,2,Yes,116.9105,0.03333333333333333,0.0,1,0,1
CUST03709,Male,57,0,Yes,No,53,Yes,Fiber optic,One year,Electronic check,92.65,5053.96,3,0,64.05,2,No,95.35773584905661,0.05660377358490566,0.0,1,0,1
CUST03710,Male,26,0,No,Yes,71,Yes,No,One year,Electronic check,30.09,2263.48,0,2,13.01,5,No,31.88,0.0,0.028169014084507043,0,0,1
CUST03711,Female,62,1,No,No,6,Yes,Fiber optic,Month-to-month,Credit card,107.2,596.04,4,1,40.0,2,Yes,99.33999999999999,0.6666666666666666,0.16666666666666666,1,1,0
CUST03712,Male,26,0,No,No,70,Yes,Fiber optic,Month-to-month,Electronic check,95.43,6653.98,8,2,33.89,3,Yes,95.05685714285714,0.11428571428571428,0.02857142857142857,1,0,1
CUST03713,Male,43,0,Yes,No,8,Yes,Fiber optic,Two year,Electronic check,109.73,859.27,7,1,15.93,4,Yes,107.40875,0.875,0.125,1,0,0
CUST03714,Female,21,0,Yes,No,15,Yes,DSL,Two year,Bank transfer,60.34,1027.33,2,1,38.33,2,No,68.48866666666666,0.13333333333333333,0.06666666666666667,0,0,0
CUST03715,Male,34,0,Yes,No,26,Yes,No,Month-to-month,Mailed check,19.88,498.76,2,2,24.16,4,No,19.18307692307692,0.07692307692307693,0.07692307692307693,0,0,0
CUST03716,Female,33,0,No,No,39,Yes,Fiber optic,Month-to-month,Credit card,83.57,3342.74,4,0,64.9,1,Yes,85.71128205128204,0.10256410256410256,0.0,1,0,1
CUST03717,Female,32,0,No,No,3,Yes,Fiber optic,Two year,Bank transfer,88.57,82.85,1,2,83.74,1,No,27.616666666666664,0.3333333333333333,0.6666666666666666,1,1,0
CUST03718,Female,52,0,No,Yes,57,Yes,Fiber optic,Month-to-month,Electronic check,71.43,3868.31,4,2,35.69,2,No,67.86508771929824,0.07017543859649122,0.03508771929824561,0,0,1
CUST03719,Female,74,1,Yes,No,10,Yes,DSL,Month-to-month,Bank transfer,51.45,650.93,0,3,33.77,3,Yes,65.09299999999999,0.0,0.3,0,0,0
CUST03720,Female,69,1,Yes,Yes,3,Yes,Fiber optic,Month-to-month,Electronic check,78.66,293.65,1,3,27.58,1,Yes,97.88333333333333,0.3333333333333333,1.0,0,1,0
CUST03721,Male,22,0,No,No,46,Yes,Fiber optic,Month-to-month,Bank transfer,68.52,3278.83,4,2,65.14,1,Yes,71.27891304347825,0.08695652173913043,0.043478260869565216,0,0,1
CUST03722,Male,72,1,No,Yes,22,Yes,Fiber optic,Month-to-month,Mailed check,76.18,1530.97,4,3,82.34,3,Yes,69.58954545454546,0.18181818181818182,0.13636363636363635,0,0,0
CUST03723,Female,22,0,Yes,No,67,Yes,Fiber optic,One year,Bank transfer,96.02,6458.94,2,3,53.58,5,No,96.4020895522388,0.029850746268656716,0.04477611940298507,1,0,1
CUST03724,Female,37,0,No,No,65,Yes,No,Month-to-month,Bank transfer,31.35,1897.56,1,1,57.77,2,No,29.19323076923077,0.015384615384615385,0.015384615384615385,0,0,1
CUST03725,Male,32,0,Yes,No,19,Yes,Fiber optic,Two year,Credit card,63.96,1313.46,4,2,19.99,6,No,69.12947368421052,0.21052631578947367,0.10526315789473684,0,0,0
CUST03726,Female,35,0,No,No,62,Yes,Fiber optic,Two year,Electronic check,89.64,5569.45,2,0,90.25,1,No,89.82983870967742,0.03225806451612903,0.0,1,0,1
CUST03727,Female,64,1,No,No,57,Yes,DSL,Two year,Credit card,59.17,3369.57,1,0,45.03,3,Yes,59.11526315789474,0.017543859649122806,0.0,0,0,1
CUST03728,Female,19,0,No,Yes,13,Yes,DSL,Two year,Credit card,72.61,1040.43,2,1,62.35,1,No,80.03307692307693,0.15384615384615385,0.07692307692307693,0,0,0
CUST03729,Male,46,0,No,No,16,Yes,Fiber optic,One year,Electronic check,80.96,1295.21,2,0,42.95,4,No,80.950625,0.125,0.0,1,0,0
CUST03730,Male,30,0,Yes,No,16,No,No,Month-to-month,Credit card,18.0,284.55,7,1,20.95,1,No,17.784375,0.4375,0.0625,0,0,0
CUST03731,Female,21,0,No,Yes,52,No,DSL,Month-to-month,Bank transfer,54.16,2680.66,3,0,37.76,6,No,51.551153846153845,0.057692307692307696,0.0,0,0,1
CUST03732,Female,59,0,No,Yes,41,Yes,Fiber optic,Month-to-month,Electronic check,67.04,2892.69,0,1,11.48,4,Yes,70.55341463414635,0.0,0.024390243902439025,0,0,1
CUST03733,Male,62,1,No,Yes,48,Yes,DSL,Month-to-month,Credit card,32.94,1601.56,3,2,41.97,6,No,33.365833333333335,0.0625,0.041666666666666664,0,0,1
CUST03734,Male,27,0,No,Yes,39,Yes,Fiber optic,Month-to-month,Bank transfer,84.2,3345.78,5,0,47.46,5,Yes,85.78923076923077,0.1282051282051282,0.0,1,0,1
CUST03735,Female,48,0,Yes,No,13,No,Fiber optic,Two year,Electronic check,92.79,1079.22,0,1,47.84,3,Yes,83.01692307692308,0.0,0.07692307692307693,1,0,0
CUST03736,Female,58,0,No,Yes,4,Yes,Fiber optic,Month-to-month,Credit card,87.81,499.41,1,0,26.96,5,Yes,124.8525,0.25,0.0,1,1,0
CUST03737,Male,25,0,No,No,43,Yes,DSL,Month-to-month,Mailed check,44.58,1942.06,3,2,24.47,4,Yes,45.164186046511624,0.06976744186046512,0.046511627906976744,0,0,1
CUST03738,Male,20,0,Yes,Yes,46,Yes,DSL,One year,Mailed check,43.77,2193.73,3,2,72.74,1,No,47.68978260869565,0.06521739130434782,0.043478260869565216,0,0,1
CUST03739,Male,65,1,No,Yes,47,Yes,Fiber optic,Month-to-month,Credit card,88.27,4256.94,2,4,46.48,5,Yes,90.57319148936169,0.0425531914893617,0.0851063829787234,1,0,1
CUST03740,Female,63,1,Yes,No,53,Yes,Fiber optic,Two year,Electronic check,110.47,5618.35,2,0,36.32,4,No,106.00660377358491,0.03773584905660377,0.0,1,0,1
CUST03741,Male,26,0,Yes,No,25,Yes,DSL,Month-to-month,Electronic check,75.54,1973.94,2,1,25.54,5,No,78.9576,0.08,0.04,0,0,0
CUST03742,Female,47,0,Yes,Yes,41,Yes,DSL,Month-to-month,Electronic check,56.48,2414.79,6,1,93.03,6,No,58.89731707317073,0.14634146341463414,0.024390243902439025,0,0,1
CUST03743,Male,70,1,No,No,3,Yes,DSL,Two year,Electronic check,62.54,257.9,4,1,22.73,4,Yes,85.96666666666665,1.3333333333333333,0.3333333333333333,0,1,0
CUST03744,Male,28,0,No,Yes,13,Yes,Fiber optic,One year,Mailed check,98.7,1310.62,1,0,46.83,1,Yes,100.81692307692308,0.07692307692307693,0.0,1,0,0
CUST03745,Male,52,0,No,Yes,18,Yes,DSL,Month-to-month,Mailed check,58.27,1035.82,3,0,31.28,5,No,57.54555555555555,0.16666666666666666,0.0,0,0,0
CUST03746,Male,54,0,No,Yes,37,Yes,Fiber optic,One year,Bank transfer,64.84,2402.03,5,3,21.69,3,No,64.91972972972974,0.13513513513513514,0.08108108108108109,0,0,1
CUST03747,Female,59,0,Yes,No,43,Yes,DSL,One year,Credit card,26.16,1270.94,4,1,18.93,5,Yes,29.55674418604651,0.09302325581395349,0.023255813953488372,0,0,1
CUST03748,Female,30,0,Yes,No,34,No,Fiber optic,Month-to-month,Electronic check,87.73,3136.02,1,2,17.04,4,Yes,92.23588235294118,0.029411764705882353,0.058823529411764705,1,0,0
CUST03749,Male,53,0,Yes,No,55,Yes,Fiber optic,Two year,Credit card,82.02,4498.88,2,1,58.6,2,No,81.79781818181819,0.03636363636363636,0.01818181818181818,1,0,1
CUST03750,Female,73,1,No,No,52,Yes,Fiber optic,Two year,Credit card,59.41,3016.56,2,2,19.32,1,Yes,58.01076923076923,0.038461538461538464,0.038461538461538464,0,0,1
CUST03751,Male,30,0,No,No,36,Yes,No,One year,Credit card,18.0,780.28,4,1,31.37,5,Yes,21.674444444444443,0.1111111111111111,0.027777777777777776,0,0,1
CUST03752,Male,29,0,Yes,No,54,Yes,DSL,One year,Bank transfer,56.85,3167.63,2,0,43.27,4,No,58.659814814814816,0.037037037037037035,0.0,0,0,1
CUST03753,Male,54,0,No,No,59,Yes,No,Two year,Bank transfer,20.63,1243.16,5,0,66.49,3,No,21.070508474576272,0.0847457627118644,0.0,0,0,1
CUST03754,Male,27,0,No,No,52,Yes,Fiber optic,Month-to-month,Bank transfer,106.48,5445.35,4,0,21.61,1,Yes,104.71826923076924,0.07692307692307693,0.0,1,0,1
CUST03755,Female,73,1,Yes,Yes,19,Yes,DSL,Two year,Credit card,77.03,1300.35,4,0,56.78,6,Yes,68.43947368421053,0.21052631578947367,0.0,0,0,0
CUST03756,Male,26,0,No,No,12,Yes,Fiber optic,One year,Bank transfer,72.25,947.24,3,0,22.2,1,Yes,78.93666666666667,0.25,0.0,0,0,0
CUST03757,Male,69,1,No,No,11,Yes,DSL,Month-to-month,Electronic check,78.05,807.53,1,1,51.37,3,Yes,73.41181818181818,0.09090909090909091,0.09090909090909091,0,0,0
CUST03758,Female,24,0,No,No,48,No,DSL,One year,Bank transfer,79.4,3757.56,2,1,34.94,3,No,78.2825,0.041666666666666664,0.020833333333333332,0,0,1
CUST03759,Male,19,0,Yes,No,16,Yes,DSL,Month-to-month,Electronic check,63.52,1063.47,3,2,17.07,4,No,66.466875,0.1875,0.125,0,0,0
CUST03760,Male,71,1,No,No,71,No,DSL,Month-to-month,Electronic check,48.83,3417.29,4,2,19.71,5,No,48.13084507042254,0.056338028169014086,0.028169014084507043,0,0,1
CUST03761,Male,73,1,No,No,47,Yes,DSL,One year,Electronic check,61.43,2841.76,3,0,36.86,1,No,60.46297872340426,0.06382978723404255,0.0,0,0,1
CUST03762,Female,40,0,Yes,Yes,67,Yes,No,One year,Electronic check,18.0,1138.17,2,0,55.12,2,No,16.987611940298507,0.029850746268656716,0.0,0,0,1
CUST03763,Male,56,0,No,No,31,Yes,Fiber optic,One year,Mailed check,76.18,2432.5,5,2,59.97,3,No,78.46774193548387,0.16129032258064516,0.06451612903225806,0,0,0
CUST03764,Female,57,0,Yes,No,8,Yes,DSL,Month-to-month,Credit card,63.2,411.57,0,2,41.83,3,Yes,51.44625,0.0,0.25,0,0,0
CUST03765,Male,56,0,No,No,61,Yes,No,Month-to-month,Mailed check,28.08,1565.61,5,0,28.01,1,No,25.66573770491803,0.08196721311475409,0.0,0,0,1
CUST03766,Male,38,0,No,No,44,Yes,DSL,One year,Electronic check,54.66,2310.0,2,0,53.8,6,No,52.5,0.045454545454545456,0.0,0,0,1
CUST03767,Female,40,0,No,Yes,50,Yes,DSL,Two year,Electronic check,60.84,3186.02,2,2,56.93,3,No,63.7204,0.04,0.04,0,0,1
CUST03768,Male,46,0,Yes,No,35,Yes,Fiber optic,Two year,Credit card,69.71,2381.81,2,1,25.24,3,Yes,68.05171428571428,0.05714285714285714,0.02857142857142857,0,0,0
CUST03769,Male,31,0,Yes,No,61,No,Fiber optic,Two year,Electronic check,106.11,6521.9,2,0,41.13,5,No,106.91639344262295,0.03278688524590164,0.0,1,0,1
CUST03770,Female,43,0,Yes,No,55,Yes,DSL,Month-to-month,Credit card,77.37,4224.47,2,2,27.79,4,No,76.80854545454545,0.03636363636363636,0.03636363636363636,0,0,1
CUST03771,Female,68,1,Yes,No,66,No,Fiber optic,Two year,Credit card,95.66,6293.84,1,2,76.24,4,No,95.36121212121212,0.015151515151515152,0.030303030303030304,1,0,1
CUST03772,Female,22,0,Yes,Yes,14,Yes,DSL,Month-to-month,Bank transfer,56.79,932.48,3,1,45.85,3,No,66.60571428571428,0.21428571428571427,0.07142857142857142,0,0,0
CUST03773,Female,72,1,No,Yes,4,Yes,No,Month-to-month,Credit card,18.41,86.3,5,1,62.27,6,Yes,21.575,1.25,0.25,0,1,0
CUST03774,Female,48,0,Yes,No,17,Yes,Fiber optic,Month-to-month,Credit card,97.69,1827.45,3,1,56.49,2,Yes,107.49705882352941,0.17647058823529413,0.058823529411764705,1,0,0
CUST03775,Male,42,0,No,No,69,Yes,Fiber optic,Two year,Electronic check,87.77,6250.03,3,5,81.15,6,Yes,90.58014492753622,0.043478260869565216,0.07246376811594203,1,0,1
CUST03776,Female,48,0,Yes,No,24,Yes,DSL,Month-to-month,Bank transfer,47.98,1309.94,1,2,71.16,3,Yes,54.58083333333334,0.041666666666666664,0.08333333333333333,0,0,0
CUST03777,Male,67,1,No,No,49,Yes,Fiber optic,Month-to-month,Bank transfer,100.88,4891.14,2,1,20.87,2,No,99.8191836734694,0.04081632653061224,0.02040816326530612,1,0,1
CUST03778,Male,37,0,No,Yes,55,Yes,Fiber optic,Month-to-month,Credit card,78.29,4323.55,5,5,66.87,2,No,78.61,0.09090909090909091,0.09090909090909091,0,0,1
CUST03779,Male,61,1,No,Yes,71,Yes,Fiber optic,One year,Electronic check,72.04,5263.13,1,5,84.17,2,No,74.12859154929578,0.014084507042253521,0.07042253521126761,0,0,1
CUST03780,Female,72,1,No,No,23,Yes,Fiber optic,Two year,Credit card,99.2,2361.23,1,0,28.6,2,No,102.66217391304347,0.043478260869565216,0.0,1,0,0
CUST03781,Female,34,0,Yes,No,12,Yes,Fiber optic,Month-to-month,Mailed check,73.17,994.44,2,2,24.67,1,Yes,82.87,0.16666666666666666,0.16666666666666666,0,0,0
CUST03782,Male,62,1,Yes,No,11,Yes,No,Month-to-month,Electronic check,26.01,411.11,1,1,31.4,3,No,37.373636363636365,0.09090909090909091,0.09090909090909091,0,0,0
CUST03783,Female,19,0,Yes,No,29,Yes,Fiber optic,Month-to-month,Bank transfer,104.25,3153.6,4,1,30.35,6,Yes,108.7448275862069,0.13793103448275862,0.034482758620689655,1,0,0
CUST03784,Female,42,0,Yes,No,62,Yes,Fiber optic,Month-to-month,Credit card,102.74,6271.78,5,3,60.81,1,Yes,101.15774193548387,0.08064516129032258,0.04838709677419355,1,0,1
CUST03785,Female,30,0,No,Yes,53,Yes,No,Month-to-month,Credit card,27.73,1464.55,0,1,26.99,2,No,27.633018867924527,0.0,0.018867924528301886,0,0,1
CUST03786,Female,75,1,No,No,48,Yes,DSL,Month-to-month,Mailed check,45.93,2140.5,4,1,13.36,5,No,44.59375,0.08333333333333333,0.020833333333333332,0,0,1
CUST03787,Male,56,0,No,Yes,66,Yes,Fiber optic,One year,Credit card,77.54,5106.46,3,1,38.52,4,No,77.37060606060606,0.045454545454545456,0.015151515151515152,0,0,1
CUST03788,Male,45,0,Yes,No,48,Yes,DSL,Month-to-month,Bank transfer,88.99,4293.18,3,0,24.43,3,No,89.44125000000001,0.0625,0.0,1,0,1
CUST03789,Female,59,0,No,No,59,Yes,DSL,Two year,Credit card,71.37,4221.62,3,2,20.02,3,No,71.5528813559322,0.05084745762711865,0.03389830508474576,0,0,1
CUST03790,Male,72,1,No,No,71,Yes,DSL,Two year,Electronic check,57.23,4004.79,2,1,27.6,1,No,56.40549295774648,0.028169014084507043,0.014084507042253521,0,0,1
CUST03791,Female,23,0,Yes,Yes,57,Yes,DSL,Month-to-month,Bank transfer,44.89,2432.48,3,0,26.22,2,No,42.67508771929825,0.05263157894736842,0.0,0,0,1
CUST03792,Female,20,0,Yes,No,3,Yes,DSL,Month-to-month,Mailed check,37.2,0.0,2,1,37.72,2,Yes,0.0,0.6666666666666666,0.3333333333333333,0,1,0
CUST03793,Male,75,1,No,No,32,Yes,Fiber optic,One year,Bank transfer,103.23,3486.55,5,3,21.12,6,No,108.9546875,0.15625,0.09375,1,0,0
CUST03794,Male,52,0,No,Yes,8,Yes,DSL,Month-to-month,Electronic check,74.82,722.79,2,1,20.33,1,Yes,90.34875,0.25,0.125,0,0,0
CUST03795,Male,35,0,Yes,Yes,30,Yes,DSL,Month-to-month,Electronic check,59.54,1820.6,1,3,25.56,6,No,60.68666666666666,0.03333333333333333,0.1,0,0,0
CUST03796,Female,28,0,Yes,No,15,Yes,DSL,Month-to-month,Credit card,55.07,540.41,3,1,72.53,3,No,36.02733333333333,0.2,0.06666666666666667,0,0,0
CUST03797,Male,71,1,No,No,55,Yes,Fiber optic,Two year,Credit card,102.01,5528.62,0,2,22.87,1,No,100.52036363636364,0.0,0.03636363636363636,1,0,1
CUST03798,Female,37,0,No,No,38,Yes,Fiber optic,One year,Electronic check,62.82,2437.34,4,2,43.79,4,No,64.14052631578947,0.10526315789473684,0.05263157894736842,0,0,1
CUST03799,Male,22,0,Yes,Yes,15,Yes,No,Month-to-month,Electronic check,40.99,699.61,4,1,14.66,3,Yes,46.64066666666667,0.26666666666666666,0.06666666666666667,0,0,0
CUST03800,Male,36,0,No,No,30,Yes,Fiber optic,Month-to-month,Bank transfer,96.07,2851.11,2,2,17.85,2,Yes,95.037,0.06666666666666667,0.06666666666666667,1,0,0
CUST03801,Female,39,0,No,Yes,46,No,Fiber optic,Month-to-month,Bank transfer,66.21,3101.31,2,3,53.06,6,No,67.41978260869566,0.043478260869565216,0.06521739130434782,0,0,1
CUST03802,Female,36,0,No,No,64,Yes,DSL,Month-to-month,Bank transfer,69.43,4434.18,2,0,15.93,6,No,69.2840625,0.03125,0.0,0,0,1
CUST03803,Female,64,1,No,No,26,Yes,Fiber optic,Month-to-month,Mailed check,74.75,2057.12,1,0,44.2,5,Yes,79.11999999999999,0.038461538461538464,0.0,0,0,0
CUST03804,Female,33,0,No,No,67,Yes,Fiber optic,Two year,Electronic check,64.96,4348.65,1,3,12.45,6,No,64.905223880597,0.014925373134328358,0.04477611940298507,0,0,1
CUST03805,Female,41,0,Yes,No,36,Yes,DSL,Month-to-month,Mailed check,69.39,2490.97,3,3,49.87,6,Yes,69.19361111111111,0.08333333333333333,0.08333333333333333,0,0,1
CUST03806,Female,58,0,No,Yes,31,Yes,DSL,Month-to-month,Bank transfer,46.74,1399.06,4,0,27.23,5,No,45.130967741935486,0.12903225806451613,0.0,0,0,0
CUST03807,Female,21,0,Yes,Yes,40,Yes,DSL,Month-to-month,Mailed check,43.96,1833.98,1,3,42.53,3,No,45.8495,0.025,0.075,0,0,1
CUST03808,Female,32,0,No,No,46,Yes,No,Month-to-month,Electronic check,28.88,1370.11,2,0,29.33,3,Yes,29.784999999999997,0.043478260869565216,0.0,0,0,1
CUST03809,Male,42,0,Yes,Yes,42,Yes,Fiber optic,Two year,Electronic check,83.45,3389.24,3,0,22.31,2,Yes,80.69619047619047,0.07142857142857142,0.0,1,0,1
CUST03810,Female,61,1,No,No,18,No,DSL,Month-to-month,Bank transfer,72.14,1337.33,3,3,44.91,5,No,74.2961111111111,0.16666666666666666,0.16666666666666666,0,0,0
CUST03811,Female,72,1,Yes,Yes,36,Yes,Fiber optic,Month-to-month,Mailed check,80.5,2916.69,3,0,22.54,1,Yes,81.01916666666666,0.08333333333333333,0.0,1,0,1
CUST03812,Male,52,0,No,No,50,No,Fiber optic,Month-to-month,Bank transfer,79.15,4053.86,2,1,48.42,1,Yes,81.0772,0.04,0.02,0,0,1
CUST03813,Female,72,1,Yes,No,61,Yes,DSL,Month-to-month,Bank transfer,35.56,2160.18,7,2,141.49,1,Yes,35.4127868852459,0.11475409836065574,0.03278688524590164,0,0,1
CUST03814,Male,31,0,No,Yes,40,Yes,Fiber optic,Two year,Credit card,92.53,3603.81,2,1,93.51,1,No,90.09525,0.05,0.025,1,0,1
CUST03815,Male,66,1,No,No,3,Yes,DSL,Month-to-month,Bank transfer,59.79,134.21,2,1,43.76,6,Yes,44.73666666666667,0.6666666666666666,0.3333333333333333,0,1,0
CUST03816,Female,36,0,No,No,7,Yes,Fiber optic,Month-to-month,Bank transfer,102.82,903.17,4,0,20.0,5,Yes,129.0242857142857,0.5714285714285714,0.0,1,0,0
CUST03817,Male,55,0,No,No,31,Yes,Fiber optic,Month-to-month,Bank transfer,96.4,2967.14,1,1,30.56,5,No,95.71419354838709,0.03225806451612903,0.03225806451612903,1,0,0
CUST03818,Female,53,0,Yes,No,65,Yes,DSL,One year,Bank transfer,63.99,4262.68,3,0,49.07,2,Yes,65.57969230769231,0.046153846153846156,0.0,0,0,1
CUST03819,Male,24,0,No,No,64,No,DSL,One year,Electronic check,51.23,3141.68,3,0,58.59,3,No,49.08875,0.046875,0.0,0,0,1
CUST03820,Male,47,0,No,No,3,Yes,Fiber optic,One year,Bank transfer,78.77,275.91,3,0,93.21,5,Yes,91.97000000000001,1.0,0.0,0,1,0
CUST03821,Male,36,0,No,No,35,Yes,No,Month-to-month,Credit card,29.39,875.31,1,3,22.81,5,Yes,25.008857142857142,0.02857142857142857,0.08571428571428572,0,0,0
CUST03822,Female,66,1,No,Yes,15,Yes,Fiber optic,Two year,Mailed check,84.23,1270.47,5,0,24.33,3,No,84.69800000000001,0.3333333333333333,0.0,1,0,0
CUST03823,Female,42,0,No,No,21,Yes,Fiber optic,Month-to-month,Credit card,106.27,2157.63,0,0,27.47,4,No,102.74428571428572,0.0,0.0,1,0,0
CUST03824,Male,33,0,Yes,No,62,No,Fiber optic,Month-to-month,Credit card,104.72,6400.19,0,2,39.23,6,No,103.22887096774193,0.0,0.03225806451612903,1,0,1
CUST03825,Male,64,1,No,Yes,28,Yes,Fiber optic,One year,Mailed check,81.24,2170.42,2,1,9.21,1,No,77.515,0.07142857142857142,0.03571428571428571,1,0,0
CUST03826,Female,71,1,No,No,4,Yes,Fiber optic,Month-to-month,Electronic check,86.4,324.22,4,1,43.96,6,Yes,81.055,1.0,0.25,1,1,0
CUST03827,Female,57,0,No,No,13,Yes,DSL,Month-to-month,Electronic check,50.47,466.06,1,1,41.28,5,Yes,35.85076923076923,0.07692307692307693,0.07692307692307693,0,0,0
CUST03828,Male,68,1,No,Yes,51,Yes,DSL,Month-to-month,Bank transfer,58.77,2853.35,1,1,29.82,5,No,55.94803921568627,0.0196078431372549,0.0196078431372549,0,0,1
CUST03829,Male,25,0,Yes,Yes,48,Yes,Fiber optic,Month-to-month,Electronic check,99.25,4773.36,4,2,7.88,6,No,99.445,0.08333333333333333,0.041666666666666664,1,0,1
CUST03830,Female,35,0,Yes,Yes,39,Yes,No,Month-to-month,Electronic check,20.65,630.64,2,2,17.53,1,Yes,16.17025641025641,0.05128205128205128,0.05128205128205128,0,0,1
CUST03831,Female,45,0,Yes,No,67,Yes,Fiber optic,One year,Mailed check,79.5,5174.34,2,1,56.21,5,No,77.2289552238806,0.029850746268656716,0.014925373134328358,0,0,1
CUST03832,Female,33,0,Yes,No,58,Yes,Fiber optic,Month-to-month,Credit card,67.47,4091.93,3,1,40.8,3,No,70.55051724137931,0.05172413793103448,0.017241379310344827,0,0,1
CUST03833,Female,69,1,No,No,2,Yes,Fiber optic,One year,Electronic check,76.55,310.22,6,1,14.39,5,No,155.11,3.0,0.5,0,1,0
CUST03834,Female,36,0,No,Yes,25,Yes,Fiber optic,Two year,Electronic check,94.2,2271.75,1,1,34.18,2,No,90.87,0.04,0.04,1,0,0
CUST03835,Male,59,0,Yes,No,11,Yes,DSL,Month-to-month,Electronic check,57.11,661.12,4,1,46.63,5,Yes,60.10181818181818,0.36363636363636365,0.09090909090909091,0,0,0
CUST03836,Female,34,0,Yes,No,1,Yes,Fiber optic,Month-to-month,Credit card,67.73,0.0,0,1,81.8,1,Yes,0.0,0.0,1.0,0,1,0
CUST03837,Male,62,1,No,No,48,No,DSL,Two year,Electronic check,62.55,2924.23,0,2,45.72,3,No,60.921458333333334,0.0,0.041666666666666664,0,0,1
CUST03838,Female,30,0,No,No,48,Yes,DSL,One year,Mailed check,59.38,2536.68,1,0,17.92,5,No,52.8475,0.020833333333333332,0.0,0,0,1
CUST03839,Male,24,0,No,No,10,Yes,DSL,Month-to-month,Credit card,73.45,887.37,3,2,47.87,6,Yes,88.737,0.3,0.2,0,0,0
CUST03840,Female,44,0,No,No,30,No,DSL,Month-to-month,Electronic check,58.37,1806.56,5,0,33.87,4,Yes,60.218666666666664,0.16666666666666666,0.0,0,0,0
CUST03841,Female,27,0,No,No,35,Yes,Fiber optic,One year,Electronic check,70.07,2526.69,3,1,22.57,3,No,72.19114285714286,0.08571428571428572,0.02857142857142857,0,0,0
CUST03842,Male,51,0,Yes,No,19,Yes,Fiber optic,One year,Credit card,99.45,1942.78,3,1,40.82,3,No,102.25157894736842,0.15789473684210525,0.05263157894736842,1,0,0
CUST03843,Male,53,0,Yes,Yes,53,Yes,DSL,One year,Electronic check,48.37,2543.7,6,1,31.47,6,No,47.994339622641505,0.11320754716981132,0.018867924528301886,0,0,1
CUST03844,Female,42,0,Yes,No,34,Yes,Fiber optic,One year,Credit card,65.48,2177.75,4,1,11.46,4,No,64.05147058823529,0.11764705882352941,0.029411764705882353,0,0,0
CUST03845,Female,23,0,Yes,No,32,Yes,Fiber optic,One year,Mailed check,69.4,2217.34,1,2,40.31,5,No,69.291875,0.03125,0.0625,0,0,0
CUST03846,Female,41,0,No,Yes,6,Yes,DSL,Month-to-month,Credit card,52.67,462.59,1,3,34.29,2,No,77.09833333333333,0.16666666666666666,0.5,0,1,0
CUST03847,Female,35,0,No,Yes,13,Yes,Fiber optic,One year,Electronic check,56.64,738.63,1,1,45.54,6,No,56.817692307692305,0.07692307692307693,0.07692307692307693,0,0,0
CUST03848,Female,40,0,Yes,No,64,Yes,DSL,Two year,Bank transfer,39.28,2708.03,1,1,38.76,1,No,42.31296875,0.015625,0.015625,0,0,1
CUST03849,Male,23,0,No,Yes,7,No,Fiber optic,Month-to-month,Electronic check,96.71,599.28,1,1,124.21,3,No,85.61142857142856,0.14285714285714285,0.14285714285714285,1,0,0
CUST03850,Male,46,0,Yes,No,45,Yes,No,One year,Electronic check,23.63,914.35,5,1,39.39,6,No,20.31888888888889,0.1111111111111111,0.022222222222222223,0,0,1
CUST03851,Female,42,0,No,No,45,No,DSL,Month-to-month,Electronic check,58.02,2518.71,2,1,28.87,2,Yes,55.971333333333334,0.044444444444444446,0.022222222222222223,0,0,1
CUST03852,Male,72,1,No,No,65,Yes,Fiber optic,Month-to-month,Mailed check,84.15,5453.76,4,0,56.06,1,Yes,83.904,0.06153846153846154,0.0,1,0,1
CUST03853,Male,34,0,Yes,Yes,19,Yes,DSL,Two year,Mailed check,66.77,1407.51,6,1,26.5,1,No,74.07947368421053,0.3157894736842105,0.05263157894736842,0,0,0
CUST03854,Male,63,1,Yes,No,47,Yes,DSL,Month-to-month,Electronic check,50.17,2309.52,0,3,45.59,5,No,49.138723404255316,0.0,0.06382978723404255,0,0,1
CUST03855,Female,41,0,No,Yes,46,No,DSL,Month-to-month,Credit card,66.72,2923.31,1,1,37.67,6,No,63.55021739130434,0.021739130434782608,0.021739130434782608,0,0,1
CUST03856,Male,28,0,No,No,29,Yes,DSL,Month-to-month,Electronic check,61.35,1780.45,1,1,28.24,2,No,61.3948275862069,0.034482758620689655,0.034482758620689655,0,0,0
CUST03857,Female,43,0,Yes,Yes,61,Yes,DSL,Month-to-month,Bank transfer,48.51,3081.29,2,2,14.77,6,Yes,50.51295081967213,0.03278688524590164,0.03278688524590164,0,0,1
CUST03858,Male,68,1,No,No,65,Yes,Fiber optic,One year,Electronic check,94.14,6118.65,3,4,35.68,3,No,94.13307692307691,0.046153846153846156,0.06153846153846154,1,0,1
CUST03859,Female,51,0,No,Yes,23,Yes,Fiber optic,Month-to-month,Electronic check,85.86,1994.95,5,2,37.19,3,No,86.73695652173913,0.21739130434782608,0.08695652173913043,1,0,0
CUST03860,Male,45,0,Yes,Yes,51,Yes,No,Month-to-month,Bank transfer,18.0,915.3,3,0,34.7,6,No,17.94705882352941,0.058823529411764705,0.0,0,0,1
CUST03861,Female,20,0,Yes,Yes,63,No,Fiber optic,Month-to-month,Electronic check,70.44,4416.66,5,3,36.48,5,Yes,70.10571428571428,0.07936507936507936,0.047619047619047616,0,0,1
CUST03862,Female,28,0,Yes,No,22,Yes,Fiber optic,Month-to-month,Electronic check,92.2,2268.42,2,0,44.68,3,No,103.11,0.09090909090909091,0.0,1,0,0
CUST03863,Male,55,0,No,No,71,Yes,Fiber optic,One year,Bank transfer,100.22,7246.98,4,3,51.75,6,No,102.07014084507041,0.056338028169014086,0.04225352112676056,1,0,1
CUST03864,Female,31,0,No,Yes,33,Yes,No,One year,Bank transfer,27.26,1086.97,2,1,23.27,1,No,32.93848484848485,0.06060606060606061,0.030303030303030304,0,0,0
CUST03865,Female,68,1,No,No,44,No,DSL,Month-to-month,Bank transfer,70.67,3397.95,3,1,47.09,6,Yes,77.22613636363636,0.06818181818181818,0.022727272727272728,0,0,1
CUST03866,Female,43,0,No,Yes,7,No,DSL,Month-to-month,Mailed check,74.79,652.17,2,0,26.11,5,Yes,93.16714285714285,0.2857142857142857,0.0,0,0,0
CUST03867,Female,65,1,No,No,2,Yes,DSL,One year,Credit card,57.3,67.53,1,0,22.28,1,No,33.765,0.5,0.0,0,1,0
CUST03868,Female,38,0,No,Yes,17,Yes,DSL,Month-to-month,Electronic check,61.97,1141.79,2,2,86.75,1,Yes,67.16411764705882,0.11764705882352941,0.11764705882352941,0,0,0
CUST03869,Female,71,1,No,No,65,Yes,DSL,Month-to-month,Electronic check,68.03,4613.07,3,2,29.28,6,No,70.97030769230768,0.046153846153846156,0.03076923076923077,0,0,1
CUST03870,Female,73,1,Yes,No,58,Yes,Fiber optic,One year,Electronic check,67.79,3985.19,2,1,31.8,4,No,68.7101724137931,0.034482758620689655,0.017241379310344827,0,0,1
CUST03871,Female,56,0,No,No,30,Yes,Fiber optic,Month-to-month,Electronic check,100.51,2980.79,2,0,57.07,4,No,99.35966666666667,0.06666666666666667,0.0,1,0,0
CUST03872,Male,47,0,No,Yes,26,Yes,DSL,Month-to-month,Credit card,76.36,2122.73,2,3,61.01,6,Yes,81.64346153846154,0.07692307692307693,0.11538461538461539,0,0,0
CUST03873,Male,25,0,No,Yes,35,Yes,Fiber optic,Month-to-month,Electronic check,73.93,2460.18,5,0,26.59,5,Yes,70.29085714285713,0.14285714285714285,0.0,0,0,0
CUST03874,Female,68,1,Yes,No,63,Yes,DSL,Month-to-month,Credit card,94.44,5963.87,2,1,42.52,1,No,94.66460317460317,0.031746031746031744,0.015873015873015872,1,0,1
CUST03875,Female,37,0,No,Yes,71,Yes,DSL,Month-to-month,Electronic check,69.53,5012.52,4,0,35.47,5,No,70.59887323943663,0.056338028169014086,0.0,0,0,1
CUST03876,Male,65,1,No,No,28,Yes,DSL,Two year,Credit card,58.17,1617.99,3,1,39.54,4,No,57.785357142857144,0.10714285714285714,0.03571428571428571,0,0,0
CUST03877,Male,49,0,Yes,Yes,25,Yes,Fiber optic,Month-to-month,Bank transfer,53.84,1408.55,0,3,31.47,5,Yes,56.342,0.0,0.12,0,0,0
CUST03878,Male,39,0,No,Yes,61,No,Fiber optic,One year,Credit card,83.62,5166.07,2,3,37.15,2,No,84.68967213114753,0.03278688524590164,0.04918032786885246,1,0,1
CUST03879,Female,24,0,Yes,Yes,31,Yes,DSL,Two year,Electronic check,65.06,2072.87,3,1,31.69,5,No,66.86677419354838,0.0967741935483871,0.03225806451612903,0,0,0
CUST03880,Male,26,0,No,No,54,Yes,Fiber optic,One year,Mailed check,89.61,4820.09,0,2,36.71,2,Yes,89.26092592592593,0.0,0.037037037037037035,1,0,1
CUST03881,Female,62,1,No,No,67,No,DSL,One year,Bank transfer,44.27,2925.8,0,1,30.57,5,Yes,43.668656716417914,0.0,0.014925373134328358,0,0,1
CUST03882,Female,18,0,No,No,51,Yes,DSL,One year,Credit card,52.06,2643.52,4,1,17.17,2,No,51.83372549019608,0.0784313725490196,0.0196078431372549,0,0,1
CUST03883,Male,46,0,Yes,Yes,58,Yes,No,Month-to-month,Credit card,30.44,1628.35,3,0,16.32,2,No,28.075,0.05172413793103448,0.0,0,0,1
CUST03884,Female,25,0,Yes,No,34,No,DSL,Two year,Credit card,67.11,2419.36,2,1,39.81,2,No,71.15764705882353,0.058823529411764705,0.029411764705882353,0,0,0
CUST03885,Female,73,1,No,No,59,Yes,Fiber optic,Month-to-month,Electronic check,99.13,5902.79,2,0,26.95,2,No,100.04728813559322,0.03389830508474576,0.0,1,0,1
CUST03886,Female,71,1,Yes,No,21,Yes,DSL,Two year,Electronic check,61.42,1306.68,5,3,34.96,3,No,62.222857142857144,0.23809523809523808,0.14285714285714285,0,0,0
CUST03887,Female,21,0,No,Yes,56,Yes,Fiber optic,One year,Credit card,84.52,4665.38,2,2,43.64,3,No,83.31035714285714,0.03571428571428571,0.03571428571428571,1,0,1
CUST03888,Male,52,0,Yes,No,37,Yes,Fiber optic,Two year,Credit card,92.67,3441.68,2,1,44.39,6,No,93.01837837837837,0.05405405405405406,0.02702702702702703,1,0,1
CUST03889,Male,20,0,No,No,64,Yes,DSL,Month-to-month,Electronic check,61.13,3923.2,3,2,83.27,5,Yes,61.3,0.046875,0.03125,0,0,1
CUST03890,Female,71,1,No,No,19,No,DSL,Two year,Electronic check,41.64,747.61,1,3,30.24,4,No,39.34789473684211,0.05263157894736842,0.15789473684210525,0,0,0
CUST03891,Female,62,1,Yes,Yes,53,Yes,DSL,Month-to-month,Electronic check,78.25,4252.26,3,0,40.35,1,No,80.23132075471699,0.05660377358490566,0.0,0,0,1
CUST03892,Male,57,0,No,Yes,71,No,Fiber optic,One year,Mailed check,98.83,6903.88,2,2,43.61,3,No,97.23774647887323,0.028169014084507043,0.028169014084507043,1,0,1
CUST03893,Female,24,0,No,Yes,63,No,DSL,Month-to-month,Electronic check,65.08,4008.98,2,0,32.89,2,No,63.63460317460318,0.031746031746031744,0.0,0,0,1
CUST03894,Male,44,0,No,No,62,Yes,Fiber optic,One year,Electronic check,64.48,4108.92,2,2,47.16,3,No,66.27290322580646,0.03225806451612903,0.03225806451612903,0,0,1
CUST03895,Female,18,0,Yes,No,72,Yes,DSL,One year,Credit card,70.05,5194.01,4,1,37.74,2,No,72.13902777777778,0.05555555555555555,0.013888888888888888,0,0,1
CUST03896,Female,44,0,No,No,19,Yes,DSL,Month-to-month,Credit card,54.74,1067.96,3,1,67.83,4,No,56.20842105263158,0.15789473684210525,0.05263157894736842,0,0,0
CUST03897,Male,33,0,Yes,No,2,Yes,Fiber optic,Month-to-month,Credit card,97.45,96.18,3,1,34.7,3,Yes,48.09,1.5,0.5,1,1,0
CUST03898,Male,55,0,Yes,No,6,Yes,Fiber optic,Month-to-month,Credit card,93.2,691.43,0,0,45.48,1,No,115.23833333333333,0.0,0.0,1,1,0
CUST03899,Male,24,0,Yes,No,29,No,Fiber optic,One year,Credit card,79.9,2338.25,4,0,45.41,1,No,80.62931034482759,0.13793103448275862,0.0,0,0,0
CUST03900,Male,61,1,No,No,41,Yes,No,One year,Bank transfer,33.42,1382.53,1,1,20.2,3,Yes,33.72024390243902,0.024390243902439025,0.024390243902439025,0,0,1
CUST03901,Female,40,0,Yes,No,51,Yes,DSL,Month-to-month,Electronic check,45.7,2485.18,3,2,24.12,6,Yes,48.729019607843135,0.058823529411764705,0.0392156862745098,0,0,1
CUST03902,Male,58,0,No,No,5,Yes,DSL,Month-to-month,Credit card,60.67,386.83,3,2,40.87,3,Yes,77.366,0.6,0.4,0,1,0
CUST03903,Female,28,0,Yes,No,41,Yes,DSL,One year,Mailed check,79.9,3239.07,2,0,34.4,1,No,79.00170731707317,0.04878048780487805,0.0,0,0,1
CUST03904,Male,59,0,Yes,No,62,Yes,DSL,Month-to-month,Electronic check,65.84,3925.03,1,2,16.7,4,Yes,63.30693548387097,0.016129032258064516,0.03225806451612903,0,0,1
CUST03905,Male,70,1,No,No,30,No,DSL,Two year,Electronic check,70.96,2097.22,1,0,26.33,5,No,69.90733333333333,0.03333333333333333,0.0,0,0,0
CUST03906,Female,50,0,Yes,No,62,Yes,DSL,Month-to-month,Electronic check,60.95,3826.29,3,1,40.2,3,Yes,61.714354838709674,0.04838709677419355,0.016129032258064516,0,0,1
CUST03907,Male,67,1,No,Yes,27,Yes,Fiber optic,Month-to-month,Electronic check,84.68,2350.11,0,1,14.2,3,Yes,87.04111111111112,0.0,0.037037037037037035,1,0,0
CUST03908,Male,53,0,Yes,No,50,Yes,DSL,Month-to-month,Electronic check,45.35,2144.9,4,1,16.94,1,No,42.898,0.08,0.02,0,0,1
CUST03909,Male,54,0,Yes,Yes,52,Yes,DSL,Month-to-month,Electronic check,58.13,2957.82,7,3,21.03,1,Yes,56.88115384615385,0.1346153846153846,0.057692307692307696,0,0,1
CUST03910,Male,58,0,Yes,Yes,49,Yes,Fiber optic,Month-to-month,Electronic check,95.11,4364.92,1,0,42.23,1,No,89.08,0.02040816326530612,0.0,1,0,1
CUST03911,Female,34,0,Yes,No,62,Yes,DSL,Month-to-month,Credit card,46.87,2940.58,4,0,63.84,1,No,47.428709677419356,0.06451612903225806,0.0,0,0,1
CUST03912,Female,52,0,Yes,No,60,Yes,DSL,Month-to-month,Electronic check,48.44,2734.99,2,2,34.41,3,Yes,45.58316666666666,0.03333333333333333,0.03333333333333333,0,0,1
CUST03913,Male,65,1,No,No,54,Yes,Fiber optic,One year,Bank transfer,91.29,4883.82,4,0,31.77,2,Yes,90.44111111111111,0.07407407407407407,0.0,1,0,1
CUST03914,Male,22,0,No,No,5,Yes,Fiber optic,One year,Bank transfer,97.4,397.23,2,0,31.32,1,No,79.446,0.4,0.0,1,1,0
CUST03915,Male,65,1,No,Yes,9,Yes,DSL,Month-to-month,Credit card,84.18,824.91,6,0,25.44,6,Yes,91.65666666666667,0.6666666666666666,0.0,1,0,0
CUST03916,Female,49,0,No,Yes,34,Yes,No,One year,Mailed check,22.81,813.93,1,3,53.59,4,No,23.939117647058822,0.029411764705882353,0.08823529411764706,0,0,0
CUST03917,Female,20,0,No,No,36,Yes,DSL,Two year,Bank transfer,57.04,1980.07,3,1,30.54,4,No,55.00194444444444,0.08333333333333333,0.027777777777777776,0,0,1
CUST03918,Female,69,1,No,No,20,Yes,DSL,Two year,Bank transfer,69.98,1415.02,5,2,38.35,6,No,70.751,0.25,0.1,0,0,0
CUST03919,Female,64,1,Yes,Yes,63,Yes,Fiber optic,Two year,Electronic check,93.56,5961.83,4,0,31.38,6,No,94.63222222222223,0.06349206349206349,0.0,1,0,1
CUST03920,Male,52,0,Yes,No,67,Yes,Fiber optic,Two year,Bank transfer,81.13,5466.08,2,1,24.18,3,Yes,81.58328358208955,0.029850746268656716,0.014925373134328358,1,0,1
CUST03921,Male,69,1,Yes,No,30,Yes,Fiber optic,Month-to-month,Mailed check,84.58,2199.84,2,1,25.71,1,Yes,73.328,0.06666666666666667,0.03333333333333333,1,0,0
CUST03922,Male,31,0,Yes,No,69,Yes,No,Month-to-month,Electronic check,19.97,1608.78,2,2,16.02,5,Yes,23.315652173913044,0.028985507246376812,0.028985507246376812,0,0,1
CUST03923,Female,65,1,Yes,No,70,Yes,No,Month-to-month,Bank transfer,18.0,1313.77,2,0,16.37,6,Yes,18.768142857142855,0.02857142857142857,0.0,0,0,1
CUST03924,Male,48,0,No,No,3,No,Fiber optic,One year,Bank transfer,82.97,361.24,3,2,96.63,1,Yes,120.41333333333334,1.0,0.6666666666666666,1,1,0
CUST03925,Female,48,0,Yes,No,49,Yes,DSL,Two year,Electronic check,78.27,3762.98,3,2,57.6,3,No,76.79551020408164,0.061224489795918366,0.04081632653061224,0,0,1
CUST03926,Female,34,0,No,No,42,Yes,DSL,Month-to-month,Credit card,51.38,2064.57,2,0,22.7,6,No,49.15642857142858,0.047619047619047616,0.0,0,0,1
CUST03927,Male,41,0,Yes,Yes,24,Yes,Fiber optic,Month-to-month,Electronic check,63.47,1470.26,3,2,15.68,5,Yes,61.26083333333333,0.125,0.08333333333333333,0,0,0
CUST03928,Male,69,1,Yes,No,44,Yes,DSL,One year,Electronic check,47.96,2310.25,5,1,51.11,3,No,52.50568181818182,0.11363636363636363,0.022727272727272728,0,0,1
CUST03929,Male,40,0,No,No,1,Yes,DSL,Month-to-month,Electronic check,66.38,34.59,2,0,34.4,2,Yes,34.59,2.0,0.0,0,1,0
CUST03930,Female,35,0,No,Yes,54,Yes,Fiber optic,Month-to-month,Credit card,91.43,4930.85,3,1,76.56,4,No,91.31203703703704,0.05555555555555555,0.018518518518518517,1,0,1
CUST03931,Female,67,1,Yes,Yes,52,Yes,No,Month-to-month,Credit card,35.17,2014.47,4,5,50.4,6,Yes,38.73980769230769,0.07692307692307693,0.09615384615384616,0,0,1
CUST03932,Male,71,1,No,No,36,Yes,Fiber optic,Two year,Mailed check,100.92,3597.03,2,0,19.22,3,No,99.9175,0.05555555555555555,0.0,1,0,1
CUST03933,Male,31,0,No,No,38,No,Fiber optic,Month-to-month,Credit card,89.46,3401.05,3,0,23.86,1,Yes,89.5013157894737,0.07894736842105263,0.0,1,0,1
CUST03934,Female,67,1,No,No,44,Yes,Fiber optic,Month-to-month,Electronic check,94.76,4036.87,1,0,28.37,1,Yes,91.74704545454546,0.022727272727272728,0.0,1,0,1
CUST03935,Male,32,0,Yes,Yes,47,Yes,DSL,Month-to-month,Electronic check,51.01,2591.97,1,1,73.86,3,Yes,55.14829787234042,0.02127659574468085,0.02127659574468085,0,0,1
CUST03936,Female,32,0,No,No,29,Yes,Fiber optic,Month-to-month,Mailed check,95.34,2688.93,2,1,124.33,4,Yes,92.72172413793103,0.06896551724137931,0.034482758620689655,1,0,0
CUST03937,Female,23,0,No,No,51,Yes,DSL,Month-to-month,Credit card,58.69,2975.95,2,0,61.69,3,Yes,58.351960784313725,0.0392156862745098,0.0,0,0,1
CUST03938,Male,44,0,Yes,Yes,41,Yes,DSL,Month-to-month,Bank transfer,70.21,2544.37,1,0,9.16,3,No,62.05780487804878,0.024390243902439025,0.0,0,0,1
CUST03939,Male,32,0,No,No,64,Yes,DSL,Month-to-month,Electronic check,65.02,4144.22,2,2,29.65,1,No,64.7534375,0.03125,0.03125,0,0,1
CUST03940,Male,67,1,Yes,Yes,48,Yes,DSL,Month-to-month,Credit card,54.32,2599.64,4,1,77.5,1,Yes,54.159166666666664,0.08333333333333333,0.020833333333333332,0,0,1
CUST03941,Male,53,0,No,Yes,22,Yes,Fiber optic,One year,Electronic check,68.49,1465.13,4,0,45.76,1,No,66.5968181818182,0.18181818181818182,0.0,0,0,0
CUST03942,Female,72,1,Yes,No,17,Yes,DSL,Month-to-month,Electronic check,54.0,744.13,1,2,14.35,6,No,43.77235294117647,0.058823529411764705,0.11764705882352941,0,0,0
CUST03943,Female,25,0,No,No,5,Yes,Fiber optic,Two year,Bank transfer,87.77,493.38,2,0,65.96,4,No,98.676,0.4,0.0,1,1,0
CUST03944,Female,32,0,No,Yes,61,Yes,DSL,Month-to-month,Credit card,50.21,2872.79,1,1,36.15,1,No,47.094918032786886,0.01639344262295082,0.01639344262295082,0,0,1
CUST03945,Male,20,0,Yes,No,6,No,DSL,Month-to-month,Electronic check,58.17,183.34,0,3,40.53,5,No,30.55666666666667,0.0,0.5,0,1,0
CUST03946,Female,64,1,Yes,Yes,53,Yes,No,Two year,Bank transfer,33.7,1760.09,4,2,51.48,5,No,33.209245283018866,0.07547169811320754,0.03773584905660377,0,0,1
CUST03947,Male,30,0,No,Yes,17,Yes,Fiber optic,Month-to-month,Credit card,102.62,1865.7,3,0,41.72,3,Yes,109.74705882352941,0.17647058823529413,0.0,1,0,0
CUST03948,Male,58,0,No,No,59,Yes,DSL,Month-to-month,Electronic check,65.74,3873.87,4,1,38.5,3,Yes,65.65881355932203,0.06779661016949153,0.01694915254237288,0,0,1
CUST03949,Male,51,0,Yes,No,39,Yes,Fiber optic,Month-to-month,Mailed check,105.45,4142.34,2,0,32.98,2,No,106.21384615384616,0.05128205128205128,0.0,1,0,1
CUST03950,Male,41,0,Yes,Yes,54,Yes,Fiber optic,Two year,Electronic check,66.02,3497.94,6,3,32.22,5,No,64.77666666666667,0.1111111111111111,0.05555555555555555,0,0,1
CUST03951,Male,57,0,No,No,48,Yes,Fiber optic,Two year,Bank transfer,104.46,4946.73,1,2,9.92,4,No,103.05687499999999,0.020833333333333332,0.041666666666666664,1,0,1
CUST03952,Male,49,0,No,Yes,37,No,Fiber optic,Month-to-month,Bank transfer,64.6,2478.32,3,2,42.03,3,Yes,66.98162162162163,0.08108108108108109,0.05405405405405406,0,0,1
CUST03953,Female,49,0,Yes,No,48,Yes,DSL,One year,Electronic check,60.12,3008.99,2,2,36.09,3,No,62.68729166666666,0.041666666666666664,0.041666666666666664,0,0,1
CUST03954,Male,47,0,No,No,68,No,DSL,Month-to-month,Credit card,50.25,3528.07,3,3,35.33,4,No,51.883382352941176,0.04411764705882353,0.04411764705882353,0,0,1
CUST03955,Female,69,1,No,No,27,Yes,Fiber optic,Two year,Electronic check,96.08,2655.82,2,1,29.91,5,No,98.3637037037037,0.07407407407407407,0.037037037037037035,1,0,0
CUST03956,Female,66,1,Yes,Yes,27,Yes,DSL,Month-to-month,Credit card,41.21,1145.45,3,0,47.25,2,Yes,42.42407407407408,0.1111111111111111,0.0,0,0,0
CUST03957,Male,30,0,Yes,No,72,Yes,Fiber optic,Two year,Bank transfer,58.53,4070.67,2,2,23.68,4,No,56.537083333333335,0.027777777777777776,0.027777777777777776,0,0,1
CUST03958,Male,18,0,Yes,No,63,Yes,DSL,Month-to-month,Electronic check,52.15,3228.64,3,0,25.68,2,No,51.24825396825397,0.047619047619047616,0.0,0,0,1
CUST03959,Male,51,0,No,No,52,Yes,No,Month-to-month,Electronic check,19.2,927.02,8,0,46.48,2,No,17.82730769230769,0.15384615384615385,0.0,0,0,1
CUST03960,Female,32,0,No,No,47,Yes,DSL,Month-to-month,Credit card,53.15,2505.2,1,3,21.52,6,Yes,53.30212765957447,0.02127659574468085,0.06382978723404255,0,0,1
CUST03961,Male,61,1,No,No,21,Yes,Fiber optic,One year,Credit card,74.88,1650.32,1,2,47.57,3,No,78.58666666666666,0.047619047619047616,0.09523809523809523,0,0,0
CUST03962,Female,31,0,Yes,No,57,No,DSL,One year,Bank transfer,68.25,3856.52,6,2,12.25,5,No,67.65824561403508,0.10526315789473684,0.03508771929824561,0,0,1
CUST03963,Male,74,1,Yes,No,42,Yes,Fiber optic,Month-to-month,Bank transfer,83.73,3267.34,5,3,59.85,2,Yes,77.79380952380953,0.11904761904761904,0.07142857142857142,1,0,1
CUST03964,Male,46,0,No,No,48,Yes,DSL,One year,Bank transfer,78.59,3898.54,4,0,25.44,4,No,81.21958333333333,0.08333333333333333,0.0,0,0,1
CUST03965,Female,51,0,Yes,No,27,Yes,DSL,One year,Bank transfer,62.77,1605.05,0,1,47.37,5,No,59.446296296296296,0.0,0.037037037037037035,0,0,0
CUST03966,Female,35,0,No,No,72,Yes,DSL,One year,Electronic check,70.59,4998.24,1,3,30.56,1,No,69.42,0.013888888888888888,0.041666666666666664,0,0,1
CUST03967,Male,71,1,No,No,33,Yes,Fiber optic,Month-to-month,Credit card,93.7,3156.58,4,1,36.03,1,Yes,95.6539393939394,0.12121212121212122,0.030303030303030304,1,0,0
CUST03968,Female,24,0,Yes,No,35,Yes,DSL,Month-to-month,Credit card,49.22,1671.11,3,1,36.12,6,No,47.745999999999995,0.08571428571428572,0.02857142857142857,0,0,0
CUST03969,Female,46,0,Yes,No,16,Yes,DSL,Month-to-month,Mailed check,53.75,862.39,8,0,32.63,4,Yes,53.899375,0.5,0.0,0,0,0
CUST03970,Female,72,1,Yes,No,36,Yes,DSL,Month-to-month,Credit card,71.93,2622.77,1,1,38.37,1,No,72.85472222222222,0.027777777777777776,0.027777777777777776,0,0,1
CUST03971,Female,48,0,Yes,No,66,Yes,DSL,One year,Mailed check,38.69,2568.52,0,1,37.81,5,No,38.916969696969694,0.0,0.015151515151515152,0,0,1
CUST03972,Female,42,0,No,No,56,Yes,No,One year,Bank transfer,28.89,1592.77,1,1,62.01,5,No,28.44232142857143,0.017857142857142856,0.017857142857142856,0,0,1
CUST03973,Male,55,0,Yes,No,17,Yes,DSL,One year,Bank transfer,57.86,996.04,1,1,20.95,3,No,58.59058823529411,0.058823529411764705,0.058823529411764705,0,0,0
CUST03974,Male,31,0,Yes,No,20,Yes,Fiber optic,Month-to-month,Credit card,73.83,1709.09,0,0,66.78,5,No,85.4545,0.0,0.0,0,0,0
CUST03975,Female,25,0,No,No,8,Yes,DSL,One year,Credit card,56.8,583.95,5,1,41.85,2,No,72.99375,0.625,0.125,0,0,0
CUST03976,Male,44,0,Yes,No,18,Yes,Fiber optic,Month-to-month,Credit card,109.31,2063.62,4,0,90.69,6,Yes,114.64555555555555,0.2222222222222222,0.0,1,0,0
CUST03977,Male,71,1,No,Yes,18,Yes,DSL,Two year,Electronic check,39.31,755.63,3,1,46.85,3,No,41.97944444444445,0.16666666666666666,0.05555555555555555,0,0,0
CUST03978,Female,19,0,Yes,No,18,Yes,No,Month-to-month,Mailed check,18.0,493.15,3,0,77.5,2,No,27.397222222222222,0.16666666666666666,0.0,0,0,0
CUST03979,Male,34,0,Yes,No,2,Yes,Fiber optic,One year,Bank transfer,55.93,208.58,2,1,18.78,5,No,104.29,1.0,0.5,0,1,0
CUST03980,Female,54,0,Yes,No,72,Yes,DSL,One year,Bank transfer,54.74,4080.65,4,0,51.01,3,No,56.675694444444446,0.05555555555555555,0.0,0,0,1
CUST03981,Female,31,0,Yes,Yes,51,No,DSL,Two year,Credit card,52.5,2820.4,2,0,35.1,4,No,55.30196078431373,0.0392156862745098,0.0,0,0,1
CUST03982,Male,42,0,No,No,10,Yes,DSL,Month-to-month,Electronic check,61.93,696.29,1,0,64.62,4,No,69.62899999999999,0.1,0.0,0,0,0
CUST03983,Female,73,1,No,No,14,Yes,Fiber optic,Month-to-month,Bank transfer,77.81,1151.58,3,0,33.95,4,Yes,82.25571428571428,0.21428571428571427,0.0,0,0,0
CUST03984,Female,47,0,Yes,Yes,26,Yes,Fiber optic,Month-to-month,Credit card,91.76,2362.43,1,0,11.74,6,Yes,90.8626923076923,0.038461538461538464,0.0,1,0,0
CUST03985,Female,46,0,Yes,Yes,47,Yes,No,Month-to-month,Mailed check,18.7,1081.57,2,0,16.45,3,Yes,23.012127659574467,0.0425531914893617,0.0,0,0,1
CUST03986,Female,37,0,Yes,No,30,Yes,Fiber optic,One year,Bank transfer,116.46,3496.76,4,0,33.23,5,No,116.55866666666667,0.13333333333333333,0.0,1,0,0
CUST03987,Female,38,0,Yes,No,56,Yes,DSL,Two year,Electronic check,67.38,3670.0,2,3,27.02,5,No,65.53571428571429,0.03571428571428571,0.05357142857142857,0,0,1
CUST03988,Male,70,1,Yes,Yes,42,Yes,Fiber optic,Month-to-month,Credit card,92.74,3939.82,1,0,22.99,6,Yes,93.8052380952381,0.023809523809523808,0.0,1,0,1
CUST03989,Male,39,0,No,No,4,Yes,Fiber optic,One year,Bank transfer,94.4,365.83,6,0,105.99,6,Yes,91.4575,1.5,0.0,1,1,0
CUST03990,Female,52,0,No,No,11,Yes,DSL,Two year,Credit card,47.45,428.05,2,0,26.71,3,No,38.913636363636364,0.18181818181818182,0.0,0,0,0
CUST03991,Female,54,0,Yes,No,24,No,Fiber optic,Month-to-month,Credit card,81.3,1863.14,3,3,47.5,3,No,77.63083333333334,0.125,0.125,1,0,0
CUST03992,Male,33,0,No,No,67,Yes,No,Month-to-month,Electronic check,23.37,1576.21,3,1,40.47,1,No,23.525522388059702,0.04477611940298507,0.014925373134328358,0,0,1
CUST03993,Female,67,1,No,No,37,Yes,DSL,Two year,Electronic check,54.34,2027.11,3,1,62.27,1,No,54.78675675675675,0.08108108108108109,0.02702702702702703,0,0,1
CUST03994,Male,75,1,Yes,No,2,Yes,DSL,Two year,Bank transfer,55.83,0.0,2,2,39.76,6,No,0.0,1.0,1.0,0,1,0
CUST03995,Female,66,1,No,Yes,12,Yes,Fiber optic,Month-to-month,Electronic check,97.44,1134.91,1,1,24.16,6,Yes,94.57583333333334,0.08333333333333333,0.08333333333333333,1,0,0
CUST03996,Female,60,1,No,Yes,21,Yes,No,Month-to-month,Bank transfer,24.53,615.39,3,1,69.13,3,Yes,29.304285714285715,0.14285714285714285,0.047619047619047616,0,0,0
CUST03997,Female,34,0,Yes,No,69,Yes,Fiber optic,Month-to-month,Credit card,89.49,5919.72,5,0,45.53,4,No,85.79304347826087,0.07246376811594203,0.0,1,0,1
CUST03998,Female,33,0,No,Yes,71,No,DSL,One year,Mailed check,39.73,2796.55,5,1,39.02,5,No,39.388028169014085,0.07042253521126761,0.014084507042253521,0,0,1
CUST03999,Female,75,1,Yes,No,64,No,Fiber optic,Month-to-month,Mailed check,58.78,3765.07,2,1,28.16,4,No,58.82921875,0.03125,0.015625,0,0,1
CUST04000,Female,72,1,Yes,Yes,68,Yes,Fiber optic,Month-to-month,Bank transfer,70.84,4883.26,0,1,27.85,2,Yes,71.81264705882353,0.0,0.014705882352941176,0,0,1
CUST04001,Female,19,0,No,Yes,43,Yes,DSL,One year,Credit card,79.67,3404.94,1,2,87.31,2,No,79.1846511627907,0.023255813953488372,0.046511627906976744,0,0,1
CUST04002,Male,21,0,Yes,No,54,Yes,DSL,One year,Credit card,84.1,4502.66,3,0,32.87,2,No,83.38259259259259,0.05555555555555555,0.0,1,0,1
CUST04003,Male,38,0,Yes,No,62,Yes,Fiber optic,Two year,Electronic check,99.75,6245.6,0,2,60.46,4,No,100.73548387096774,0.0,0.03225806451612903,1,0,1
CUST04004,Male,56,0,Yes,No,12,Yes,DSL,Month-to-month,Electronic check,55.27,658.12,2,3,13.61,6,Yes,54.843333333333334,0.16666666666666666,0.25,0,0,0
CUST04005,Female,51,0,No,Yes,1,Yes,DSL,Month-to-month,Credit card,65.12,241.89,2,0,37.09,6,No,241.89,2.0,0.0,0,1,0
CUST04006,Female,47,0,No,Yes,72,Yes,Fiber optic,Two year,Bank transfer,103.93,7545.12,3,0,36.58,1,No,104.79333333333334,0.041666666666666664,0.0,1,0,1
CUST04007,Female,23,0,No,No,33,Yes,Fiber optic,One year,Electronic check,112.82,3804.48,2,0,30.22,2,Yes,115.28727272727272,0.06060606060606061,0.0,1,0,0
CUST04008,Female,34,0,No,No,64,Yes,Fiber optic,Two year,Credit card,67.75,4343.54,2,2,26.75,3,No,67.8678125,0.03125,0.03125,0,0,1
CUST04009,Female,56,0,Yes,No,68,Yes,Fiber optic,Two year,Credit card,88.06,6176.1,2,2,29.39,5,No,90.825,0.029411764705882353,0.029411764705882353,1,0,1
CUST04010,Female,42,0,Yes,Yes,14,Yes,Fiber optic,Two year,Mailed check,80.16,1066.25,3,0,67.59,6,No,76.16071428571429,0.21428571428571427,0.0,1,0,0
CUST04011,Female,22,0,No,No,14,No,Fiber optic,Month-to-month,Electronic check,93.79,1198.15,3,2,30.9,1,Yes,85.58214285714287,0.21428571428571427,0.14285714285714285,1,0,0
CUST04012,Male,22,0,No,No,9,Yes,DSL,Month-to-month,Electronic check,60.63,536.3,2,1,15.01,2,Yes,59.58888888888888,0.2222222222222222,0.1111111111111111,0,0,0
CUST04013,Female,37,0,Yes,No,26,Yes,Fiber optic,One year,Mailed check,70.0,1793.74,5,1,52.45,6,No,68.99,0.19230769230769232,0.038461538461538464,0,0,0
CUST04014,Male,33,0,Yes,No,49,Yes,DSL,One year,Electronic check,64.74,3158.43,3,1,52.47,5,No,64.4577551020408,0.061224489795918366,0.02040816326530612,0,0,1
CUST04015,Male,68,1,No,No,17,Yes,No,Month-to-month,Bank transfer,19.43,528.07,2,0,51.42,5,Yes,31.06294117647059,0.11764705882352941,0.0,0,0,0
CUST04016,Female,58,0,No,No,68,Yes,No,One year,Credit card,24.72,1601.86,1,0,16.77,1,No,23.55676470588235,0.014705882352941176,0.0,0,0,1
CUST04017,Female,54,0,No,No,60,Yes,DSL,Month-to-month,Credit card,60.15,3602.88,2,0,34.83,4,No,60.048,0.03333333333333333,0.0,0,0,1
CUST04018,Male,57,0,Yes,No,3,Yes,Fiber optic,One year,Credit card,110.31,167.63,3,1,44.79,5,No,55.876666666666665,1.0,0.3333333333333333,1,1,0
CUST04019,Male,26,0,No,Yes,25,Yes,Fiber optic,Month-to-month,Mailed check,89.81,2434.55,2,2,11.04,6,No,97.382,0.08,0.08,1,0,0
CUST04020,Female,22,0,No,Yes,21,No,DSL,Month-to-month,Electronic check,58.93,1005.15,5,2,44.71,1,No,47.864285714285714,0.23809523809523808,0.09523809523809523,0,0,0
CUST04021,Female,59,0,No,No,12,Yes,Fiber optic,Two year,Electronic check,95.86,1164.77,3,0,16.02,2,Yes,97.06416666666667,0.25,0.0,1,0,0
CUST04022,Male,74,1,No,Yes,54,No,Fiber optic,Month-to-month,Credit card,71.74,3739.84,1,0,7.69,1,Yes,69.2562962962963,0.018518518518518517,0.0,0,0,1
CUST04023,Female,19,0,No,Yes,1,No,DSL,Month-to-month,Credit card,61.21,0.0,2,2,38.63,4,Yes,0.0,2.0,2.0,0,1,0
CUST04024,Female,26,0,No,No,1,Yes,Fiber optic,Month-to-month,Credit card,94.52,6.17,4,1,30.36,2,Yes,6.17,4.0,1.0,1,1,0
CUST04025,Female,60,1,No,No,45,No,DSL,Two year,Mailed check,67.07,2907.89,2,2,31.16,4,No,64.61977777777777,0.044444444444444446,0.044444444444444446,0,0,1
CUST04026,Male,53,0,No,No,46,Yes,DSL,Two year,Mailed check,53.65,2494.84,4,0,55.6,5,No,54.235652173913046,0.08695652173913043,0.0,0,0,1
CUST04027,Male,39,0,No,No,48,Yes,DSL,Two year,Electronic check,64.37,2962.25,3,0,40.3,6,No,61.713541666666664,0.0625,0.0,0,0,1
CUST04028,Male,39,0,Yes,No,7,Yes,DSL,Two year,Electronic check,68.16,581.16,3,0,43.9,1,No,83.02285714285713,0.42857142857142855,0.0,0,0,0
CUST04029,Female,39,0,No,No,10,No,Fiber optic,One year,Electronic check,71.42,847.48,3,3,21.25,3,Yes,84.748,0.3,0.3,0,0,0
CUST04030,Female,51,0,No,No,15,Yes,DSL,Month-to-month,Mailed check,52.75,956.67,1,2,26.56,6,No,63.778,0.06666666666666667,0.13333333333333333,0,0,0
CUST04031,Male,72,1,No,Yes,40,Yes,Fiber optic,Month-to-month,Credit card,80.16,3053.37,2,1,16.34,4,Yes,76.33425,0.05,0.025,1,0,1
CUST04032,Male,46,0,Yes,Yes,11,Yes,DSL,Month-to-month,Credit card,87.95,889.23,3,0,26.09,1,No,80.83909090909091,0.2727272727272727,0.0,1,0,0
CUST04033,Male,55,0,No,No,56,No,Fiber optic,One year,Bank transfer,73.78,4083.52,0,0,66.65,3,Yes,72.92,0.0,0.0,0,0,1
CUST04034,Female,63,1,Yes,Yes,46,Yes,DSL,One year,Credit card,63.9,2882.91,3,2,35.99,3,No,62.671956521739126,0.06521739130434782,0.043478260869565216,0,0,1
CUST04035,Male,50,0,No,Yes,45,Yes,No,Month-to-month,Electronic check,22.18,1078.28,6,2,39.97,6,No,23.961777777777776,0.13333333333333333,0.044444444444444446,0,0,1
CUST04036,Male,35,0,No,Yes,13,Yes,Fiber optic,Month-to-month,Credit card,70.94,954.02,5,1,91.95,1,Yes,73.38615384615385,0.38461538461538464,0.07692307692307693,0,0,0
CUST04037,Female,24,0,Yes,No,27,Yes,Fiber optic,Month-to-month,Credit card,95.47,2484.9,4,1,24.86,6,No,92.03333333333333,0.14814814814814814,0.037037037037037035,1,0,0
CUST04038,Female,18,0,No,No,50,Yes,Fiber optic,Month-to-month,Bank transfer,63.84,3163.77,3,0,35.65,2,Yes,63.2754,0.06,0.0,0,0,1
CUST04039,Female,50,0,Yes,No,61,Yes,Fiber optic,One year,Credit card,106.65,6502.34,4,2,18.49,3,No,106.59573770491804,0.06557377049180328,0.03278688524590164,1,0,1
CUST04040,Male,18,0,Yes,Yes,13,Yes,Fiber optic,One year,Electronic check,69.41,885.17,0,3,35.7,1,No,68.09,0.0,0.23076923076923078,0,0,0
CUST04041,Female,41,0,No,No,12,Yes,DSL,One year,Electronic check,52.01,550.5,4,0,67.96,1,Yes,45.875,0.3333333333333333,0.0,0,0,0
CUST04042,Female,21,0,Yes,Yes,29,Yes,DSL,Month-to-month,Bank transfer,66.86,1827.98,6,2,62.22,2,Yes,63.033793103448275,0.20689655172413793,0.06896551724137931,0,0,0
CUST04043,Male,21,0,Yes,No,20,Yes,DSL,Two year,Mailed check,69.03,1455.74,3,2,63.4,6,No,72.787,0.15,0.1,0,0,0
CUST04044,Female,35,0,Yes,No,31,Yes,DSL,Month-to-month,Electronic check,62.8,1828.54,1,2,43.37,1,No,58.98516129032258,0.03225806451612903,0.06451612903225806,0,0,0
CUST04045,Male,44,0,Yes,No,8,Yes,Fiber optic,Month-to-month,Electronic check,77.01,686.86,1,0,31.5,4,Yes,85.8575,0.125,0.0,0,0,0
CUST04046,Male,60,1,No,No,24,Yes,Fiber optic,One year,Credit card,61.1,1490.18,6,2,35.12,4,Yes,62.090833333333336,0.25,0.08333333333333333,0,0,0
CUST04047,Female,49,0,No,No,39,Yes,DSL,Month-to-month,Credit card,58.92,2212.29,1,2,47.17,2,Yes,56.72538461538461,0.02564102564102564,0.05128205128205128,0,0,1
CUST04048,Female,50,0,No,No,33,Yes,DSL,Month-to-month,Electronic check,49.8,1694.43,4,3,36.25,5,Yes,51.34636363636364,0.12121212121212122,0.09090909090909091,0,0,0
CUST04049,Female,45,0,Yes,No,42,Yes,Fiber optic,Month-to-month,Credit card,121.18,5017.95,1,2,53.37,1,No,119.475,0.023809523809523808,0.047619047619047616,1,0,1
CUST04050,Female,59,0,Yes,No,15,Yes,Fiber optic,One year,Mailed check,87.0,1361.53,2,0,36.69,4,No,90.76866666666666,0.13333333333333333,0.0,1,0,0
CUST04051,Female,58,0,Yes,No,68,Yes,Fiber optic,Two year,Credit card,65.66,4386.16,2,0,55.56,4,No,64.50235294117647,0.029411764705882353,0.0,0,0,1
CUST04052,Female,72,1,No,No,65,Yes,Fiber optic,One year,Credit card,80.02,5212.21,3,0,76.17,1,No,80.18784615384615,0.046153846153846156,0.0,1,0,1
CUST04053,Male,53,0,No,No,32,Yes,Fiber optic,One year,Bank transfer,96.37,3078.95,1,0,18.28,6,No,96.2171875,0.03125,0.0,1,0,0
CUST04054,Male,23,0,No,No,11,No,DSL,Month-to-month,Electronic check,73.95,751.57,0,0,20.19,6,Yes,68.32454545454546,0.0,0.0,0,0,0
CUST04055,Female,33,0,No,Yes,37,Yes,DSL,Month-to-month,Credit card,56.29,2051.24,2,3,37.54,1,No,55.438918918918915,0.05405405405405406,0.08108108108108109,0,0,1
CUST04056,Male,51,0,No,No,19,Yes,Fiber optic,Month-to-month,Credit card,83.22,1516.83,2,1,48.57,6,Yes,79.83315789473684,0.10526315789473684,0.05263157894736842,1,0,0
CUST04057,Female,40,0,No,No,51,Yes,DSL,Two year,Credit card,66.78,3522.87,5,0,53.45,3,No,69.07588235294118,0.09803921568627451,0.0,0,0,1
CUST04058,Male,67,1,No,No,34,Yes,Fiber optic,Month-to-month,Mailed check,70.96,2342.6,2,1,73.97,2,Yes,68.89999999999999,0.058823529411764705,0.029411764705882353,0,0,0
CUST04059,Male,59,0,Yes,Yes,71,Yes,DSL,Two year,Electronic check,64.17,4548.95,4,2,25.27,3,No,64.06971830985916,0.056338028169014086,0.028169014084507043,0,0,1
CUST04060,Male,41,0,Yes,No,60,Yes,DSL,Month-to-month,Electronic check,63.43,3596.72,3,3,49.02,2,No,59.94533333333333,0.05,0.05,0,0,1
CUST04061,Female,73,1,No,No,53,Yes,No,One year,Mailed check,29.27,1482.59,3,0,52.58,3,No,27.973396226415094,0.05660377358490566,0.0,0,0,1
CUST04062,Male,66,1,No,No,12,Yes,Fiber optic,Two year,Electronic check,84.42,1076.52,4,1,42.84,6,No,89.71,0.3333333333333333,0.08333333333333333,1,0,0
CUST04063,Female,30,0,No,No,62,Yes,Fiber optic,Month-to-month,Credit card,61.53,3862.35,3,0,47.48,2,No,62.295967741935485,0.04838709677419355,0.0,0,0,1
CUST04064,Male,73,1,Yes,No,66,Yes,DSL,One year,Credit card,62.73,4183.82,2,1,39.55,1,No,63.391212121212114,0.030303030303030304,0.015151515151515152,0,0,1
CUST04065,Male,35,0,Yes,No,48,Yes,Fiber optic,Month-to-month,Mailed check,71.86,3446.4,0,3,21.74,6,No,71.8,0.0,0.0625,0,0,1
CUST04066,Male,71,1,No,Yes,40,No,Fiber optic,Month-to-month,Credit card,110.89,4460.77,2,2,21.78,2,Yes,111.51925000000001,0.05,0.05,1,0,1
CUST04067,Male,30,0,No,No,24,Yes,Fiber optic,Month-to-month,Credit card,111.32,2816.03,1,2,61.51,4,Yes,117.33458333333334,0.041666666666666664,0.08333333333333333,1,0,0
CUST04068,Male,66,1,Yes,No,50,Yes,DSL,Two year,Credit card,46.26,2220.57,3,3,30.85,5,No,44.4114,0.06,0.06,0,0,1
CUST04069,Female,54,0,No,No,68,Yes,Fiber optic,Month-to-month,Mailed check,72.17,5030.19,4,2,92.03,4,Yes,73.97338235294117,0.058823529411764705,0.029411764705882353,0,0,1
CUST04070,Female,60,1,Yes,No,43,No,No,Month-to-month,Bank transfer,18.0,685.83,1,2,61.91,2,No,15.949534883720931,0.023255813953488372,0.046511627906976744,0,0,1
CUST04071,Male,56,0,Yes,No,17,Yes,Fiber optic,Two year,Electronic check,96.03,1662.78,3,0,78.19,2,Yes,97.81058823529412,0.17647058823529413,0.0,1,0,0
CUST04072,Male,59,0,No,No,55,Yes,Fiber optic,Month-to-month,Bank transfer,76.4,4116.35,0,0,55.71,2,No,74.84272727272727,0.0,0.0,0,0,1
CUST04073,Male,34,0,No,No,34,Yes,DSL,Month-to-month,Bank transfer,63.25,2235.27,2,1,57.04,5,No,65.74323529411765,0.058823529411764705,0.029411764705882353,0,0,0
CUST04074,Male,32,0,Yes,No,70,Yes,Fiber optic,Two year,Bank transfer,76.91,5254.88,1,4,23.51,5,No,75.06971428571428,0.014285714285714285,0.05714285714285714,0,0,1
CUST04075,Female,35,0,Yes,No,60,Yes,DSL,Month-to-month,Bank transfer,40.77,2345.72,5,2,13.33,3,No,39.09533333333333,0.08333333333333333,0.03333333333333333,0,0,1
CUST04076,Male,40,0,No,No,51,Yes,DSL,Month-to-month,Credit card,62.53,3177.8,3,2,43.17,2,Yes,62.30980392156863,0.058823529411764705,0.0392156862745098,0,0,1
CUST04077,Female,71,1,Yes,No,35,Yes,DSL,Two year,Credit card,75.47,2562.67,1,2,40.16,3,Yes,73.21914285714286,0.02857142857142857,0.05714285714285714,0,0,0
CUST04078,Male,68,1,No,Yes,34,Yes,DSL,Month-to-month,Bank transfer,59.66,1957.41,2,2,27.06,4,No,57.570882352941176,0.058823529411764705,0.058823529411764705,0,0,0
CUST04079,Female,47,0,No,No,16,Yes,Fiber optic,Month-to-month,Electronic check,69.6,1101.79,3,1,23.7,5,Yes,68.861875,0.1875,0.0625,0,0,0
CUST04080,Male,75,1,Yes,No,18,No,No,Month-to-month,Electronic check,23.81,303.47,3,2,32.76,1,Yes,16.859444444444446,0.16666666666666666,0.1111111111111111,0,0,0
CUST04081,Male,51,0,No,Yes,38,Yes,DSL,One year,Electronic check,66.16,2526.88,3,1,18.79,5,No,66.49684210526316,0.07894736842105263,0.02631578947368421,0,0,1
CUST04082,Female,75,1,No,No,43,Yes,Fiber optic,Month-to-month,Bank transfer,81.97,3561.53,2,0,31.23,3,Yes,82.82627906976745,0.046511627906976744,0.0,1,0,1
CUST04083,Male,21,0,Yes,No,32,Yes,Fiber optic,Month-to-month,Bank transfer,68.52,2035.19,0,0,8.67,1,Yes,63.5996875,0.0,0.0,0,0,0
CUST04084,Male,20,0,Yes,No,7,Yes,Fiber optic,Month-to-month,Credit card,115.3,831.52,0,2,96.14,6,Yes,118.78857142857143,0.0,0.2857142857142857,1,0,0
CUST04085,Male,24,0,Yes,No,46,Yes,Fiber optic,Month-to-month,Bank transfer,62.31,2886.57,3,1,41.51,1,No,62.75152173913044,0.06521739130434782,0.021739130434782608,0,0,1
CUST04086,Female,73,1,No,No,61,Yes,DSL,One year,Bank transfer,87.3,5368.98,1,1,58.52,1,Yes,88.01606557377049,0.01639344262295082,0.01639344262295082,1,0,1
CUST04087,Male,35,0,No,No,18,Yes,Fiber optic,Month-to-month,Mailed check,83.61,1516.55,0,0,67.81,5,Yes,84.25277777777778,0.0,0.0,1,0,0
CUST04088,Male,59,0,Yes,No,71,Yes,No,One year,Electronic check,32.18,2319.95,2,1,21.89,2,No,32.67535211267605,0.028169014084507043,0.014084507042253521,0,0,1
CUST04089,Female,24,0,Yes,No,40,Yes,Fiber optic,Month-to-month,Credit card,88.23,3564.04,1,2,74.42,1,Yes,89.101,0.025,0.05,1,0,1
CUST04090,Female,57,0,Yes,No,50,Yes,Fiber optic,Month-to-month,Bank transfer,71.83,3616.04,2,1,19.57,4,No,72.3208,0.04,0.02,0,0,1
CUST04091,Female,23,0,No,No,5,Yes,Fiber optic,Month-to-month,Electronic check,104.93,561.89,3,2,39.26,4,Yes,112.378,0.6,0.4,1,1,0
CUST04092,Male,39,0,Yes,No,54,Yes,Fiber optic,Month-to-month,Electronic check,94.24,5243.07,3,0,13.5,1,No,97.09388888888888,0.05555555555555555,0.0,1,0,1
CUST04093,Male,75,1,No,Yes,58,Yes,DSL,Month-to-month,Credit card,58.85,3544.27,5,1,19.35,4,Yes,61.10810344827586,0.08620689655172414,0.017241379310344827,0,0,1
CUST04094,Male,18,0,Yes,Yes,22,Yes,DSL,One year,Bank transfer,68.73,1500.69,2,0,39.08,4,No,68.21318181818182,0.09090909090909091,0.0,0,0,0
CUST04095,Female,21,0,No,No,38,Yes,Fiber optic,One year,Credit card,82.94,3089.33,5,2,41.08,4,Yes,81.29815789473685,0.13157894736842105,0.05263157894736842,1,0,1
CUST04096,Male,63,1,No,Yes,49,Yes,No,Month-to-month,Credit card,18.0,1009.05,5,0,44.73,3,No,20.59285714285714,0.10204081632653061,0.0,0,0,1
CUST04097,Male,66,1,No,No,1,Yes,DSL,One year,Credit card,39.47,268.3,2,0,25.57,3,No,268.3,2.0,0.0,0,1,0
CUST04098,Female,69,1,Yes,No,36,Yes,DSL,Two year,Electronic check,59.74,2147.81,2,0,75.7,6,No,59.66138888888889,0.05555555555555555,0.0,0,0,1
CUST04099,Female,67,1,No,Yes,28,Yes,DSL,Month-to-month,Mailed check,56.19,1623.29,4,0,29.09,4,Yes,57.974642857142854,0.14285714285714285,0.0,0,0,0
CUST04100,Female,60,1,Yes,Yes,35,Yes,DSL,Month-to-month,Electronic check,58.93,2029.98,6,0,11.56,2,No,57.999428571428574,0.17142857142857143,0.0,0,0,0
CUST04101,Female,46,0,Yes,No,60,Yes,DSL,One year,Credit card,55.92,3408.31,5,2,49.79,4,No,56.805166666666665,0.08333333333333333,0.03333333333333333,0,0,1
CUST04102,Female,38,0,No,No,62,Yes,Fiber optic,Month-to-month,Electronic check,68.18,4028.92,2,1,30.76,3,Yes,64.98258064516129,0.03225806451612903,0.016129032258064516,0,0,1
CUST04103,Male,43,0,No,No,46,No,Fiber optic,One year,Credit card,64.26,2903.52,4,1,40.51,1,Yes,63.12,0.08695652173913043,0.021739130434782608,0,0,1
CUST04104,Female,31,0,Yes,No,61,Yes,DSL,Two year,Mailed check,49.85,3113.21,2,3,32.97,4,No,51.03622950819672,0.03278688524590164,0.04918032786885246,0,0,1
CUST04105,Male,26,0,Yes,Yes,65,Yes,No,Month-to-month,Mailed check,31.03,1929.45,1,3,56.34,5,Yes,29.683846153846154,0.015384615384615385,0.046153846153846156,0,0,1
CUST04106,Male,64,1,No,Yes,26,Yes,DSL,Two year,Credit card,50.19,1360.4,2,1,33.3,3,Yes,52.323076923076925,0.07692307692307693,0.038461538461538464,0,0,0
CUST04107,Female,29,0,No,No,35,Yes,No,Month-to-month,Electronic check,33.34,1218.91,1,1,17.74,3,Yes,34.826,0.02857142857142857,0.02857142857142857,0,0,0
CUST04108,Female,59,0,Yes,No,57,Yes,Fiber optic,Month-to-month,Electronic check,69.45,4016.56,2,1,53.19,3,Yes,70.4659649122807,0.03508771929824561,0.017543859649122806,0,0,1
CUST04109,Female,68,1,No,No,63,Yes,DSL,Month-to-month,Electronic check,74.22,4625.12,1,1,65.77,1,Yes,73.41460317460317,0.015873015873015872,0.015873015873015872,0,0,1
CUST04110,Male,73,1,Yes,No,4,Yes,DSL,Month-to-month,Credit card,53.81,291.76,3,0,56.27,5,Yes,72.94,0.75,0.0,0,1,0
CUST04111,Female,68,1,No,No,42,Yes,DSL,Month-to-month,Credit card,56.3,2549.44,2,1,24.31,5,No,60.70095238095238,0.047619047619047616,0.023809523809523808,0,0,1
CUST04112,Female,23,0,No,Yes,45,Yes,DSL,Month-to-month,Bank transfer,56.41,2489.37,0,2,40.01,5,No,55.31933333333333,0.0,0.044444444444444446,0,0,1
CUST04113,Female,37,0,Yes,Yes,39,Yes,Fiber optic,One year,Bank transfer,93.73,3588.48,3,1,24.69,3,Yes,92.01230769230769,0.07692307692307693,0.02564102564102564,1,0,1
CUST04114,Female,41,0,No,No,65,Yes,Fiber optic,Month-to-month,Electronic check,88.78,5753.67,1,2,46.79,4,No,88.518,0.015384615384615385,0.03076923076923077,1,0,1
CUST04115,Female,44,0,No,No,22,Yes,No,Month-to-month,Bank transfer,26.11,601.94,1,1,43.49,4,Yes,27.360909090909093,0.045454545454545456,0.045454545454545456,0,0,0
CUST04116,Male,55,0,No,Yes,11,Yes,Fiber optic,Month-to-month,Bank transfer,83.79,818.68,2,1,33.56,6,Yes,74.42545454545454,0.18181818181818182,0.09090909090909091,1,0,0
CUST04117,Male,25,0,No,No,37,Yes,DSL,Month-to-month,Credit card,53.17,1921.85,4,3,49.82,5,No,51.94189189189189,0.10810810810810811,0.08108108108108109,0,0,1
CUST04118,Male,18,0,No,No,51,Yes,Fiber optic,Month-to-month,Mailed check,101.45,5319.52,2,3,36.64,3,Yes,104.3043137254902,0.0392156862745098,0.058823529411764705,1,0,1
CUST04119,Female,71,1,Yes,No,58,Yes,Fiber optic,One year,Bank transfer,86.29,5118.42,1,1,65.75,4,No,88.24862068965517,0.017241379310344827,0.017241379310344827,1,0,1
CUST04120,Female,66,1,Yes,Yes,7,Yes,DSL,Month-to-month,Credit card,66.89,369.15,5,0,45.37,2,No,52.73571428571428,0.7142857142857143,0.0,0,0,0
CUST04121,Female,66,1,Yes,No,8,Yes,DSL,One year,Mailed check,62.4,685.79,6,0,53.11,4,Yes,85.72375,0.75,0.0,0,0,0
CUST04122,Male,41,0,No,No,51,Yes,No,Month-to-month,Credit card,21.63,1060.14,3,1,25.63,4,No,20.787058823529414,0.058823529411764705,0.0196078431372549,0,0,1
CUST04123,Female,64,1,No,Yes,23,Yes,Fiber optic,One year,Credit card,120.93,2814.94,3,0,37.05,2,Yes,122.38869565217392,0.13043478260869565,0.0,1,0,0
CUST04124,Female,24,0,No,No,9,Yes,DSL,Month-to-month,Credit card,74.76,677.01,2,3,33.02,4,Yes,75.22333333333333,0.2222222222222222,0.3333333333333333,0,0,0
CUST04125,Female,36,0,Yes,No,46,Yes,No,Month-to-month,Mailed check,20.68,1043.14,5,2,58.06,1,Yes,22.676956521739132,0.10869565217391304,0.043478260869565216,0,0,1
CUST04126,Male,39,0,No,No,38,Yes,No,One year,Electronic check,41.42,1459.62,1,1,28.29,6,No,38.41105263157895,0.02631578947368421,0.02631578947368421,0,0,1
CUST04127,Female,74,1,No,No,13,Yes,No,Month-to-month,Credit card,32.42,368.75,2,0,51.39,3,Yes,28.365384615384617,0.15384615384615385,0.0,0,0,0
CUST04128,Male,72,1,No,Yes,7,Yes,DSL,Two year,Credit card,46.88,236.49,1,2,63.41,1,Yes,33.784285714285716,0.14285714285714285,0.2857142857142857,0,0,0
CUST04129,Female,52,0,Yes,No,11,Yes,Fiber optic,One year,Credit card,98.23,974.89,2,3,35.89,1,Yes,88.62636363636364,0.18181818181818182,0.2727272727272727,1,0,0
CUST04130,Male,47,0,Yes,No,50,Yes,Fiber optic,Month-to-month,Bank transfer,91.24,4487.71,1,0,45.5,3,No,89.7542,0.02,0.0,1,0,1
CUST04131,Male,46,0,No,No,67,Yes,DSL,Two year,Credit card,61.99,4069.74,1,0,37.3,6,No,60.74238805970149,0.014925373134328358,0.0,0,0,1
CUST04132,Male,39,0,No,No,41,Yes,DSL,Two year,Electronic check,72.18,3023.51,4,1,31.32,1,No,73.74414634146342,0.0975609756097561,0.024390243902439025,0,0,1
CUST04133,Female,28,0,Yes,Yes,29,No,DSL,Month-to-month,Mailed check,64.09,1819.87,1,4,21.85,4,No,62.75413793103448,0.034482758620689655,0.13793103448275862,0,0,0
CUST04134,Female,37,0,No,No,37,Yes,Fiber optic,Month-to-month,Bank transfer,54.85,2004.07,0,3,56.0,5,Yes,54.164054054054056,0.0,0.08108108108108109,0,0,1
CUST04135,Male,46,0,Yes,Yes,56,Yes,DSL,One year,Mailed check,43.76,2267.05,2,1,23.07,5,No,40.48303571428572,0.03571428571428571,0.017857142857142856,0,0,1
CUST04136,Male,68,1,No,Yes,16,Yes,Fiber optic,Month-to-month,Electronic check,72.17,1253.54,1,1,47.85,1,No,78.34625,0.0625,0.0625,0,0,0
CUST04137,Female,58,0,No,No,44,Yes,DSL,Month-to-month,Credit card,83.95,3522.55,2,0,5.62,5,Yes,80.05795454545455,0.045454545454545456,0.0,1,0,1
CUST04138,Female,59,0,Yes,No,50,Yes,Fiber optic,One year,Bank transfer,94.78,4748.55,1,1,89.64,6,No,94.971,0.02,0.02,1,0,1
CUST04139,Male,51,0,No,Yes,71,Yes,No,One year,Credit card,29.33,2215.3,1,0,47.1,1,No,31.20140845070423,0.014084507042253521,0.0,0,0,1
CUST04140,Female,18,0,Yes,No,6,Yes,Fiber optic,One year,Bank transfer,86.62,673.45,2,1,52.05,3,Yes,112.24166666666667,0.3333333333333333,0.16666666666666666,1,1,0
CUST04141,Female,48,0,Yes,No,18,Yes,DSL,One year,Electronic check,48.94,742.58,5,2,44.84,6,No,41.254444444444445,0.2777777777777778,0.1111111111111111,0,0,0
CUST04142,Female,47,0,No,No,19,Yes,Fiber optic,Month-to-month,Credit card,63.2,1182.89,4,1,36.74,6,Yes,62.25736842105264,0.21052631578947367,0.05263157894736842,0,0,0
CUST04143,Female,65,1,Yes,No,51,Yes,DSL,Month-to-month,Credit card,71.95,3746.46,6,1,21.87,2,No,73.46,0.11764705882352941,0.0196078431372549,0,0,1
CUST04144,Male,35,0,Yes,Yes,66,Yes,DSL,One year,Credit card,79.96,5236.86,5,0,48.78,1,No,79.34636363636363,0.07575757575757576,0.0,0,0,1
CUST04145,Female,72,1,Yes,Yes,3,Yes,No,Month-to-month,Credit card,30.42,199.34,2,1,46.83,2,Yes,66.44666666666667,0.6666666666666666,0.3333333333333333,0,1,0
CUST04146,Female,75,1,Yes,No,54,Yes,Fiber optic,One year,Electronic check,77.64,3988.79,2,1,41.21,4,No,73.86648148148149,0.037037037037037035,0.018518518518518517,0,0,1
CUST04147,Male,34,0,Yes,Yes,49,No,Fiber optic,Month-to-month,Bank transfer,78.87,3879.84,5,3,54.03,3,Yes,79.18040816326531,0.10204081632653061,0.061224489795918366,0,0,1
CUST04148,Male,55,0,Yes,Yes,28,Yes,DSL,Month-to-month,Electronic check,68.32,1957.84,4,2,27.11,5,Yes,69.92285714285714,0.14285714285714285,0.07142857142857142,0,0,0
CUST04149,Female,31,0,No,No,38,Yes,Fiber optic,One year,Credit card,83.25,3048.91,3,2,61.36,6,No,80.23447368421053,0.07894736842105263,0.05263157894736842,1,0,1
CUST04150,Female,40,0,Yes,No,28,Yes,Fiber optic,Month-to-month,Electronic check,82.64,2394.0,4,4,43.66,1,Yes,85.5,0.14285714285714285,0.14285714285714285,1,0,0
CUST04151,Female,42,0,No,No,32,Yes,DSL,Month-to-month,Credit card,53.54,1610.84,1,4,51.2,1,No,50.33875,0.03125,0.125,0,0,0
CUST04152,Female,32,0,Yes,Yes,41,Yes,DSL,Month-to-month,Credit card,52.04,2295.99,2,0,19.38,4,No,55.99975609756097,0.04878048780487805,0.0,0,0,1
CUST04153,Male,63,1,Yes,No,36,Yes,Fiber optic,Month-to-month,Bank transfer,83.2,2962.91,2,1,47.34,3,Yes,82.30305555555555,0.05555555555555555,0.027777777777777776,1,0,1
CUST04154,Male,73,1,Yes,No,36,Yes,Fiber optic,Month-to-month,Credit card,61.24,2188.69,3,0,12.36,2,No,60.79694444444445,0.08333333333333333,0.0,0,0,1
CUST04155,Male,39,0,No,Yes,66,Yes,DSL,Month-to-month,Electronic check,67.43,4347.02,2,0,23.57,3,No,65.8639393939394,0.030303030303030304,0.0,0,0,1
CUST04156,Female,20,0,No,No,10,Yes,DSL,One year,Credit card,37.59,340.89,3,0,56.48,4,No,34.089,0.3,0.0,0,0,0
CUST04157,Female,73,1,No,Yes,70,Yes,Fiber optic,Two year,Bank transfer,100.98,6997.91,2,0,37.11,2,No,99.97014285714286,0.02857142857142857,0.0,1,0,1
CUST04158,Female,72,1,Yes,No,72,No,Fiber optic,Month-to-month,Electronic check,77.08,5579.95,2,1,20.5,2,Yes,77.49930555555555,0.027777777777777776,0.013888888888888888,0,0,1
CUST04159,Female,36,0,No,No,63,Yes,DSL,Month-to-month,Credit card,58.57,3715.78,4,1,44.78,1,Yes,58.98063492063493,0.06349206349206349,0.015873015873015872,0,0,1
CUST04160,Male,74,1,Yes,No,22,Yes,Fiber optic,One year,Credit card,93.37,2045.32,0,1,69.6,1,No,92.96909090909091,0.0,0.045454545454545456,1,0,0
CUST04161,Male,61,1,Yes,Yes,20,Yes,DSL,Two year,Electronic check,56.55,1147.99,4,0,18.32,3,No,57.3995,0.2,0.0,0,0,0
CUST04162,Female,51,0,No,Yes,33,Yes,DSL,Month-to-month,Electronic check,51.14,1578.23,2,1,69.97,2,Yes,47.82515151515152,0.06060606060606061,0.030303030303030304,0,0,0
CUST04163,Male,52,0,Yes,No,15,Yes,DSL,Month-to-month,Electronic check,63.44,848.29,1,1,9.19,1,Yes,56.55266666666667,0.06666666666666667,0.06666666666666667,0,0,0
CUST04164,Female,67,1,No,No,7,Yes,No,Month-to-month,Credit card,42.59,418.68,3,2,98.11,2,Yes,59.81142857142857,0.42857142857142855,0.2857142857142857,0,0,0
CUST04165,Female,18,0,Yes,Yes,50,Yes,Fiber optic,Month-to-month,Electronic check,96.82,4766.43,3,1,31.72,2,Yes,95.32860000000001,0.06,0.02,1,0,1
CUST04166,Male,69,1,No,Yes,10,Yes,Fiber optic,One year,Credit card,73.63,766.02,0,1,47.36,5,No,76.602,0.0,0.1,0,0,0
CUST04167,Female,38,0,No,No,37,Yes,DSL,Two year,Electronic check,55.78,1833.55,4,2,46.05,1,Yes,49.5554054054054,0.10810810810810811,0.05405405405405406,0,0,1
CUST04168,Female,46,0,No,No,59,Yes,DSL,One year,Credit card,54.27,3244.5,1,2,31.35,1,No,54.99152542372882,0.01694915254237288,0.03389830508474576,0,0,1
CUST04169,Male,23,0,Yes,Yes,63,Yes,Fiber optic,Two year,Electronic check,69.53,4496.63,3,1,18.65,1,No,71.37507936507937,0.047619047619047616,0.015873015873015872,0,0,1
CUST04170,Female,54,0,Yes,No,21,Yes,Fiber optic,Month-to-month,Credit card,94.0,1986.09,3,1,36.51,6,Yes,94.57571428571428,0.14285714285714285,0.047619047619047616,1,0,0
CUST04171,Female,18,0,No,No,37,No,Fiber optic,Two year,Mailed check,80.11,2981.07,0,0,38.87,5,No,80.56945945945947,0.0,0.0,1,0,1
CUST04172,Male,68,1,Yes,No,45,Yes,Fiber optic,Month-to-month,Credit card,89.77,4196.47,3,4,34.03,4,Yes,93.2548888888889,0.06666666666666667,0.08888888888888889,1,0,1
CUST04173,Female,18,0,No,No,14,No,DSL,Month-to-month,Credit card,28.62,429.08,4,2,28.95,5,Yes,30.648571428571426,0.2857142857142857,0.14285714285714285,0,0,0
CUST04174,Male,44,0,No,No,43,Yes,DSL,One year,Bank transfer,68.28,2867.61,3,0,21.5,6,No,66.68860465116279,0.06976744186046512,0.0,0,0,1
CUST04175,Female,38,0,Yes,Yes,33,No,Fiber optic,Month-to-month,Electronic check,76.12,2468.07,2,1,44.2,4,Yes,74.79,0.06060606060606061,0.030303030303030304,0,0,0
CUST04176,Male,70,1,No,Yes,3,Yes,Fiber optic,Month-to-month,Electronic check,69.92,148.98,0,0,56.13,3,No,49.66,0.0,0.0,0,1,0
CUST04177,Male,33,0,No,No,44,Yes,Fiber optic,One year,Electronic check,64.93,2954.4,4,1,14.38,1,No,67.14545454545454,0.09090909090909091,0.022727272727272728,0,0,1
CUST04178,Male,61,1,Yes,No,35,Yes,Fiber optic,Month-to-month,Electronic check,71.2,2620.89,5,2,23.35,4,Yes,74.88257142857142,0.14285714285714285,0.05714285714285714,0,0,0
CUST04179,Female,71,1,Yes,No,25,Yes,Fiber optic,One year,Electronic check,78.58,2071.23,3,0,48.5,2,Yes,82.8492,0.12,0.0,0,0,0
CUST04180,Male,57,0,Yes,No,8,Yes,Fiber optic,Month-to-month,Credit card,98.33,713.8,2,0,39.18,6,Yes,89.225,0.25,0.0,1,0,0
CUST04181,Male,43,0,Yes,No,62,Yes,Fiber optic,One year,Electronic check,78.34,4864.3,4,0,47.58,4,Yes,78.45645161290322,0.06451612903225806,0.0,0,0,1
CUST04182,Male,33,0,No,Yes,18,Yes,DSL,Month-to-month,Mailed check,71.79,1362.31,3,2,18.69,6,No,75.68388888888889,0.16666666666666666,0.1111111111111111,0,0,0
CUST04183,Male,45,0,Yes,No,28,Yes,DSL,Month-to-month,Mailed check,63.51,1661.53,0,2,21.52,4,Yes,59.340357142857144,0.0,0.07142857142857142,0,0,0
CUST04184,Male,18,0,No,No,12,Yes,Fiber optic,Month-to-month,Mailed check,112.29,1438.38,3,1,44.95,2,Yes,119.86500000000001,0.25,0.08333333333333333,1,0,0
CUST04185,Female,53,0,Yes,Yes,64,Yes,No,One year,Electronic check,20.99,1428.5,1,1,17.24,3,No,22.3203125,0.015625,0.015625,0,0,1
CUST04186,Female,27,0,No,No,2,Yes,DSL,One year,Mailed check,64.96,189.93,6,1,126.4,6,Yes,94.965,3.0,0.5,0,1,0
CUST04187,Female,60,1,No,No,59,Yes,No,Month-to-month,Bank transfer,34.99,2146.56,3,0,36.83,1,Yes,36.382372881355934,0.05084745762711865,0.0,0,0,1
CUST04188,Female,34,0,Yes,No,37,Yes,No,Month-to-month,Mailed check,30.04,1103.23,3,3,46.06,5,No,29.817027027027027,0.08108108108108109,0.08108108108108109,0,0,1
CUST04189,Female,74,1,Yes,Yes,4,Yes,DSL,Month-to-month,Credit card,57.96,148.27,2,0,20.76,6,No,37.0675,0.5,0.0,0,1,0
CUST04190,Female,40,0,No,Yes,41,Yes,DSL,One year,Bank transfer,54.15,2337.18,0,2,33.85,6,No,57.004390243902435,0.0,0.04878048780487805,0,0,1
CUST04191,Female,24,0,No,No,45,Yes,Fiber optic,Month-to-month,Electronic check,55.85,2517.83,2,3,49.76,6,No,55.95177777777778,0.044444444444444446,0.06666666666666667,0,0,1
CUST04192,Male,61,1,Yes,No,34,Yes,DSL,Month-to-month,Electronic check,57.13,1890.23,4,0,67.36,6,Yes,55.595,0.11764705882352941,0.0,0,0,0
CUST04193,Female,70,1,Yes,Yes,13,Yes,DSL,One year,Electronic check,48.93,648.94,2,0,23.4,3,No,49.91846153846154,0.15384615384615385,0.0,0,0,0
CUST04194,Male,24,0,Yes,No,7,Yes,DSL,Two year,Mailed check,53.5,386.64,1,2,22.37,5,No,55.23428571428571,0.14285714285714285,0.2857142857142857,0,0,0
CUST04195,Male,61,1,Yes,No,32,Yes,DSL,Month-to-month,Electronic check,60.62,1893.52,2,0,36.75,5,Yes,59.1725,0.0625,0.0,0,0,0
CUST04196,Female,32,0,No,No,23,Yes,Fiber optic,Month-to-month,Electronic check,61.58,1470.75,4,2,24.37,3,Yes,63.94565217391305,0.17391304347826086,0.08695652173913043,0,0,0
CUST04197,Male,51,0,No,No,49,Yes,DSL,One year,Mailed check,48.09,2548.02,3,0,9.13,4,Yes,52.000408163265305,0.061224489795918366,0.0,0,0,1
CUST04198,Male,63,1,Yes,No,72,Yes,Fiber optic,One year,Electronic check,90.81,6414.0,1,1,37.71,3,No,89.08333333333333,0.013888888888888888,0.013888888888888888,1,0,1
CUST04199,Male,62,1,No,Yes,47,Yes,DSL,Month-to-month,Mailed check,44.82,1984.6,2,1,39.28,5,No,42.225531914893615,0.0425531914893617,0.02127659574468085,0,0,1
CUST04200,Male,21,0,Yes,No,37,Yes,No,Month-to-month,Bank transfer,24.64,1035.19,2,1,121.72,3,Yes,27.97810810810811,0.05405405405405406,0.02702702702702703,0,0,1
CUST04201,Female,31,0,No,No,48,Yes,DSL,Month-to-month,Electronic check,43.18,2151.48,2,3,30.33,2,No,44.8225,0.041666666666666664,0.0625,0,0,1
CUST04202,Female,31,0,Yes,Yes,29,Yes,DSL,One year,Electronic check,66.32,2090.36,4,1,10.96,6,No,72.08137931034483,0.13793103448275862,0.034482758620689655,0,0,0
CUST04203,Female,33,0,Yes,No,37,Yes,Fiber optic,One year,Credit card,94.86,3698.85,4,1,41.99,4,Yes,99.96891891891892,0.10810810810810811,0.02702702702702703,1,0,1
CUST04204,Female,24,0,Yes,No,23,Yes,No,Month-to-month,Mailed check,34.88,879.67,4,2,33.19,4,No,38.246521739130436,0.17391304347826086,0.08695652173913043,0,0,0
CUST04205,Female,49,0,Yes,No,38,Yes,Fiber optic,Month-to-month,Mailed check,103.68,3825.21,1,2,31.92,5,Yes,100.66342105263158,0.02631578947368421,0.05263157894736842,1,0,1
CUST04206,Female,36,0,No,No,44,Yes,No,Month-to-month,Electronic check,27.19,1231.93,0,1,17.73,6,Yes,27.998409090909092,0.0,0.022727272727272728,0,0,1
CUST04207,Female,19,0,No,No,5,Yes,Fiber optic,Two year,Credit card,58.57,258.08,5,3,50.92,6,No,51.616,1.0,0.6,0,1,0
CUST04208,Female,27,0,Yes,No,52,Yes,Fiber optic,Month-to-month,Credit card,85.03,4471.74,3,2,18.66,4,Yes,85.99499999999999,0.057692307692307696,0.038461538461538464,1,0,1
CUST04209,Female,67,1,No,Yes,40,Yes,DSL,Month-to-month,Bank transfer,65.5,2546.98,2,2,53.85,6,Yes,63.6745,0.05,0.05,0,0,1
CUST04210,Female,34,0,Yes,No,11,Yes,DSL,One year,Electronic check,61.45,731.13,2,1,89.52,5,Yes,66.46636363636364,0.18181818181818182,0.09090909090909091,0,0,0
CUST04211,Male,54,0,No,No,2,Yes,Fiber optic,Two year,Electronic check,109.94,293.38,2,2,27.9,6,Yes,146.69,1.0,1.0,1,1,0
CUST04212,Female,29,0,Yes,Yes,35,Yes,DSL,One year,Bank transfer,75.57,2674.85,3,0,70.12,2,No,76.42428571428572,0.08571428571428572,0.0,0,0,0
CUST04213,Male,23,0,Yes,No,45,Yes,DSL,Month-to-month,Credit card,60.31,2757.75,3,0,25.58,5,No,61.28333333333333,0.06666666666666667,0.0,0,0,1
CUST04214,Male,39,0,Yes,No,49,Yes,Fiber optic,Two year,Electronic check,96.19,4788.35,2,1,49.95,2,No,97.72142857142858,0.04081632653061224,0.02040816326530612,1,0,1
CUST04215,Male,49,0,No,No,35,Yes,DSL,One year,Bank transfer,42.4,1410.4,1,2,41.5,6,No,40.29714285714286,0.02857142857142857,0.05714285714285714,0,0,0
CUST04216,Male,58,0,No,Yes,72,Yes,Fiber optic,One year,Credit card,87.84,6357.02,6,2,23.59,2,No,88.29194444444445,0.08333333333333333,0.027777777777777776,1,0,1
CUST04217,Female,37,0,Yes,No,32,No,DSL,Month-to-month,Credit card,44.83,1428.52,2,1,30.33,4,No,44.64125,0.0625,0.03125,0,0,0
CUST04218,Male,18,0,Yes,Yes,68,Yes,Fiber optic,Month-to-month,Bank transfer,82.31,5711.04,1,0,18.14,4,No,83.98588235294118,0.014705882352941176,0.0,1,0,1
CUST04219,Female,71,1,Yes,No,71,No,DSL,One year,Credit card,51.86,3762.89,2,0,17.25,5,No,52.99845070422535,0.028169014084507043,0.0,0,0,1
CUST04220,Female,64,1,No,No,39,Yes,Fiber optic,Two year,Credit card,75.23,2878.8,1,0,27.8,5,No,73.81538461538462,0.02564102564102564,0.0,0,0,1
CUST04221,Male,70,1,No,No,48,Yes,Fiber optic,One year,Mailed check,72.81,3567.24,4,2,66.98,4,No,74.3175,0.08333333333333333,0.041666666666666664,0,0,1
CUST04222,Female,75,1,Yes,No,37,Yes,DSL,Two year,Credit card,55.2,2182.62,0,1,30.08,5,No,58.989729729729724,0.0,0.02702702702702703,0,0,1
CUST04223,Male,23,0,Yes,Yes,60,Yes,DSL,Month-to-month,Bank transfer,53.14,3230.81,1,3,34.7,3,No,53.84683333333333,0.016666666666666666,0.05,0,0,1
CUST04224,Male,36,0,No,No,4,Yes,No,Month-to-month,Credit card,30.07,89.68,2,1,51.39,5,No,22.42,0.5,0.25,0,1,0
CUST04225,Female,35,0,Yes,No,23,Yes,DSL,One year,Credit card,56.83,1200.59,5,1,5.82,3,Yes,52.1995652173913,0.21739130434782608,0.043478260869565216,0,0,0
CUST04226,Female,23,0,Yes,No,14,Yes,DSL,One year,Electronic check,59.45,635.68,0,0,32.57,5,No,45.40571428571428,0.0,0.0,0,0,0
CUST04227,Male,62,1,Yes,No,5,Yes,DSL,One year,Electronic check,63.49,429.32,2,2,15.56,3,Yes,85.864,0.4,0.4,0,1,0
CUST04228,Female,50,0,Yes,Yes,66,No,Fiber optic,Two year,Bank transfer,89.32,5760.11,1,1,90.03,2,No,87.27439393939393,0.015151515151515152,0.015151515151515152,1,0,1
CUST04229,Female,40,0,No,Yes,24,Yes,Fiber optic,Month-to-month,Credit card,68.97,1553.77,3,2,18.65,1,Yes,64.74041666666666,0.125,0.08333333333333333,0,0,0
CUST04230,Female,40,0,No,Yes,18,Yes,Fiber optic,Month-to-month,Credit card,81.04,1469.13,2,1,25.2,5,Yes,81.61833333333334,0.1111111111111111,0.05555555555555555,1,0,0
CUST04231,Male,43,0,Yes,No,27,Yes,DSL,Two year,Bank transfer,62.85,1728.29,3,0,22.43,6,No,64.01074074074074,0.1111111111111111,0.0,0,0,0
CUST04232,Male,30,0,No,Yes,24,Yes,Fiber optic,Month-to-month,Electronic check,71.79,1870.1,4,0,44.63,5,Yes,77.92083333333333,0.16666666666666666,0.0,0,0,0
CUST04233,Female,24,0,Yes,Yes,29,Yes,DSL,One year,Bank transfer,48.07,1430.91,3,0,24.2,2,No,49.34172413793104,0.10344827586206896,0.0,0,0,0
CUST04234,Female,32,0,No,No,11,Yes,Fiber optic,Two year,Credit card,67.4,714.58,4,1,44.76,4,No,64.96181818181819,0.36363636363636365,0.09090909090909091,0,0,0
CUST04235,Female,61,1,No,No,18,Yes,Fiber optic,Month-to-month,Credit card,88.03,1557.84,2,1,47.39,4,Yes,86.54666666666667,0.1111111111111111,0.05555555555555555,1,0,0
CUST04236,Female,44,0,No,No,4,Yes,Fiber optic,Two year,Electronic check,80.59,170.75,3,2,29.76,4,No,42.6875,0.75,0.5,1,1,0
CUST04237,Female,43,0,Yes,No,33,Yes,DSL,Month-to-month,Electronic check,58.18,2064.05,2,1,27.84,2,Yes,62.546969696969704,0.06060606060606061,0.030303030303030304,0,0,0
CUST04238,Male,50,0,Yes,No,42,Yes,Fiber optic,One year,Electronic check,58.3,2537.28,1,0,40.91,6,No,60.41142857142857,0.023809523809523808,0.0,0,0,1
CUST04239,Female,32,0,Yes,No,32,Yes,DSL,Month-to-month,Credit card,60.85,1974.87,2,1,30.71,1,No,61.7146875,0.0625,0.03125,0,0,0
CUST04240,Male,53,0,No,No,51,Yes,DSL,One year,Credit card,61.45,3277.23,3,0,68.93,4,No,64.25941176470589,0.058823529411764705,0.0,0,0,1
CUST04241,Female,62,1,Yes,No,4,Yes,DSL,One year,Bank transfer,63.16,360.15,1,1,32.83,4,No,90.0375,0.25,0.25,0,1,0
CUST04242,Male,72,1,No,Yes,20,Yes,DSL,Month-to-month,Credit card,77.31,1600.15,3,0,46.35,5,No,80.00750000000001,0.15,0.0,0,0,0
CUST04243,Female,44,0,No,Yes,67,Yes,DSL,One year,Bank transfer,50.88,3405.62,4,1,14.22,2,Yes,50.83014925373134,0.05970149253731343,0.014925373134328358,0,0,1
CUST04244,Male,74,1,No,Yes,68,Yes,DSL,Two year,Credit card,65.85,4481.59,4,2,36.28,2,No,65.90573529411765,0.058823529411764705,0.029411764705882353,0,0,1
CUST04245,Female,22,0,No,No,62,Yes,Fiber optic,One year,Electronic check,90.02,5433.41,3,0,34.86,3,No,87.63564516129033,0.04838709677419355,0.0,1,0,1
CUST04246,Male,19,0,Yes,No,58,Yes,No,Two year,Electronic check,28.64,1768.44,2,2,51.18,5,No,30.490344827586206,0.034482758620689655,0.034482758620689655,0,0,1
CUST04247,Male,72,1,Yes,No,47,Yes,Fiber optic,Month-to-month,Electronic check,80.34,3756.34,4,1,82.53,3,Yes,79.92212765957447,0.0851063829787234,0.02127659574468085,1,0,1
CUST04248,Male,75,1,Yes,Yes,59,Yes,Fiber optic,Month-to-month,Mailed check,96.45,5797.14,2,0,7.99,3,Yes,98.25661016949154,0.03389830508474576,0.0,1,0,1
CUST04249,Male,50,0,No,No,6,Yes,Fiber optic,Month-to-month,Mailed check,74.06,517.7,7,2,60.7,1,Yes,86.28333333333335,1.1666666666666667,0.3333333333333333,0,1,0
CUST04250,Male,33,0,Yes,No,40,Yes,DSL,Two year,Electronic check,54.36,2184.56,0,0,57.44,4,No,54.614,0.0,0.0,0,0,1
CUST04251,Male,40,0,No,No,23,Yes,Fiber optic,Month-to-month,Credit card,82.22,1975.17,0,0,44.0,2,No,85.87695652173913,0.0,0.0,1,0,0
CUST04252,Female,55,0,Yes,Yes,52,Yes,DSL,Month-to-month,Mailed check,57.25,2899.04,2,2,27.05,3,No,55.75076923076923,0.038461538461538464,0.038461538461538464,0,0,1
CUST04253,Male,72,1,Yes,Yes,4,Yes,DSL,Month-to-month,Bank transfer,64.48,110.51,3,0,11.52,6,No,27.6275,0.75,0.0,0,1,0
CUST04254,Female,33,0,No,No,37,Yes,DSL,Month-to-month,Credit card,63.12,2320.28,1,2,20.32,5,Yes,62.71027027027028,0.02702702702702703,0.05405405405405406,0,0,1
CUST04255,Female,31,0,Yes,No,42,Yes,Fiber optic,Two year,Electronic check,89.03,3783.08,3,1,14.48,2,No,90.07333333333334,0.07142857142857142,0.023809523809523808,1,0,1
CUST04256,Female,46,0,Yes,Yes,44,Yes,DSL,Month-to-month,Electronic check,75.86,3423.79,4,0,74.03,4,No,77.81340909090909,0.09090909090909091,0.0,0,0,1
CUST04257,Female,43,0,No,Yes,42,Yes,Fiber optic,Two year,Bank transfer,81.88,3448.25,0,0,33.96,2,No,82.10119047619048,0.0,0.0,1,0,1
CUST04258,Female,52,0,Yes,No,29,Yes,Fiber optic,Month-to-month,Bank transfer,100.84,2834.23,1,2,43.28,1,No,97.73206896551724,0.034482758620689655,0.06896551724137931,1,0,0
CUST04259,Male,32,0,Yes,No,19,No,Fiber optic,Two year,Credit card,69.03,1442.0,4,0,30.42,4,No,75.89473684210526,0.21052631578947367,0.0,0,0,0
CUST04260,Male,20,0,Yes,Yes,32,Yes,DSL,Month-to-month,Electronic check,58.46,1834.94,3,1,24.57,4,Yes,57.341875,0.09375,0.03125,0,0,0
CUST04261,Male,40,0,No,No,44,Yes,DSL,Month-to-month,Mailed check,59.2,2643.54,2,0,27.16,2,No,60.08045454545454,0.045454545454545456,0.0,0,0,1
CUST04262,Female,46,0,No,No,55,Yes,DSL,Month-to-month,Bank transfer,44.3,2486.92,1,3,17.72,6,No,45.216727272727276,0.01818181818181818,0.05454545454545454,0,0,1
CUST04263,Male,51,0,No,No,5,Yes,DSL,Month-to-month,Electronic check,60.54,309.63,3,2,28.39,5,No,61.926,0.6,0.4,0,1,0
CUST04264,Male,50,0,Yes,No,46,Yes,DSL,Month-to-month,Electronic check,61.39,2629.68,1,2,57.52,3,No,57.166956521739124,0.021739130434782608,0.043478260869565216,0,0,1
CUST04265,Male,58,0,Yes,No,45,Yes,Fiber optic,Month-to-month,Credit card,93.96,4161.01,1,1,56.82,6,No,92.46688888888889,0.022222222222222223,0.022222222222222223,1,0,1
CUST04266,Male,58,0,Yes,No,21,Yes,Fiber optic,Month-to-month,Electronic check,92.23,1983.49,3,4,33.4,3,No,94.45190476190476,0.14285714285714285,0.19047619047619047,1,0,0
CUST04267,Male,40,0,No,No,22,No,No,Month-to-month,Electronic check,18.0,553.36,2,0,33.6,6,Yes,25.152727272727272,0.09090909090909091,0.0,0,0,0
CUST04268,Female,24,0,Yes,No,30,Yes,DSL,One year,Electronic check,74.35,2298.33,2,3,16.04,3,No,76.611,0.06666666666666667,0.1,0,0,0
CUST04269,Male,20,0,Yes,No,23,Yes,DSL,Month-to-month,Mailed check,54.45,1300.98,5,1,55.01,2,Yes,56.56434782608696,0.21739130434782608,0.043478260869565216,0,0,0
CUST04270,Female,75,1,No,No,5,Yes,DSL,One year,Bank transfer,52.74,64.83,5,1,45.65,5,No,12.966,1.0,0.2,0,1,0
CUST04271,Female,49,0,No,No,63,Yes,DSL,Two year,Electronic check,65.88,4256.13,0,0,30.51,2,No,67.55761904761906,0.0,0.0,0,0,1
CUST04272,Female,48,0,Yes,Yes,59,Yes,DSL,Month-to-month,Mailed check,70.21,4234.77,1,4,40.4,6,No,71.77576271186442,0.01694915254237288,0.06779661016949153,0,0,1
CUST04273,Female,35,0,Yes,No,52,Yes,Fiber optic,Month-to-month,Bank transfer,77.92,4108.81,4,1,40.94,3,Yes,79.01557692307694,0.07692307692307693,0.019230769230769232,0,0,1
CUST04274,Female,60,1,Yes,No,65,Yes,No,Month-to-month,Electronic check,24.65,1629.24,2,1,60.64,3,No,25.06523076923077,0.03076923076923077,0.015384615384615385,0,0,1
CUST04275,Male,24,0,Yes,No,39,Yes,Fiber optic,Month-to-month,Mailed check,98.67,3898.68,0,1,44.72,6,Yes,99.96615384615384,0.0,0.02564102564102564,1,0,1
CUST04276,Male,58,0,No,No,3,Yes,Fiber optic,One year,Credit card,71.04,335.92,1,1,35.58,3,No,111.97333333333334,0.3333333333333333,0.3333333333333333,0,1,0
CUST04277,Male,18,0,No,Yes,42,Yes,Fiber optic,Month-to-month,Bank transfer,43.02,1801.56,7,1,47.43,5,Yes,42.894285714285715,0.16666666666666666,0.023809523809523808,0,0,1
CUST04278,Female,31,0,No,No,71,Yes,DSL,Month-to-month,Credit card,66.45,4755.63,2,3,43.68,6,Yes,66.98070422535211,0.028169014084507043,0.04225352112676056,0,0,1
CUST04279,Male,69,1,Yes,No,27,Yes,DSL,Month-to-month,Credit card,70.98,1885.8,0,1,30.18,1,Yes,69.84444444444445,0.0,0.037037037037037035,0,0,0
CUST04280,Male,49,0,Yes,No,28,Yes,DSL,Two year,Electronic check,40.87,1145.93,4,2,27.43,3,Yes,40.92607142857143,0.14285714285714285,0.07142857142857142,0,0,0
CUST04281,Female,23,0,Yes,No,54,Yes,No,One year,Credit card,24.84,1352.82,3,2,48.36,3,No,25.05222222222222,0.05555555555555555,0.037037037037037035,0,0,1
CUST04282,Female,56,0,Yes,Yes,15,Yes,Fiber optic,Two year,Credit card,77.53,1224.25,4,0,33.6,5,Yes,81.61666666666666,0.26666666666666666,0.0,0,0,0
CUST04283,Female,27,0,No,No,53,Yes,DSL,Two year,Mailed check,61.54,3211.88,5,1,30.86,2,No,60.60150943396226,0.09433962264150944,0.018867924528301886,0,0,1
CUST04284,Female,24,0,Yes,No,72,Yes,DSL,Month-to-month,Credit card,35.18,2521.03,2,1,33.22,6,Yes,35.01430555555556,0.027777777777777776,0.013888888888888888,0,0,1
CUST04285,Male,43,0,Yes,No,70,Yes,No,Month-to-month,Electronic check,18.0,1293.15,4,0,23.5,4,Yes,18.47357142857143,0.05714285714285714,0.0,0,0,1
CUST04286,Female,51,0,Yes,No,4,Yes,Fiber optic,Month-to-month,Electronic check,91.73,354.02,2,2,47.51,4,Yes,88.505,0.5,0.5,1,1,0
CUST04287,Female,47,0,Yes,No,17,Yes,No,Month-to-month,Mailed check,23.93,422.45,1,1,25.55,5,Yes,24.849999999999998,0.058823529411764705,0.058823529411764705,0,0,0
CUST04288,Male,53,0,Yes,No,34,No,Fiber optic,Month-to-month,Credit card,107.57,3538.34,3,2,39.42,1,Yes,104.06882352941177,0.08823529411764706,0.058823529411764705,1,0,0
CUST04289,Male,38,0,No,Yes,6,Yes,DSL,Month-to-month,Electronic check,67.06,457.41,4,1,19.49,6,Yes,76.235,0.6666666666666666,0.16666666666666666,0,1,0
CUST04290,Female,34,0,Yes,No,36,Yes,DSL,Month-to-month,Bank transfer,48.44,1682.96,2,0,32.45,2,No,46.74888888888889,0.05555555555555555,0.0,0,0,1
CUST04291,Male,50,0,No,No,39,Yes,DSL,Month-to-month,Mailed check,68.63,2538.6,2,2,61.61,3,Yes,65.09230769230768,0.05128205128205128,0.05128205128205128,0,0,1
CUST04292,Female,27,0,Yes,No,66,Yes,Fiber optic,Two year,Bank transfer,110.63,7330.49,3,0,32.37,2,No,111.0680303030303,0.045454545454545456,0.0,1,0,1
CUST04293,Female,68,1,Yes,No,8,Yes,Fiber optic,Two year,Electronic check,83.92,705.12,0,1,25.66,1,Yes,88.14,0.0,0.125,1,0,0
CUST04294,Male,64,1,No,No,15,Yes,Fiber optic,Month-to-month,Credit card,91.04,1409.13,0,1,68.84,6,Yes,93.94200000000001,0.0,0.06666666666666667,1,0,0
CUST04295,Male,59,0,Yes,No,63,No,DSL,Month-to-month,Bank transfer,69.9,4448.72,2,2,40.59,3,Yes,70.61460317460318,0.031746031746031744,0.031746031746031744,0,0,1
CUST04296,Female,68,1,No,No,65,Yes,DSL,Month-to-month,Mailed check,58.0,3812.29,2,1,18.77,5,No,58.650615384615385,0.03076923076923077,0.015384615384615385,0,0,1
CUST04297,Female,29,0,Yes,No,59,Yes,No,Two year,Mailed check,18.0,1208.84,4,1,45.46,5,Yes,20.488813559322033,0.06779661016949153,0.01694915254237288,0,0,1
CUST04298,Female,73,1,No,Yes,10,Yes,DSL,Two year,Credit card,66.67,750.25,2,0,33.0,3,No,75.025,0.2,0.0,0,0,0
CUST04299,Male,33,0,No,No,7,Yes,Fiber optic,Month-to-month,Bank transfer,97.0,772.85,2,2,49.12,3,Yes,110.40714285714286,0.2857142857142857,0.2857142857142857,1,0,0
CUST04300,Female,58,0,No,No,12,Yes,Fiber optic,Month-to-month,Electronic check,106.95,1340.71,1,0,37.0,5,Yes,111.72583333333334,0.08333333333333333,0.0,1,0,0
CUST04301,Female,49,0,No,No,46,Yes,Fiber optic,Month-to-month,Electronic check,68.5,3237.58,5,1,45.19,1,Yes,70.38217391304347,0.10869565217391304,0.021739130434782608,0,0,1
CUST04302,Female,32,0,No,No,32,Yes,DSL,Month-to-month,Credit card,47.35,1472.23,1,1,84.87,1,Yes,46.0071875,0.03125,0.03125,0,0,0
CUST04303,Female,44,0,Yes,No,32,Yes,DSL,One year,Mailed check,51.73,1720.22,2,2,19.57,5,No,53.756875,0.0625,0.0625,0,0,0
CUST04304,Female,45,0,No,No,61,Yes,No,Month-to-month,Electronic check,23.66,1559.51,2,1,25.8,2,Yes,25.565737704918032,0.03278688524590164,0.01639344262295082,0,0,1
CUST04305,Male,34,0,No,Yes,69,Yes,Fiber optic,Two year,Electronic check,93.08,6401.51,3,1,38.84,1,No,92.77550724637682,0.043478260869565216,0.014492753623188406,1,0,1
CUST04306,Female,63,1,Yes,No,61,Yes,Fiber optic,Month-to-month,Mailed check,68.18,4296.47,2,1,17.05,1,No,70.43393442622951,0.03278688524590164,0.01639344262295082,0,0,1
CUST04307,Female,67,1,Yes,No,46,Yes,Fiber optic,One year,Electronic check,99.24,4531.44,3,2,53.25,1,Yes,98.5095652173913,0.06521739130434782,0.043478260869565216,1,0,1
CUST04308,Female,75,1,No,Yes,68,Yes,DSL,Month-to-month,Electronic check,70.79,4861.11,3,0,29.05,4,Yes,71.48691176470588,0.04411764705882353,0.0,0,0,1
CUST04309,Female,19,0,No,No,55,Yes,No,Month-to-month,Bank transfer,32.42,1681.85,2,0,43.4,4,No,30.579090909090908,0.03636363636363636,0.0,0,0,1
CUST04310,Male,53,0,Yes,No,1,Yes,Fiber optic,One year,Bank transfer,80.35,160.56,2,0,18.68,3,No,160.56,2.0,0.0,1,1,0
CUST04311,Male,67,1,No,No,67,No,Fiber optic,Two year,Credit card,51.47,3571.0,1,2,22.62,1,No,53.298507462686565,0.014925373134328358,0.029850746268656716,0,0,1
CUST04312,Male,24,0,Yes,No,49,Yes,DSL,One year,Mailed check,79.22,3879.25,4,1,44.75,4,Yes,79.16836734693878,0.08163265306122448,0.02040816326530612,0,0,1
CUST04313,Female,30,0,Yes,No,25,No,DSL,One year,Electronic check,52.89,1189.15,3,1,14.03,1,No,47.566,0.12,0.04,0,0,0
CUST04314,Female,32,0,No,No,16,Yes,Fiber optic,One year,Mailed check,95.76,1535.83,3,1,40.11,1,Yes,95.989375,0.1875,0.0625,1,0,0
CUST04315,Male,42,0,Yes,No,13,Yes,DSL,Month-to-month,Bank transfer,61.46,710.49,0,0,74.07,6,No,54.653076923076924,0.0,0.0,0,0,0
CUST04316,Male,40,0,No,Yes,52,Yes,Fiber optic,One year,Credit card,101.93,5309.56,0,5,8.54,6,No,102.10692307692308,0.0,0.09615384615384616,1,0,1
CUST04317,Male,39,0,Yes,Yes,36,Yes,No,One year,Bank transfer,24.59,968.81,2,1,24.35,3,Yes,26.911388888888887,0.05555555555555555,0.027777777777777776,0,0,1
CUST04318,Female,43,0,Yes,Yes,72,Yes,Fiber optic,Month-to-month,Electronic check,86.03,6241.39,4,1,17.94,5,No,86.68597222222223,0.05555555555555555,0.013888888888888888,1,0,1
CUST04319,Female,50,0,Yes,Yes,44,Yes,Fiber optic,Month-to-month,Electronic check,87.7,3703.59,2,1,29.23,5,No,84.1725,0.045454545454545456,0.022727272727272728,1,0,1
CUST04320,Male,28,0,No,Yes,47,Yes,Fiber optic,One year,Mailed check,91.26,4256.69,1,3,39.94,6,No,90.56787234042552,0.02127659574468085,0.06382978723404255,1,0,1
CUST04321,Male,27,0,Yes,Yes,20,No,Fiber optic,Two year,Electronic check,66.47,1350.02,1,2,21.46,6,No,67.501,0.05,0.1,0,0,0
CUST04322,Male,42,0,Yes,Yes,18,No,DSL,Month-to-month,Electronic check,82.51,1623.72,3,1,20.25,1,No,90.20666666666666,0.16666666666666666,0.05555555555555555,1,0,0
CUST04323,Female,54,0,Yes,No,54,Yes,DSL,Two year,Credit card,59.15,3179.33,3,1,32.25,3,No,58.87648148148148,0.05555555555555555,0.018518518518518517,0,0,1
CUST04324,Female,65,1,Yes,No,12,Yes,DSL,Two year,Electronic check,66.9,852.58,4,0,22.48,4,No,71.04833333333333,0.3333333333333333,0.0,0,0,0
CUST04325,Female,60,1,Yes,No,25,Yes,DSL,Month-to-month,Mailed check,78.19,1972.36,5,0,33.36,2,Yes,78.89439999999999,0.2,0.0,0,0,0
CUST04326,Male,70,1,Yes,Yes,60,Yes,Fiber optic,One year,Mailed check,84.88,5034.1,1,1,18.44,6,No,83.90166666666667,0.016666666666666666,0.016666666666666666,1,0,1
CUST04327,Male,55,0,No,No,34,Yes,Fiber optic,Month-to-month,Credit card,70.06,2336.66,3,1,66.8,3,Yes,68.72529411764705,0.08823529411764706,0.029411764705882353,0,0,0
CUST04328,Female,58,0,Yes,No,13,Yes,No,Month-to-month,Credit card,18.0,214.87,2,1,26.78,1,Yes,16.52846153846154,0.15384615384615385,0.07692307692307693,0,0,0
CUST04329,Male,62,1,No,Yes,38,Yes,DSL,One year,Credit card,54.6,2202.01,1,3,17.91,5,No,57.94763157894737,0.02631578947368421,0.07894736842105263,0,0,1
CUST04330,Female,41,0,No,No,12,Yes,Fiber optic,Two year,Electronic check,90.0,1002.25,3,2,28.86,4,Yes,83.52083333333333,0.25,0.16666666666666666,1,0,0
CUST04331,Male,57,0,Yes,No,36,Yes,Fiber optic,Month-to-month,Electronic check,91.57,3278.53,2,1,13.57,3,Yes,91.07027777777779,0.05555555555555555,0.027777777777777776,1,0,1
CUST04332,Male,63,1,Yes,No,28,Yes,DSL,Two year,Electronic check,73.56,1999.73,4,0,40.23,6,No,71.41892857142857,0.14285714285714285,0.0,0,0,0
CUST04333,Male,73,1,No,No,39,Yes,Fiber optic,Month-to-month,Credit card,61.95,2546.56,2,1,30.86,5,No,65.29641025641025,0.05128205128205128,0.02564102564102564,0,0,1
CUST04334,Male,50,0,No,No,43,Yes,DSL,Two year,Credit card,62.66,2732.75,2,1,14.7,3,No,63.55232558139535,0.046511627906976744,0.023255813953488372,0,0,1
CUST04335,Female,34,0,Yes,No,31,Yes,DSL,Two year,Mailed check,67.39,2226.16,3,0,27.14,2,No,71.81161290322581,0.0967741935483871,0.0,0,0,0
CUST04336,Male,41,0,No,Yes,2,Yes,Fiber optic,Two year,Bank transfer,93.67,0.0,6,1,21.62,3,No,0.0,3.0,0.5,1,1,0
CUST04337,Female,54,0,Yes,Yes,42,Yes,Fiber optic,One year,Bank transfer,48.75,2140.28,1,0,26.81,6,No,50.959047619047624,0.023809523809523808,0.0,0,0,1
CUST04338,Female,74,1,Yes,No,31,Yes,DSL,Two year,Electronic check,55.54,1631.76,3,1,21.91,2,No,52.63741935483871,0.0967741935483871,0.03225806451612903,0,0,0
CUST04339,Female,19,0,Yes,Yes,61,Yes,Fiber optic,Month-to-month,Mailed check,97.21,5870.83,1,0,27.47,4,No,96.24311475409836,0.01639344262295082,0.0,1,0,1
CUST04340,Male,49,0,No,Yes,56,Yes,Fiber optic,Month-to-month,Mailed check,72.81,4058.42,3,2,60.07,1,No,72.47178571428572,0.05357142857142857,0.03571428571428571,0,0,1
CUST04341,Female,74,1,No,No,14,Yes,DSL,Month-to-month,Mailed check,45.76,638.77,4,2,31.43,6,Yes,45.62642857142857,0.2857142857142857,0.14285714285714285,0,0,0
CUST04342,Female,41,0,No,No,14,Yes,DSL,One year,Electronic check,66.77,933.09,7,2,38.25,6,Yes,66.64928571428571,0.5,0.14285714285714285,0,0,0
CUST04343,Female,26,0,Yes,Yes,29,Yes,Fiber optic,Month-to-month,Credit card,89.49,2524.15,2,1,72.81,1,No,87.0396551724138,0.06896551724137931,0.034482758620689655,1,0,0
CUST04344,Male,21,0,No,Yes,50,No,No,Month-to-month,Credit card,26.84,1331.52,5,0,38.58,2,No,26.630399999999998,0.1,0.0,0,0,1
CUST04345,Male,34,0,Yes,No,50,Yes,DSL,Two year,Electronic check,52.24,2602.48,0,1,39.18,4,No,52.0496,0.0,0.02,0,0,1
CUST04346,Female,34,0,No,No,63,Yes,Fiber optic,One year,Mailed check,65.28,3947.37,5,1,69.18,3,No,62.656666666666666,0.07936507936507936,0.015873015873015872,0,0,1
CUST04347,Male,70,1,Yes,Yes,65,No,Fiber optic,Two year,Electronic check,99.24,6485.03,4,3,20.37,3,No,99.76969230769231,0.06153846153846154,0.046153846153846156,1,0,1
CUST04348,Female,67,1,Yes,No,68,No,DSL,Month-to-month,Electronic check,100.05,6804.75,2,3,12.7,4,Yes,100.06985294117646,0.029411764705882353,0.04411764705882353,1,0,1
CUST04349,Female,65,1,Yes,No,71,Yes,Fiber optic,Month-to-month,Credit card,60.7,4328.92,1,1,37.17,2,No,60.970704225352115,0.014084507042253521,0.014084507042253521,0,0,1
CUST04350,Male,47,0,No,No,11,Yes,DSL,Month-to-month,Electronic check,72.24,744.9,4,1,25.12,2,Yes,67.71818181818182,0.36363636363636365,0.09090909090909091,0,0,0
CUST04351,Female,57,0,Yes,Yes,14,Yes,DSL,Month-to-month,Mailed check,57.95,813.84,3,0,24.6,1,No,58.13142857142857,0.21428571428571427,0.0,0,0,0
CUST04352,Male,75,1,Yes,No,3,Yes,DSL,Month-to-month,Credit card,63.81,0.0,3,3,35.59,6,Yes,0.0,1.0,1.0,0,1,0
CUST04353,Male,28,0,Yes,No,8,Yes,DSL,Month-to-month,Credit card,59.28,420.36,5,2,45.34,1,Yes,52.545,0.625,0.25,0,0,0
CUST04354,Female,38,0,No,Yes,43,Yes,DSL,Month-to-month,Credit card,86.34,3667.74,4,0,59.25,4,Yes,85.29627906976744,0.09302325581395349,0.0,1,0,1
CUST04355,Male,38,0,No,No,9,Yes,Fiber optic,One year,Electronic check,72.97,651.72,3,2,36.33,3,No,72.41333333333334,0.3333333333333333,0.2222222222222222,0,0,0
CUST04356,Male,35,0,No,Yes,19,Yes,Fiber optic,Month-to-month,Bank transfer,75.98,1440.63,3,0,21.01,5,No,75.82263157894738,0.15789473684210525,0.0,0,0,0
CUST04357,Female,72,1,Yes,No,12,No,DSL,Month-to-month,Bank transfer,60.91,826.31,2,1,18.19,2,Yes,68.85916666666667,0.16666666666666666,0.08333333333333333,0,0,0
CUST04358,Female,46,0,Yes,Yes,27,Yes,DSL,One year,Credit card,66.81,1692.67,4,2,58.87,4,Yes,62.69148148148148,0.14814814814814814,0.07407407407407407,0,0,0
CUST04359,Male,41,0,No,No,58,Yes,DSL,One year,Mailed check,76.02,4481.23,1,1,22.06,5,No,77.26258620689654,0.017241379310344827,0.017241379310344827,0,0,1
CUST04360,Male,27,0,Yes,No,25,No,Fiber optic,Two year,Credit card,92.37,2509.59,2,2,24.08,4,Yes,100.3836,0.08,0.08,1,0,0
CUST04361,Female,62,1,Yes,No,45,Yes,No,Month-to-month,Bank transfer,26.8,1157.21,1,4,30.7,3,Yes,25.715777777777777,0.022222222222222223,0.08888888888888889,0,0,1
CUST04362,Male,34,0,Yes,No,48,Yes,Fiber optic,Two year,Mailed check,78.37,3835.05,5,0,30.09,5,No,79.89687500000001,0.10416666666666667,0.0,0,0,1
CUST04363,Male,35,0,No,Yes,50,Yes,Fiber optic,Two year,Bank transfer,92.69,4777.81,3,1,28.57,2,No,95.5562,0.06,0.02,1,0,1
CUST04364,Male,59,0,Yes,No,44,Yes,Fiber optic,One year,Credit card,74.3,3409.81,2,0,25.53,4,No,77.49568181818182,0.045454545454545456,0.0,0,0,1
CUST04365,Male,65,1,No,No,59,Yes,Fiber optic,Month-to-month,Electronic check,88.03,5164.63,5,1,46.89,4,Yes,87.53610169491526,0.0847457627118644,0.01694915254237288,1,0,1
CUST04366,Male,37,0,No,Yes,33,Yes,DSL,Month-to-month,Bank transfer,57.38,2001.77,0,0,32.75,1,Yes,60.65969696969697,0.0,0.0,0,0,0
CUST04367,Male,54,0,Yes,No,28,Yes,Fiber optic,One year,Mailed check,70.26,2053.27,1,0,80.29,3,No,73.33107142857143,0.03571428571428571,0.0,0,0,0
CUST04368,Male,62,1,Yes,Yes,18,Yes,Fiber optic,One year,Credit card,108.38,2071.42,3,2,28.5,4,Yes,115.0788888888889,0.16666666666666666,0.1111111111111111,1,0,0
CUST04369,Female,35,0,No,No,55,Yes,Fiber optic,Two year,Electronic check,70.31,3936.07,3,1,79.77,2,No,71.5649090909091,0.05454545454545454,0.01818181818181818,0,0,1
CUST04370,Female,34,0,No,No,33,Yes,DSL,One year,Credit card,55.27,1940.9,3,0,10.35,5,Yes,58.81515151515152,0.09090909090909091,0.0,0,0,0
CUST04371,Female,26,0,No,Yes,15,Yes,No,Two year,Bank transfer,18.0,247.35,4,0,54.78,1,No,16.49,0.26666666666666666,0.0,0,0,0
CUST04372,Female,31,0,No,No,61,Yes,DSL,Two year,Electronic check,57.98,3490.9,2,0,43.91,6,No,57.22786885245902,0.03278688524590164,0.0,0,0,1
CUST04373,Female,66,1,Yes,No,11,No,Fiber optic,Two year,Mailed check,91.5,788.5,3,0,8.97,5,No,71.68181818181819,0.2727272727272727,0.0,1,0,0
CUST04374,Male,46,0,No,No,36,Yes,DSL,Month-to-month,Mailed check,49.12,1726.05,4,3,76.99,6,Yes,47.94583333333333,0.1111111111111111,0.08333333333333333,0,0,1
CUST04375,Male,48,0,Yes,No,15,Yes,Fiber optic,Month-to-month,Credit card,57.71,834.64,5,2,32.33,6,Yes,55.64266666666666,0.3333333333333333,0.13333333333333333,0,0,0
CUST04376,Male,21,0,No,Yes,53,Yes,Fiber optic,One year,Electronic check,79.37,4026.26,2,0,37.36,6,No,75.96716981132076,0.03773584905660377,0.0,0,0,1
CUST04377,Male,35,0,No,No,62,Yes,DSL,One year,Bank transfer,58.12,3607.91,1,1,20.02,5,No,58.192096774193544,0.016129032258064516,0.016129032258064516,0,0,1
CUST04378,Female,37,0,No,No,48,Yes,DSL,Month-to-month,Electronic check,57.18,2851.89,1,1,17.63,1,Yes,59.414375,0.020833333333333332,0.020833333333333332,0,0,1
CUST04379,Male,73,1,No,Yes,15,Yes,Fiber optic,One year,Credit card,108.78,1540.43,1,2,20.32,4,No,102.69533333333334,0.06666666666666667,0.13333333333333333,1,0,0
CUST04380,Male,73,1,No,No,63,Yes,Fiber optic,One year,Electronic check,90.02,5858.5,3,0,17.95,6,No,92.9920634920635,0.047619047619047616,0.0,1,0,1
CUST04381,Female,64,1,Yes,Yes,43,Yes,Fiber optic,Month-to-month,Credit card,88.85,3857.65,4,2,22.05,3,Yes,89.71279069767442,0.09302325581395349,0.046511627906976744,1,0,1
CUST04382,Male,60,1,No,Yes,50,Yes,Fiber optic,Month-to-month,Electronic check,89.95,4581.94,4,1,50.95,3,Yes,91.63879999999999,0.08,0.02,1,0,1
CUST04383,Male,61,1,Yes,No,60,Yes,DSL,Two year,Bank transfer,63.88,3827.91,2,1,54.32,6,No,63.7985,0.03333333333333333,0.016666666666666666,0,0,1
CUST04384,Female,26,0,No,No,59,Yes,Fiber optic,Month-to-month,Bank transfer,78.35,4533.68,2,4,28.29,5,Yes,76.84203389830509,0.03389830508474576,0.06779661016949153,0,0,1
CUST04385,Male,30,0,Yes,No,15,Yes,No,One year,Mailed check,18.0,324.26,2,0,19.16,5,No,21.61733333333333,0.13333333333333333,0.0,0,0,0
CUST04386,Male,32,0,Yes,No,29,No,DSL,Month-to-month,Electronic check,89.66,2676.12,1,1,69.3,3,Yes,92.28,0.034482758620689655,0.034482758620689655,1,0,0
CUST04387,Male,44,0,No,No,40,Yes,DSL,One year,Electronic check,58.25,2312.84,1,1,56.24,2,No,57.821000000000005,0.025,0.025,0,0,1
CUST04388,Male,32,0,No,No,31,No,DSL,Two year,Credit card,60.26,1893.6,0,1,100.18,6,No,61.08387096774193,0.0,0.03225806451612903,0,0,0
CUST04389,Male,45,0,Yes,No,11,Yes,DSL,Month-to-month,Electronic check,60.54,665.31,2,1,21.93,2,Yes,60.48272727272727,0.18181818181818182,0.09090909090909091,0,0,0
CUST04390,Female,54,0,No,Yes,62,Yes,DSL,Month-to-month,Electronic check,50.92,3092.02,2,0,41.19,5,No,49.87129032258064,0.03225806451612903,0.0,0,0,1
CUST04391,Female,72,1,No,No,8,Yes,Fiber optic,One year,Credit card,87.68,734.26,0,0,25.27,6,Yes,91.7825,0.0,0.0,1,0,0
CUST04392,Female,36,0,No,Yes,51,Yes,DSL,Two year,Credit card,44.65,2206.61,7,4,8.88,6,No,43.266862745098045,0.13725490196078433,0.0784313725490196,0,0,1
CUST04393,Female,43,0,Yes,No,57,Yes,Fiber optic,Month-to-month,Electronic check,95.74,5533.57,6,2,44.66,3,Yes,97.08017543859648,0.10526315789473684,0.03508771929824561,1,0,1
CUST04394,Female,69,1,No,No,4,Yes,Fiber optic,Month-to-month,Credit card,81.16,556.5,3,3,112.64,6,Yes,139.125,0.75,0.75,1,1,0
CUST04395,Female,43,0,No,No,36,Yes,Fiber optic,Month-to-month,Credit card,101.92,3779.06,1,1,42.36,1,Yes,104.9738888888889,0.027777777777777776,0.027777777777777776,1,0,1
CUST04396,Male,42,0,Yes,Yes,19,Yes,DSL,Month-to-month,Electronic check,66.21,1239.48,2,0,39.96,6,Yes,65.2357894736842,0.10526315789473684,0.0,0,0,0
CUST04397,Female,43,0,No,Yes,24,Yes,No,Month-to-month,Mailed check,28.15,710.55,4,2,44.59,4,Yes,29.60625,0.16666666666666666,0.08333333333333333,0,0,0
CUST04398,Female,43,0,No,No,41,Yes,Fiber optic,Two year,Electronic check,73.09,3110.02,2,3,23.93,1,No,75.85414634146342,0.04878048780487805,0.07317073170731707,0,0,1
CUST04399,Male,63,1,No,No,49,Yes,DSL,Month-to-month,Electronic check,60.84,2971.51,2,2,27.19,6,Yes,60.6430612244898,0.04081632653061224,0.04081632653061224,0,0,1
CUST04400,Male,45,0,Yes,No,46,Yes,No,One year,Electronic check,31.04,1483.68,2,0,49.84,6,No,32.25391304347826,0.043478260869565216,0.0,0,0,1
CUST04401,Female,66,1,Yes,No,36,Yes,Fiber optic,Two year,Electronic check,86.75,3194.8,2,0,17.43,6,No,88.74444444444445,0.05555555555555555,0.0,1,0,1
CUST04402,Male,35,0,No,No,10,No,Fiber optic,Month-to-month,Mailed check,64.64,672.61,1,3,28.58,6,No,67.261,0.1,0.3,0,0,0
CUST04403,Female,49,0,Yes,Yes,7,Yes,Fiber optic,One year,Electronic check,99.78,717.47,1,0,52.56,6,No,102.49571428571429,0.14285714285714285,0.0,1,0,0
CUST04404,Male,70,1,No,No,12,Yes,No,One year,Bank transfer,31.05,477.72,5,1,15.86,6,Yes,39.81,0.4166666666666667,0.08333333333333333,0,0,0
CUST04405,Female,20,0,Yes,No,48,Yes,Fiber optic,Month-to-month,Credit card,62.49,3172.8,2,2,32.16,2,No,66.10000000000001,0.041666666666666664,0.041666666666666664,0,0,1
CUST04406,Male,19,0,Yes,Yes,37,Yes,Fiber optic,Month-to-month,Credit card,86.89,3206.02,0,1,17.22,2,Yes,86.64918918918919,0.0,0.02702702702702703,1,0,1
CUST04407,Male,50,0,Yes,Yes,36,Yes,DSL,Month-to-month,Mailed check,69.78,2636.12,3,1,27.36,2,Yes,73.22555555555556,0.08333333333333333,0.027777777777777776,0,0,1
CUST04408,Female,59,0,No,No,60,Yes,DSL,Month-to-month,Bank transfer,52.81,3019.87,3,2,32.67,5,No,50.33116666666667,0.05,0.03333333333333333,0,0,1
CUST04409,Female,36,0,Yes,No,8,Yes,No,Month-to-month,Electronic check,18.0,192.42,0,4,44.72,5,Yes,24.0525,0.0,0.5,0,0,0
CUST04410,Female,34,0,No,Yes,7,Yes,Fiber optic,Two year,Bank transfer,68.88,264.03,4,0,52.22,6,No,37.71857142857142,0.5714285714285714,0.0,0,0,0
CUST04411,Female,61,1,No,No,43,Yes,No,Month-to-month,Credit card,24.13,960.23,3,0,34.18,1,No,22.33093023255814,0.06976744186046512,0.0,0,0,1
CUST04412,Female,50,0,No,Yes,58,Yes,Fiber optic,Two year,Credit card,98.96,5636.1,2,1,20.2,1,No,97.1741379310345,0.034482758620689655,0.017241379310344827,1,0,1
CUST04413,Male,29,0,No,No,46,Yes,Fiber optic,Month-to-month,Bank transfer,68.69,3323.48,3,3,41.14,1,Yes,72.24956521739131,0.06521739130434782,0.06521739130434782,0,0,1
CUST04414,Female,66,1,Yes,Yes,34,Yes,No,Two year,Mailed check,18.0,583.73,1,2,16.05,2,No,17.168529411764705,0.029411764705882353,0.058823529411764705,0,0,0
CUST04415,Female,73,1,Yes,No,72,No,DSL,One year,Electronic check,56.36,4053.07,3,0,61.31,4,No,56.29263888888889,0.041666666666666664,0.0,0,0,1
CUST04416,Male,20,0,Yes,Yes,22,Yes,Fiber optic,Two year,Bank transfer,95.31,2074.79,3,0,20.0,4,No,94.30863636363637,0.13636363636363635,0.0,1,0,0
CUST04417,Male,60,1,No,No,21,Yes,DSL,Month-to-month,Electronic check,81.05,1557.43,7,4,33.29,3,Yes,74.16333333333334,0.3333333333333333,0.19047619047619047,1,0,0
CUST04418,Female,66,1,No,No,15,Yes,DSL,Month-to-month,Credit card,61.05,944.44,1,1,19.48,3,Yes,62.96266666666667,0.06666666666666667,0.06666666666666667,0,0,0
CUST04419,Male,72,1,Yes,Yes,5,Yes,DSL,One year,Mailed check,51.9,267.12,5,1,42.93,6,No,53.424,1.0,0.2,0,1,0
CUST04420,Male,43,0,Yes,No,17,Yes,No,One year,Credit card,18.63,235.5,2,1,48.84,6,No,13.852941176470589,0.11764705882352941,0.058823529411764705,0,0,0
CUST04421,Female,52,0,No,Yes,72,Yes,DSL,Two year,Electronic check,76.47,5643.82,1,2,38.88,2,No,78.38638888888889,0.013888888888888888,0.027777777777777776,0,0,1
CUST04422,Male,25,0,Yes,No,19,Yes,No,Month-to-month,Credit card,18.0,476.85,1,0,27.32,3,No,25.097368421052632,0.05263157894736842,0.0,0,0,0
CUST04423,Male,69,1,No,No,5,Yes,DSL,Two year,Bank transfer,62.33,185.88,1,2,59.08,4,No,37.176,0.2,0.4,0,1,0
CUST04424,Female,53,0,Yes,No,23,Yes,DSL,Two year,Credit card,75.81,1674.95,6,1,33.56,5,No,72.82391304347826,0.2608695652173913,0.043478260869565216,0,0,0
CUST04425,Female,70,1,No,No,14,Yes,DSL,One year,Electronic check,58.1,860.38,4,1,51.66,2,No,61.455714285714286,0.2857142857142857,0.07142857142857142,0,0,0
CUST04426,Male,71,1,Yes,No,10,Yes,Fiber optic,Month-to-month,Credit card,68.78,641.3,1,2,13.44,5,Yes,64.13,0.1,0.2,0,0,0
CUST04427,Male,24,0,Yes,Yes,31,Yes,Fiber optic,Two year,Mailed check,92.94,2859.38,2,1,31.61,3,Yes,92.23806451612903,0.06451612903225806,0.03225806451612903,1,0,0
CUST04428,Female,63,1,Yes,No,13,Yes,Fiber optic,Month-to-month,Bank transfer,86.56,1023.52,4,0,30.68,5,Yes,78.73230769230769,0.3076923076923077,0.0,1,0,0
CUST04429,Male,63,1,Yes,No,22,Yes,DSL,Two year,Bank transfer,65.64,1343.31,1,1,39.9,1,No,61.05954545454545,0.045454545454545456,0.045454545454545456,0,0,0
CUST04430,Male,53,0,Yes,No,37,Yes,Fiber optic,Two year,Bank transfer,93.68,3414.15,3,5,45.74,2,No,92.27432432432433,0.08108108108108109,0.13513513513513514,1,0,1
CUST04431,Male,33,0,Yes,Yes,39,No,Fiber optic,Month-to-month,Electronic check,92.77,3631.12,3,1,69.11,2,Yes,93.10564102564102,0.07692307692307693,0.02564102564102564,1,0,1
CUST04432,Female,41,0,No,No,10,Yes,Fiber optic,One year,Credit card,89.44,914.2,2,0,29.06,6,Yes,91.42,0.2,0.0,1,0,0
CUST04433,Male,71,1,Yes,No,31,Yes,Fiber optic,Month-to-month,Credit card,95.15,2867.97,3,1,23.24,3,No,92.51516129032258,0.0967741935483871,0.03225806451612903,1,0,0
CUST04434,Male,18,0,No,No,43,Yes,DSL,Two year,Electronic check,76.19,3161.29,0,0,41.95,4,No,73.51837209302326,0.0,0.0,0,0,1
CUST04435,Female,66,1,Yes,No,36,Yes,Fiber optic,Month-to-month,Electronic check,73.25,2512.8,0,1,25.27,5,Yes,69.80000000000001,0.0,0.027777777777777776,0,0,1
CUST04436,Male,42,0,No,Yes,35,No,Fiber optic,Month-to-month,Bank transfer,81.02,2934.59,4,0,37.35,5,Yes,83.84542857142857,0.11428571428571428,0.0,1,0,0
CUST04437,Male,27,0,No,Yes,68,Yes,DSL,Two year,Electronic check,69.53,4940.56,7,0,15.18,6,No,72.65529411764706,0.10294117647058823,0.0,0,0,1
CUST04438,Female,71,1,Yes,Yes,55,Yes,DSL,Month-to-month,Electronic check,59.13,3295.17,1,0,33.12,5,No,59.91218181818182,0.01818181818181818,0.0,0,0,1
CUST04439,Female,33,0,Yes,No,68,Yes,Fiber optic,One year,Electronic check,66.04,4234.02,2,1,11.77,5,No,62.26500000000001,0.029411764705882353,0.014705882352941176,0,0,1
CUST04440,Female,33,0,Yes,Yes,47,Yes,Fiber optic,Month-to-month,Electronic check,89.99,4286.36,1,0,27.12,3,Yes,91.1991489361702,0.02127659574468085,0.0,1,0,1
CUST04441,Female,75,1,Yes,No,6,Yes,No,One year,Credit card,21.07,244.97,5,0,35.19,5,Yes,40.82833333333333,0.8333333333333334,0.0,0,1,0
CUST04442,Male,25,0,No,No,28,Yes,Fiber optic,One year,Bank transfer,116.81,3205.76,3,0,34.59,6,No,114.49142857142859,0.10714285714285714,0.0,1,0,0
CUST04443,Male,46,0,No,No,30,Yes,No,Month-to-month,Electronic check,32.95,1076.47,1,0,27.56,6,No,35.882333333333335,0.03333333333333333,0.0,0,0,0
CUST04444,Female,56,0,No,No,27,Yes,Fiber optic,Two year,Electronic check,102.39,2871.68,2,5,49.47,1,No,106.35851851851851,0.07407407407407407,0.18518518518518517,1,0,0
CUST04445,Female,45,0,No,No,69,Yes,Fiber optic,Month-to-month,Bank transfer,85.63,6037.38,3,2,27.4,6,Yes,87.49826086956521,0.043478260869565216,0.028985507246376812,1,0,1
CUST04446,Male,23,0,No,No,39,Yes,Fiber optic,Month-to-month,Credit card,89.66,3438.15,1,3,23.21,6,Yes,88.15769230769232,0.02564102564102564,0.07692307692307693,1,0,1
CUST04447,Female,33,0,No,Yes,35,No,Fiber optic,Month-to-month,Bank transfer,79.86,2802.61,7,1,28.82,5,Yes,80.07457142857143,0.2,0.02857142857142857,0,0,0
CUST04448,Male,37,0,No,No,44,Yes,No,One year,Electronic check,18.3,823.39,2,0,36.48,1,No,18.713409090909092,0.045454545454545456,0.0,0,0,1
CUST04449,Female,33,0,No,No,15,No,No,Month-to-month,Bank transfer,18.0,401.85,3,1,20.78,5,Yes,26.790000000000003,0.2,0.06666666666666667,0,0,0
CUST04450,Male,24,0,Yes,No,32,Yes,No,Month-to-month,Credit card,42.09,1305.92,0,2,66.82,4,Yes,40.81,0.0,0.0625,0,0,0
CUST04451,Female,58,0,Yes,No,29,Yes,No,Two year,Credit card,28.17,911.12,0,0,58.93,6,No,31.41793103448276,0.0,0.0,0,0,0
CUST04452,Female,31,0,No,No,63,Yes,DSL,Month-to-month,Electronic check,44.13,2807.45,1,2,65.99,5,Yes,44.56269841269841,0.015873015873015872,0.031746031746031744,0,0,1
CUST04453,Male,60,1,Yes,No,6,Yes,DSL,Month-to-month,Electronic check,71.54,525.24,1,1,34.6,2,Yes,87.54,0.16666666666666666,0.16666666666666666,0,1,0
CUST04454,Female,43,0,Yes,No,27,Yes,DSL,Month-to-month,Bank transfer,91.48,2545.78,5,2,55.9,6,No,94.28814814814815,0.18518518518518517,0.07407407407407407,1,0,0
CUST04455,Male,43,0,Yes,No,28,Yes,Fiber optic,Month-to-month,Electronic check,61.97,1669.6,2,1,36.11,5,Yes,59.628571428571426,0.07142857142857142,0.03571428571428571,0,0,0
CUST04456,Male,31,0,Yes,No,5,Yes,Fiber optic,Month-to-month,Electronic check,94.0,496.91,0,0,58.46,4,Yes,99.382,0.0,0.0,1,1,0
CUST04457,Male,24,0,No,Yes,41,Yes,DSL,Month-to-month,Credit card,46.53,1838.68,2,1,30.74,5,No,44.84585365853658,0.04878048780487805,0.024390243902439025,0,0,1
CUST04458,Male,50,0,Yes,No,56,Yes,No,Month-to-month,Credit card,34.24,1915.12,3,0,33.94,6,No,34.19857142857143,0.05357142857142857,0.0,0,0,1
CUST04459,Male,43,0,No,No,54,No,DSL,Month-to-month,Credit card,34.33,2028.63,3,1,30.47,6,No,37.56722222222223,0.05555555555555555,0.018518518518518517,0,0,1
CUST04460,Female,74,1,No,No,18,Yes,DSL,Month-to-month,Credit card,60.95,1054.74,0,1,45.95,4,No,58.596666666666664,0.0,0.05555555555555555,0,0,0
CUST04461,Female,62,1,Yes,No,43,Yes,DSL,One year,Credit card,65.32,2747.66,1,1,38.02,1,No,63.89906976744186,0.023255813953488372,0.023255813953488372,0,0,1
CUST04462,Male,37,0,No,No,29,Yes,DSL,One year,Credit card,43.38,1239.54,0,1,78.34,3,No,42.742758620689656,0.0,0.034482758620689655,0,0,0
CUST04463,Female,20,0,No,No,10,Yes,No,Month-to-month,Mailed check,28.55,353.03,2,1,42.8,3,No,35.303,0.2,0.1,0,0,0
CUST04464,Male,69,1,Yes,No,6,Yes,Fiber optic,Two year,Credit card,78.03,534.96,2,2,47.91,1,Yes,89.16000000000001,0.3333333333333333,0.3333333333333333,0,1,0
CUST04465,Female,21,0,Yes,Yes,4,Yes,No,Two year,Credit card,38.79,191.18,5,0,25.04,6,No,47.795,1.25,0.0,0,1,0
CUST04466,Female,43,0,Yes,No,34,Yes,DSL,Two year,Electronic check,42.91,1379.24,5,2,27.77,5,No,40.56588235294117,0.14705882352941177,0.058823529411764705,0,0,0
CUST04467,Female,28,0,No,Yes,33,Yes,DSL,Month-to-month,Mailed check,70.9,2314.86,7,1,39.22,2,Yes,70.14727272727274,0.21212121212121213,0.030303030303030304,0,0,0
CUST04468,Female,19,0,No,Yes,4,Yes,No,One year,Electronic check,24.2,237.56,2,1,30.07,2,Yes,59.39,0.5,0.25,0,1,0
CUST04469,Male,31,0,Yes,No,44,Yes,Fiber optic,Month-to-month,Credit card,104.4,4441.88,1,3,53.61,4,No,100.95181818181818,0.022727272727272728,0.06818181818181818,1,0,1
CUST04470,Male,61,1,Yes,No,31,Yes,Fiber optic,Two year,Credit card,104.75,3273.11,1,0,16.81,5,Yes,105.5841935483871,0.03225806451612903,0.0,1,0,0
CUST04471,Female,47,0,Yes,Yes,66,Yes,DSL,Month-to-month,Credit card,56.98,3738.77,1,0,69.23,6,No,56.6480303030303,0.015151515151515152,0.0,0,0,1
CUST04472,Female,66,1,No,No,58,Yes,Fiber optic,Month-to-month,Credit card,84.33,4937.97,2,1,48.63,4,No,85.13741379310345,0.034482758620689655,0.017241379310344827,1,0,1
CUST04473,Male,29,0,Yes,No,60,Yes,DSL,Month-to-month,Bank transfer,70.9,4267.51,2,4,16.81,5,No,71.12516666666667,0.03333333333333333,0.06666666666666667,0,0,1
CUST04474,Female,43,0,No,Yes,2,Yes,Fiber optic,One year,Electronic check,92.83,35.54,1,0,55.55,5,Yes,17.77,0.5,0.0,1,1,0
CUST04475,Male,61,1,Yes,No,36,Yes,No,One year,Credit card,24.06,925.01,2,2,52.3,5,No,25.69472222222222,0.05555555555555555,0.05555555555555555,0,0,1
CUST04476,Male,50,0,No,No,70,No,Fiber optic,Month-to-month,Bank transfer,72.5,4977.44,2,2,64.97,2,No,71.1062857142857,0.02857142857142857,0.02857142857142857,0,0,1
CUST04477,Male,30,0,No,No,60,Yes,DSL,Month-to-month,Electronic check,64.38,3744.67,3,2,40.01,4,No,62.41116666666667,0.05,0.03333333333333333,0,0,1
CUST04478,Female,31,0,No,Yes,23,No,No,Two year,Electronic check,18.0,419.07,4,0,26.61,1,No,18.220434782608695,0.17391304347826086,0.0,0,0,0
CUST04479,Male,41,0,Yes,Yes,47,No,No,Two year,Credit card,30.19,1377.82,2,4,15.58,1,No,29.31531914893617,0.0425531914893617,0.0851063829787234,0,0,1
CUST04480,Female,51,0,No,No,46,Yes,DSL,One year,Mailed check,73.33,3293.36,0,2,45.89,3,No,71.59478260869565,0.0,0.043478260869565216,0,0,1
CUST04481,Male,61,1,Yes,No,44,Yes,DSL,One year,Electronic check,50.09,2165.1,3,0,15.73,2,No,49.20681818181818,0.06818181818181818,0.0,0,0,1
CUST04482,Female,43,0,Yes,No,19,Yes,Fiber optic,Month-to-month,Electronic check,78.74,1422.73,3,1,17.28,1,Yes,74.88052631578948,0.15789473684210525,0.05263157894736842,0,0,0
CUST04483,Female,38,0,No,No,49,Yes,Fiber optic,Month-to-month,Credit card,75.54,3856.14,4,2,50.67,1,Yes,78.69673469387754,0.08163265306122448,0.04081632653061224,0,0,1
CUST04484,Female,45,0,No,Yes,58,Yes,Fiber optic,Month-to-month,Electronic check,100.81,5878.36,1,0,22.76,4,No,101.35103448275862,0.017241379310344827,0.0,1,0,1
CUST04485,Male,65,1,No,No,7,Yes,DSL,Month-to-month,Credit card,60.66,408.78,2,2,20.78,3,Yes,58.39714285714285,0.2857142857142857,0.2857142857142857,0,0,0
CUST04486,Male,53,0,Yes,No,41,No,Fiber optic,One year,Bank transfer,79.51,3335.79,3,1,31.29,4,No,81.36073170731707,0.07317073170731707,0.024390243902439025,0,0,1
CUST04487,Female,57,0,No,No,15,Yes,DSL,Month-to-month,Electronic check,67.77,997.67,5,2,40.11,2,Yes,66.51133333333333,0.3333333333333333,0.13333333333333333,0,0,0
CUST04488,Female,19,0,No,No,53,Yes,Fiber optic,Month-to-month,Bank transfer,77.79,4096.9,1,1,20.85,4,Yes,77.3,0.018867924528301886,0.018867924528301886,0,0,1
CUST04489,Female,59,0,No,No,23,Yes,DSL,Month-to-month,Credit card,57.55,1416.98,2,2,62.04,5,No,61.60782608695652,0.08695652173913043,0.08695652173913043,0,0,0
CUST04490,Male,26,0,No,No,65,Yes,DSL,Month-to-month,Mailed check,46.62,2960.9,1,2,35.42,6,Yes,45.55230769230769,0.015384615384615385,0.03076923076923077,0,0,1
CUST04491,Male,40,0,No,No,60,Yes,DSL,One year,Mailed check,70.06,4101.33,5,2,53.05,4,No,68.35549999999999,0.08333333333333333,0.03333333333333333,0,0,1
CUST04492,Male,32,0,Yes,No,10,Yes,Fiber optic,Month-to-month,Credit card,68.62,751.79,2,0,12.54,2,Yes,75.179,0.2,0.0,0,0,0
CUST04493,Male,30,0,No,No,58,No,Fiber optic,Month-to-month,Credit card,106.49,6192.8,1,2,31.58,3,No,106.77241379310345,0.017241379310344827,0.034482758620689655,1,0,1
CUST04494,Female,40,0,No,No,47,Yes,Fiber optic,One year,Bank transfer,88.58,4178.71,1,1,41.11,4,No,88.90872340425533,0.02127659574468085,0.02127659574468085,1,0,1
CUST04495,Female,34,0,No,Yes,15,Yes,Fiber optic,Month-to-month,Electronic check,82.65,1204.7,2,1,37.08,1,No,80.31333333333333,0.13333333333333333,0.06666666666666667,1,0,0
CUST04496,Male,65,1,Yes,Yes,9,Yes,DSL,Month-to-month,Electronic check,59.84,598.13,3,2,32.55,2,Yes,66.4588888888889,0.3333333333333333,0.2222222222222222,0,0,0
CUST04497,Male,19,0,Yes,No,13,Yes,Fiber optic,One year,Mailed check,110.65,1301.43,2,0,42.02,1,No,100.11,0.15384615384615385,0.0,1,0,0
CUST04498,Female,37,0,Yes,No,23,Yes,Fiber optic,Month-to-month,Credit card,64.81,1296.92,2,2,22.55,6,Yes,56.38782608695652,0.08695652173913043,0.08695652173913043,0,0,0
CUST04499,Male,37,0,No,No,33,Yes,No,One year,Electronic check,18.0,554.29,3,3,56.13,4,No,16.796666666666667,0.09090909090909091,0.09090909090909091,0,0,0
CUST04500,Male,63,1,No,Yes,9,Yes,DSL,One year,Bank transfer,71.51,706.54,4,1,35.14,6,No,78.50444444444445,0.4444444444444444,0.1111111111111111,0,0,0
CUST04501,Male,20,0,Yes,No,3,Yes,Fiber optic,Month-to-month,Credit card,71.18,338.0,4,2,59.12,3,Yes,112.66666666666667,1.3333333333333333,0.6666666666666666,0,1,0
CUST04502,Male,72,1,No,Yes,25,Yes,Fiber optic,Month-to-month,Electronic check,73.91,1902.55,3,0,34.71,6,Yes,76.102,0.12,0.0,0,0,0
CUST04503,Male,29,0,No,No,71,No,Fiber optic,Two year,Electronic check,78.35,5470.59,0,1,63.14,3,No,77.05056338028169,0.0,0.014084507042253521,0,0,1
CUST04504,Male,57,0,No,No,36,Yes,DSL,Month-to-month,Electronic check,73.51,2554.9,2,1,60.21,4,Yes,70.96944444444445,0.05555555555555555,0.027777777777777776,0,0,1
CUST04505,Female,19,0,Yes,No,20,Yes,DSL,Two year,Mailed check,69.71,1515.25,2,2,60.03,2,No,75.7625,0.1,0.1,0,0,0
CUST04506,Male,53,0,No,No,54,Yes,DSL,Month-to-month,Mailed check,58.31,3239.29,3,1,25.81,5,Yes,59.98685185185185,0.05555555555555555,0.018518518518518517,0,0,1
CUST04507,Male,31,0,Yes,No,19,Yes,Fiber optic,One year,Electronic check,91.01,1784.16,4,1,24.82,4,No,93.90315789473685,0.21052631578947367,0.05263157894736842,1,0,0
CUST04508,Female,33,0,No,No,60,Yes,DSL,One year,Bank transfer,64.52,3963.26,3,1,32.77,4,No,66.05433333333333,0.05,0.016666666666666666,0,0,1
CUST04509,Female,36,0,Yes,No,37,Yes,Fiber optic,Two year,Credit card,69.96,2605.39,2,2,39.39,3,No,70.41594594594594,0.05405405405405406,0.05405405405405406,0,0,1
CUST04510,Female,51,0,Yes,Yes,3,Yes,DSL,Month-to-month,Bank transfer,48.79,125.55,3,0,21.08,4,Yes,41.85,1.0,0.0,0,1,0
CUST04511,Male,61,1,No,No,19,Yes,DSL,Month-to-month,Electronic check,35.56,659.64,3,1,43.22,4,Yes,34.717894736842105,0.15789473684210525,0.05263157894736842,0,0,0
CUST04512,Female,63,1,Yes,No,53,No,Fiber optic,Month-to-month,Credit card,107.36,5753.82,3,1,79.26,3,Yes,108.56264150943396,0.05660377358490566,0.018867924528301886,1,0,1
CUST04513,Male,23,0,Yes,No,46,Yes,Fiber optic,Two year,Electronic check,74.95,3471.41,1,0,24.24,3,No,75.4654347826087,0.021739130434782608,0.0,0,0,1
CUST04514,Male,30,0,No,No,56,Yes,No,Month-to-month,Electronic check,25.11,1209.61,2,0,30.25,2,Yes,21.600178571428568,0.03571428571428571,0.0,0,0,1
CUST04515,Male,53,0,No,No,70,Yes,Fiber optic,Two year,Electronic check,93.08,6603.86,2,0,35.34,1,No,94.34085714285713,0.02857142857142857,0.0,1,0,1
CUST04516,Female,39,0,No,No,31,Yes,Fiber optic,Month-to-month,Electronic check,70.43,2241.92,2,3,48.34,4,Yes,72.32000000000001,0.06451612903225806,0.0967741935483871,0,0,0
CUST04517,Female,35,0,Yes,No,53,No,DSL,Month-to-month,Mailed check,49.83,2673.58,4,0,22.6,5,No,50.44490566037736,0.07547169811320754,0.0,0,0,1
CUST04518,Female,29,0,Yes,No,34,Yes,DSL,Month-to-month,Mailed check,48.95,1805.22,5,1,64.66,5,Yes,53.09470588235294,0.14705882352941177,0.029411764705882353,0,0,0
CUST04519,Female,69,1,Yes,No,31,Yes,DSL,One year,Bank transfer,25.24,701.68,0,0,57.91,4,No,22.634838709677418,0.0,0.0,0,0,0
CUST04520,Female,71,1,Yes,No,60,No,Fiber optic,Two year,Electronic check,84.02,4934.59,2,1,30.99,4,No,82.24316666666667,0.03333333333333333,0.016666666666666666,1,0,1
CUST04521,Male,47,0,No,No,11,Yes,Fiber optic,Month-to-month,Credit card,120.06,1370.76,3,0,25.22,6,Yes,124.61454545454545,0.2727272727272727,0.0,1,0,0
CUST04522,Male,70,1,Yes,No,6,Yes,Fiber optic,Two year,Credit card,77.06,386.68,3,0,25.62,3,No,64.44666666666667,0.5,0.0,0,1,0
CUST04523,Male,68,1,Yes,No,27,Yes,DSL,Month-to-month,Credit card,53.97,1623.84,4,3,50.0,2,Yes,60.142222222222216,0.14814814814814814,0.1111111111111111,0,0,0
CUST04524,Male,57,0,Yes,Yes,7,Yes,Fiber optic,One year,Electronic check,79.45,486.83,3,1,22.43,2,No,69.54714285714286,0.42857142857142855,0.14285714285714285,0,0,0
CUST04525,Female,24,0,Yes,No,49,Yes,DSL,One year,Credit card,63.74,3051.4,2,2,17.34,3,No,62.27346938775511,0.04081632653061224,0.04081632653061224,0,0,1
CUST04526,Female,49,0,No,No,72,Yes,Fiber optic,Month-to-month,Electronic check,98.22,7031.56,3,0,25.78,5,Yes,97.66055555555556,0.041666666666666664,0.0,1,0,1
CUST04527,Male,65,1,No,No,60,Yes,Fiber optic,Month-to-month,Bank transfer,72.48,4319.08,2,2,32.55,1,Yes,71.98466666666667,0.03333333333333333,0.03333333333333333,0,0,1
CUST04528,Female,36,0,Yes,No,33,Yes,Fiber optic,Month-to-month,Bank transfer,91.94,2997.16,5,1,61.66,5,Yes,90.8230303030303,0.15151515151515152,0.030303030303030304,1,0,0
CUST04529,Female,23,0,Yes,No,47,Yes,No,Month-to-month,Credit card,24.31,1116.26,2,2,28.18,5,No,23.750212765957446,0.0425531914893617,0.0425531914893617,0,0,1
CUST04530,Male,37,0,Yes,No,44,Yes,No,Two year,Credit card,27.39,1168.93,1,2,34.38,1,No,26.56659090909091,0.022727272727272728,0.045454545454545456,0,0,1
CUST04531,Male,44,0,No,No,27,Yes,No,Two year,Electronic check,28.61,616.89,2,1,51.12,1,No,22.84777777777778,0.07407407407407407,0.037037037037037035,0,0,0
CUST04532,Female,70,1,No,No,22,Yes,Fiber optic,One year,Electronic check,70.38,1598.82,3,1,48.71,2,Yes,72.67363636363636,0.13636363636363635,0.045454545454545456,0,0,0
CUST04533,Female,60,1,Yes,No,47,Yes,Fiber optic,One year,Electronic check,77.11,3580.6,2,0,39.09,1,Yes,76.18297872340425,0.0425531914893617,0.0,0,0,1
CUST04534,Male,54,0,No,Yes,48,Yes,Fiber optic,Month-to-month,Bank transfer,91.94,4397.82,6,1,22.4,3,Yes,91.62124999999999,0.125,0.020833333333333332,1,0,1
CUST04535,Male,65,1,No,No,30,Yes,DSL,Month-to-month,Electronic check,58.32,1628.19,3,1,51.37,1,No,54.273,0.1,0.03333333333333333,0,0,0
CUST04536,Male,24,0,No,Yes,2,Yes,Fiber optic,Two year,Credit card,96.88,41.31,2,0,33.38,5,No,20.655,1.0,0.0,1,1,0
CUST04537,Female,22,0,No,No,15,No,Fiber optic,One year,Electronic check,81.66,1215.5,3,1,19.42,3,Yes,81.03333333333333,0.2,0.06666666666666667,1,0,0
CUST04538,Male,28,0,Yes,No,47,Yes,Fiber optic,One year,Electronic check,100.16,4862.99,0,0,19.59,1,No,103.46787234042553,0.0,0.0,1,0,1
CUST04539,Male,32,0,Yes,No,27,No,DSL,One year,Electronic check,36.45,1136.21,0,0,26.39,2,No,42.08185185185185,0.0,0.0,0,0,0
CUST04540,Female,20,0,Yes,Yes,71,Yes,Fiber optic,Month-to-month,Credit card,89.85,6288.49,2,3,34.88,2,Yes,88.57028169014085,0.028169014084507043,0.04225352112676056,1,0,1
CUST04541,Female,75,1,No,Yes,27,Yes,Fiber optic,Month-to-month,Credit card,65.66,1698.82,4,2,38.53,5,Yes,62.919259259259256,0.14814814814814814,0.07407407407407407,0,0,0
CUST04542,Female,22,0,No,No,13,Yes,Fiber optic,One year,Bank transfer,101.82,1340.68,2,2,32.05,4,No,103.12923076923077,0.15384615384615385,0.15384615384615385,1,0,0
CUST04543,Female,40,0,Yes,No,55,Yes,Fiber optic,Month-to-month,Electronic check,82.76,4285.2,1,1,25.8,5,Yes,77.91272727272727,0.01818181818181818,0.01818181818181818,1,0,1
CUST04544,Female,70,1,Yes,No,17,Yes,DSL,Two year,Electronic check,55.91,891.86,7,0,29.69,1,No,52.46235294117647,0.4117647058823529,0.0,0,0,0
CUST04545,Male,54,0,Yes,Yes,59,Yes,DSL,Month-to-month,Bank transfer,50.09,2977.57,3,1,62.32,5,No,50.46728813559322,0.05084745762711865,0.01694915254237288,0,0,1
CUST04546,Male,26,0,Yes,Yes,10,Yes,Fiber optic,Month-to-month,Electronic check,94.96,926.62,5,2,58.74,3,Yes,92.662,0.5,0.2,1,0,0
CUST04547,Female,32,0,Yes,No,33,Yes,DSL,Month-to-month,Electronic check,66.82,2015.13,2,1,28.28,6,No,61.06454545454546,0.06060606060606061,0.030303030303030304,0,0,0
CUST04548,Female,20,0,No,Yes,37,Yes,Fiber optic,One year,Electronic check,80.78,2805.99,2,2,33.98,5,No,75.83756756756756,0.05405405405405406,0.05405405405405406,1,0,1
CUST04549,Female,46,0,Yes,No,8,Yes,Fiber optic,One year,Bank transfer,94.98,616.73,2,0,25.64,2,Yes,77.09125,0.25,0.0,1,0,0
CUST04550,Female,23,0,Yes,No,33,Yes,DSL,Month-to-month,Credit card,62.65,2059.7,3,0,55.8,3,Yes,62.41515151515151,0.09090909090909091,0.0,0,0,0
CUST04551,Female,34,0,No,Yes,7,Yes,No,Month-to-month,Electronic check,25.69,96.24,3,1,11.9,6,Yes,13.748571428571427,0.42857142857142855,0.14285714285714285,0,0,0
CUST04552,Male,43,0,Yes,Yes,34,Yes,DSL,Month-to-month,Credit card,69.39,2514.98,3,1,27.26,2,Yes,73.97,0.08823529411764706,0.029411764705882353,0,0,0
CUST04553,Male,38,0,Yes,Yes,71,No,Fiber optic,Month-to-month,Bank transfer,112.17,7830.42,5,4,58.89,6,Yes,110.28760563380281,0.07042253521126761,0.056338028169014086,1,0,1
CUST04554,Male,25,0,Yes,No,7,Yes,DSL,Month-to-month,Credit card,63.38,566.46,4,1,24.37,5,No,80.92285714285715,0.5714285714285714,0.14285714285714285,0,0,0
CUST04555,Male,38,0,No,No,41,Yes,Fiber optic,Month-to-month,Electronic check,89.25,3538.95,6,1,68.66,1,Yes,86.31585365853658,0.14634146341463414,0.024390243902439025,1,0,1
CUST04556,Female,74,1,No,No,55,No,DSL,Month-to-month,Bank transfer,71.02,4157.69,1,2,45.97,5,Yes,75.59436363636362,0.01818181818181818,0.03636363636363636,0,0,1
CUST04557,Male,28,0,Yes,Yes,7,Yes,Fiber optic,Month-to-month,Credit card,70.71,561.19,4,3,23.34,3,No,80.17,0.5714285714285714,0.42857142857142855,0,0,0
CUST04558,Female,55,0,No,No,18,Yes,DSL,Month-to-month,Electronic check,57.8,818.69,3,1,21.03,2,Yes,45.482777777777784,0.16666666666666666,0.05555555555555555,0,0,0
CUST04559,Female,25,0,Yes,Yes,43,Yes,Fiber optic,Month-to-month,Bank transfer,79.21,3527.72,1,0,32.92,5,No,82.03999999999999,0.023255813953488372,0.0,0,0,1
CUST04560,Female,59,0,No,No,40,Yes,DSL,Month-to-month,Credit card,63.6,2497.79,1,1,78.89,1,Yes,62.44475,0.025,0.025,0,0,1
CUST04561,Male,41,0,No,No,53,Yes,DSL,Month-to-month,Bank transfer,62.6,3410.59,4,1,98.16,1,Yes,64.35075471698113,0.07547169811320754,0.018867924528301886,0,0,1
CUST04562,Female,52,0,No,No,14,Yes,Fiber optic,Two year,Electronic check,111.38,1558.22,0,3,28.33,4,No,111.30142857142857,0.0,0.21428571428571427,1,0,0
CUST04563,Male,72,1,Yes,No,21,Yes,No,Month-to-month,Electronic check,36.99,741.28,0,1,39.05,6,Yes,35.29904761904762,0.0,0.047619047619047616,0,0,0
CUST04564,Male,31,0,No,No,57,Yes,DSL,One year,Credit card,41.82,2358.36,4,1,31.61,6,No,41.374736842105264,0.07017543859649122,0.017543859649122806,0,0,1
CUST04565,Female,72,1,No,Yes,46,Yes,Fiber optic,Month-to-month,Credit card,90.36,4039.43,2,0,102.34,1,Yes,87.8136956521739,0.043478260869565216,0.0,1,0,1
CUST04566,Female,31,0,No,No,26,Yes,Fiber optic,Two year,Credit card,95.62,2442.04,3,2,64.73,5,No,93.92461538461538,0.11538461538461539,0.07692307692307693,1,0,0
CUST04567,Female,27,0,No,No,24,Yes,DSL,Two year,Bank transfer,61.01,1335.01,2,2,76.64,1,No,55.625416666666666,0.08333333333333333,0.08333333333333333,0,0,0
CUST04568,Male,29,0,Yes,No,5,Yes,Fiber optic,Month-to-month,Credit card,77.26,339.09,1,1,64.65,1,Yes,67.818,0.2,0.2,0,1,0
CUST04569,Female,55,0,Yes,Yes,42,No,No,Two year,Bank transfer,36.03,1532.77,2,2,56.3,3,No,36.49452380952381,0.047619047619047616,0.047619047619047616,0,0,1
CUST04570,Male,61,1,Yes,No,43,Yes,Fiber optic,Month-to-month,Electronic check,89.95,3973.62,0,0,48.9,1,Yes,92.40976744186047,0.0,0.0,1,0,1
CUST04571,Female,72,1,Yes,No,32,No,Fiber optic,Month-to-month,Bank transfer,69.35,2367.86,5,0,39.3,5,No,73.995625,0.15625,0.0,0,0,0
CUST04572,Female,63,1,No,No,6,Yes,No,Month-to-month,Credit card,32.81,195.61,0,1,19.74,1,Yes,32.60166666666667,0.0,0.16666666666666666,0,1,0
CUST04573,Male,51,0,No,Yes,67,Yes,No,Month-to-month,Electronic check,28.74,1812.99,5,3,53.11,2,No,27.05955223880597,0.07462686567164178,0.04477611940298507,0,0,1
CUST04574,Male,58,0,No,No,7,Yes,Fiber optic,Month-to-month,Electronic check,75.35,522.28,1,1,35.85,4,No,74.61142857142856,0.14285714285714285,0.14285714285714285,0,0,0
CUST04575,Male,27,0,Yes,No,29,Yes,DSL,Month-to-month,Electronic check,50.84,1458.18,2,0,30.16,4,No,50.28206896551724,0.06896551724137931,0.0,0,0,0
CUST04576,Male,75,1,Yes,No,34,No,Fiber optic,Month-to-month,Credit card,73.06,2615.81,2,4,51.82,3,Yes,76.93558823529412,0.058823529411764705,0.11764705882352941,0,0,0
CUST04577,Male,34,0,No,No,7,Yes,DSL,One year,Electronic check,74.21,607.01,6,3,42.46,5,No,86.71571428571428,0.8571428571428571,0.42857142857142855,0,0,0
CUST04578,Male,34,0,Yes,No,58,Yes,No,Month-to-month,Mailed check,29.72,1747.02,2,0,62.73,6,No,30.12103448275862,0.034482758620689655,0.0,0,0,1
CUST04579,Female,20,0,Yes,No,31,Yes,Fiber optic,Month-to-month,Mailed check,99.34,3231.61,5,2,54.77,5,No,104.24548387096775,0.16129032258064516,0.06451612903225806,1,0,0
CUST04580,Female,48,0,No,No,45,Yes,Fiber optic,Month-to-month,Bank transfer,88.07,3912.53,3,1,62.08,3,No,86.94511111111112,0.06666666666666667,0.022222222222222223,1,0,1
CUST04581,Male,68,1,No,No,47,Yes,Fiber optic,Month-to-month,Credit card,74.78,3577.35,2,2,40.72,4,Yes,76.11382978723404,0.0425531914893617,0.0425531914893617,0,0,1
CUST04582,Female,18,0,Yes,No,72,No,Fiber optic,Month-to-month,Bank transfer,73.08,5211.27,5,2,12.82,2,Yes,72.37875000000001,0.06944444444444445,0.027777777777777776,0,0,1
CUST04583,Male,29,0,No,Yes,40,Yes,Fiber optic,Month-to-month,Electronic check,101.1,3996.85,0,2,79.75,4,Yes,99.92125,0.0,0.05,1,0,1
CUST04584,Female,56,0,No,No,30,No,DSL,Month-to-month,Credit card,65.35,1753.68,1,0,57.38,4,Yes,58.456,0.03333333333333333,0.0,0,0,0
CUST04585,Female,21,0,No,No,62,Yes,Fiber optic,Month-to-month,Credit card,81.01,5032.71,3,0,72.54,2,Yes,81.17274193548387,0.04838709677419355,0.0,1,0,1
CUST04586,Male,59,0,No,No,71,Yes,DSL,Two year,Electronic check,60.26,4291.38,2,2,21.71,4,No,60.44197183098591,0.028169014084507043,0.028169014084507043,0,0,1
CUST04587,Male,30,0,Yes,No,17,Yes,DSL,Month-to-month,Electronic check,71.98,1209.96,2,0,37.74,1,No,71.17411764705882,0.11764705882352941,0.0,0,0,0
CUST04588,Male,51,0,No,Yes,5,Yes,DSL,Month-to-month,Credit card,66.76,379.21,1,1,26.53,5,No,75.842,0.2,0.2,0,1,0
CUST04589,Female,59,0,Yes,No,1,Yes,Fiber optic,Month-to-month,Electronic check,83.62,183.57,2,1,53.91,4,Yes,183.57,2.0,1.0,1,1,0
CUST04590,Male,38,0,Yes,Yes,31,Yes,Fiber optic,Two year,Bank transfer,84.31,2611.85,3,2,31.59,2,No,84.25322580645161,0.0967741935483871,0.06451612903225806,1,0,0
CUST04591,Female,39,0,No,No,35,Yes,DSL,One year,Mailed check,52.91,1912.19,0,0,65.1,5,No,54.634,0.0,0.0,0,0,0
CUST04592,Male,74,1,No,No,72,Yes,Fiber optic,Month-to-month,Electronic check,85.35,6182.56,2,2,48.96,5,Yes,85.86888888888889,0.027777777777777776,0.027777777777777776,1,0,1
CUST04593,Female,21,0,No,No,30,Yes,DSL,Month-to-month,Credit card,56.55,1804.14,1,1,47.98,4,Yes,60.138000000000005,0.03333333333333333,0.03333333333333333,0,0,0
CUST04594,Female,35,0,No,No,15,Yes,Fiber optic,Month-to-month,Bank transfer,84.25,1317.06,2,0,54.24,4,Yes,87.804,0.13333333333333333,0.0,1,0,0
CUST04595,Male,22,0,No,No,56,Yes,DSL,Month-to-month,Electronic check,53.5,3178.26,3,3,45.12,4,Yes,56.75464285714286,0.05357142857142857,0.05357142857142857,0,0,1
CUST04596,Female,36,0,No,No,60,Yes,DSL,One year,Mailed check,43.92,2661.7,4,1,10.92,3,No,44.361666666666665,0.06666666666666667,0.016666666666666666,0,0,1
CUST04597,Female,19,0,No,Yes,27,Yes,DSL,One year,Mailed check,71.45,1835.42,3,0,12.88,5,No,67.97851851851853,0.1111111111111111,0.0,0,0,0
CUST04598,Male,29,0,Yes,No,2,Yes,Fiber optic,Month-to-month,Electronic check,93.6,313.38,4,0,51.55,3,Yes,156.69,2.0,0.0,1,1,0
CUST04599,Female,34,0,Yes,No,64,Yes,Fiber optic,Month-to-month,Electronic check,81.02,5249.42,2,0,18.32,4,Yes,82.0221875,0.03125,0.0,1,0,1
CUST04600,Male,27,0,Yes,Yes,5,Yes,No,One year,Mailed check,22.43,159.68,1,1,70.42,2,No,31.936,0.2,0.2,0,1,0
CUST04601,Male,51,0,Yes,No,68,Yes,Fiber optic,One year,Mailed check,64.17,4209.27,2,1,50.87,4,No,61.90102941176471,0.029411764705882353,0.014705882352941176,0,0,1
CUST04602,Male,23,0,No,No,13,Yes,Fiber optic,Two year,Credit card,100.99,1461.75,6,0,29.19,4,No,112.4423076923077,0.46153846153846156,0.0,1,0,0
CUST04603,Male,25,0,No,Yes,23,Yes,DSL,Month-to-month,Electronic check,75.05,1826.31,2,3,6.22,6,Yes,79.40478260869565,0.08695652173913043,0.13043478260869565,0,0,0
CUST04604,Female,68,1,No,Yes,50,Yes,DSL,One year,Credit card,58.94,2978.4,0,3,38.78,1,No,59.568000000000005,0.0,0.06,0,0,1
CUST04605,Female,28,0,No,Yes,37,Yes,Fiber optic,Month-to-month,Electronic check,89.9,3041.61,4,1,17.4,1,Yes,82.20567567567568,0.10810810810810811,0.02702702702702703,1,0,1
CUST04606,Female,74,1,No,No,30,Yes,DSL,Month-to-month,Mailed check,48.14,1410.37,2,1,32.66,5,Yes,47.01233333333333,0.06666666666666667,0.03333333333333333,0,0,0
CUST04607,Male,29,0,Yes,No,23,Yes,DSL,One year,Bank transfer,61.03,1594.95,2,1,33.96,5,No,69.34565217391305,0.08695652173913043,0.043478260869565216,0,0,0
CUST04608,Female,26,0,Yes,No,34,Yes,Fiber optic,Two year,Credit card,74.68,2586.82,1,0,38.39,5,Yes,76.0829411764706,0.029411764705882353,0.0,0,0,0
CUST04609,Female,19,0,Yes,No,64,Yes,DSL,Month-to-month,Electronic check,51.79,3193.56,4,0,43.29,3,No,49.899375,0.0625,0.0,0,0,1
CUST04610,Male,25,0,No,Yes,55,Yes,DSL,One year,Bank transfer,56.54,3053.97,4,2,28.48,5,No,55.52672727272727,0.07272727272727272,0.03636363636363636,0,0,1
CUST04611,Male,75,1,Yes,No,71,Yes,No,One year,Electronic check,21.61,1494.46,4,2,35.2,6,No,21.048732394366198,0.056338028169014086,0.028169014084507043,0,0,1
CUST04612,Female,28,0,No,Yes,9,Yes,Fiber optic,Month-to-month,Electronic check,83.08,860.64,1,0,32.79,1,Yes,95.62666666666667,0.1111111111111111,0.0,1,0,0
CUST04613,Male,70,1,No,Yes,4,Yes,DSL,Two year,Credit card,72.68,139.82,1,4,70.94,5,No,34.955,0.25,1.0,0,1,0
CUST04614,Male,53,0,Yes,No,66,Yes,Fiber optic,Month-to-month,Credit card,53.32,3624.83,2,1,85.97,6,No,54.92166666666667,0.030303030303030304,0.015151515151515152,0,0,1
CUST04615,Male,27,0,Yes,Yes,33,Yes,Fiber optic,One year,Bank transfer,77.0,2619.97,2,0,43.73,4,No,79.3930303030303,0.06060606060606061,0.0,0,0,0
CUST04616,Male,38,0,No,No,32,Yes,DSL,Month-to-month,Mailed check,67.58,2386.79,2,1,49.04,1,No,74.5871875,0.0625,0.03125,0,0,0
CUST04617,Female,37,0,Yes,No,44,Yes,Fiber optic,Month-to-month,Credit card,87.92,3921.77,2,0,46.3,3,Yes,89.13113636363636,0.045454545454545456,0.0,1,0,1
CUST04618,Male,65,1,No,Yes,37,No,Fiber optic,Two year,Credit card,73.3,2588.17,2,0,20.49,6,No,69.95054054054054,0.05405405405405406,0.0,0,0,1
CUST04619,Male,25,0,No,No,67,Yes,Fiber optic,Month-to-month,Credit card,116.58,7806.06,3,3,43.7,3,Yes,116.50835820895523,0.04477611940298507,0.04477611940298507,1,0,1
CUST04620,Male,53,0,No,No,60,Yes,Fiber optic,Month-to-month,Electronic check,125.45,7427.85,3,0,45.92,6,Yes,123.7975,0.05,0.0,1,0,1
CUST04621,Male,46,0,No,No,59,Yes,DSL,Two year,Bank transfer,59.81,3567.68,2,2,61.31,5,No,60.46915254237288,0.03389830508474576,0.03389830508474576,0,0,1
CUST04622,Male,59,0,No,Yes,36,Yes,Fiber optic,Two year,Credit card,70.13,2698.97,2,1,55.53,3,No,74.97138888888888,0.05555555555555555,0.027777777777777776,0,0,1
CUST04623,Male,29,0,No,Yes,49,Yes,DSL,Month-to-month,Mailed check,56.99,2706.7,5,0,52.3,3,No,55.23877551020408,0.10204081632653061,0.0,0,0,1
CUST04624,Male,31,0,Yes,No,51,Yes,Fiber optic,Month-to-month,Bank transfer,68.09,3565.75,6,1,50.24,1,No,69.91666666666667,0.11764705882352941,0.0196078431372549,0,0,1
CUST04625,Male,65,1,No,No,8,Yes,DSL,One year,Electronic check,64.81,456.57,2,3,57.15,5,No,57.07125,0.25,0.375,0,0,0
CUST04626,Female,71,1,Yes,Yes,50,Yes,No,Month-to-month,Electronic check,29.6,1324.92,3,2,21.47,6,Yes,26.4984,0.06,0.04,0,0,1
CUST04627,Male,67,1,Yes,No,41,Yes,Fiber optic,Month-to-month,Credit card,99.78,4250.85,5,2,39.6,5,Yes,103.67926829268293,0.12195121951219512,0.04878048780487805,1,0,1
CUST04628,Female,38,0,Yes,Yes,38,Yes,DSL,Month-to-month,Electronic check,64.79,2485.29,3,3,52.36,4,Yes,65.40236842105263,0.07894736842105263,0.07894736842105263,0,0,1
CUST04629,Male,39,0,No,Yes,55,Yes,DSL,One year,Credit card,62.75,3500.39,2,3,49.44,5,Yes,63.643454545454546,0.03636363636363636,0.05454545454545454,0,0,1
CUST04630,Male,38,0,Yes,Yes,68,Yes,DSL,Month-to-month,Electronic check,47.91,3344.05,7,0,68.97,5,Yes,49.17720588235294,0.10294117647058823,0.0,0,0,1
CUST04631,Male,61,1,Yes,No,18,Yes,Fiber optic,One year,Mailed check,66.66,1029.8,1,0,42.2,1,No,57.21111111111111,0.05555555555555555,0.0,0,0,0
CUST04632,Male,67,1,No,Yes,65,Yes,DSL,One year,Electronic check,35.75,2297.18,0,1,10.72,4,No,35.34123076923077,0.0,0.015384615384615385,0,0,1
CUST04633,Female,47,0,No,No,64,Yes,Fiber optic,Month-to-month,Bank transfer,86.21,5353.17,2,1,29.03,4,No,83.64328125,0.03125,0.015625,1,0,1
CUST04634,Male,56,0,No,No,12,Yes,Fiber optic,Month-to-month,Electronic check,97.95,1123.06,1,2,47.35,5,Yes,93.58833333333332,0.08333333333333333,0.16666666666666666,1,0,0
CUST04635,Male,37,0,No,Yes,41,Yes,DSL,Month-to-month,Credit card,73.82,3141.55,3,3,31.47,2,Yes,76.62317073170732,0.07317073170731707,0.07317073170731707,0,0,1
CUST04636,Female,41,0,No,No,42,Yes,Fiber optic,Month-to-month,Electronic check,97.56,4142.47,2,0,63.35,4,Yes,98.6302380952381,0.047619047619047616,0.0,1,0,1
CUST04637,Female,40,0,No,No,60,Yes,DSL,Month-to-month,Credit card,55.59,3273.69,6,2,41.02,5,No,54.5615,0.1,0.03333333333333333,0,0,1
CUST04638,Male,24,0,Yes,No,50,Yes,DSL,One year,Credit card,82.31,4117.97,2,0,19.08,5,No,82.35940000000001,0.04,0.0,1,0,1
CUST04639,Female,26,0,No,No,36,Yes,DSL,Month-to-month,Credit card,48.61,1735.42,2,2,66.87,1,Yes,48.20611111111111,0.05555555555555555,0.05555555555555555,0,0,1
CUST04640,Female,18,0,No,No,48,Yes,Fiber optic,One year,Credit card,70.07,3394.45,4,1,52.01,6,No,70.71770833333333,0.08333333333333333,0.020833333333333332,0,0,1
CUST04641,Female,43,0,Yes,Yes,71,Yes,No,One year,Credit card,31.13,2147.69,5,1,54.55,4,No,30.249154929577465,0.07042253521126761,0.014084507042253521,0,0,1
CUST04642,Male,55,0,Yes,No,8,Yes,DSL,Month-to-month,Bank transfer,76.87,602.7,3,1,33.93,4,Yes,75.3375,0.375,0.125,0,0,0
CUST04643,Male,55,0,Yes,Yes,25,Yes,Fiber optic,Month-to-month,Mailed check,111.89,2812.38,4,0,64.97,2,No,112.49520000000001,0.16,0.0,1,0,0
CUST04644,Male,71,1,No,No,7,Yes,Fiber optic,Two year,Bank transfer,99.96,742.3,3,2,42.4,5,No,106.04285714285713,0.42857142857142855,0.2857142857142857,1,0,0
CUST04645,Female,61,1,Yes,Yes,8,Yes,DSL,One year,Electronic check,68.82,572.5,1,2,38.09,4,No,71.5625,0.125,0.25,0,0,0
CUST04646,Male,39,0,No,Yes,31,Yes,No,Two year,Mailed check,31.5,812.69,4,1,29.24,6,No,26.215806451612906,0.12903225806451613,0.03225806451612903,0,0,0
CUST04647,Female,61,1,No,No,12,Yes,DSL,Month-to-month,Mailed check,56.66,553.92,1,0,27.68,3,No,46.16,0.08333333333333333,0.0,0,0,0
CUST04648,Male,27,0,No,Yes,57,Yes,DSL,Two year,Bank transfer,50.38,2934.06,3,0,43.18,4,No,51.474736842105266,0.05263157894736842,0.0,0,0,1
CUST04649,Male,72,1,No,No,66,Yes,Fiber optic,Month-to-month,Credit card,89.12,5856.49,6,2,27.64,5,Yes,88.73469696969697,0.09090909090909091,0.030303030303030304,1,0,1
CUST04650,Female,75,1,Yes,Yes,12,Yes,Fiber optic,Month-to-month,Electronic check,59.57,670.39,3,2,41.06,3,Yes,55.865833333333335,0.25,0.16666666666666666,0,0,0
CUST04651,Male,23,0,Yes,No,27,Yes,Fiber optic,Month-to-month,Bank transfer,80.37,2144.86,3,0,19.55,2,Yes,79.43925925925926,0.1111111111111111,0.0,1,0,0
CUST04652,Female,34,0,Yes,Yes,46,Yes,DSL,Month-to-month,Mailed check,53.63,2441.72,1,0,22.95,3,No,53.080869565217384,0.021739130434782608,0.0,0,0,1
CUST04653,Female,68,1,No,No,7,Yes,Fiber optic,One year,Bank transfer,93.75,479.5,2,3,22.38,1,Yes,68.5,0.2857142857142857,0.42857142857142855,1,0,0
CUST04654,Male,67,1,Yes,No,61,Yes,Fiber optic,Month-to-month,Credit card,88.3,5559.23,0,2,36.12,3,No,91.13491803278689,0.0,0.03278688524590164,1,0,1
CUST04655,Female,55,0,Yes,No,58,Yes,Fiber optic,Two year,Electronic check,107.3,6212.13,2,1,40.15,3,Yes,107.10568965517241,0.034482758620689655,0.017241379310344827,1,0,1
CUST04656,Male,41,0,Yes,Yes,58,Yes,No,One year,Credit card,31.58,1833.09,1,0,32.99,3,No,31.604999999999997,0.017241379310344827,0.0,0,0,1
CUST04657,Male,68,1,No,No,13,Yes,DSL,Two year,Bank transfer,52.33,688.17,3,1,70.22,6,No,52.93615384615384,0.23076923076923078,0.07692307692307693,0,0,0
CUST04658,Female,27,0,Yes,No,53,Yes,Fiber optic,Month-to-month,Electronic check,95.09,5135.99,6,1,39.51,5,Yes,96.9054716981132,0.11320754716981132,0.018867924528301886,1,0,1
CUST04659,Male,73,1,No,No,65,Yes,No,One year,Credit card,18.0,1238.36,1,2,47.1,2,No,19.051692307692306,0.015384615384615385,0.03076923076923077,0,0,1
CUST04660,Female,25,0,Yes,No,49,Yes,Fiber optic,Month-to-month,Bank transfer,95.99,4696.03,6,1,15.63,3,No,95.83734693877551,0.12244897959183673,0.02040816326530612,1,0,1
CUST04661,Male,38,0,No,No,35,Yes,Fiber optic,Month-to-month,Electronic check,73.81,2496.09,5,2,31.28,1,Yes,71.31685714285715,0.14285714285714285,0.05714285714285714,0,0,0
CUST04662,Male,73,1,Yes,No,17,Yes,Fiber optic,One year,Electronic check,75.88,1413.63,0,1,34.7,4,No,83.15470588235294,0.0,0.058823529411764705,0,0,0
CUST04663,Male,23,0,No,Yes,72,Yes,Fiber optic,Month-to-month,Bank transfer,105.14,7575.68,3,0,12.94,6,Yes,105.21777777777778,0.041666666666666664,0.0,1,0,1
CUST04664,Male,38,0,No,Yes,67,No,Fiber optic,Month-to-month,Electronic check,90.84,6145.77,0,3,27.73,3,Yes,91.7279104477612,0.0,0.04477611940298507,1,0,1
CUST04665,Male,74,1,Yes,No,10,Yes,DSL,One year,Credit card,57.68,468.34,3,2,43.88,4,Yes,46.833999999999996,0.3,0.2,0,0,0
CUST04666,Female,56,0,No,Yes,34,Yes,DSL,Month-to-month,Bank transfer,72.2,2519.71,3,0,27.7,4,No,74.10911764705882,0.08823529411764706,0.0,0,0,0
CUST04667,Female,41,0,No,Yes,4,Yes,DSL,Month-to-month,Bank transfer,77.68,168.21,1,1,32.96,4,Yes,42.0525,0.25,0.25,0,1,0
CUST04668,Female,50,0,No,Yes,29,Yes,DSL,Month-to-month,Mailed check,48.0,1352.27,6,1,18.66,6,Yes,46.63,0.20689655172413793,0.034482758620689655,0,0,0
CUST04669,Female,35,0,No,Yes,46,Yes,DSL,Month-to-month,Credit card,51.44,2379.53,2,0,25.09,3,No,51.728913043478265,0.043478260869565216,0.0,0,0,1
CUST04670,Female,73,1,Yes,No,46,Yes,Fiber optic,One year,Credit card,97.17,4643.55,6,0,29.11,5,Yes,100.94673913043479,0.13043478260869565,0.0,1,0,1
CUST04671,Female,45,0,No,No,59,Yes,DSL,Month-to-month,Bank transfer,63.68,3822.96,2,0,31.22,3,No,64.79593220338982,0.03389830508474576,0.0,0,0,1
CUST04672,Male,74,1,No,No,61,Yes,DSL,One year,Credit card,37.67,2441.61,3,1,20.08,6,No,40.026393442622954,0.04918032786885246,0.01639344262295082,0,0,1
CUST04673,Male,69,1,No,No,68,No,No,One year,Credit card,39.26,2715.68,1,0,43.35,3,No,39.936470588235295,0.014705882352941176,0.0,0,0,1
CUST04674,Female,49,0,No,No,66,Yes,Fiber optic,One year,Credit card,77.77,5021.82,2,2,29.34,5,No,76.08818181818181,0.030303030303030304,0.030303030303030304,0,0,1
CUST04675,Female,29,0,Yes,No,34,Yes,Fiber optic,Two year,Credit card,69.93,2267.19,4,0,21.9,2,Yes,66.68205882352942,0.11764705882352941,0.0,0,0,0
CUST04676,Male,65,1,No,No,5,Yes,DSL,Month-to-month,Credit card,60.14,376.84,4,2,10.86,6,Yes,75.368,0.8,0.4,0,1,0
CUST04677,Male,59,0,No,No,9,Yes,DSL,Month-to-month,Credit card,70.82,537.2,2,1,34.61,6,No,59.6888888888889,0.2222222222222222,0.1111111111111111,0,0,0
CUST04678,Male,44,0,Yes,No,20,Yes,Fiber optic,Month-to-month,Electronic check,102.02,1886.01,2,2,11.59,6,Yes,94.3005,0.1,0.1,1,0,0
CUST04679,Female,27,0,No,No,21,Yes,DSL,Month-to-month,Mailed check,60.69,1176.89,2,2,104.6,6,Yes,56.04238095238096,0.09523809523809523,0.09523809523809523,0,0,0
CUST04680,Female,63,1,No,Yes,17,Yes,Fiber optic,Month-to-month,Electronic check,123.04,2118.5,2,1,45.86,5,No,124.61764705882354,0.11764705882352941,0.058823529411764705,1,0,0
CUST04681,Female,74,1,Yes,Yes,12,Yes,No,Two year,Electronic check,47.58,491.58,0,2,37.16,6,No,40.964999999999996,0.0,0.16666666666666666,0,0,0
CUST04682,Male,69,1,Yes,No,67,Yes,Fiber optic,Two year,Credit card,91.72,6270.76,2,0,34.47,3,No,93.5934328358209,0.029850746268656716,0.0,1,0,1
CUST04683,Male,59,0,No,No,5,Yes,Fiber optic,Month-to-month,Credit card,84.07,463.05,4,1,66.25,6,No,92.61,0.8,0.2,1,1,0
CUST04684,Female,49,0,Yes,No,60,Yes,Fiber optic,Month-to-month,Mailed check,79.95,4815.92,3,0,25.01,6,No,80.26533333333333,0.05,0.0,0,0,1
CUST04685,Female,59,0,Yes,No,53,Yes,Fiber optic,Month-to-month,Bank transfer,82.71,4422.41,5,3,58.54,3,No,83.44169811320755,0.09433962264150944,0.05660377358490566,1,0,1
CUST04686,Male,43,0,Yes,No,52,Yes,Fiber optic,Two year,Bank transfer,107.43,5646.74,3,0,28.59,5,No,108.59115384615384,0.057692307692307696,0.0,1,0,1
CUST04687,Male,42,0,Yes,No,48,Yes,DSL,Two year,Mailed check,64.03,3135.27,2,1,33.8,6,No,65.318125,0.041666666666666664,0.020833333333333332,0,0,1
CUST04688,Male,28,0,No,No,19,Yes,No,Month-to-month,Mailed check,31.96,525.54,0,0,56.72,1,Yes,27.659999999999997,0.0,0.0,0,0,0
CUST04689,Male,40,0,Yes,No,17,Yes,Fiber optic,One year,Electronic check,95.41,1748.04,0,2,39.53,5,Yes,102.82588235294118,0.0,0.11764705882352941,1,0,0
CUST04690,Female,51,0,No,No,54,Yes,DSL,Month-to-month,Credit card,67.28,3695.93,3,1,39.97,4,No,68.44314814814814,0.05555555555555555,0.018518518518518517,0,0,1
CUST04691,Male,74,1,No,Yes,68,Yes,Fiber optic,Month-to-month,Credit card,101.34,6851.62,2,1,36.12,5,No,100.75911764705882,0.029411764705882353,0.014705882352941176,1,0,1
CUST04692,Male,69,1,No,No,35,No,Fiber optic,Month-to-month,Credit card,97.41,3486.62,8,1,66.96,1,Yes,99.61771428571429,0.22857142857142856,0.02857142857142857,1,0,0
CUST04693,Male,57,0,Yes,No,41,Yes,Fiber optic,One year,Bank transfer,92.15,3644.9,2,0,82.39,6,No,88.9,0.04878048780487805,0.0,1,0,1
CUST04694,Female,40,0,No,No,13,Yes,Fiber optic,Month-to-month,Credit card,112.67,1550.22,2,1,41.55,4,No,119.2476923076923,0.15384615384615385,0.07692307692307693,1,0,0
CUST04695,Female,46,0,Yes,No,33,Yes,DSL,Month-to-month,Credit card,44.17,1486.41,4,2,71.57,3,Yes,45.04272727272728,0.12121212121212122,0.06060606060606061,0,0,0
CUST04696,Male,48,0,Yes,No,15,Yes,Fiber optic,Month-to-month,Credit card,89.25,1124.29,3,0,42.72,2,Yes,74.95266666666666,0.2,0.0,1,0,0
CUST04697,Male,24,0,No,Yes,63,Yes,No,Month-to-month,Electronic check,20.78,1508.93,4,4,30.54,5,Yes,23.95126984126984,0.06349206349206349,0.06349206349206349,0,0,1
CUST04698,Male,57,0,No,No,15,Yes,DSL,One year,Credit card,71.04,934.89,3,1,27.79,5,Yes,62.326,0.2,0.06666666666666667,0,0,0
CUST04699,Female,50,0,No,No,31,Yes,DSL,Month-to-month,Bank transfer,40.39,1309.49,1,0,44.6,5,Yes,42.24161290322581,0.03225806451612903,0.0,0,0,0
CUST04700,Female,38,0,No,Yes,28,Yes,No,Two year,Credit card,26.87,893.79,1,1,58.97,5,No,31.921071428571427,0.03571428571428571,0.03571428571428571,0,0,0
CUST04701,Female,19,0,No,No,10,Yes,No,Month-to-month,Mailed check,28.86,27.18,7,3,19.19,1,Yes,2.718,0.7,0.3,0,0,0
CUST04702,Male,35,0,No,No,57,Yes,DSL,Month-to-month,Bank transfer,74.68,4280.02,2,1,29.78,4,No,75.0880701754386,0.03508771929824561,0.017543859649122806,0,0,1
CUST04703,Female,64,1,No,No,71,Yes,DSL,Month-to-month,Credit card,54.93,3988.65,1,2,20.87,1,Yes,56.17816901408451,0.014084507042253521,0.028169014084507043,0,0,1
CUST04704,Male,50,0,Yes,No,33,Yes,Fiber optic,Month-to-month,Electronic check,126.85,4297.66,0,1,77.58,2,Yes,130.2321212121212,0.0,0.030303030303030304,1,0,0
CUST04705,Male,54,0,Yes,Yes,7,No,DSL,Month-to-month,Bank transfer,52.96,492.4,3,0,28.86,6,Yes,70.34285714285714,0.42857142857142855,0.0,0,0,0
CUST04706,Male,51,0,No,No,5,No,DSL,Month-to-month,Bank transfer,46.34,324.29,1,0,53.19,1,Yes,64.858,0.2,0.0,0,1,0
CUST04707,Female,37,0,No,No,57,No,No,Two year,Credit card,29.85,1667.85,2,2,42.57,5,No,29.260526315789473,0.03508771929824561,0.03508771929824561,0,0,1
CUST04708,Male,52,0,Yes,No,72,Yes,Fiber optic,One year,Electronic check,83.09,6028.41,0,0,33.39,2,No,83.72791666666666,0.0,0.0,1,0,1
CUST04709,Female,68,1,Yes,No,40,Yes,Fiber optic,Two year,Credit card,112.62,4705.94,2,1,73.82,2,No,117.64849999999998,0.05,0.025,1,0,1
CUST04710,Female,67,1,Yes,Yes,28,Yes,Fiber optic,Month-to-month,Electronic check,61.15,1838.56,1,1,41.43,2,No,65.66285714285713,0.03571428571428571,0.03571428571428571,0,0,0
CUST04711,Male,71,1,No,No,36,Yes,DSL,Month-to-month,Mailed check,60.43,2108.79,4,0,41.0,3,Yes,58.5775,0.1111111111111111,0.0,0,0,1
CUST04712,Male,35,0,No,No,56,Yes,Fiber optic,Month-to-month,Credit card,97.27,5553.66,1,1,17.12,1,Yes,99.1725,0.017857142857142856,0.017857142857142856,1,0,1
CUST04713,Female,63,1,No,No,47,Yes,DSL,One year,Electronic check,52.0,2579.63,3,3,30.26,2,No,54.88574468085107,0.06382978723404255,0.06382978723404255,0,0,1
CUST04714,Male,41,0,No,No,71,Yes,Fiber optic,Two year,Electronic check,64.11,4463.84,4,1,22.11,4,No,62.87098591549296,0.056338028169014086,0.014084507042253521,0,0,1
CUST04715,Female,25,0,No,No,40,Yes,Fiber optic,Two year,Bank transfer,106.72,4266.7,3,0,35.89,6,No,106.66749999999999,0.075,0.0,1,0,1
CUST04716,Male,47,0,Yes,No,59,Yes,Fiber optic,Month-to-month,Bank transfer,72.41,4243.59,0,1,28.34,2,No,71.92525423728814,0.0,0.01694915254237288,0,0,1
CUST04717,Female,61,1,Yes,No,43,No,DSL,Month-to-month,Credit card,72.53,3211.24,2,3,16.73,4,No,74.67999999999999,0.046511627906976744,0.06976744186046512,0,0,1
CUST04718,Female,70,1,Yes,No,66,Yes,Fiber optic,Month-to-month,Credit card,71.14,4654.27,0,2,38.43,6,Yes,70.51924242424244,0.0,0.030303030303030304,0,0,1
CUST04719,Female,27,0,No,Yes,9,Yes,DSL,Month-to-month,Credit card,56.17,442.61,2,0,43.01,1,Yes,49.17888888888889,0.2222222222222222,0.0,0,0,0
CUST04720,Female,40,0,Yes,No,6,Yes,No,Month-to-month,Credit card,31.06,295.52,3,2,22.35,4,Yes,49.25333333333333,0.5,0.3333333333333333,0,1,0
CUST04721,Male,69,1,No,No,65,Yes,No,Month-to-month,Mailed check,27.83,1688.43,0,1,30.84,6,Yes,25.975846153846156,0.0,0.015384615384615385,0,0,1
CUST04722,Male,66,1,No,No,3,Yes,DSL,Month-to-month,Credit card,48.82,165.01,2,2,7.83,1,Yes,55.00333333333333,0.6666666666666666,0.6666666666666666,0,1,0
CUST04723,Female,28,0,Yes,No,37,No,DSL,Month-to-month,Electronic check,66.37,2382.79,1,3,72.0,6,Yes,64.39972972972973,0.02702702702702703,0.08108108108108109,0,0,1
CUST04724,Female,19,0,No,No,33,No,Fiber optic,Month-to-month,Electronic check,52.42,1838.95,4,1,32.35,1,Yes,55.72575757575758,0.12121212121212122,0.030303030303030304,0,0,0
CUST04725,Male,75,1,No,No,9,No,No,One year,Electronic check,18.0,100.85,2,1,29.18,5,No,11.205555555555556,0.2222222222222222,0.1111111111111111,0,0,0
CUST04726,Male,43,0,Yes,Yes,53,Yes,Fiber optic,Month-to-month,Credit card,111.18,5896.21,1,2,18.78,5,Yes,111.24924528301887,0.018867924528301886,0.03773584905660377,1,0,1
CUST04727,Male,53,0,Yes,No,51,Yes,DSL,Month-to-month,Credit card,57.96,2716.85,3,2,46.86,3,No,53.27156862745098,0.058823529411764705,0.0392156862745098,0,0,1
CUST04728,Male,50,0,No,No,71,Yes,Fiber optic,One year,Electronic check,95.77,6799.85,3,0,38.12,6,Yes,95.77253521126761,0.04225352112676056,0.0,1,0,1
CUST04729,Male,64,1,Yes,No,26,Yes,Fiber optic,One year,Mailed check,95.33,2460.91,1,1,32.72,5,No,94.65038461538461,0.038461538461538464,0.038461538461538464,1,0,0
CUST04730,Male,30,0,Yes,No,16,Yes,Fiber optic,Month-to-month,Credit card,79.84,1284.6,1,1,44.7,4,Yes,80.2875,0.0625,0.0625,0,0,0
CUST04731,Female,57,0,No,No,40,Yes,DSL,Two year,Electronic check,61.41,2586.59,3,2,64.42,2,No,64.66475,0.075,0.05,0,0,1
CUST04732,Male,42,0,No,No,51,Yes,DSL,Month-to-month,Electronic check,45.93,2402.25,3,1,40.36,6,No,47.10294117647059,0.058823529411764705,0.0196078431372549,0,0,1
CUST04733,Male,21,0,No,Yes,39,Yes,DSL,Month-to-month,Credit card,61.56,2440.4,4,1,37.68,1,Yes,62.57435897435898,0.10256410256410256,0.02564102564102564,0,0,1
CUST04734,Female,59,0,No,No,55,Yes,Fiber optic,Month-to-month,Electronic check,77.64,4196.33,3,0,48.72,6,No,76.2969090909091,0.05454545454545454,0.0,0,0,1
CUST04735,Male,36,0,No,No,36,Yes,DSL,Month-to-month,Electronic check,85.1,3277.3,3,3,37.6,5,Yes,91.03611111111111,0.08333333333333333,0.08333333333333333,1,0,1
CUST04736,Male,35,0,Yes,No,65,No,Fiber optic,One year,Electronic check,74.48,4657.37,3,0,22.21,1,No,71.65184615384615,0.046153846153846156,0.0,0,0,1
CUST04737,Male,54,0,No,Yes,45,Yes,Fiber optic,Month-to-month,Credit card,92.7,4051.86,5,2,24.96,4,No,90.04133333333334,0.1111111111111111,0.044444444444444446,1,0,1
CUST04738,Male,47,0,Yes,No,9,No,DSL,Month-to-month,Electronic check,56.72,434.03,1,1,41.46,5,Yes,48.22555555555555,0.1111111111111111,0.1111111111111111,0,0,0
CUST04739,Male,36,0,Yes,No,37,Yes,No,Two year,Electronic check,31.51,1184.88,1,1,31.11,5,No,32.023783783783784,0.02702702702702703,0.02702702702702703,0,0,1
CUST04740,Female,75,1,No,Yes,1,Yes,Fiber optic,Month-to-month,Mailed check,64.65,69.0,4,1,75.72,6,Yes,69.0,4.0,1.0,0,1,0
CUST04741,Male,40,0,No,No,66,Yes,DSL,One year,Electronic check,58.42,3780.28,2,1,73.08,2,No,57.2769696969697,0.030303030303030304,0.015151515151515152,0,0,1
CUST04742,Female,71,1,Yes,Yes,63,Yes,DSL,Month-to-month,Credit card,67.11,4245.55,3,2,22.01,2,No,67.38968253968254,0.047619047619047616,0.031746031746031744,0,0,1
CUST04743,Female,33,0,No,No,43,Yes,No,Month-to-month,Electronic check,26.88,1271.66,3,1,26.31,6,No,29.573488372093024,0.06976744186046512,0.023255813953488372,0,0,1
CUST04744,Male,18,0,No,No,28,Yes,Fiber optic,Month-to-month,Electronic check,92.44,2593.88,1,0,25.69,5,No,92.63857142857144,0.03571428571428571,0.0,1,0,0
CUST04745,Female,29,0,No,No,31,Yes,Fiber optic,One year,Bank transfer,72.56,2123.44,7,4,32.84,1,Yes,68.49806451612903,0.22580645161290322,0.12903225806451613,0,0,0
CUST04746,Male,41,0,Yes,No,69,Yes,Fiber optic,One year,Electronic check,79.8,5495.81,1,1,32.29,4,No,79.64942028985507,0.014492753623188406,0.014492753623188406,0,0,1
CUST04747,Female,51,0,No,Yes,8,Yes,Fiber optic,Month-to-month,Electronic check,84.72,595.99,7,1,35.63,4,Yes,74.49875,0.875,0.125,1,0,0
CUST04748,Female,70,1,Yes,No,34,Yes,Fiber optic,Month-to-month,Credit card,96.7,3148.01,4,2,19.91,2,Yes,92.58852941176471,0.11764705882352941,0.058823529411764705,1,0,0
CUST04749,Male,74,1,Yes,No,49,Yes,No,Two year,Electronic check,36.18,1776.69,4,0,44.08,1,No,36.258979591836734,0.08163265306122448,0.0,0,0,1
CUST04750,Male,25,0,No,No,58,Yes,Fiber optic,Two year,Credit card,57.12,3222.5,1,0,53.19,1,Yes,55.560344827586206,0.017241379310344827,0.0,0,0,1
CUST04751,Male,35,0,No,No,47,Yes,No,Month-to-month,Electronic check,22.44,1021.6,1,1,80.44,3,No,21.73617021276596,0.02127659574468085,0.02127659574468085,0,0,1
CUST04752,Male,74,1,No,No,25,Yes,Fiber optic,Month-to-month,Electronic check,75.12,1920.23,0,1,10.29,3,Yes,76.8092,0.0,0.04,0,0,0
CUST04753,Male,65,1,No,Yes,3,Yes,No,Two year,Electronic check,18.81,88.5,2,2,34.31,3,No,29.5,0.6666666666666666,0.6666666666666666,0,1,0
CUST04754,Female,22,0,Yes,Yes,45,Yes,DSL,Month-to-month,Mailed check,63.2,2964.5,1,0,33.56,6,No,65.87777777777778,0.022222222222222223,0.0,0,0,1
CUST04755,Female,43,0,No,Yes,52,Yes,Fiber optic,One year,Credit card,85.49,4273.41,1,1,28.37,4,No,82.18096153846153,0.019230769230769232,0.019230769230769232,1,0,1
CUST04756,Female,47,0,Yes,No,34,Yes,DSL,Month-to-month,Credit card,46.54,1561.92,1,0,84.65,4,No,45.93882352941176,0.029411764705882353,0.0,0,0,0
CUST04757,Female,71,1,No,No,69,Yes,Fiber optic,One year,Bank transfer,67.44,4754.55,1,2,32.18,5,No,68.90652173913044,0.014492753623188406,0.028985507246376812,0,0,1
CUST04758,Female,30,0,Yes,No,8,Yes,Fiber optic,Month-to-month,Bank transfer,91.93,567.49,5,2,57.32,6,Yes,70.93625,0.625,0.25,1,0,0
CUST04759,Female,36,0,No,No,27,Yes,Fiber optic,One year,Credit card,68.63,1835.94,3,0,18.13,6,No,67.99777777777778,0.1111111111111111,0.0,0,0,0
CUST04760,Female,46,0,No,No,63,Yes,Fiber optic,One year,Bank transfer,74.58,4718.61,5,0,27.74,5,No,74.89857142857143,0.07936507936507936,0.0,0,0,1
CUST04761,Male,20,0,No,No,25,Yes,DSL,Two year,Credit card,71.08,1667.34,3,1,56.22,4,No,66.6936,0.12,0.04,0,0,0
CUST04762,Male,43,0,No,Yes,58,Yes,DSL,One year,Credit card,62.07,3532.46,3,3,50.16,1,No,60.90448275862069,0.05172413793103448,0.05172413793103448,0,0,1
CUST04763,Female,57,0,No,No,48,Yes,Fiber optic,Two year,Bank transfer,108.21,5075.15,2,1,30.38,6,No,105.73229166666665,0.041666666666666664,0.020833333333333332,1,0,1
CUST04764,Female,75,1,Yes,Yes,1,Yes,No,Two year,Mailed check,24.14,52.04,1,0,36.29,1,No,52.04,1.0,0.0,0,1,0
CUST04765,Male,75,1,Yes,No,8,Yes,No,Month-to-month,Electronic check,42.86,92.92,3,1,46.51,2,Yes,11.615,0.375,0.125,0,0,0
CUST04766,Male,29,0,No,No,21,Yes,Fiber optic,Month-to-month,Credit card,82.24,1650.5,2,3,43.09,3,No,78.5952380952381,0.09523809523809523,0.14285714285714285,1,0,0
CUST04767,Male,19,0,Yes,Yes,29,Yes,Fiber optic,One year,Bank transfer,102.97,2914.15,2,2,14.91,2,No,100.48793103448276,0.06896551724137931,0.06896551724137931,1,0,0
CUST04768,Male,28,0,No,No,30,Yes,Fiber optic,Two year,Electronic check,72.4,2262.76,4,0,28.8,6,No,75.42533333333334,0.13333333333333333,0.0,0,0,0
CUST04769,Female,61,1,Yes,Yes,3,Yes,DSL,Month-to-month,Mailed check,52.2,0.41,5,0,21.24,6,Yes,0.13666666666666666,1.6666666666666667,0.0,0,1,0
CUST04770,Male,45,0,Yes,No,7,Yes,Fiber optic,One year,Credit card,110.38,902.31,2,2,23.55,4,Yes,128.90142857142857,0.2857142857142857,0.2857142857142857,1,0,0
CUST04771,Female,35,0,No,No,11,Yes,Fiber optic,Month-to-month,Credit card,74.57,894.99,1,1,18.71,1,No,81.36272727272727,0.09090909090909091,0.09090909090909091,0,0,0
CUST04772,Female,30,0,No,No,32,Yes,DSL,Month-to-month,Electronic check,57.39,1940.99,1,2,95.32,1,Yes,60.6559375,0.03125,0.0625,0,0,0
CUST04773,Female,54,0,No,No,59,Yes,DSL,One year,Electronic check,52.06,3028.85,4,1,25.21,5,No,51.3364406779661,0.06779661016949153,0.01694915254237288,0,0,1
CUST04774,Male,39,0,No,No,12,Yes,Fiber optic,One year,Electronic check,101.87,1180.45,1,2,12.03,1,Yes,98.37083333333334,0.08333333333333333,0.16666666666666666,1,0,0
CUST04775,Male,29,0,No,No,38,Yes,No,One year,Electronic check,18.0,605.31,6,1,45.24,4,No,15.929210526315789,0.15789473684210525,0.02631578947368421,0,0,1
CUST04776,Female,19,0,Yes,Yes,24,Yes,DSL,Two year,Credit card,75.69,1874.63,3,1,62.73,3,No,78.10958333333333,0.125,0.041666666666666664,0,0,0
CUST04777,Female,54,0,Yes,Yes,65,Yes,Fiber optic,Month-to-month,Bank transfer,88.67,5728.39,5,2,77.54,2,No,88.12907692307692,0.07692307692307693,0.03076923076923077,1,0,1
CUST04778,Female,24,0,No,Yes,18,Yes,DSL,Month-to-month,Credit card,62.24,1039.56,2,0,15.06,6,Yes,57.75333333333333,0.1111111111111111,0.0,0,0,0
CUST04779,Male,43,0,No,No,46,Yes,Fiber optic,Two year,Electronic check,84.14,3835.03,3,1,27.76,1,Yes,83.37021739130435,0.06521739130434782,0.021739130434782608,1,0,1
CUST04780,Female,43,0,No,No,56,Yes,DSL,Month-to-month,Electronic check,75.01,4237.67,1,3,62.17,1,No,75.67267857142858,0.017857142857142856,0.05357142857142857,0,0,1
CUST04781,Male,41,0,No,No,63,Yes,Fiber optic,Month-to-month,Credit card,81.71,5021.39,2,0,39.08,4,No,79.70460317460318,0.031746031746031744,0.0,1,0,1
CUST04782,Female,29,0,Yes,No,7,Yes,Fiber optic,One year,Credit card,74.34,425.26,3,0,53.31,4,No,60.75142857142857,0.42857142857142855,0.0,0,0,0
CUST04783,Female,33,0,Yes,Yes,66,Yes,Fiber optic,Two year,Mailed check,92.81,6260.45,2,1,25.73,4,No,94.85530303030303,0.030303030303030304,0.015151515151515152,1,0,1
CUST04784,Female,40,0,No,Yes,40,Yes,Fiber optic,One year,Bank transfer,83.72,3258.12,2,3,64.56,5,No,81.453,0.05,0.075,1,0,1
CUST04785,Male,57,0,Yes,No,54,Yes,DSL,One year,Bank transfer,83.53,4655.37,4,1,55.02,1,No,86.21055555555556,0.07407407407407407,0.018518518518518517,1,0,1
CUST04786,Male,26,0,Yes,Yes,31,Yes,DSL,Month-to-month,Electronic check,70.94,2146.42,1,2,12.18,2,Yes,69.23935483870967,0.03225806451612903,0.06451612903225806,0,0,0
CUST04787,Female,49,0,Yes,No,52,Yes,Fiber optic,Month-to-month,Bank transfer,90.2,4554.84,3,0,23.23,2,Yes,87.59307692307692,0.057692307692307696,0.0,1,0,1
CUST04788,Male,32,0,Yes,No,31,Yes,Fiber optic,Two year,Electronic check,106.51,3438.84,2,2,27.98,2,No,110.93032258064517,0.06451612903225806,0.06451612903225806,1,0,0
CUST04789,Female,54,0,No,No,34,Yes,DSL,One year,Credit card,42.59,1622.59,1,3,19.51,5,No,47.72323529411764,0.029411764705882353,0.08823529411764706,0,0,0
CUST04790,Male,30,0,No,No,7,Yes,Fiber optic,Month-to-month,Credit card,93.42,595.86,1,3,9.57,3,Yes,85.12285714285714,0.14285714285714285,0.42857142857142855,1,0,0
CUST04791,Male,22,0,No,No,16,Yes,Fiber optic,Month-to-month,Credit card,86.53,1493.75,4,4,60.81,6,Yes,93.359375,0.25,0.25,1,0,0
CUST04792,Male,28,0,No,No,22,No,DSL,One year,Electronic check,57.56,1276.63,4,0,18.53,5,No,58.028636363636366,0.18181818181818182,0.0,0,0,0
CUST04793,Female,27,0,Yes,Yes,53,Yes,DSL,Month-to-month,Credit card,56.63,3017.16,2,2,21.73,6,No,56.92754716981132,0.03773584905660377,0.03773584905660377,0,0,1
CUST04794,Male,69,1,No,No,17,Yes,DSL,One year,Electronic check,73.36,1278.5,5,0,14.31,1,No,75.20588235294117,0.29411764705882354,0.0,0,0,0
CUST04795,Male,30,0,Yes,Yes,4,Yes,DSL,Month-to-month,Electronic check,37.66,152.66,1,0,29.44,6,No,38.165,0.25,0.0,0,1,0
CUST04796,Female,58,0,Yes,Yes,61,Yes,Fiber optic,Month-to-month,Bank transfer,92.09,5627.73,4,0,9.81,5,No,92.25786885245901,0.06557377049180328,0.0,1,0,1
CUST04797,Female,70,1,Yes,No,52,Yes,DSL,One year,Mailed check,42.83,2227.77,3,3,28.24,6,No,42.84173076923077,0.057692307692307696,0.057692307692307696,0,0,1
CUST04798,Female,63,1,No,No,35,No,Fiber optic,Month-to-month,Bank transfer,81.33,2788.95,0,0,29.03,6,Yes,79.6842857142857,0.0,0.0,1,0,0
CUST04799,Female,67,1,No,Yes,44,Yes,Fiber optic,Month-to-month,Credit card,84.25,3636.22,3,0,50.08,4,Yes,82.64136363636364,0.06818181818181818,0.0,1,0,1
CUST04800,Male,32,0,No,Yes,15,Yes,DSL,Two year,Electronic check,79.4,1076.08,5,0,42.59,2,No,71.73866666666666,0.3333333333333333,0.0,0,0,0
CUST04801,Male,59,0,No,Yes,61,Yes,DSL,One year,Electronic check,53.6,3081.07,4,0,50.69,1,No,50.50934426229509,0.06557377049180328,0.0,0,0,1
CUST04802,Male,73,1,Yes,No,44,Yes,Fiber optic,Month-to-month,Electronic check,85.82,3766.95,2,2,24.14,1,Yes,85.6125,0.045454545454545456,0.045454545454545456,1,0,1
CUST04803,Male,24,0,No,No,21,No,Fiber optic,Month-to-month,Mailed check,66.57,1313.68,1,0,53.55,6,Yes,62.55619047619048,0.047619047619047616,0.0,0,0,0
CUST04804,Male,57,0,No,Yes,47,Yes,DSL,Month-to-month,Credit card,66.07,2941.52,1,0,39.45,6,Yes,62.585531914893615,0.02127659574468085,0.0,0,0,1
CUST04805,Female,45,0,Yes,No,49,Yes,No,One year,Bank transfer,18.0,799.78,5,4,13.97,6,Yes,16.32204081632653,0.10204081632653061,0.08163265306122448,0,0,1
CUST04806,Male,49,0,Yes,No,53,Yes,DSL,Month-to-month,Bank transfer,38.66,1995.85,4,0,37.22,1,Yes,37.657547169811316,0.07547169811320754,0.0,0,0,1
CUST04807,Male,52,0,No,No,27,No,Fiber optic,Month-to-month,Credit card,62.37,1629.03,3,0,29.43,1,Yes,60.33444444444444,0.1111111111111111,0.0,0,0,0
CUST04808,Male,32,0,No,No,31,Yes,DSL,Month-to-month,Mailed check,56.59,1893.56,2,0,39.16,3,Yes,61.082580645161286,0.06451612903225806,0.0,0,0,0
CUST04809,Female,65,1,No,No,44,Yes,DSL,Month-to-month,Electronic check,57.19,2456.84,2,1,59.35,5,Yes,55.83727272727273,0.045454545454545456,0.022727272727272728,0,0,1
CUST04810,Female,53,0,No,No,32,Yes,DSL,Month-to-month,Credit card,73.62,2500.4,2,2,20.49,1,Yes,78.1375,0.0625,0.0625,0,0,0
CUST04811,Male,38,0,No,No,30,Yes,Fiber optic,Month-to-month,Mailed check,107.83,3159.79,4,0,17.52,3,Yes,105.32633333333334,0.13333333333333333,0.0,1,0,0
CUST04812,Female,23,0,Yes,Yes,18,Yes,Fiber optic,Two year,Credit card,107.47,1982.68,3,1,13.95,5,No,110.14888888888889,0.16666666666666666,0.05555555555555555,1,0,0
CUST04813,Female,18,0,Yes,No,63,Yes,Fiber optic,Two year,Electronic check,102.26,6342.32,3,2,19.03,5,Yes,100.67174603174603,0.047619047619047616,0.031746031746031744,1,0,1
CUST04814,Female,21,0,Yes,No,16,Yes,Fiber optic,Month-to-month,Electronic check,116.13,2029.64,3,1,25.43,6,No,126.8525,0.1875,0.0625,1,0,0
CUST04815,Female,28,0,Yes,Yes,35,No,Fiber optic,One year,Bank transfer,91.83,3336.6,1,1,73.23,3,No,95.33142857142857,0.02857142857142857,0.02857142857142857,1,0,0
CUST04816,Female,61,1,No,Yes,62,Yes,DSL,One year,Electronic check,65.64,4144.54,2,0,95.72,4,Yes,66.8474193548387,0.03225806451612903,0.0,0,0,1
CUST04817,Female,43,0,No,Yes,9,Yes,Fiber optic,Month-to-month,Mailed check,112.41,1209.45,6,2,11.94,6,Yes,134.38333333333333,0.6666666666666666,0.2222222222222222,1,0,0
CUST04818,Female,54,0,No,No,62,Yes,DSL,Month-to-month,Electronic check,46.63,2978.07,1,1,27.78,4,No,48.0333870967742,0.016129032258064516,0.016129032258064516,0,0,1
CUST04819,Male,40,0,Yes,Yes,39,Yes,Fiber optic,Month-to-month,Credit card,99.1,3908.75,4,1,22.99,1,Yes,100.22435897435898,0.10256410256410256,0.02564102564102564,1,0,1
CUST04820,Male,46,0,No,No,51,Yes,DSL,One year,Credit card,59.43,2895.42,2,1,54.65,6,No,56.77294117647059,0.0392156862745098,0.0196078431372549,0,0,1
CUST04821,Female,38,0,Yes,No,10,Yes,DSL,One year,Credit card,76.0,524.38,3,2,27.01,3,Yes,52.438,0.3,0.2,0,0,0
CUST04822,Male,65,1,Yes,No,52,No,DSL,Two year,Credit card,74.18,3727.92,2,3,33.14,3,No,71.69076923076923,0.038461538461538464,0.057692307692307696,0,0,1
CUST04823,Male,62,1,No,No,12,Yes,Fiber optic,One year,Mailed check,82.53,821.72,5,3,58.83,4,No,68.47666666666667,0.4166666666666667,0.25,1,0,0
CUST04824,Female,62,1,No,No,72,Yes,DSL,Two year,Bank transfer,45.54,3198.89,1,1,32.34,3,No,44.429027777777776,0.013888888888888888,0.013888888888888888,0,0,1
CUST04825,Male,66,1,Yes,Yes,62,Yes,DSL,Two year,Bank transfer,76.19,4833.21,1,0,39.27,3,No,77.955,0.016129032258064516,0.0,0,0,1
CUST04826,Female,44,0,Yes,No,3,Yes,No,Two year,Electronic check,21.21,0.0,2,2,49.05,1,No,0.0,0.6666666666666666,0.6666666666666666,0,1,0
CUST04827,Female,56,0,No,Yes,11,Yes,DSL,Month-to-month,Electronic check,61.45,629.71,2,1,29.7,1,Yes,57.24636363636364,0.18181818181818182,0.09090909090909091,0,0,0
CUST04828,Female,57,0,Yes,No,8,Yes,DSL,Month-to-month,Electronic check,46.57,378.25,3,2,42.5,3,No,47.28125,0.375,0.25,0,0,0
CUST04829,Male,30,0,Yes,No,23,Yes,Fiber optic,One year,Electronic check,79.59,1839.79,6,4,16.79,2,Yes,79.9908695652174,0.2608695652173913,0.17391304347826086,0,0,0
CUST04830,Male,40,0,No,No,10,Yes,No,One year,Bank transfer,33.13,271.95,4,2,55.94,2,No,27.195,0.4,0.2,0,0,0
CUST04831,Male,33,0,Yes,No,18,Yes,No,Month-to-month,Credit card,28.08,624.28,2,1,70.92,3,Yes,34.68222222222222,0.1111111111111111,0.05555555555555555,0,0,0
CUST04832,Male,47,0,Yes,Yes,39,Yes,DSL,Two year,Bank transfer,50.98,1990.66,5,1,19.88,4,No,51.04256410256411,0.1282051282051282,0.02564102564102564,0,0,1
CUST04833,Female,21,0,No,No,26,Yes,DSL,Two year,Electronic check,37.45,990.78,4,1,23.01,1,No,38.106923076923074,0.15384615384615385,0.038461538461538464,0,0,0
CUST04834,Female,57,0,No,No,11,Yes,DSL,One year,Credit card,68.26,998.42,0,2,17.8,6,Yes,90.76545454545455,0.0,0.18181818181818182,0,0,0
CUST04835,Male,33,0,No,Yes,10,No,Fiber optic,Month-to-month,Mailed check,78.77,961.4,5,1,46.95,2,Yes,96.14,0.5,0.1,0,0,0
CUST04836,Female,48,0,Yes,No,3,Yes,No,Two year,Mailed check,26.4,81.11,5,3,37.8,6,No,27.036666666666665,1.6666666666666667,1.0,0,1,0
CUST04837,Female,70,1,Yes,No,62,No,DSL,Month-to-month,Mailed check,58.36,3672.97,1,1,39.26,1,No,59.24145161290322,0.016129032258064516,0.016129032258064516,0,0,1
CUST04838,Male,59,0,Yes,No,71,Yes,DSL,Month-to-month,Bank transfer,54.9,3805.71,3,2,60.94,3,Yes,53.601549295774646,0.04225352112676056,0.028169014084507043,0,0,1
CUST04839,Female,42,0,Yes,No,61,Yes,DSL,Two year,Bank transfer,67.44,3904.94,1,3,39.7,1,No,64.01540983606557,0.01639344262295082,0.04918032786885246,0,0,1
CUST04840,Male,61,1,No,Yes,4,Yes,No,One year,Mailed check,18.05,140.36,2,0,36.61,6,No,35.09,0.5,0.0,0,1,0
CUST04841,Female,29,0,No,No,61,No,DSL,Month-to-month,Bank transfer,61.8,3664.08,2,2,12.68,2,No,60.06688524590164,0.03278688524590164,0.03278688524590164,0,0,1
CUST04842,Male,43,0,No,No,8,No,Fiber optic,Two year,Mailed check,91.22,786.2,3,0,46.33,3,No,98.275,0.375,0.0,1,0,0
CUST04843,Female,54,0,Yes,Yes,13,Yes,DSL,Month-to-month,Electronic check,76.17,1204.98,3,2,45.74,3,Yes,92.69076923076923,0.23076923076923078,0.15384615384615385,0,0,0
CUST04844,Female,65,1,Yes,No,12,Yes,No,One year,Mailed check,25.42,117.43,3,3,31.33,3,No,9.785833333333334,0.25,0.25,0,0,0
CUST04845,Male,50,0,No,Yes,35,Yes,DSL,One year,Credit card,45.7,1371.58,3,1,35.36,1,No,39.187999999999995,0.08571428571428572,0.02857142857142857,0,0,0
CUST04846,Male,45,0,Yes,No,54,Yes,No,Month-to-month,Electronic check,30.4,1549.76,1,1,55.87,4,No,28.69925925925926,0.018518518518518517,0.018518518518518517,0,0,1
CUST04847,Male,26,0,No,Yes,51,No,DSL,Month-to-month,Electronic check,49.34,2597.35,3,0,45.63,2,No,50.92843137254902,0.058823529411764705,0.0,0,0,1
CUST04848,Male,29,0,No,No,43,Yes,DSL,Two year,Mailed check,51.96,2359.31,3,1,32.58,5,No,54.86767441860465,0.06976744186046512,0.023255813953488372,0,0,1
CUST04849,Female,22,0,No,No,66,Yes,Fiber optic,Month-to-month,Credit card,77.5,5195.87,2,1,72.41,2,No,78.72530303030302,0.030303030303030304,0.015151515151515152,0,0,1
CUST04850,Female,71,1,Yes,No,15,Yes,Fiber optic,Month-to-month,Mailed check,82.23,1262.24,2,0,27.97,2,No,84.14933333333333,0.13333333333333333,0.0,1,0,0
CUST04851,Male,69,1,No,Yes,49,Yes,DSL,Month-to-month,Electronic check,75.51,3701.67,2,1,49.28,5,Yes,75.54428571428572,0.04081632653061224,0.02040816326530612,0,0,1
CUST04852,Female,71,1,Yes,No,34,Yes,Fiber optic,Month-to-month,Credit card,94.78,3234.89,2,2,57.89,6,Yes,95.14382352941176,0.058823529411764705,0.058823529411764705,1,0,0
CUST04853,Male,45,0,Yes,No,39,Yes,DSL,Two year,Electronic check,46.8,1943.6,1,0,40.2,2,No,49.83589743589744,0.02564102564102564,0.0,0,0,1
CUST04854,Male,73,1,No,Yes,26,Yes,DSL,Month-to-month,Credit card,78.15,1967.48,2,1,42.58,3,No,75.6723076923077,0.07692307692307693,0.038461538461538464,0,0,0
CUST04855,Female,52,0,Yes,No,69,Yes,Fiber optic,One year,Credit card,100.92,6967.64,3,4,33.76,3,Yes,100.98028985507247,0.043478260869565216,0.057971014492753624,1,0,1
CUST04856,Female,22,0,No,No,48,Yes,DSL,Month-to-month,Bank transfer,65.0,3004.54,3,3,15.75,1,No,62.59458333333333,0.0625,0.0625,0,0,1
CUST04857,Male,51,0,No,No,51,Yes,DSL,Two year,Electronic check,32.19,1677.61,5,2,51.02,5,No,32.89431372549019,0.09803921568627451,0.0392156862745098,0,0,1
CUST04858,Male,63,1,No,Yes,4,Yes,Fiber optic,One year,Electronic check,72.34,291.18,5,0,25.82,3,Yes,72.795,1.25,0.0,0,1,0
CUST04859,Male,51,0,No,No,27,Yes,Fiber optic,Month-to-month,Electronic check,85.14,2557.42,4,2,29.65,5,Yes,94.71925925925926,0.14814814814814814,0.07407407407407407,1,0,0
CUST04860,Female,30,0,Yes,Yes,42,Yes,No,Two year,Mailed check,38.24,1458.29,4,2,66.37,3,No,34.72119047619047,0.09523809523809523,0.047619047619047616,0,0,1
CUST04861,Female,56,0,No,No,56,Yes,Fiber optic,Month-to-month,Electronic check,104.88,5967.03,6,1,8.34,2,No,106.55410714285713,0.10714285714285714,0.017857142857142856,1,0,1
CUST04862,Female,59,0,No,Yes,69,Yes,Fiber optic,One year,Credit card,70.52,4814.65,7,1,14.98,5,No,69.77753623188406,0.10144927536231885,0.014492753623188406,0,0,1
CUST04863,Female,62,1,No,No,18,Yes,Fiber optic,Two year,Credit card,59.8,1158.84,2,2,66.28,3,No,64.38,0.1111111111111111,0.1111111111111111,0,0,0
CUST04864,Male,65,1,Yes,No,61,Yes,Fiber optic,One year,Bank transfer,82.26,5092.74,0,1,28.78,4,Yes,83.48754098360655,0.0,0.01639344262295082,1,0,1
CUST04865,Male,75,1,No,Yes,4,Yes,DSL,One year,Electronic check,61.68,217.78,2,0,23.68,5,No,54.445,0.5,0.0,0,1,0
CUST04866,Male,31,0,Yes,No,1,No,Fiber optic,Month-to-month,Electronic check,66.38,0.0,5,4,26.81,5,No,0.0,5.0,4.0,0,1,0
CUST04867,Male,28,0,No,No,50,Yes,DSL,Month-to-month,Bank transfer,49.55,2371.84,1,0,34.6,6,Yes,47.436800000000005,0.02,0.0,0,0,1
CUST04868,Male,59,0,Yes,Yes,70,Yes,Fiber optic,Month-to-month,Mailed check,116.74,8182.31,1,2,29.11,4,No,116.89014285714286,0.014285714285714285,0.02857142857142857,1,0,1
CUST04869,Male,55,0,No,No,20,Yes,DSL,Two year,Credit card,55.51,1037.9,1,1,56.88,5,No,51.895,0.05,0.05,0,0,0
CUST04870,Female,21,0,Yes,No,20,Yes,Fiber optic,Two year,Electronic check,80.49,1586.78,4,1,10.59,1,No,79.339,0.2,0.05,1,0,0
CUST04871,Female,70,1,Yes,No,46,Yes,No,Month-to-month,Credit card,47.61,2065.92,2,1,39.72,2,No,44.91130434782609,0.043478260869565216,0.021739130434782608,0,0,1
CUST04872,Male,50,0,Yes,No,27,Yes,DSL,Month-to-month,Mailed check,55.94,1561.17,1,3,35.99,6,No,57.821111111111115,0.037037037037037035,0.1111111111111111,0,0,0
CUST04873,Male,24,0,Yes,No,26,Yes,DSL,Month-to-month,Credit card,47.86,1155.1,3,0,31.92,2,No,44.426923076923075,0.11538461538461539,0.0,0,0,0
CUST04874,Female,73,1,Yes,No,32,Yes,DSL,Month-to-month,Credit card,51.49,1606.03,2,2,10.21,3,No,50.1884375,0.0625,0.0625,0,0,0
CUST04875,Female,58,0,No,No,10,Yes,DSL,Month-to-month,Credit card,63.5,766.59,7,1,44.57,1,Yes,76.659,0.7,0.1,0,0,0
CUST04876,Female,25,0,No,No,12,Yes,DSL,One year,Mailed check,54.3,666.43,5,2,21.96,4,Yes,55.53583333333333,0.4166666666666667,0.16666666666666666,0,0,0
CUST04877,Female,54,0,No,No,24,Yes,Fiber optic,Two year,Bank transfer,83.05,2068.76,2,1,42.27,4,No,86.19833333333334,0.08333333333333333,0.041666666666666664,1,0,0
CUST04878,Male,68,1,No,No,51,Yes,DSL,One year,Bank transfer,59.48,2937.95,0,2,69.87,2,No,57.606862745098034,0.0,0.0392156862745098,0,0,1
CUST04879,Male,27,0,Yes,No,38,Yes,Fiber optic,One year,Electronic check,132.22,5052.05,2,1,26.42,4,No,132.94868421052632,0.05263157894736842,0.02631578947368421,1,0,1
CUST04880,Male,60,1,Yes,No,46,Yes,DSL,One year,Credit card,68.55,3196.42,1,1,40.86,6,Yes,69.48739130434782,0.021739130434782608,0.021739130434782608,0,0,1
CUST04881,Male,74,1,Yes,Yes,8,Yes,No,One year,Credit card,18.0,47.44,2,0,16.06,2,No,5.93,0.25,0.0,0,0,0
CUST04882,Male,32,0,No,Yes,55,Yes,No,Month-to-month,Electronic check,23.61,1304.65,5,1,67.1,6,No,23.720909090909092,0.09090909090909091,0.01818181818181818,0,0,1
CUST04883,Female,55,0,No,No,31,Yes,Fiber optic,Month-to-month,Mailed check,97.05,2966.47,0,0,48.14,1,Yes,95.69258064516129,0.0,0.0,1,0,0
CUST04884,Male,32,0,Yes,Yes,16,Yes,Fiber optic,Month-to-month,Credit card,101.24,1647.04,6,2,74.27,6,No,102.94,0.375,0.125,1,0,0
CUST04885,Female,22,0,Yes,No,20,No,Fiber optic,One year,Electronic check,60.93,1086.29,2,3,29.7,1,Yes,54.314499999999995,0.1,0.15,0,0,0
CUST04886,Male,46,0,No,Yes,38,No,Fiber optic,Two year,Mailed check,63.74,2317.17,2,3,47.31,1,No,60.978157894736846,0.05263157894736842,0.07894736842105263,0,0,1
CUST04887,Male,36,0,No,Yes,15,Yes,Fiber optic,One year,Electronic check,92.05,1241.44,1,1,54.22,3,Yes,82.76266666666668,0.06666666666666667,0.06666666666666667,1,0,0
CUST04888,Male,71,1,No,Yes,34,Yes,Fiber optic,Two year,Bank transfer,75.43,2449.58,1,1,119.14,6,No,72.0464705882353,0.029411764705882353,0.029411764705882353,0,0,0
CUST04889,Male,68,1,No,No,72,Yes,No,Month-to-month,Bank transfer,18.77,1288.88,7,1,25.28,6,Yes,17.901111111111113,0.09722222222222222,0.013888888888888888,0,0,1
CUST04890,Male,27,0,No,Yes,19,Yes,DSL,One year,Mailed check,62.24,1233.86,3,0,14.02,6,No,64.94,0.15789473684210525,0.0,0,0,0
CUST04891,Female,29,0,Yes,No,69,Yes,DSL,Two year,Bank transfer,69.49,4804.02,3,1,41.56,4,No,69.62347826086958,0.043478260869565216,0.014492753623188406,0,0,1
CUST04892,Female,71,1,Yes,No,63,Yes,DSL,One year,Bank transfer,57.13,3608.08,1,0,7.14,3,No,57.27111111111111,0.015873015873015872,0.0,0,0,1
CUST04893,Female,21,0,No,No,32,Yes,DSL,Two year,Electronic check,36.68,1076.14,4,0,16.09,5,No,33.629375,0.125,0.0,0,0,0
CUST04894,Male,48,0,No,No,37,Yes,No,One year,Credit card,20.77,766.24,2,1,17.59,4,No,20.70918918918919,0.05405405405405406,0.02702702702702703,0,0,1
CUST04895,Male,35,0,No,No,66,Yes,DSL,Month-to-month,Mailed check,46.08,3166.93,2,0,40.65,5,No,47.98378787878788,0.030303030303030304,0.0,0,0,1
CUST04896,Female,33,0,Yes,No,7,Yes,Fiber optic,Month-to-month,Electronic check,93.43,683.53,1,3,20.28,1,Yes,97.64714285714285,0.14285714285714285,0.42857142857142855,1,0,0
CUST04897,Male,57,0,Yes,No,48,Yes,DSL,One year,Bank transfer,84.61,4142.36,1,2,52.46,3,No,86.29916666666666,0.020833333333333332,0.041666666666666664,1,0,1
CUST04898,Male,53,0,Yes,No,11,Yes,No,Two year,Electronic check,27.3,249.76,2,3,65.02,3,No,22.705454545454543,0.18181818181818182,0.2727272727272727,0,0,0
CUST04899,Female,42,0,Yes,No,31,Yes,Fiber optic,Month-to-month,Electronic check,91.62,2792.29,0,0,39.03,2,No,90.07387096774194,0.0,0.0,1,0,0
CUST04900,Male,40,0,Yes,No,44,Yes,DSL,One year,Electronic check,69.76,3121.58,1,0,46.17,1,No,70.945,0.022727272727272728,0.0,0,0,1
CUST04901,Female,29,0,No,No,45,Yes,Fiber optic,One year,Electronic check,105.22,4641.07,2,1,24.29,2,No,103.13488888888888,0.044444444444444446,0.022222222222222223,1,0,1
CUST04902,Male,51,0,No,No,72,Yes,Fiber optic,Month-to-month,Mailed check,76.27,5479.37,5,3,23.86,1,No,76.10236111111111,0.06944444444444445,0.041666666666666664,0,0,1
CUST04903,Female,53,0,Yes,No,56,Yes,No,Month-to-month,Mailed check,24.58,1395.17,5,3,31.6,2,Yes,24.91375,0.08928571428571429,0.05357142857142857,0,0,1
CUST04904,Male,54,0,No,Yes,32,Yes,Fiber optic,Month-to-month,Credit card,99.23,3136.32,3,2,39.63,6,Yes,98.01,0.09375,0.0625,1,0,0
CUST04905,Male,20,0,Yes,No,21,Yes,Fiber optic,Month-to-month,Bank transfer,70.87,1403.79,2,1,18.35,3,Yes,66.84714285714286,0.09523809523809523,0.047619047619047616,0,0,0
CUST04906,Female,26,0,No,No,31,Yes,Fiber optic,Month-to-month,Credit card,62.36,1868.14,4,0,39.09,3,Yes,60.26258064516129,0.12903225806451613,0.0,0,0,0
CUST04907,Male,70,1,Yes,No,1,Yes,No,Month-to-month,Bank transfer,21.28,0.0,0,1,28.44,2,Yes,0.0,0.0,1.0,0,1,0
CUST04908,Male,35,0,Yes,No,11,Yes,Fiber optic,Month-to-month,Bank transfer,103.85,1170.09,3,0,56.81,2,Yes,106.37181818181817,0.2727272727272727,0.0,1,0,0
CUST04909,Female,60,1,No,No,68,Yes,DSL,One year,Electronic check,61.69,4278.36,1,1,22.71,4,No,62.91705882352941,0.014705882352941176,0.014705882352941176,0,0,1
CUST04910,Male,52,0,Yes,No,36,No,Fiber optic,One year,Credit card,78.01,2757.86,2,0,42.84,3,No,76.60722222222222,0.05555555555555555,0.0,0,0,1
CUST04911,Female,74,1,Yes,No,59,Yes,DSL,One year,Credit card,72.19,4532.97,1,1,60.62,6,No,76.83,0.01694915254237288,0.01694915254237288,0,0,1
CUST04912,Male,72,1,Yes,No,67,Yes,No,Month-to-month,Mailed check,29.43,1895.96,4,1,37.57,6,No,28.297910447761193,0.05970149253731343,0.014925373134328358,0,0,1
CUST04913,Male,51,0,Yes,No,56,Yes,Fiber optic,Two year,Bank transfer,73.35,4033.43,3,1,61.64,5,Yes,72.02553571428571,0.05357142857142857,0.017857142857142856,0,0,1
CUST04914,Male,58,0,Yes,No,51,Yes,Fiber optic,Two year,Mailed check,82.15,4266.62,6,4,50.41,5,No,83.65921568627451,0.11764705882352941,0.0784313725490196,1,0,1
CUST04915,Male,31,0,No,No,29,Yes,Fiber optic,Two year,Bank transfer,69.64,2081.65,5,3,22.12,1,No,71.78103448275863,0.1724137931034483,0.10344827586206896,0,0,0
CUST04916,Female,21,0,No,Yes,2,Yes,DSL,Month-to-month,Credit card,61.72,190.43,4,0,21.06,4,No,95.215,2.0,0.0,0,1,0
CUST04917,Male,46,0,No,Yes,6,Yes,Fiber optic,Two year,Mailed check,94.55,674.44,1,2,36.7,2,No,112.40666666666668,0.16666666666666666,0.3333333333333333,1,1,0
CUST04918,Female,58,0,Yes,No,31,Yes,Fiber optic,One year,Credit card,48.13,1398.85,3,1,35.82,5,No,45.12419354838709,0.0967741935483871,0.03225806451612903,0,0,0
CUST04919,Male,62,1,Yes,No,54,Yes,Fiber optic,Month-to-month,Credit card,69.7,3801.1,2,0,61.74,1,No,70.39074074074074,0.037037037037037035,0.0,0,0,1
CUST04920,Male,67,1,Yes,No,40,Yes,Fiber optic,Month-to-month,Bank transfer,110.18,4267.27,3,1,57.09,3,Yes,106.68175000000001,0.075,0.025,1,0,1
CUST04921,Male,32,0,Yes,Yes,17,Yes,Fiber optic,One year,Electronic check,79.97,1466.05,3,2,20.68,3,Yes,86.23823529411764,0.17647058823529413,0.11764705882352941,0,0,0
CUST04922,Male,45,0,No,Yes,5,Yes,No,Month-to-month,Electronic check,38.27,290.9,4,0,14.91,5,Yes,58.17999999999999,0.8,0.0,0,1,0
CUST04923,Female,59,0,Yes,No,2,Yes,No,Month-to-month,Credit card,18.0,140.34,3,0,79.65,1,Yes,70.17,1.5,0.0,0,1,0
CUST04924,Female,33,0,No,Yes,58,Yes,Fiber optic,Month-to-month,Credit card,77.02,4461.89,1,0,36.81,3,Yes,76.92913793103449,0.017241379310344827,0.0,0,0,1
CUST04925,Female,29,0,Yes,Yes,12,Yes,DSL,One year,Mailed check,62.61,854.04,3,3,46.45,1,Yes,71.17,0.25,0.25,0,0,0
CUST04926,Female,69,1,Yes,Yes,5,Yes,DSL,Two year,Mailed check,56.18,297.69,4,3,30.21,3,No,59.538,0.8,0.6,0,1,0
CUST04927,Male,22,0,Yes,Yes,60,No,DSL,One year,Credit card,75.19,4649.72,9,1,27.56,3,No,77.49533333333333,0.15,0.016666666666666666,0,0,1
CUST04928,Female,51,0,Yes,No,41,Yes,DSL,One year,Credit card,58.58,2370.9,4,1,48.52,6,No,57.826829268292684,0.0975609756097561,0.024390243902439025,0,0,1
CUST04929,Female,59,0,Yes,No,20,Yes,DSL,Month-to-month,Bank transfer,68.55,1338.71,0,1,51.61,3,Yes,66.9355,0.0,0.05,0,0,0
CUST04930,Male,18,0,Yes,Yes,72,Yes,DSL,One year,Credit card,46.9,3419.56,2,0,21.46,6,No,47.49388888888889,0.027777777777777776,0.0,0,0,1
CUST04931,Male,56,0,Yes,Yes,1,Yes,DSL,Month-to-month,Electronic check,63.17,0.0,2,0,8.23,2,Yes,0.0,2.0,0.0,0,1,0
CUST04932,Male,49,0,No,No,56,Yes,Fiber optic,Two year,Bank transfer,80.29,4472.58,1,1,25.91,2,No,79.86749999999999,0.017857142857142856,0.017857142857142856,1,0,1
CUST04933,Male,43,0,No,No,70,Yes,Fiber optic,Month-to-month,Bank transfer,69.98,4893.51,0,2,35.01,6,No,69.90728571428572,0.0,0.02857142857142857,0,0,1
CUST04934,Female,34,0,Yes,No,56,Yes,Fiber optic,Month-to-month,Electronic check,92.0,5018.34,3,2,40.8,6,Yes,89.61321428571429,0.05357142857142857,0.03571428571428571,1,0,1
CUST04935,Female,65,1,Yes,No,54,Yes,DSL,Month-to-month,Bank transfer,76.35,4132.78,0,2,49.26,1,No,76.53296296296296,0.0,0.037037037037037035,0,0,1
CUST04936,Male,44,0,No,No,11,Yes,Fiber optic,Two year,Credit card,76.07,886.24,3,0,78.35,6,No,80.56727272727272,0.2727272727272727,0.0,0,0,0
CUST04937,Male,41,0,No,No,3,Yes,DSL,Two year,Electronic check,65.07,278.84,5,0,16.95,3,No,92.94666666666666,1.6666666666666667,0.0,0,1,0
CUST04938,Male,52,0,No,No,28,Yes,Fiber optic,Month-to-month,Bank transfer,81.77,2139.76,4,1,51.14,6,Yes,76.42,0.14285714285714285,0.03571428571428571,1,0,0
CUST04939,Female,63,1,Yes,No,5,Yes,DSL,Month-to-month,Electronic check,61.29,407.77,3,1,41.02,1,Yes,81.554,0.6,0.2,0,1,0
CUST04940,Female,59,0,No,Yes,16,Yes,Fiber optic,One year,Electronic check,97.6,1353.95,4,1,34.58,5,No,84.621875,0.25,0.0625,1,0,0
CUST04941,Male,71,1,No,Yes,31,No,DSL,Two year,Bank transfer,77.3,2305.62,6,2,35.15,3,No,74.37483870967742,0.1935483870967742,0.06451612903225806,0,0,0
CUST04942,Male,56,0,Yes,Yes,28,Yes,DSL,Month-to-month,Mailed check,74.9,2301.36,4,2,50.68,3,Yes,82.19142857142857,0.14285714285714285,0.07142857142857142,0,0,0
CUST04943,Female,43,0,No,No,7,Yes,Fiber optic,Month-to-month,Electronic check,73.76,531.71,4,3,29.57,1,Yes,75.95857142857143,0.5714285714285714,0.42857142857142855,0,0,0
CUST04944,Male,66,1,Yes,Yes,9,Yes,Fiber optic,Month-to-month,Mailed check,64.84,479.03,0,0,79.49,1,Yes,53.22555555555555,0.0,0.0,0,0,0
CUST04945,Male,55,0,No,Yes,39,Yes,DSL,One year,Electronic check,35.86,1262.3,3,0,41.22,5,No,32.36666666666667,0.07692307692307693,0.0,0,0,1
CUST04946,Female,40,0,No,No,43,No,Fiber optic,Month-to-month,Electronic check,94.5,3936.87,2,1,59.07,5,Yes,91.55511627906976,0.046511627906976744,0.023255813953488372,1,0,1
CUST04947,Male,39,0,No,No,27,Yes,No,Month-to-month,Electronic check,20.79,466.61,2,0,14.02,1,Yes,17.28185185185185,0.07407407407407407,0.0,0,0,0
CUST04948,Female,21,0,No,Yes,33,Yes,No,Month-to-month,Electronic check,33.5,1202.93,1,1,36.09,2,Yes,36.45242424242424,0.030303030303030304,0.030303030303030304,0,0,0
CUST04949,Male,66,1,Yes,No,56,No,DSL,One year,Credit card,47.58,2719.27,2,0,25.03,6,No,48.558392857142856,0.03571428571428571,0.0,0,0,1
CUST04950,Male,26,0,No,Yes,2,Yes,DSL,Two year,Mailed check,65.35,237.44,3,1,43.72,4,No,118.72,1.5,0.5,0,1,0
CUST04951,Female,21,0,No,No,14,Yes,DSL,Two year,Electronic check,38.76,436.79,3,2,22.22,5,No,31.199285714285715,0.21428571428571427,0.14285714285714285,0,0,0
CUST04952,Female,24,0,No,Yes,13,Yes,DSL,One year,Credit card,66.06,659.48,2,0,10.24,4,No,50.72923076923077,0.15384615384615385,0.0,0,0,0
CUST04953,Male,40,0,No,No,24,Yes,No,Two year,Bank transfer,28.13,739.02,2,2,24.64,5,No,30.7925,0.08333333333333333,0.08333333333333333,0,0,0
CUST04954,Female,19,0,No,Yes,69,Yes,Fiber optic,Month-to-month,Electronic check,68.51,4720.78,3,1,31.69,5,No,68.41710144927536,0.043478260869565216,0.014492753623188406,0,0,1
CUST04955,Male,66,1,No,No,34,Yes,Fiber optic,One year,Bank transfer,87.88,2908.31,1,1,49.71,5,No,85.5385294117647,0.029411764705882353,0.029411764705882353,1,0,0
CUST04956,Male,41,0,No,Yes,19,Yes,Fiber optic,Month-to-month,Credit card,116.04,2304.33,3,3,25.41,5,No,121.28052631578947,0.15789473684210525,0.15789473684210525,1,0,0
CUST04957,Female,57,0,No,Yes,30,Yes,DSL,One year,Electronic check,68.26,2177.66,2,2,37.06,2,Yes,72.58866666666667,0.06666666666666667,0.06666666666666667,0,0,0
CUST04958,Male,72,1,Yes,Yes,49,Yes,Fiber optic,Two year,Bank transfer,129.33,6509.54,4,0,16.28,2,Yes,132.84775510204082,0.08163265306122448,0.0,1,0,1
CUST04959,Male,48,0,No,Yes,43,Yes,No,Two year,Electronic check,26.23,1024.78,3,2,37.65,4,No,23.832093023255812,0.06976744186046512,0.046511627906976744,0,0,1
CUST04960,Female,64,1,Yes,No,16,Yes,Fiber optic,Month-to-month,Electronic check,93.67,1621.65,4,0,53.57,1,Yes,101.353125,0.25,0.0,1,0,0
CUST04961,Female,48,0,Yes,No,52,Yes,DSL,One year,Credit card,54.29,2862.04,3,0,22.36,4,Yes,55.03923076923077,0.057692307692307696,0.0,0,0,1
CUST04962,Male,64,1,Yes,No,49,Yes,Fiber optic,Two year,Credit card,88.69,4283.55,1,1,83.07,2,Yes,87.41938775510205,0.02040816326530612,0.02040816326530612,1,0,1
CUST04963,Female,57,0,No,No,11,Yes,Fiber optic,Month-to-month,Bank transfer,70.36,894.93,2,0,27.99,2,Yes,81.35727272727273,0.18181818181818182,0.0,0,0,0
CUST04964,Female,65,1,No,No,47,Yes,Fiber optic,One year,Credit card,98.58,4544.76,1,0,59.87,3,No,96.69702127659575,0.02127659574468085,0.0,1,0,1
CUST04965,Female,68,1,No,No,35,Yes,Fiber optic,Month-to-month,Credit card,72.92,2489.42,4,0,51.56,3,Yes,71.12628571428571,0.11428571428571428,0.0,0,0,0
CUST04966,Female,60,1,Yes,Yes,71,Yes,DSL,Two year,Credit card,79.99,5769.62,3,0,69.48,5,No,81.26225352112677,0.04225352112676056,0.0,0,0,1
CUST04967,Male,51,0,No,No,29,Yes,No,Month-to-month,Credit card,18.0,460.47,3,1,27.32,3,Yes,15.878275862068966,0.10344827586206896,0.034482758620689655,0,0,0
CUST04968,Male,72,1,No,Yes,54,Yes,Fiber optic,Month-to-month,Mailed check,80.43,4383.85,0,5,43.99,1,Yes,81.18240740740741,0.0,0.09259259259259259,1,0,1
CUST04969,Male,41,0,Yes,No,23,Yes,DSL,One year,Mailed check,57.01,1261.36,2,2,29.45,4,Yes,54.84173913043478,0.08695652173913043,0.08695652173913043,0,0,0
CUST04970,Female,66,1,Yes,No,24,Yes,Fiber optic,Month-to-month,Credit card,68.23,1654.9,4,1,43.14,6,Yes,68.95416666666667,0.16666666666666666,0.041666666666666664,0,0,0
CUST04971,Female,43,0,Yes,No,10,Yes,Fiber optic,Month-to-month,Electronic check,88.52,909.84,1,1,30.36,6,Yes,90.98400000000001,0.1,0.1,1,0,0
CUST04972,Female,33,0,No,No,61,Yes,DSL,One year,Credit card,53.6,3173.74,2,1,66.5,4,No,52.02852459016393,0.03278688524590164,0.01639344262295082,0,0,1
CUST04973,Female,74,1,No,No,8,Yes,Fiber optic,Two year,Electronic check,106.06,869.23,2,1,19.42,2,Yes,108.65375,0.25,0.125,1,0,0
CUST04974,Female,64,1,Yes,No,48,No,No,Month-to-month,Credit card,18.5,835.41,2,0,25.66,6,No,17.404374999999998,0.041666666666666664,0.0,0,0,1
CUST04975,Female,30,0,No,No,29,Yes,DSL,Two year,Electronic check,65.05,1790.82,1,4,68.35,4,No,61.75241379310344,0.034482758620689655,0.13793103448275862,0,0,0
CUST04976,Female,32,0,Yes,No,26,Yes,Fiber optic,Two year,Bank transfer,83.71,2065.07,1,2,48.39,1,No,79.42576923076923,0.038461538461538464,0.07692307692307693,1,0,0
CUST04977,Male,44,0,Yes,No,37,Yes,DSL,One year,Electronic check,57.44,2015.01,2,1,30.72,3,No,54.45972972972973,0.05405405405405406,0.02702702702702703,0,0,1
CUST04978,Male,21,0,Yes,No,52,Yes,Fiber optic,One year,Mailed check,86.37,4430.58,5,1,107.27,3,No,85.20346153846154,0.09615384615384616,0.019230769230769232,1,0,1
CUST04979,Female,33,0,Yes,No,38,No,DSL,Month-to-month,Electronic check,68.5,2660.42,5,0,56.41,1,Yes,70.01105263157895,0.13157894736842105,0.0,0,0,1
CUST04980,Female,47,0,Yes,No,6,Yes,DSL,Month-to-month,Bank transfer,37.35,87.72,1,1,17.28,3,Yes,14.62,0.16666666666666666,0.16666666666666666,0,1,0
CUST04981,Female,61,1,Yes,No,8,No,DSL,Month-to-month,Mailed check,60.57,492.91,0,1,47.17,6,Yes,61.61375,0.0,0.125,0,0,0
CUST04982,Male,47,0,No,No,17,Yes,Fiber optic,Month-to-month,Electronic check,72.61,1271.85,5,1,12.91,5,Yes,74.81470588235294,0.29411764705882354,0.058823529411764705,0,0,0
CUST04983,Male,53,0,Yes,No,62,Yes,Fiber optic,Month-to-month,Mailed check,73.75,4672.55,2,2,40.87,4,No,75.36370967741935,0.03225806451612903,0.03225806451612903,0,0,1
CUST04984,Female,20,0,No,No,34,Yes,DSL,Month-to-month,Credit card,62.92,2084.78,1,0,49.06,3,Yes,61.317058823529415,0.029411764705882353,0.0,0,0,0
CUST04985,Female,39,0,No,No,19,Yes,No,One year,Mailed check,33.8,658.47,5,1,68.53,4,Yes,34.65631578947369,0.2631578947368421,0.05263157894736842,0,0,0
CUST04986,Male,66,1,Yes,Yes,70,Yes,No,One year,Mailed check,37.41,2503.17,3,1,49.38,1,No,35.75957142857143,0.04285714285714286,0.014285714285714285,0,0,1
CUST04987,Male,39,0,No,No,37,Yes,Fiber optic,Two year,Electronic check,76.27,2691.78,3,3,22.67,3,No,72.75081081081082,0.08108108108108109,0.08108108108108109,0,0,1
CUST04988,Male,67,1,Yes,No,38,Yes,DSL,Month-to-month,Bank transfer,25.82,1017.4,2,2,25.28,5,No,26.773684210526316,0.05263157894736842,0.05263157894736842,0,0,1
CUST04989,Male,74,1,No,No,15,Yes,No,Month-to-month,Electronic check,25.56,590.26,2,0,50.25,5,Yes,39.35066666666667,0.13333333333333333,0.0,0,0,0
CUST04990,Female,67,1,No,Yes,40,Yes,Fiber optic,Month-to-month,Electronic check,57.73,2375.23,4,1,53.04,1,No,59.38075,0.1,0.025,0,0,1
CUST04991,Male,72,1,Yes,No,9,Yes,DSL,Month-to-month,Electronic check,65.3,466.15,0,2,60.09,5,Yes,51.794444444444444,0.0,0.2222222222222222,0,0,0
CUST04992,Male,66,1,No,No,53,Yes,Fiber optic,One year,Electronic check,71.51,3677.24,2,1,17.83,1,No,69.38188679245283,0.03773584905660377,0.018867924528301886,0,0,1
CUST04993,Female,29,0,No,No,70,Yes,Fiber optic,Month-to-month,Credit card,90.14,6371.39,5,0,19.0,6,No,91.01985714285715,0.07142857142857142,0.0,1,0,1
CUST04994,Male,72,1,No,No,66,Yes,Fiber optic,Month-to-month,Credit card,72.2,4837.28,2,1,80.94,5,No,73.2921212121212,0.030303030303030304,0.015151515151515152,0,0,1
CUST04995,Male,38,0,No,No,52,Yes,DSL,Month-to-month,Bank transfer,46.03,2399.04,0,0,77.11,3,No,46.135384615384616,0.0,0.0,0,0,1
CUST04996,Male,73,1,Yes,No,1,Yes,DSL,Month-to-month,Electronic check,46.32,25.26,4,0,79.42,4,Yes,25.26,4.0,0.0,0,1,0
CUST04997,Female,21,0,No,No,30,Yes,DSL,Month-to-month,Mailed check,64.76,1995.03,3,0,33.51,4,Yes,66.501,0.1,0.0,0,0,0
CUST04998,Male,48,0,Yes,No,1,Yes,Fiber optic,Month-to-month,Electronic check,65.17,0.0,1,1,66.51,2,Yes,0.0,1.0,1.0,0,1,0
CUST04999,Female,61,1,Yes,No,39,No,Fiber optic,Month-to-month,Electronic check,93.19,3737.15,0,0,48.04,4,Yes,95.82435897435897,0.0,0.0,1,0,1
CUST05000,Female,48,0,Yes,Yes,16,Yes,DSL,Month-to-month,Bank transfer,81.33,1336.65,1,1,32.92,5,Yes,83.540625,0.0625,0.0625,1,0,0
