customerID,gender,age,seniorCitizen,partner,dependents,tenureMonths,phoneService,internetService,contract,paymentMethod,monthlyCharges,totalCharges,supportTickets,latePayments,dataUsageGB,numServices,churn
CUST00001,Male,68,1,Yes,No,5,No,Fiber optic,One year,Electronic check,87.91,606.65,1,1,53.98,5,No
CUST00002,Female,64,1,Yes,No,62,Yes,Fiber optic,One year,Bank transfer,88.82,5347.19,3,1,42.99,2,No
CUST00003,Male,64,1,Yes,No,5,Yes,Fiber optic,Month-to-month,Electronic check,58.63,158.43,4,1,43.77,3,No
CUST00004,Male,21,0,No,No,10,Yes,DSL,One year,Electronic check,59.07,638.82,2,1,39.36,2,No
CUST00005,Male,24,0,Yes,Yes,63,Yes,No,Two year,Electronic check,25.05,1471.32,1,1,35.69,4,No
CUST00006,Female,62,1,Yes,No,25,Yes,DSL,Month-to-month,Credit card,56.05,1463.13,7,2,52.69,1,Yes
CUST00007,Male,52,0,No,No,44,Yes,No,One year,Electronic check,18.0,620.97,2,1,54.25,1,No
CUST00008,Male,65,1,No,Yes,25,Yes,Fiber optic,Two year,Electronic check,80.02,1993.35,1,0,24.88,2,No
CUST00009,Male,26,0,No,No,30,Yes,DSL,One year,Electronic check,79.36,2475.21,4,0,47.1,6,No
CUST00010,Female,25,0,No,No,14,Yes,Fiber optic,One year,Electronic check,93.26,1150.44,3,1,17.64,2,Yes
CUST00011,Male,69,1,Yes,No,43,Yes,Fiber optic,One year,Bank transfer,69.21,2964.34,2,2,70.29,5,No
CUST00012,Male,62,1,No,No,28,Yes,DSL,Month-to-month,Bank transfer,70.72,1967.12,3,0,76.39,4,No
CUST00013,Male,34,0,No,No,19,Yes,Fiber optic,One year,Electronic check,68.39,1360.05,2,1,56.83,2,No
CUST00014,Male,34,0,No,No,42,Yes,DSL,Two year,Electronic check,63.23,2588.78,2,1,68.74,1,No
CUST00015,Female,66,1,Yes,Yes,20,Yes,DSL,Month-to-month,Credit card,63.33,1123.8,3,1,66.65,3,Yes
CUST00016,Male,50,0,Yes,No,11,Yes,DSL,Two year,Bank transfer,55.6,359.17,4,3,18.59,6,No
CUST00017,Female,49,0,Yes,Yes,54,Yes,Fiber optic,One year,Mailed check,100.63,5566.54,0,0,42.26,4,No
CUST00018,Female,25,0,Yes,No,24,Yes,DSL,Month-to-month,Electronic check,69.04,1740.45,2,2,15.99,5,Yes
CUST00019,Female,36,0,No,No,70,Yes,No,One year,Credit card,18.8,1313.56,4,3,49.05,4,No
CUST00020,Male,55,0,Yes,No,17,Yes,No,Month-to-month,Bank transfer,22.68,380.45,6,1,32.43,1,Yes
CUST00021,Female,20,0,Yes,No,28,Yes,DSL,Two year,Bank transfer,49.72,1434.68,5,4,33.69,4,No
CUST00022,Male,22,0,Yes,No,50,No,DSL,Month-to-month,Electronic check,53.12,2752.59,2,1,59.32,5,Yes
CUST00023,Female,30,0,Yes,No,55,Yes,Fiber optic,Two year,Bank transfer,94.75,5009.53,3,2,52.96,5,Yes
CUST00024,Female,64,1,Yes,No,10,Yes,DSL,Month-to-month,Electronic check,59.84,420.41,0,0,50.48,3,Yes
CUST00025,Female,63,1,Yes,No,21,Yes,DSL,One year,Electronic check,72.35,1326.76,0,1,24.07,4,No
CUST00026,Female,48,0,Yes,No,58,Yes,DSL,Two year,Credit card,41.03,2345.14,0,2,40.71,3,Yes
CUST00027,Female,72,1,No,Yes,34,Yes,DSL,Month-to-month,Electronic check,63.31,2170.73,4,2,21.31,2,Yes
CUST00028,Female,33,0,No,No,43,Yes,Fiber optic,One year,Bank transfer,97.47,4292.46,1,0,30.06,3,No
CUST00029,Female,67,1,Yes,No,11,Yes,Fiber optic,Month-to-month,Bank transfer,86.52,660.64,2,2,32.47,2,Yes
CUST00030,Female,49,0,No,Yes,33,Yes,DSL,Two year,Bank transfer,43.64,1306.34,2,1,31.68,2,No
CUST00031,Male,39,0,No,No,58,Yes,Fiber optic,One year,Credit card,69.25,4029.57,2,2,59.67,2,No
CUST00032,Male,46,0,No,No,46,Yes,Fiber optic,Two year,Electronic check,98.63,4562.44,2,1,69.66,1,Yes
CUST00033,Female,39,0,Yes,No,61,Yes,Fiber optic,Two year,Electronic check,77.01,4677.64,2,2,29.27,6,No
CUST00034,Female,60,1,Yes,No,62,Yes,Fiber optic,Month-to-month,Credit card,73.31,4432.7,2,0,40.13,5,No
CUST00035,Female,20,0,Yes,No,1,Yes,DSL,Month-to-month,Bank transfer,55.93,0.0,6,1,35.79,2,Yes
CUST00036,Male,71,1,Yes,No,21,No,DSL,One year,Credit card,56.96,1182.46,2,0,16.02,6,No
CUST00037,Female,27,0,Yes,No,62,Yes,Fiber optic,Month-to-month,Credit card,102.79,6201.3,5,1,39.26,4,No
CUST00038,Male,59,0,No,Yes,64,Yes,DSL,Month-to-month,Credit card,39.06,2414.52,2,0,27.41,1,No
CUST00039,Male,38,0,Yes,Yes,56,Yes,Fiber optic,Month-to-month,Electronic check,93.64,5105.75,1,0,43.71,2,No
CUST00040,Male,33,0,Yes,No,1,Yes,DSL,One year,Credit card,77.53,127.73,1,0,51.72,2,No
CUST00041,Male,29,0,No,No,21,Yes,Fiber optic,Month-to-month,Credit card,99.18,1991.34,2,0,17.52,5,No
CUST00042,Male,19,0,Yes,Yes,22,Yes,No,Two year,Bank transfer,43.59,828.25,3,1,30.88,1,Yes
CUST00043,Female,58,0,No,No,54,Yes,Fiber optic,Two year,Bank transfer,78.14,4167.81,3,0,79.73,1,No
CUST00044,Female,41,0,No,Yes,4,Yes,DSL,One year,Electronic check,70.71,358.11,2,1,37.48,6,No
CUST00045,Female,52,0,No,No,65,Yes,No,Month-to-month,Credit card,24.31,1577.85,4,1,44.97,3,No
CUST00046,Female,73,1,No,Yes,51,Yes,No,Month-to-month,Bank transfer,20.85,1173.57,3,1,15.06,4,No
CUST00047,Female,47,0,Yes,Yes,63,Yes,Fiber optic,Month-to-month,Electronic check,51.7,3351.99,5,0,69.32,5,No
CUST00048,Male,74,1,No,Yes,15,Yes,DSL,Two year,Bank transfer,54.42,741.31,2,1,32.48,6,No
CUST00049,Female,47,0,No,No,36,Yes,Fiber optic,Month-to-month,Electronic check,100.98,3648.74,2,0,23.09,3,No
CUST00050,Female,64,1,No,No,29,Yes,DSL,Month-to-month,Credit card,39.41,1252.66,0,1,16.5,3,Yes
CUST00051,Male,52,0,No,Yes,52,Yes,Fiber optic,Month-to-month,Mailed check,116.46,6007.64,3,0,65.26,4,Yes
CUST00052,Female,36,0,No,No,46,Yes,DSL,One year,Credit card,64.92,3010.34,1,1,50.18,6,No
CUST00053,Male,67,1,Yes,Yes,69,Yes,Fiber optic,One year,Credit card,68.42,4630.79,2,2,81.2,5,No
CUST00054,Female,25,0,No,No,29,Yes,DSL,Month-to-month,Electronic check,62.74,1796.91,2,0,18.64,6,No
CUST00055,Male,43,0,Yes,No,47,Yes,DSL,Month-to-month,Electronic check,68.24,3181.47,2,1,24.03,6,Yes
CUST00056,Female,66,1,No,No,25,Yes,No,One year,Credit card,21.09,589.97,2,4,50.87,4,Yes
CUST00057,Female,57,0,No,No,16,Yes,DSL,Month-to-month,Credit card,52.51,801.81,6,1,51.52,5,No
CUST00058,Male,24,0,Yes,Yes,41,Yes,Fiber optic,One year,Credit card,114.61,4720.56,0,2,31.32,2,No
CUST00059,Male,47,0,Yes,No,65,Yes,Fiber optic,Two year,Mailed check,79.9,5231.61,7,1,21.26,6,No
CUST00060,Male,24,0,Yes,No,69,Yes,Fiber optic,One year,Electronic check,82.85,5637.74,3,1,56.45,1,No
CUST00061,Male,20,0,No,No,20,Yes,DSL,One year,Credit card,75.88,1477.35,0,3,52.01,2,No
CUST00062,Male,18,0,No,Yes,69,Yes,DSL,Two year,Credit card,59.13,4126.28,3,2,39.6,2,Yes
CUST00063,Male,53,0,No,No,36,Yes,DSL,Two year,Credit card,69.17,2673.97,3,0,24.32,2,No
CUST00064,Male,42,0,No,No,58,Yes,Fiber optic,Month-to-month,Credit card,77.92,4393.64,4,0,26.25,4,Yes
CUST00065,Male,54,0,No,No,48,Yes,DSL,Month-to-month,Electronic check,51.63,2530.77,4,0,14.89,5,Yes
CUST00066,Female,18,0,Yes,Yes,2,No,DSL,Two year,Mailed check,64.57,250.55,2,0,29.19,2,No
CUST00067,Female,32,0,Yes,No,29,Yes,No,Month-to-month,Credit card,18.0,531.56,1,3,42.55,1,Yes
CUST00068,Male,54,0,No,No,16,No,DSL,Two year,Credit card,64.89,947.93,0,0,81.6,2,No
CUST00069,Female,30,0,Yes,No,35,Yes,Fiber optic,Month-to-month,Bank transfer,71.23,2487.81,1,3,50.21,3,Yes
CUST00070,Female,57,0,Yes,Yes,62,Yes,Fiber optic,Two year,Electronic check,90.96,5542.8,4,1,42.28,3,Yes
CUST00071,Female,25,0,Yes,No,4,Yes,Fiber optic,One year,Bank transfer,103.53,363.84,3,0,35.89,4,Yes
CUST00072,Female,22,0,Yes,No,68,No,DSL,One year,Credit card,36.08,2491.98,5,0,11.98,6,No
CUST00073,Male,26,0,No,No,51,Yes,DSL,Month-to-month,Bank transfer,55.07,2802.52,4,0,47.18,6,No
CUST00074,Female,18,0,Yes,Yes,33,Yes,Fiber optic,Two year,Bank transfer,55.6,1854.4,2,2,49.99,1,No
CUST00075,Male,53,0,No,Yes,24,Yes,Fiber optic,Month-to-month,Mailed check,80.6,1817.47,4,1,15.18,4,Yes
CUST00076,Female,52,0,Yes,No,25,Yes,Fiber optic,Month-to-month,Credit card,90.04,2189.9,0,2,58.76,4,Yes
CUST00077,Female,19,0,Yes,No,28,Yes,No,Month-to-month,Bank transfer,22.28,685.14,5,1,57.13,4,Yes
CUST00078,Female,57,0,Yes,No,7,Yes,Fiber optic,Two year,Electronic check,52.89,202.74,4,1,50.56,6,No
CUST00079,Male,40,0,No,Yes,36,No,Fiber optic,Month-to-month,Bank transfer,98.48,3412.65,4,1,20.74,2,Yes
CUST00080,Female,26,0,No,No,10,Yes,Fiber optic,One year,Electronic check,63.1,600.44,0,1,29.62,5,Yes
CUST00081,Male,51,0,No,No,36,Yes,Fiber optic,One year,Electronic check,97.53,3459.33,1,1,32.07,5,Yes
CUST00082,Female,63,1,No,No,18,Yes,DSL,Two year,Electronic check,51.04,995.66,4,1,58.36,1,No
CUST00083,Male,31,0,No,No,6,Yes,No,One year,Electronic check,18.04,0.0,4,0,10.15,2,Yes
CUST00084,Female,21,0,No,No,7,Yes,Fiber optic,One year,Electronic check,85.16,587.87,1,1,42.38,6,Yes
CUST00085,Male,47,0,No,No,12,Yes,DSL,One year,Credit card,72.79,1010.58,3,0,21.35,5,Yes
CUST00086,Male,48,0,No,No,41,Yes,Fiber optic,One year,Electronic check,114.33,4720.23,1,4,76.61,3,No
CUST00087,Female,55,0,Yes,Yes,63,Yes,No,Month-to-month,Bank transfer,21.72,1214.99,3,2,92.01,6,No
CUST00088,Male,28,0,No,Yes,25,Yes,Fiber optic,Month-to-month,Electronic check,65.47,1879.51,3,1,21.65,6,Yes
CUST00089,Female,52,0,No,No,53,No,Fiber optic,Month-to-month,Electronic check,90.19,4725.38,2,1,24.39,4,Yes
CUST00090,Female,25,0,No,No,33,Yes,DSL,Month-to-month,Credit card,43.93,1206.27,1,1,42.88,6,No
CUST00091,Female,20,0,Yes,Yes,6,No,Fiber optic,Month-to-month,Credit card,96.16,658.16,1,1,82.48,5,Yes
CUST00092,Female,31,0,No,Yes,62,Yes,Fiber optic,One year,Electronic check,91.65,5601.48,1,2,33.64,6,No
CUST00093,Female,30,0,No,No,66,Yes,DSL,Two year,Mailed check,76.26,5220.27,3,1,60.61,4,No
CUST00094,Female,62,1,Yes,No,9,Yes,DSL,Month-to-month,Electronic check,72.64,725.93,3,0,22.18,2,Yes
CUST00095,Female,49,0,No,No,67,Yes,DSL,One year,Bank transfer,61.67,4345.0,6,1,76.78,5,No
CUST00096,Female,51,0,Yes,No,16,Yes,DSL,Month-to-month,Electronic check,60.37,860.58,1,0,48.96,4,No
CUST00097,Female,62,1,Yes,No,55,Yes,DSL,Month-to-month,Mailed check,49.35,2842.05,2,1,27.6,5,No
CUST00098,Female,36,0,Yes,No,40,Yes,DSL,One year,Credit card,49.11,1883.08,4,2,23.3,5,No
CUST00099,Female,55,0,Yes,Yes,26,Yes,DSL,Two year,Mailed check,59.5,1581.36,1,1,29.85,1,No
CUST00100,Male,33,0,No,No,38,Yes,DSL,Month-to-month,Electronic check,47.07,1805.9,4,1,67.59,6,Yes
CUST00101,Male,19,0,Yes,No,35,Yes,Fiber optic,Month-to-month,Electronic check,80.98,2973.02,3,2,43.78,1,No
CUST00102,Female,57,0,Yes,Yes,68,Yes,Fiber optic,Month-to-month,Credit card,77.94,5380.91,3,0,23.44,2,Yes
CUST00103,Female,34,0,Yes,No,59,Yes,Fiber optic,Month-to-month,Credit card,93.89,5493.02,2,3,30.6,4,No
CUST00104,Female,72,1,Yes,No,14,Yes,Fiber optic,One year,Electronic check,84.66,1294.11,4,0,44.42,6,No
CUST00105,Female,51,0,Yes,No,47,Yes,DSL,Two year,Electronic check,71.94,3371.98,2,1,13.48,1,No
CUST00106,Female,59,0,No,No,71,Yes,Fiber optic,One year,Bank transfer,80.47,5782.73,2,0,42.49,1,No
CUST00107,Female,33,0,Yes,No,72,Yes,Fiber optic,Month-to-month,Electronic check,67.46,4886.69,4,1,26.43,2,No
CUST00108,Female,55,0,No,No,42,Yes,Fiber optic,Two year,Credit card,93.24,3894.77,1,0,17.31,3,No
CUST00109,Female,19,0,No,No,51,Yes,Fiber optic,Month-to-month,Credit card,83.14,4107.78,2,3,80.2,3,No
CUST00110,Male,19,0,Yes,Yes,19,Yes,DSL,One year,Bank transfer,56.76,1098.78,0,0,42.73,5,No
CUST00111,Female,43,0,No,No,66,Yes,DSL,Month-to-month,Electronic check,54.93,3557.88,5,0,30.79,2,Yes
CUST00112,Male,30,0,Yes,No,47,Yes,DSL,Two year,Credit card,59.86,2690.41,2,1,25.72,4,No
CUST00113,Female,73,1,Yes,Yes,65,Yes,Fiber optic,One year,Electronic check,80.94,5344.15,3,2,33.16,6,No
CUST00114,Female,64,1,Yes,Yes,42,Yes,No,Two year,Electronic check,29.13,1160.37,1,1,32.95,1,No
CUST00115,Male,48,0,Yes,No,38,Yes,No,Month-to-month,Credit card,30.92,994.44,1,0,55.52,3,Yes
CUST00116,Female,51,0,No,No,13,Yes,DSL,One year,Mailed check,55.56,722.5,3,1,19.68,1,No
CUST00117,Male,56,0,No,Yes,44,Yes,No,One year,Electronic check,41.0,1788.8,1,1,30.62,5,No
CUST00118,Female,20,0,Yes,Yes,24,No,DSL,One year,Electronic check,53.16,1269.67,3,1,70.32,1,No
CUST00119,Female,25,0,No,No,30,Yes,No,Month-to-month,Bank transfer,25.14,747.91,0,1,31.02,2,No
CUST00120,Male,40,0,Yes,Yes,70,Yes,DSL,Month-to-month,Credit card,40.53,2736.5,3,0,51.81,4,No
CUST00121,Female,31,0,No,No,38,Yes,No,Month-to-month,Credit card,24.16,878.15,7,2,43.86,1,Yes
CUST00122,Male,73,1,Yes,No,23,Yes,DSL,Month-to-month,Mailed check,57.56,1427.81,0,2,62.39,6,Yes
CUST00123,Female,72,1,Yes,No,57,Yes,DSL,Two year,Mailed check,59.4,3471.3,4,0,14.92,6,No
CUST00124,Male,44,0,Yes,No,23,Yes,DSL,Two year,Credit card,71.72,1614.21,0,1,31.74,4,No
CUST00125,Male,71,1,Yes,Yes,36,Yes,Fiber optic,Month-to-month,Credit card,110.19,4025.36,2,0,58.97,6,Yes
CUST00126,Female,46,0,No,No,57,Yes,Fiber optic,Two year,Mailed check,101.62,5801.64,3,3,48.58,2,No
CUST00127,Female,56,0,No,Yes,1,Yes,No,Month-to-month,Electronic check,24.18,0.0,4,1,53.73,5,Yes
CUST00128,Male,70,1,Yes,No,72,Yes,Fiber optic,Month-to-month,Credit card,87.95,6457.07,1,1,38.53,2,Yes
CUST00129,Female,56,0,No,No,3,No,DSL,Month-to-month,Credit card,78.28,145.35,2,1,10.78,3,Yes
CUST00130,Female,18,0,No,Yes,14,Yes,Fiber optic,Two year,Electronic check,69.98,1010.37,5,2,14.71,5,No
CUST00131,Female,34,0,No,No,34,Yes,Fiber optic,One year,Mailed check,96.77,3123.84,3,1,25.38,1,No
CUST00132,Male,58,0,Yes,No,70,Yes,No,Month-to-month,Bank transfer,18.0,1296.05,2,1,57.06,4,No
CUST00133,Male,47,0,Yes,No,69,Yes,No,One year,Credit card,34.14,2289.66,1,2,28.38,5,No
CUST00134,Male,70,1,No,No,51,Yes,DSL,Month-to-month,Bank transfer,58.39,2939.72,3,3,67.28,5,No
CUST00135,Male,30,0,No,No,29,No,Fiber optic,Month-to-month,Credit card,71.81,2053.37,1,3,45.11,3,Yes
CUST00136,Male,38,0,Yes,No,48,Yes,DSL,Month-to-month,Mailed check,52.11,2279.43,1,2,70.39,1,Yes
CUST00137,Male,36,0,Yes,No,16,Yes,Fiber optic,Month-to-month,Electronic check,77.52,1078.91,3,1,38.29,6,No
CUST00138,Male,70,1,Yes,No,57,Yes,Fiber optic,Two year,Electronic check,99.29,5742.54,1,2,12.19,5,No
CUST00139,Male,36,0,No,No,10,Yes,Fiber optic,One year,Electronic check,105.09,1061.36,3,3,50.36,3,Yes
CUST00140,Male,74,1,No,Yes,19,No,DSL,Month-to-month,Credit card,55.18,1194.26,4,2,40.94,4,Yes
CUST00141,Female,42,0,Yes,No,67,Yes,Fiber optic,Month-to-month,Electronic check,71.91,4681.18,3,0,10.35,4,Yes
CUST00142,Male,39,0,No,No,36,Yes,DSL,Month-to-month,Electronic check,84.36,3122.08,1,1,56.59,6,No
CUST00143,Female,48,0,No,No,4,Yes,Fiber optic,Month-to-month,Mailed check,97.29,435.23,5,0,40.49,1,Yes
CUST00144,Female,34,0,No,No,33,Yes,Fiber optic,Month-to-month,Mailed check,73.37,2537.66,1,1,49.88,6,Yes
CUST00145,Female,72,1,No,No,28,Yes,Fiber optic,Month-to-month,Credit card,90.39,2520.16,2,1,52.69,1,No
CUST00146,Male,40,0,No,No,9,No,No,One year,Mailed check,21.7,206.76,3,0,89.61,1,No
CUST00147,Male,49,0,Yes,No,6,Yes,DSL,Month-to-month,Mailed check,44.58,179.73,1,3,19.31,4,No
CUST00148,Male,27,0,No,Yes,49,Yes,Fiber optic,Month-to-month,Bank transfer,80.35,3910.09,1,0,19.94,2,No
CUST00149,Male,27,0,Yes,Yes,22,Yes,DSL,Two year,Credit card,43.55,908.96,2,0,63.77,1,No
CUST00150,Female,53,0,Yes,No,48,Yes,No,Month-to-month,Mailed check,21.16,883.13,3,3,20.23,2,No
CUST00151,Male,25,0,Yes,No,21,No,DSL,Month-to-month,Credit card,55.36,1176.18,0,0,8.07,2,No
CUST00152,Male,71,1,Yes,No,33,Yes,DSL,Month-to-month,Electronic check,53.52,1860.35,3,1,46.13,1,Yes
CUST00153,Male,69,1,Yes,Yes,56,Yes,Fiber optic,Month-to-month,Credit card,98.66,5642.95,1,1,44.81,2,Yes
CUST00154,Male,37,0,Yes,Yes,29,Yes,DSL,Month-to-month,Credit card,64.85,1799.59,4,0,38.76,2,Yes
CUST00155,Male,49,0,No,Yes,53,Yes,DSL,Month-to-month,Mailed check,52.33,2769.85,2,0,30.76,2,No
CUST00156,Female,67,1,Yes,No,40,Yes,DSL,Two year,Bank transfer,63.87,2541.34,0,1,7.73,6,No
CUST00157,Male,31,0,No,No,18,Yes,No,One year,Mailed check,35.45,785.56,0,0,42.95,3,No
CUST00158,Female,67,1,Yes,Yes,47,No,Fiber optic,One year,Bank transfer,72.55,3588.48,0,1,66.43,5,No
CUST00159,Male,45,0,No,No,13,Yes,Fiber optic,Month-to-month,Electronic check,65.29,718.28,3,1,13.37,1,Yes
CUST00160,Female,63,1,No,No,27,Yes,No,Month-to-month,Bank transfer,18.0,534.65,2,3,25.1,3,Yes
CUST00161,Male,69,1,Yes,Yes,62,Yes,DSL,Month-to-month,Electronic check,64.52,4053.35,1,1,58.61,1,Yes
CUST00162,Male,70,1,No,No,45,Yes,Fiber optic,Month-to-month,Credit card,107.35,4810.7,4,1,24.51,5,No
CUST00163,Female,41,0,No,No,3,Yes,Fiber optic,Month-to-month,Bank transfer,97.72,166.87,3,2,39.49,2,Yes
CUST00164,Female,32,0,No,Yes,22,Yes,No,Month-to-month,Credit card,35.28,846.7,3,1,10.28,3,No
CUST00165,Female,39,0,No,Yes,27,Yes,Fiber optic,Month-to-month,Bank transfer,52.01,1525.89,2,0,35.66,1,No
CUST00166,Male,47,0,No,No,55,Yes,Fiber optic,Month-to-month,Electronic check,72.5,3932.8,5,0,14.68,2,Yes
CUST00167,Female,21,0,No,No,67,Yes,Fiber optic,Month-to-month,Bank transfer,68.23,4691.05,3,0,31.51,4,Yes
CUST00168,Male,30,0,Yes,No,33,Yes,No,Month-to-month,Electronic check,29.47,972.91,5,0,22.9,3,Yes
CUST00169,Male,40,0,Yes,No,2,Yes,No,Month-to-month,Credit card,23.41,189.01,3,3,25.04,6,No
CUST00170,Female,25,0,No,Yes,46,Yes,DSL,Month-to-month,Credit card,24.01,1246.45,3,1,29.71,3,Yes
CUST00171,Female,35,0,Yes,No,33,Yes,DSL,Month-to-month,Credit card,69.12,2278.6,1,1,25.65,4,No
CUST00172,Male,29,0,No,No,58,Yes,Fiber optic,Month-to-month,Electronic check,102.52,5987.9,1,1,92.0,2,No
CUST00173,Male,72,1,Yes,No,7,Yes,Fiber optic,Month-to-month,Credit card,115.14,735.74,4,3,43.74,5,Yes
CUST00174,Female,48,0,No,No,15,Yes,DSL,Month-to-month,Bank transfer,61.98,767.35,1,1,60.1,4,Yes
CUST00175,Female,31,0,No,No,26,Yes,Fiber optic,Month-to-month,Credit card,94.29,2476.61,2,3,65.16,4,Yes
CUST00176,Female,51,0,Yes,No,11,No,DSL,One year,Credit card,46.3,362.67,4,2,41.87,1,No
CUST00177,Male,35,0,Yes,No,38,Yes,DSL,Month-to-month,Credit card,40.3,1740.71,3,1,36.22,3,No
CUST00178,Male,73,1,No,No,27,Yes,Fiber optic,Month-to-month,Mailed check,103.65,2912.4,3,1,27.44,5,Yes
CUST00179,Male,51,0,No,Yes,7,No,DSL,Month-to-month,Mailed check,66.56,450.76,4,1,60.49,5,No
CUST00180,Male,28,0,Yes,No,1,Yes,DSL,Month-to-month,Credit card,74.98,341.71,1,2,33.1,5,No
CUST00181,Male,58,0,Yes,No,21,No,DSL,Month-to-month,Credit card,56.93,1132.5,1,1,20.47,3,Yes
CUST00182,Male,29,0,No,No,30,Yes,Fiber optic,Two year,Credit card,120.55,3577.26,1,2,15.26,5,Yes
CUST00183,Female,66,1,No,No,8,Yes,Fiber optic,Two year,Electronic check,89.7,677.15,1,0,31.76,1,No
CUST00184,Male,32,0,Yes,Yes,3,Yes,DSL,Month-to-month,Electronic check,50.96,146.48,7,5,38.45,2,Yes
CUST00185,Male,74,1,Yes,Yes,55,Yes,No,One year,Electronic check,22.46,1204.3,3,2,75.14,1,No
CUST00186,Male,48,0,No,Yes,15,Yes,Fiber optic,Month-to-month,Electronic check,60.94,959.76,2,3,35.5,2,Yes
CUST00187,Female,66,1,Yes,No,36,Yes,No,Month-to-month,Credit card,18.0,548.12,2,0,32.56,6,Yes
CUST00188,Male,75,1,Yes,No,6,Yes,DSL,One year,Credit card,55.35,344.89,3,1,36.46,3,No
CUST00189,Male,46,0,No,Yes,42,Yes,DSL,Month-to-month,Electronic check,78.6,3246.95,4,0,13.54,4,Yes
CUST00190,Female,43,0,Yes,Yes,50,Yes,Fiber optic,Month-to-month,Mailed check,84.01,4206.77,2,0,38.5,4,Yes
CUST00191,Male,35,0,No,No,18,Yes,Fiber optic,One year,Mailed check,101.27,1714.57,4,2,43.16,5,Yes
CUST00192,Male,49,0,Yes,Yes,50,Yes,Fiber optic,One year,Mailed check,83.5,4088.55,1,1,31.8,5,No
CUST00193,Male,39,0,No,No,30,Yes,Fiber optic,Two year,Credit card,69.61,2300.82,2,0,25.89,3,No
CUST00194,Male,55,0,No,No,39,Yes,No,One year,Electronic check,29.36,1052.92,2,2,24.06,4,No
CUST00195,Male,34,0,Yes,Yes,12,Yes,Fiber optic,One year,Electronic check,72.33,920.31,4,2,39.68,2,No
CUST00196,Female,40,0,No,Yes,59,Yes,DSL,Month-to-month,Electronic check,55.24,3205.48,2,1,23.66,3,No
CUST00197,Female,41,0,Yes,Yes,44,Yes,Fiber optic,Month-to-month,Electronic check,115.47,4978.95,4,1,30.77,4,Yes
CUST00198,Female,67,1,No,No,4,No,DSL,One year,Mailed check,67.25,275.41,3,0,53.97,2,No
CUST00199,Male,25,0,No,Yes,36,Yes,Fiber optic,Two year,Mailed check,72.7,2530.31,5,1,60.65,5,No
CUST00200,Male,58,0,Yes,No,48,Yes,Fiber optic,Month-to-month,Bank transfer,95.98,4658.84,5,1,19.28,5,No
CUST00201,Male,23,0,Yes,No,14,Yes,Fiber optic,Two year,Bank transfer,70.93,980.55,4,1,25.57,4,No
CUST00202,Female,22,0,Yes,Yes,49,Yes,DSL,Month-to-month,Credit card,38.95,2042.16,1,0,18.57,2,Yes
CUST00203,Male,61,1,No,Yes,67,Yes,Fiber optic,Month-to-month,Bank transfer,101.39,6662.57,3,2,30.33,6,Yes
CUST00204,Male,74,1,Yes,No,9,No,Fiber optic,Month-to-month,Mailed check,89.42,832.39,1,1,48.18,3,Yes
CUST00205,Female,46,0,Yes,No,21,Yes,Fiber optic,Month-to-month,Credit card,82.04,1759.87,4,0,28.01,4,Yes
CUST00206,Male,45,0,Yes,No,72,Yes,No,One year,Electronic check,18.0,1196.34,4,1,38.01,4,No
CUST00207,Female,28,0,Yes,Yes,16,Yes,DSL,Month-to-month,Electronic check,56.22,833.12,3,0,34.89,6,No
CUST00208,Female,74,1,No,Yes,16,Yes,DSL,Two year,Credit card,62.31,854.61,4,1,38.99,6,No
CUST00209,Female,18,0,Yes,Yes,28,Yes,DSL,Month-to-month,Electronic check,46.01,1132.28,1,1,49.11,1,Yes
CUST00210,Male,60,1,No,No,51,Yes,Fiber optic,Month-to-month,Mailed check,85.63,4355.27,3,1,78.8,6,No
CUST00211,Male,36,0,Yes,No,56,Yes,DSL,One year,Credit card,78.6,4482.28,4,2,39.18,1,No
CUST00212,Male,26,0,Yes,No,57,Yes,Fiber optic,Month-to-month,Bank transfer,88.4,5025.64,3,2,21.37,6,Yes
CUST00213,Male,44,0,No,No,52,Yes,Fiber optic,One year,Electronic check,93.77,4867.06,2,0,29.03,1,No
CUST00214,Male,51,0,No,Yes,46,Yes,DSL,Month-to-month,Credit card,54.72,2387.29,2,0,29.47,4,No
CUST00215,Male,61,1,No,No,38,Yes,DSL,Month-to-month,Credit card,47.39,1590.66,4,1,21.72,2,No
CUST00216,Male,21,0,Yes,No,48,No,Fiber optic,One year,Bank transfer,76.58,3710.05,2,0,37.32,3,Yes
CUST00217,Female,53,0,Yes,No,41,Yes,Fiber optic,Two year,Credit card,100.82,4067.55,3,0,86.88,3,No
CUST00218,Male,35,0,No,No,59,Yes,DSL,One year,Mailed check,58.83,3290.88,1,0,48.53,5,No
CUST00219,Female,32,0,Yes,No,67,Yes,DSL,One year,Bank transfer,57.57,3802.79,1,0,22.96,4,No
CUST00220,Male,68,1,Yes,No,66,Yes,Fiber optic,One year,Bank transfer,77.42,5134.65,1,4,39.53,1,No
CUST00221,Male,30,0,No,No,27,Yes,Fiber optic,Month-to-month,Mailed check,65.93,1820.37,1,1,23.83,3,Yes
CUST00222,Male,36,0,No,Yes,32,Yes,No,Two year,Mailed check,35.94,1169.97,2,0,45.29,2,No
CUST00223,Female,66,1,No,No,56,Yes,DSL,Month-to-month,Electronic check,57.5,3150.45,4,0,16.2,2,Yes
CUST00224,Female,23,0,No,Yes,10,Yes,No,Month-to-month,Bank transfer,20.75,266.94,0,1,130.92,4,Yes
CUST00225,Female,65,1,No,No,40,Yes,Fiber optic,Month-to-month,Electronic check,86.2,3445.96,4,1,71.94,6,Yes
CUST00226,Female,73,1,Yes,Yes,17,Yes,DSL,Month-to-month,Credit card,53.65,824.43,3,4,13.56,2,Yes
CUST00227,Male,29,0,Yes,No,58,Yes,Fiber optic,Month-to-month,Electronic check,89.69,5090.31,2,2,42.18,5,Yes
CUST00228,Female,68,1,No,No,6,Yes,DSL,Month-to-month,Credit card,51.79,330.37,4,0,50.05,4,No
CUST00229,Male,54,0,No,No,39,Yes,Fiber optic,Month-to-month,Credit card,86.85,3474.05,2,0,35.88,4,Yes
CUST00230,Male,34,0,Yes,Yes,18,Yes,Fiber optic,One year,Credit card,84.21,1575.15,4,0,41.23,6,Yes
CUST00231,Female,75,1,Yes,Yes,72,Yes,Fiber optic,One year,Bank transfer,112.83,8140.08,3,1,60.46,5,No
CUST00232,Female,40,0,Yes,No,42,Yes,DSL,One year,Credit card,82.93,3546.4,2,1,48.61,5,No
CUST00233,Female,43,0,No,No,4,Yes,DSL,Month-to-month,Electronic check,69.45,514.94,1,1,21.71,6,Yes
CUST00234,Female,46,0,Yes,No,20,Yes,DSL,One year,Bank transfer,58.94,1207.58,3,1,88.39,2,Yes
CUST00235,Female,50,0,Yes,No,28,Yes,No,Month-to-month,Credit card,31.42,895.5,1,1,28.59,1,No
CUST00236,Female,44,0,No,No,40,Yes,DSL,One year,Credit card,69.25,2824.46,3,0,20.19,3,No
CUST00237,Female,42,0,No,No,65,No,DSL,Month-to-month,Mailed check,54.36,3608.43,2,0,40.54,4,No
CUST00238,Female,73,1,Yes,No,44,Yes,No,Month-to-month,Electronic check,18.0,658.41,3,0,77.34,4,Yes
CUST00239,Male,72,1,No,No,23,Yes,DSL,Month-to-month,Credit card,37.16,872.39,3,0,41.64,3,No
CUST00240,Female,27,0,No,No,57,Yes,Fiber optic,One year,Bank transfer,83.21,4843.36,3,1,76.19,2,Yes
CUST00241,Female,64,1,Yes,Yes,47,Yes,No,Two year,Electronic check,20.96,1159.68,4,1,61.12,3,No
CUST00242,Male,40,0,Yes,Yes,13,Yes,Fiber optic,One year,Credit card,76.84,1000.94,3,2,26.63,1,No
CUST00243,Female,38,0,Yes,No,16,Yes,DSL,Month-to-month,Bank transfer,50.34,760.01,3,1,47.39,2,No
CUST00244,Male,38,0,Yes,Yes,55,No,Fiber optic,Month-to-month,Electronic check,72.28,3991.9,1,0,35.57,4,No
CUST00245,Male,60,1,No,No,65,Yes,DSL,Two year,Credit card,67.86,4346.51,1,0,120.08,3,No
CUST00246,Female,30,0,Yes,No,16,No,DSL,Month-to-month,Credit card,23.65,535.33,5,2,61.43,3,Yes
CUST00247,Male,54,0,No,No,37,No,Fiber optic,Two year,Bank transfer,93.82,3519.43,1,2,14.91,2,No
CUST00248,Male,50,0,Yes,No,52,Yes,DSL,Month-to-month,Bank transfer,56.69,2942.62,3,4,61.57,4,No
CUST00249,Male,41,0,Yes,Yes,10,Yes,DSL,Two year,Mailed check,77.29,884.26,1,0,32.69,3,No
CUST00250,Male,61,1,No,Yes,38,Yes,Fiber optic,Two year,Credit card,88.99,3266.28,2,0,14.91,5,No
CUST00251,Female,28,0,Yes,No,44,Yes,Fiber optic,One year,Bank transfer,59.0,2388.8,5,1,57.74,3,No
CUST00252,Male,34,0,Yes,Yes,54,Yes,Fiber optic,Month-to-month,Bank transfer,56.93,3116.39,3,1,8.3,3,No
CUST00253,Female,21,0,Yes,No,51,Yes,DSL,Month-to-month,Electronic check,46.29,2468.19,2,2,56.75,1,No
CUST00254,Male,64,1,Yes,No,52,Yes,DSL,Two year,Mailed check,63.18,3271.13,2,0,21.62,1,No
CUST00255,Male,42,0,No,No,70,Yes,No,Two year,Mailed check,18.0,1192.09,0,1,53.76,3,No
CUST00256,Male,47,0,Yes,No,59,Yes,Fiber optic,Month-to-month,Electronic check,86.66,5017.26,3,3,43.75,3,No
CUST00257,Male,26,0,No,No,13,Yes,Fiber optic,Month-to-month,Bank transfer,95.54,1118.57,1,0,36.77,1,No
CUST00258,Female,38,0,No,No,41,Yes,Fiber optic,Two year,Bank transfer,77.08,3226.8,4,1,41.52,5,No
CUST00259,Female,37,0,Yes,Yes,12,Yes,Fiber optic,One year,Credit card,71.68,941.96,0,0,68.08,4,No
CUST00260,Male,36,0,Yes,No,50,No,DSL,Two year,Mailed check,34.19,1801.31,0,0,87.9,2,No
CUST00261,Male,36,0,No,No,57,Yes,No,Two year,Bank transfer,37.08,2114.29,2,1,40.46,3,No
CUST00262,Female,29,0,No,No,50,Yes,Fiber optic,Two year,Bank transfer,112.4,5504.39,2,1,83.47,4,No
CUST00263,Male,54,0,Yes,Yes,57,Yes,No,Month-to-month,Electronic check,34.76,1909.83,3,1,18.62,3,No
CUST00264,Male,59,0,No,Yes,54,Yes,Fiber optic,Month-to-month,Credit card,80.85,4425.76,2,1,41.95,1,No
CUST00265,Male,34,0,Yes,No,66,Yes,No,Month-to-month,Credit card,24.57,1517.89,2,0,37.83,6,No
CUST00266,Female,54,0,No,No,8,Yes,Fiber optic,Two year,Bank transfer,95.28,752.06,5,2,33.96,3,Yes
CUST00267,Female,71,1,Yes,No,63,Yes,No,Month-to-month,Credit card,26.17,1546.96,4,1,19.04,4,No
CUST00268,Female,65,1,No,No,9,Yes,Fiber optic,Month-to-month,Electronic check,38.26,274.66,3,0,32.21,6,Yes
CUST00269,Male,56,0,No,No,60,No,No,Month-to-month,Electronic check,32.34,1825.21,3,0,16.56,2,Yes
CUST00270,Male,45,0,Yes,Yes,63,Yes,Fiber optic,Month-to-month,Credit card,103.28,6508.27,0,1,34.74,1,Yes
CUST00271,Female,58,0,Yes,No,72,Yes,Fiber optic,Two year,Bank transfer,101.08,7131.45,4,0,64.03,5,No
CUST00272,Female,52,0,Yes,No,3,Yes,DSL,One year,Bank transfer,65.43,120.25,1,0,23.44,3,Yes
CUST00273,Female,64,1,No,No,13,No,Fiber optic,One year,Credit card,99.37,1376.92,4,0,46.76,2,No
CUST00274,Female,65,1,Yes,No,9,Yes,DSL,Month-to-month,Electronic check,43.05,492.33,5,0,16.9,4,Yes
CUST00275,Male,35,0,Yes,No,52,Yes,No,Two year,Electronic check,24.25,1328.08,0,3,64.98,6,No
CUST00276,Female,31,0,No,No,62,Yes,DSL,Month-to-month,Electronic check,51.98,3364.3,0,2,40.62,1,Yes
CUST00277,Male,52,0,No,Yes,8,Yes,DSL,One year,Bank transfer,77.42,487.4,4,2,36.42,2,Yes
CUST00278,Female,61,1,No,No,45,Yes,Fiber optic,Month-to-month,Electronic check,87.76,3940.06,5,2,44.68,5,Yes
CUST00279,Male,58,0,No,No,53,Yes,DSL,Month-to-month,Credit card,58.09,3086.32,0,2,34.5,3,Yes
CUST00280,Female,24,0,Yes,No,63,Yes,DSL,Month-to-month,Bank transfer,47.79,3205.96,1,1,37.98,1,No
CUST00281,Female,58,0,No,No,57,No,No,One year,Mailed check,18.0,1002.25,3,4,67.37,2,No
CUST00282,Female,30,0,Yes,Yes,54,Yes,Fiber optic,One year,Mailed check,68.07,3755.91,4,1,41.71,4,No
CUST00283,Female,35,0,Yes,Yes,19,Yes,DSL,Month-to-month,Mailed check,68.94,1479.22,1,2,30.93,4,Yes
CUST00284,Male,54,0,No,No,67,Yes,Fiber optic,Month-to-month,Bank transfer,93.97,6309.02,1,1,82.53,6,No
CUST00285,Female,30,0,No,No,46,Yes,Fiber optic,Two year,Bank transfer,88.75,4035.59,3,0,52.05,6,No
CUST00286,Male,53,0,Yes,No,10,Yes,Fiber optic,Month-to-month,Bank transfer,96.87,930.44,5,3,34.37,6,Yes
CUST00287,Male,48,0,No,No,18,Yes,Fiber optic,Month-to-month,Mailed check,72.92,1141.42,1,2,57.99,5,No
CUST00288,Male,19,0,Yes,No,12,Yes,Fiber optic,Month-to-month,Mailed check,57.34,642.16,3,0,33.13,6,Yes
CUST00289,Male,33,0,Yes,Yes,49,Yes,Fiber optic,Two year,Credit card,95.25,4525.11,5,1,16.07,3,No
CUST00290,Female,26,0,No,No,23,Yes,DSL,Month-to-month,Credit card,59.32,1442.58,1,1,12.71,5,No
CUST00291,Male,26,0,Yes,No,62,Yes,Fiber optic,Two year,Credit card,97.49,5888.16,1,5,29.27,2,No
CUST00292,Male,55,0,Yes,No,11,Yes,No,Month-to-month,Bank transfer,28.41,351.73,3,0,55.6,6,Yes
CUST00293,Male,28,0,No,Yes,56,Yes,Fiber optic,Month-to-month,Bank transfer,83.9,4812.17,4,2,31.58,1,No
CUST00294,Female,71,1,No,No,55,Yes,Fiber optic,Month-to-month,Mailed check,88.08,4917.3,4,1,26.29,1,Yes
CUST00295,Female,73,1,Yes,Yes,25,Yes,DSL,One year,Credit card,76.91,1874.45,2,4,41.26,2,Yes
CUST00296,Female,39,0,No,No,9,Yes,DSL,Month-to-month,Credit card,56.52,585.06,4,2,33.41,1,Yes
CUST00297,Female,50,0,No,No,12,Yes,DSL,One year,Mailed check,68.84,827.05,4,1,26.26,6,Yes
CUST00298,Male,53,0,No,Yes,11,Yes,DSL,Month-to-month,Electronic check,63.71,655.08,4,1,67.66,2,No
CUST00299,Male,62,1,No,No,38,Yes,Fiber optic,Month-to-month,Electronic check,59.88,2239.1,0,0,47.48,6,No
CUST00300,Female,40,0,Yes,No,28,Yes,DSL,Two year,Bank transfer,44.23,1282.73,1,2,49.97,5,Yes
CUST00301,Male,62,1,Yes,Yes,8,Yes,DSL,One year,Electronic check,59.52,320.5,5,0,10.27,3,No
CUST00302,Male,62,1,Yes,Yes,47,Yes,Fiber optic,Month-to-month,Credit card,77.53,3593.5,3,2,55.06,4,Yes
CUST00303,Male,51,0,No,No,36,Yes,DSL,One year,Electronic check,48.6,1787.07,1,1,58.85,4,No
CUST00304,Female,26,0,No,No,50,Yes,DSL,One year,Electronic check,72.85,3591.23,2,1,11.31,4,No
CUST00305,Female,41,0,No,No,9,Yes,Fiber optic,Month-to-month,Credit card,62.57,433.95,1,0,43.44,1,No
CUST00306,Male,25,0,No,No,60,Yes,DSL,Month-to-month,Credit card,57.62,3368.07,2,0,55.06,5,No
CUST00307,Female,24,0,Yes,No,72,No,No,Month-to-month,Credit card,18.01,1313.93,0,4,63.35,5,No
CUST00308,Female,53,0,Yes,No,67,Yes,DSL,Month-to-month,Electronic check,77.79,5260.22,6,0,41.1,4,No
CUST00309,Female,35,0,Yes,No,53,Yes,Fiber optic,One year,Bank transfer,122.76,6614.74,0,2,54.51,6,No
CUST00310,Female,20,0,Yes,Yes,17,Yes,No,Month-to-month,Electronic check,22.51,460.75,1,1,49.58,5,No
CUST00311,Female,45,0,Yes,No,53,Yes,Fiber optic,Month-to-month,Electronic check,97.73,5256.6,1,2,42.85,2,Yes
CUST00312,Male,23,0,Yes,No,28,No,Fiber optic,Month-to-month,Electronic check,104.05,2721.24,4,2,21.68,4,No
CUST00313,Female,61,1,No,Yes,63,Yes,Fiber optic,Two year,Credit card,98.48,6279.54,3,0,36.66,4,Yes
CUST00314,Male,61,1,No,Yes,15,Yes,DSL,One year,Credit card,69.49,990.63,2,0,49.66,3,No
CUST00315,Male,38,0,No,Yes,19,Yes,No,Month-to-month,Credit card,18.0,197.85,2,0,51.92,4,Yes
CUST00316,Female,45,0,No,No,70,Yes,DSL,Month-to-month,Mailed check,74.12,5244.19,4,3,80.23,1,No
CUST00317,Male,57,0,Yes,No,47,Yes,No,Month-to-month,Mailed check,27.87,1327.78,1,4,48.39,6,No
CUST00318,Male,71,1,No,No,71,Yes,Fiber optic,One year,Credit card,81.56,5879.24,6,0,27.0,2,Yes
CUST00319,Male,71,1,No,Yes,48,Yes,Fiber optic,Month-to-month,Electronic check,83.83,3970.4,2,2,29.44,5,Yes
CUST00320,Female,18,0,No,Yes,20,Yes,DSL,Two year,Credit card,63.09,1261.23,1,3,19.69,6,No
CUST00321,Female,53,0,Yes,No,37,Yes,No,Month-to-month,Electronic check,22.97,669.81,1,0,78.31,1,Yes
CUST00322,Male,38,0,Yes,No,2,Yes,DSL,One year,Bank transfer,55.74,307.58,1,3,35.58,2,No
CUST00323,Female,60,1,Yes,Yes,64,Yes,Fiber optic,One year,Credit card,70.33,4367.29,0,0,41.11,6,No
CUST00324,Female,52,0,No,No,36,No,Fiber optic,Two year,Bank transfer,92.65,3254.37,1,0,37.2,6,No
CUST00325,Female,30,0,No,No,5,Yes,Fiber optic,Month-to-month,Mailed check,82.58,309.82,2,2,36.97,3,Yes
CUST00326,Female,74,1,No,Yes,64,Yes,Fiber optic,One year,Credit card,73.11,4699.7,2,4,73.72,4,No
CUST00327,Male,66,1,Yes,No,7,Yes,Fiber optic,Month-to-month,Credit card,86.47,520.48,4,1,21.91,5,Yes
CUST00328,Male,71,1,No,Yes,70,Yes,No,Month-to-month,Credit card,25.34,1881.62,3,0,18.67,6,No
CUST00329,Female,71,1,No,No,22,Yes,DSL,Two year,Electronic check,66.07,1485.02,0,2,28.78,4,No
CUST00330,Female,27,0,Yes,No,46,Yes,DSL,Two year,Mailed check,59.64,2594.43,1,0,44.3,1,No
CUST00331,Male,70,1,Yes,No,40,Yes,Fiber optic,One year,Credit card,94.25,3847.99,1,1,54.26,4,No
CUST00332,Male,61,1,No,No,61,Yes,Fiber optic,Month-to-month,Electronic check,80.9,5026.09,3,0,20.2,2,No
CUST00333,Female,64,1,Yes,No,46,Yes,DSL,Two year,Bank transfer,57.59,2576.29,0,1,5.41,4,No
CUST00334,Male,70,1,No,No,28,Yes,No,Month-to-month,Electronic check,27.22,647.72,1,2,23.38,4,Yes
CUST00335,Female,27,0,No,Yes,35,No,DSL,Month-to-month,Electronic check,64.65,2302.62,1,3,46.66,3,Yes
CUST00336,Female,63,1,No,No,1,Yes,No,One year,Credit card,34.69,100.56,4,0,20.12,4,No
CUST00337,Male,30,0,No,Yes,29,Yes,DSL,Month-to-month,Bank transfer,72.57,2004.18,2,3,31.97,3,No
CUST00338,Male,54,0,No,No,9,Yes,Fiber optic,Two year,Credit card,84.35,851.51,5,2,43.36,1,No
CUST00339,Female,55,0,No,Yes,9,Yes,Fiber optic,Month-to-month,Bank transfer,63.85,517.28,3,1,38.43,3,Yes
CUST00340,Female,41,0,Yes,No,22,Yes,DSL,Month-to-month,Electronic check,68.21,1618.94,2,0,16.26,3,No
CUST00341,Male,19,0,Yes,Yes,63,Yes,Fiber optic,One year,Credit card,92.92,5695.98,4,4,40.77,1,No
CUST00342,Female,39,0,Yes,No,66,Yes,Fiber optic,One year,Credit card,88.26,5751.83,1,0,54.88,3,No
CUST00343,Male,34,0,No,No,58,Yes,Fiber optic,Month-to-month,Mailed check,96.6,5581.96,1,1,9.53,4,No
CUST00344,Female,53,0,Yes,No,70,Yes,Fiber optic,Month-to-month,Electronic check,79.47,5463.78,1,2,32.0,1,Yes
CUST00345,Male,31,0,Yes,No,55,Yes,No,One year,Electronic check,18.0,986.83,5,1,52.75,1,No
CUST00346,Male,27,0,Yes,No,13,Yes,Fiber optic,Month-to-month,Mailed check,71.88,899.76,2,3,47.33,3,Yes
CUST00347,Male,52,0,No,No,19,Yes,Fiber optic,Month-to-month,Mailed check,41.55,768.48,1,2,41.0,3,Yes
CUST00348,Female,42,0,No,Yes,33,Yes,DSL,One year,Bank transfer,65.33,2115.49,3,2,39.83,2,Yes
CUST00349,Female,20,0,No,No,65,Yes,DSL,Month-to-month,Electronic check,59.21,3719.59,3,1,44.75,1,No
CUST00350,Male,64,1,No,No,60,Yes,DSL,Two year,Credit card,70.33,4217.5,1,0,35.45,5,No
CUST00351,Female,55,0,No,No,12,Yes,No,One year,Credit card,31.03,359.8,2,0,21.01,4,No
CUST00352,Male,34,0,No,Yes,43,Yes,DSL,Two year,Bank transfer,54.12,2226.26,6,0,18.47,6,Yes
CUST00353,Male,29,0,No,No,17,Yes,DSL,Month-to-month,Electronic check,50.11,976.78,3,1,34.59,6,Yes
CUST00354,Female,71,1,No,No,68,Yes,Fiber optic,Two year,Electronic check,73.18,5007.73,0,0,43.83,3,Yes
CUST00355,Female,69,1,Yes,No,29,Yes,DSL,Month-to-month,Credit card,82.98,2478.39,1,1,49.15,6,Yes
CUST00356,Male,41,0,No,No,55,Yes,DSL,Month-to-month,Electronic check,58.18,3119.03,1,1,56.98,1,Yes
CUST00357,Female,46,0,Yes,Yes,7,Yes,DSL,Month-to-month,Bank transfer,56.72,166.14,4,1,20.52,1,Yes
CUST00358,Female,60,1,Yes,No,44,Yes,No,Month-to-month,Bank transfer,27.33,1376.92,2,0,47.71,4,Yes
CUST00359,Male,42,0,No,No,5,Yes,DSL,Month-to-month,Bank transfer,40.96,221.67,1,2,28.6,1,Yes
CUST00360,Male,53,0,Yes,No,60,Yes,DSL,Month-to-month,Credit card,55.23,3350.16,3,0,18.39,5,Yes
CUST00361,Female,75,1,Yes,Yes,6,Yes,Fiber optic,Month-to-month,Mailed check,72.15,464.96,3,2,33.5,2,Yes
CUST00362,Male,43,0,No,Yes,7,Yes,Fiber optic,Month-to-month,Electronic check,69.0,522.9,3,1,45.25,4,Yes
CUST00363,Male,55,0,Yes,No,46,Yes,Fiber optic,One year,Electronic check,81.07,3622.85,1,2,25.31,5,No
CUST00364,Female,18,0,No,Yes,57,Yes,Fiber optic,Month-to-month,Credit card,85.71,4782.59,1,1,45.02,1,No
CUST00365,Male,37,0,No,No,54,Yes,Fiber optic,One year,Electronic check,66.18,3471.12,4,0,69.67,1,No
CUST00366,Male,72,1,No,No,46,Yes,Fiber optic,One year,Electronic check,79.52,3713.05,1,1,39.46,3,Yes
CUST00367,Female,45,0,No,No,10,No,DSL,Two year,Credit card,60.96,488.27,3,1,57.89,4,No
CUST00368,Female,33,0,No,Yes,4,Yes,DSL,Month-to-month,Mailed check,65.42,108.8,3,0,55.09,2,No
CUST00369,Male,64,1,No,No,67,Yes,DSL,Two year,Mailed check,56.73,3736.66,4,2,26.36,3,No
CUST00370,Male,34,0,No,No,25,Yes,DSL,One year,Credit card,63.96,1571.77,3,2,17.14,6,No
CUST00371,Female,57,0,No,No,61,Yes,Fiber optic,Two year,Electronic check,79.72,4857.95,1,2,32.37,1,No
CUST00372,Female,45,0,No,No,38,Yes,No,Month-to-month,Electronic check,35.25,1290.87,3,1,41.62,2,Yes
CUST00373,Female,75,1,No,No,32,No,Fiber optic,One year,Credit card,93.16,3029.55,2,1,53.96,4,Yes
CUST00374,Female,29,0,Yes,No,23,Yes,No,Two year,Electronic check,19.63,568.19,2,0,30.33,5,No
CUST00375,Male,44,0,Yes,No,37,Yes,Fiber optic,Month-to-month,Electronic check,77.57,2875.01,7,2,27.51,2,Yes
CUST00376,Female,71,1,No,No,3,No,DSL,One year,Bank transfer,64.71,310.33,0,1,27.27,3,No
CUST00377,Female,70,1,Yes,No,13,Yes,Fiber optic,Two year,Credit card,77.12,1057.55,5,0,45.12,5,No
CUST00378,Male,59,0,Yes,No,34,Yes,Fiber optic,One year,Electronic check,56.05,1810.2,2,3,27.44,5,No
CUST00379,Female,64,1,No,No,65,Yes,Fiber optic,Month-to-month,Bank transfer,89.44,5728.93,3,0,25.25,2,Yes
CUST00380,Male,47,0,Yes,Yes,8,Yes,DSL,One year,Bank transfer,55.4,353.48,6,0,40.16,6,No
CUST00381,Female,58,0,Yes,No,9,Yes,Fiber optic,Month-to-month,Credit card,95.2,837.71,3,3,42.57,2,Yes
CUST00382,Female,51,0,No,No,28,No,DSL,Two year,Electronic check,60.49,1665.83,3,3,33.35,3,No
CUST00383,Female,54,0,No,Yes,18,Yes,Fiber optic,Month-to-month,Mailed check,94.69,1763.89,2,0,48.39,2,No
CUST00384,Male,23,0,Yes,No,42,Yes,Fiber optic,Month-to-month,Bank transfer,122.79,5141.49,4,1,60.45,4,Yes
CUST00385,Male,24,0,No,Yes,41,Yes,No,Month-to-month,Electronic check,35.26,1470.43,1,2,47.57,5,No
CUST00386,Female,49,0,No,No,70,Yes,No,One year,Credit card,22.19,1436.51,3,1,50.52,5,No
CUST00387,Male,49,0,Yes,No,33,Yes,DSL,Two year,Credit card,65.08,2171.8,4,1,8.95,3,No
CUST00388,Male,70,1,Yes,No,54,Yes,Fiber optic,Month-to-month,Credit card,86.76,4637.2,0,1,117.61,2,No
CUST00389,Male,42,0,No,No,36,Yes,Fiber optic,Month-to-month,Credit card,89.03,3149.95,3,1,45.58,6,Yes
CUST00390,Male,50,0,No,No,56,Yes,No,Month-to-month,Credit card,18.0,943.35,3,1,30.46,2,No
CUST00391,Male,72,1,No,No,17,Yes,Fiber optic,Two year,Bank transfer,100.82,1865.07,4,0,37.48,5,No
CUST00392,Male,75,1,No,No,10,Yes,DSL,Month-to-month,Credit card,32.34,205.43,2,3,21.68,5,No
CUST00393,Female,24,0,No,No,44,Yes,Fiber optic,Month-to-month,Electronic check,84.74,3796.24,0,3,55.05,3,No
CUST00394,Female,69,1,Yes,No,2,Yes,No,One year,Electronic check,18.0,31.34,1,2,14.65,2,Yes
CUST00395,Male,74,1,No,No,14,Yes,Fiber optic,Month-to-month,Electronic check,74.45,906.3,1,1,23.99,1,Yes
CUST00396,Female,29,0,Yes,Yes,41,Yes,Fiber optic,Month-to-month,Credit card,88.14,3583.99,2,1,17.83,2,No
CUST00397,Female,33,0,No,No,2,Yes,DSL,Month-to-month,Electronic check,70.42,0.0,2,2,53.23,3,Yes
CUST00398,Female,33,0,No,Yes,19,Yes,No,Two year,Bank transfer,33.18,802.38,2,0,53.55,5,No
CUST00399,Female,60,1,Yes,No,1,Yes,No,Two year,Electronic check,23.46,0.0,2,3,19.77,5,No
CUST00400,Male,70,1,No,No,2,Yes,DSL,One year,Bank transfer,71.89,255.33,1,3,51.04,1,Yes
CUST00401,Female,53,0,Yes,No,27,Yes,DSL,Month-to-month,Bank transfer,59.25,1734.32,2,1,81.19,1,Yes
CUST00402,Female,30,0,Yes,No,2,Yes,DSL,Month-to-month,Electronic check,51.45,46.09,6,0,37.29,3,Yes
CUST00403,Male,24,0,No,No,51,Yes,DSL,Month-to-month,Bank transfer,64.48,3291.41,5,1,34.73,2,Yes
CUST00404,Male,53,0,Yes,No,10,Yes,No,One year,Mailed check,18.0,198.54,4,0,62.43,5,Yes
CUST00405,Female,64,1,No,No,19,Yes,DSL,One year,Electronic check,58.4,1299.63,0,1,21.62,6,No
CUST00406,Female,68,1,Yes,No,13,Yes,DSL,Two year,Mailed check,54.26,686.25,2,0,47.74,4,No
CUST00407,Female,26,0,No,Yes,48,Yes,DSL,Month-to-month,Credit card,41.4,1981.82,3,1,35.27,4,No
CUST00408,Female,49,0,No,Yes,56,Yes,DSL,One year,Credit card,63.95,3441.29,2,0,12.44,4,No
CUST00409,Female,28,0,No,No,72,Yes,No,One year,Electronic check,26.15,1793.4,1,1,83.07,5,No
CUST00410,Female,25,0,No,No,56,Yes,Fiber optic,Month-to-month,Bank transfer,102.26,5676.59,1,0,85.65,5,Yes
CUST00411,Male,50,0,No,Yes,50,Yes,Fiber optic,One year,Credit card,56.97,2978.63,2,1,57.44,4,No
CUST00412,Female,40,0,Yes,No,45,Yes,DSL,Two year,Bank transfer,51.44,2504.12,4,2,10.13,1,No
CUST00413,Female,42,0,Yes,Yes,59,Yes,Fiber optic,Two year,Bank transfer,101.92,6063.39,2,0,29.48,4,No
CUST00414,Male,73,1,Yes,Yes,39,Yes,DSL,One year,Credit card,66.35,2622.74,2,2,24.13,1,No
CUST00415,Male,25,0,Yes,No,21,Yes,No,Month-to-month,Electronic check,30.79,715.08,4,1,6.08,3,Yes
CUST00416,Male,62,1,No,No,55,No,DSL,Two year,Electronic check,77.42,4189.63,2,2,42.94,6,Yes
CUST00417,Male,39,0,Yes,No,57,Yes,No,One year,Electronic check,18.88,1215.15,5,2,42.53,4,No
CUST00418,Female,21,0,No,No,41,No,Fiber optic,Month-to-month,Mailed check,72.04,2810.54,1,2,47.42,6,Yes
CUST00419,Female,57,0,No,No,70,Yes,No,Month-to-month,Electronic check,31.85,2184.02,3,1,22.14,4,No
CUST00420,Female,20,0,Yes,No,49,Yes,DSL,Month-to-month,Credit card,67.61,3378.22,1,3,76.55,1,No
CUST00421,Female,46,0,No,Yes,44,Yes,Fiber optic,Month-to-month,Electronic check,83.12,3609.16,3,1,24.52,1,Yes
CUST00422,Female,58,0,Yes,No,35,Yes,DSL,One year,Mailed check,58.16,2282.45,0,1,49.28,6,No
CUST00423,Female,46,0,No,Yes,5,Yes,No,Month-to-month,Credit card,18.0,156.76,1,1,44.5,1,Yes
CUST00424,Male,51,0,Yes,No,71,Yes,Fiber optic,Month-to-month,Mailed check,108.68,7814.63,2,1,29.7,3,Yes
CUST00425,Female,51,0,No,Yes,51,Yes,DSL,Month-to-month,Bank transfer,84.32,4224.43,2,2,18.08,4,No
CUST00426,Male,45,0,No,No,57,Yes,No,Month-to-month,Mailed check,33.94,2031.08,1,2,17.99,6,No
CUST00427,Male,30,0,Yes,Yes,58,Yes,Fiber optic,Month-to-month,Electronic check,94.79,5578.82,3,0,6.82,1,No
CUST00428,Female,32,0,Yes,No,36,No,DSL,Month-to-month,Electronic check,67.08,2571.33,1,2,14.73,6,Yes
CUST00429,Male,40,0,No,No,10,Yes,DSL,Month-to-month,Electronic check,63.97,420.48,3,3,46.05,6,No
CUST00430,Female,61,1,Yes,No,50,Yes,Fiber optic,One year,Credit card,58.56,2849.94,1,0,35.78,3,No
CUST00431,Male,43,0,No,Yes,37,Yes,DSL,Month-to-month,Bank transfer,54.29,2042.37,4,2,56.15,3,Yes
CUST00432,Female,21,0,No,Yes,20,Yes,Fiber optic,One year,Electronic check,97.3,1982.63,3,2,59.82,5,Yes
CUST00433,Male,43,0,Yes,Yes,13,Yes,DSL,Month-to-month,Electronic check,49.84,643.42,1,3,50.41,1,No
CUST00434,Female,57,0,No,No,19,Yes,Fiber optic,Month-to-month,Credit card,87.33,1506.48,2,2,30.51,1,Yes
CUST00435,Female,26,0,No,No,56,Yes,Fiber optic,Month-to-month,Electronic check,102.35,5751.25,3,1,22.27,6,No
CUST00436,Female,72,1,No,Yes,45,Yes,DSL,Month-to-month,Credit card,74.08,3364.45,3,0,16.08,1,Yes
CUST00437,Female,22,0,No,Yes,60,Yes,Fiber optic,Month-to-month,Electronic check,99.06,5943.3,6,2,37.17,5,Yes
CUST00438,Female,73,1,Yes,No,68,Yes,Fiber optic,Month-to-month,Bank transfer,89.26,6066.0,4,3,15.13,1,No
CUST00439,Male,49,0,Yes,Yes,57,No,DSL,Month-to-month,Credit card,69.57,4059.71,4,1,33.75,1,No
CUST00440,Male,37,0,No,Yes,54,No,No,One year,Credit card,23.07,1230.38,2,1,98.75,3,No
CUST00441,Male,67,1,No,Yes,37,Yes,No,Month-to-month,Electronic check,38.62,1303.93,2,0,86.34,1,No
CUST00442,Female,28,0,Yes,Yes,37,Yes,DSL,Two year,Electronic check,40.91,1654.01,0,3,43.9,4,No
CUST00443,Male,32,0,No,Yes,14,Yes,No,Two year,Bank transfer,25.54,492.27,0,0,26.99,2,No
CUST00444,Female,49,0,Yes,Yes,44,Yes,No,One year,Bank transfer,21.23,930.15,3,1,60.34,1,No
CUST00445,Female,45,0,Yes,No,42,Yes,Fiber optic,Month-to-month,Credit card,95.24,4087.59,1,1,59.53,3,No
CUST00446,Male,39,0,No,No,1,Yes,Fiber optic,Two year,Credit card,79.91,0.0,3,1,42.08,5,No
CUST00447,Male,58,0,Yes,No,23,Yes,Fiber optic,Month-to-month,Electronic check,121.27,2774.76,3,1,91.36,5,Yes
CUST00448,Female,34,0,No,No,64,Yes,DSL,Month-to-month,Mailed check,70.99,4371.94,4,2,42.72,6,No
CUST00449,Male,43,0,Yes,Yes,28,Yes,No,Month-to-month,Bank transfer,18.0,616.46,3,2,63.81,6,Yes
CUST00450,Female,61,1,No,No,4,Yes,DSL,Two year,Credit card,28.01,0.0,5,0,25.32,2,Yes
CUST00451,Female,24,0,Yes,No,41,Yes,DSL,Month-to-month,Mailed check,46.34,1858.81,1,1,87.53,3,Yes
CUST00452,Female,59,0,No,No,60,Yes,Fiber optic,Two year,Electronic check,93.42,5626.77,4,4,25.18,1,No
CUST00453,Female,74,1,No,Yes,18,Yes,Fiber optic,Month-to-month,Bank transfer,81.05,1541.29,3,0,28.45,5,Yes
CUST00454,Female,43,0,Yes,No,63,Yes,DSL,Two year,Mailed check,53.12,3399.28,3,0,14.59,5,No
CUST00455,Male,42,0,No,Yes,61,Yes,No,Two year,Electronic check,19.21,1286.11,4,0,23.4,4,No
CUST00456,Male,27,0,Yes,No,49,Yes,Fiber optic,Two year,Electronic check,97.45,4855.44,3,2,52.39,2,No
CUST00457,Female,62,1,Yes,No,47,Yes,No,Month-to-month,Bank transfer,22.35,1181.3,3,1,26.29,4,No
CUST00458,Female,36,0,No,No,39,Yes,Fiber optic,Two year,Electronic check,78.47,2884.82,4,0,24.09,5,No
CUST00459,Male,28,0,Yes,No,6,Yes,DSL,Two year,Mailed check,71.93,383.12,4,1,35.78,6,No
CUST00460,Male,30,0,No,No,53,Yes,DSL,Month-to-month,Electronic check,78.74,4218.36,1,2,18.35,1,No
CUST00461,Female,70,1,No,No,25,Yes,No,Month-to-month,Bank transfer,18.0,607.37,1,1,61.09,1,Yes
CUST00462,Male,25,0,No,Yes,65,Yes,Fiber optic,One year,Credit card,102.67,6623.05,5,3,32.99,4,No
CUST00463,Female,57,0,Yes,No,5,Yes,Fiber optic,Month-to-month,Electronic check,83.34,613.21,3,2,22.17,1,Yes
CUST00464,Male,21,0,Yes,Yes,65,No,Fiber optic,One year,Mailed check,98.77,6455.36,3,0,94.89,2,No
CUST00465,Female,64,1,Yes,No,8,Yes,No,Month-to-month,Bank transfer,30.24,170.76,2,0,13.86,4,Yes
CUST00466,Male,48,0,No,Yes,39,Yes,Fiber optic,Month-to-month,Electronic check,85.3,3211.25,3,0,38.49,3,No
CUST00467,Female,45,0,No,No,43,Yes,Fiber optic,Month-to-month,Electronic check,85.94,3768.99,4,2,38.62,1,Yes
CUST00468,Male,28,0,No,No,5,Yes,DSL,Month-to-month,Bank transfer,68.02,276.09,6,0,57.2,1,Yes
CUST00469,Male,60,1,Yes,No,4,Yes,DSL,Month-to-month,Bank transfer,46.84,160.14,3,0,45.81,6,Yes
CUST00470,Female,18,0,Yes,No,1,Yes,DSL,Two year,Bank transfer,46.29,62.5,3,0,50.06,3,No
CUST00471,Male,66,1,Yes,Yes,56,Yes,No,Month-to-month,Credit card,41.65,2352.35,4,1,70.15,2,No
CUST00472,Female,64,1,Yes,No,45,Yes,DSL,Two year,Electronic check,74.01,3521.7,4,1,37.66,4,No
CUST00473,Male,69,1,Yes,Yes,65,Yes,No,One year,Mailed check,32.94,2180.48,4,0,61.75,4,No
CUST00474,Female,55,0,Yes,No,3,Yes,DSL,Month-to-month,Bank transfer,58.13,113.91,4,0,21.82,6,No
CUST00475,Male,41,0,Yes,No,22,Yes,Fiber optic,Month-to-month,Credit card,60.42,1254.6,2,0,51.82,2,No
CUST00476,Female,71,1,Yes,No,72,Yes,No,Month-to-month,Credit card,20.76,1661.44,2,0,53.91,6,No
CUST00477,Male,74,1,Yes,No,56,Yes,DSL,Month-to-month,Credit card,64.92,3583.97,1,2,26.22,4,No
CUST00478,Female,64,1,Yes,Yes,18,Yes,Fiber optic,Month-to-month,Bank transfer,102.26,1899.16,3,1,38.94,1,Yes
CUST00479,Male,48,0,Yes,No,25,No,DSL,Month-to-month,Bank transfer,65.14,1647.72,6,0,52.98,2,Yes
CUST00480,Female,58,0,Yes,No,48,Yes,Fiber optic,Two year,Mailed check,91.84,4450.38,2,0,49.29,1,No
CUST00481,Female,63,1,No,No,31,Yes,Fiber optic,Month-to-month,Credit card,82.43,2695.16,2,0,61.28,1,No
CUST00482,Female,67,1,Yes,Yes,30,Yes,DSL,One year,Credit card,67.8,2062.27,5,1,21.56,6,No
CUST00483,Male,43,0,Yes,No,66,Yes,DSL,Two year,Mailed check,49.09,3321.69,2,1,62.76,1,No
CUST00484,Female,66,1,Yes,Yes,10,Yes,DSL,Two year,Electronic check,61.49,645.47,4,2,16.8,3,No
CUST00485,Male,67,1,Yes,No,71,Yes,Fiber optic,Two year,Credit card,81.56,5745.4,1,2,41.55,2,No
CUST00486,Female,22,0,Yes,Yes,59,Yes,No,Two year,Credit card,36.56,2206.45,1,3,34.21,6,No
CUST00487,Male,37,0,Yes,No,51,Yes,Fiber optic,Month-to-month,Mailed check,42.16,2085.07,0,3,76.8,1,Yes
CUST00488,Female,69,1,No,Yes,9,No,Fiber optic,Two year,Electronic check,82.72,628.12,1,3,44.94,2,No
CUST00489,Male,58,0,Yes,No,54,Yes,Fiber optic,Two year,Electronic check,88.74,4850.11,2,0,21.37,5,No
CUST00490,Male,28,0,Yes,Yes,62,Yes,Fiber optic,Month-to-month,Electronic check,57.2,3592.8,1,1,14.97,6,Yes
CUST00491,Female,73,1,No,No,9,Yes,Fiber optic,Month-to-month,Electronic check,96.11,901.12,2,2,49.27,6,Yes
CUST00492,Male,71,1,Yes,No,9,Yes,DSL,Month-to-month,Electronic check,58.42,523.48,1,1,16.65,1,Yes
CUST00493,Male,50,0,Yes,No,24,Yes,No,Month-to-month,Credit card,18.0,424.78,0,0,23.42,4,No
CUST00494,Female,67,1,No,Yes,39,Yes,No,Month-to-month,Mailed check,33.15,1184.5,2,1,38.29,5,Yes
CUST00495,Male,55,0,No,No,8,Yes,DSL,One year,Credit card,51.07,222.32,1,2,26.13,4,Yes
CUST00496,Male,44,0,Yes,Yes,25,Yes,DSL,One year,Electronic check,69.7,1831.28,2,2,34.14,5,No
CUST00497,Male,51,0,No,Yes,66,Yes,DSL,Month-to-month,Mailed check,62.24,4195.28,1,1,32.84,6,No
CUST00498,Female,32,0,Yes,No,10,No,DSL,Month-to-month,Credit card,55.08,525.71,1,2,41.65,6,Yes
CUST00499,Male,49,0,Yes,Yes,24,Yes,DSL,One year,Electronic check,47.89,1296.54,1,1,43.85,3,No
CUST00500,Female,75,1,No,Yes,59,No,DSL,Month-to-month,Credit card,51.44,3084.96,4,0,36.97,3,No
CUST00501,Male,38,0,Yes,No,31,No,DSL,Month-to-month,Bank transfer,70.56,2221.15,3,1,39.12,5,No
CUST00502,Male,63,1,Yes,No,11,Yes,Fiber optic,One year,Bank transfer,102.3,1327.05,2,1,49.23,6,No
CUST00503,Male,22,0,No,No,6,Yes,DSL,Month-to-month,Credit card,68.34,284.54,3,4,26.43,5,Yes
CUST00504,Female,23,0,No,Yes,70,Yes,DSL,Month-to-month,Electronic check,59.65,4170.78,3,3,28.55,2,Yes
CUST00505,Male,55,0,Yes,Yes,32,Yes,DSL,Month-to-month,Bank transfer,68.31,2100.71,5,1,66.52,3,Yes
CUST00506,Male,39,0,No,No,39,Yes,Fiber optic,One year,Electronic check,89.75,3463.48,0,1,28.15,6,No
CUST00507,Female,35,0,Yes,Yes,48,Yes,DSL,One year,Bank transfer,52.78,2526.71,0,3,72.95,2,No
CUST00508,Male,31,0,No,No,13,Yes,No,Month-to-month,Credit card,18.0,229.55,4,1,55.96,4,Yes
CUST00509,Female,27,0,Yes,Yes,59,Yes,No,Month-to-month,Electronic check,22.49,1219.57,0,0,22.21,3,No
CUST00510,Female,63,1,Yes,No,67,Yes,Fiber optic,One year,Electronic check,75.48,5063.96,2,4,60.15,2,No
CUST00511,Male,30,0,Yes,No,56,Yes,Fiber optic,Two year,Electronic check,86.95,4786.71,7,0,102.04,1,No
CUST00512,Female,48,0,Yes,No,41,Yes,DSL,One year,Electronic check,79.27,3369.73,3,5,46.14,4,Yes
CUST00513,Male,47,0,Yes,Yes,56,Yes,Fiber optic,Two year,Electronic check,89.2,5071.65,6,1,43.07,3,No
CUST00514,Female,20,0,No,No,35,Yes,Fiber optic,Month-to-month,Credit card,107.04,3780.79,2,3,57.07,1,Yes
CUST00515,Female,47,0,No,Yes,38,Yes,Fiber optic,One year,Credit card,85.01,3182.79,3,0,60.77,5,No
CUST00516,Male,23,0,Yes,No,67,Yes,DSL,Two year,Credit card,57.99,3900.81,2,0,35.51,1,No
CUST00517,Female,46,0,Yes,No,34,No,DSL,One year,Credit card,41.82,1492.56,1,2,26.88,5,No
CUST00518,Female,25,0,Yes,Yes,70,Yes,DSL,Two year,Bank transfer,67.68,4703.56,5,1,13.06,5,No
CUST00519,Female,61,1,No,No,11,Yes,DSL,Month-to-month,Mailed check,52.13,414.43,4,1,27.16,5,Yes
CUST00520,Female,62,1,No,No,27,Yes,DSL,Two year,Electronic check,49.67,1413.0,3,1,28.83,5,Yes
CUST00521,Female,60,1,No,No,48,Yes,Fiber optic,One year,Credit card,69.8,3403.37,2,0,56.16,4,No
CUST00522,Male,61,1,No,No,24,Yes,DSL,Two year,Electronic check,64.25,1574.12,1,0,43.29,6,No
CUST00523,Female,50,0,Yes,No,18,Yes,Fiber optic,Month-to-month,Electronic check,76.33,1298.06,2,1,65.53,5,No
CUST00524,Male,34,0,Yes,No,27,Yes,DSL,One year,Bank transfer,79.76,2249.51,2,0,29.33,5,No
CUST00525,Female,65,1,No,No,54,Yes,Fiber optic,Two year,Credit card,101.79,5611.55,2,0,47.38,5,No
CUST00526,Male,28,0,No,No,55,Yes,DSL,Month-to-month,Bank transfer,53.59,2975.61,3,1,12.73,3,No
CUST00527,Male,30,0,Yes,Yes,21,Yes,DSL,One year,Credit card,31.51,622.09,0,1,49.66,6,No
CUST00528,Female,67,1,Yes,No,59,Yes,Fiber optic,Two year,Electronic check,86.78,5082.49,1,4,39.51,2,No
CUST00529,Female,28,0,No,No,34,Yes,Fiber optic,Month-to-month,Mailed check,80.35,2692.36,1,1,33.64,1,Yes
CUST00530,Female,48,0,Yes,No,58,Yes,Fiber optic,Month-to-month,Electronic check,98.35,5660.2,3,0,27.2,1,No
CUST00531,Male,45,0,Yes,No,48,Yes,DSL,One year,Electronic check,60.16,2852.28,3,0,78.39,2,No
CUST00532,Female,61,1,No,No,54,Yes,Fiber optic,Month-to-month,Electronic check,102.26,5554.36,1,1,16.77,4,Yes
CUST00533,Male,23,0,Yes,No,18,Yes,Fiber optic,Month-to-month,Mailed check,92.4,1752.85,1,0,31.2,5,Yes
CUST00534,Male,58,0,Yes,No,3,Yes,DSL,Month-to-month,Credit card,44.68,279.15,3,1,30.34,6,No
CUST00535,Male,33,0,No,Yes,24,Yes,DSL,Month-to-month,Credit card,51.04,1133.65,2,1,28.22,6,No
CUST00536,Female,21,0,No,No,1,Yes,Fiber optic,Month-to-month,Bank transfer,78.18,3.22,2,0,35.09,3,Yes
CUST00537,Female,52,0,No,Yes,6,No,DSL,Month-to-month,Credit card,57.98,432.3,1,1,57.44,1,No
CUST00538,Male,65,1,Yes,Yes,19,Yes,No,One year,Bank transfer,22.84,342.66,1,2,59.08,2,No
CUST00539,Male,73,1,Yes,No,43,Yes,No,One year,Credit card,30.75,1206.4,0,1,71.37,5,No
CUST00540,Female,43,0,No,No,8,Yes,Fiber optic,One year,Mailed check,92.54,646.05,1,3,35.27,1,No
CUST00541,Male,74,1,No,No,69,Yes,DSL,Month-to-month,Bank transfer,54.95,3773.93,5,1,91.09,1,Yes
CUST00542,Female,29,0,Yes,No,52,Yes,DSL,Month-to-month,Credit card,67.95,3696.97,4,2,47.66,1,Yes
CUST00543,Male,28,0,No,No,47,Yes,No,Month-to-month,Credit card,18.0,833.22,1,0,18.73,5,Yes
CUST00544,Female,54,0,Yes,No,28,Yes,DSL,Two year,Mailed check,68.39,1942.35,2,0,17.08,4,No
CUST00545,Male,42,0,Yes,No,46,Yes,DSL,One year,Bank transfer,70.43,3119.97,4,2,52.86,2,No
CUST00546,Female,35,0,Yes,Yes,4,Yes,DSL,Two year,Credit card,63.31,360.67,2,0,21.0,6,No
CUST00547,Male,36,0,Yes,Yes,8,No,DSL,Month-to-month,Bank transfer,66.31,617.63,5,0,59.61,6,Yes
CUST00548,Female,40,0,Yes,No,61,Yes,DSL,One year,Credit card,67.89,4094.41,2,0,28.54,6,No
CUST00549,Female,72,1,No,No,17,Yes,Fiber optic,Month-to-month,Electronic check,100.72,1643.52,4,3,50.83,2,Yes
CUST00550,Male,55,0,No,No,34,Yes,Fiber optic,Two year,Electronic check,96.13,3364.22,5,1,64.74,1,No
CUST00551,Male,71,1,No,No,20,Yes,Fiber optic,Month-to-month,Credit card,103.11,2039.62,2,1,74.15,6,No
CUST00552,Female,35,0,Yes,No,34,Yes,No,Month-to-month,Electronic check,18.0,545.62,7,2,24.72,6,Yes
CUST00553,Male,43,0,Yes,Yes,43,Yes,DSL,Month-to-month,Credit card,61.59,2611.71,4,3,54.63,4,Yes
CUST00554,Female,23,0,Yes,Yes,10,Yes,DSL,One year,Bank transfer,59.45,618.36,1,1,24.2,4,No
CUST00555,Male,21,0,Yes,No,30,Yes,DSL,Month-to-month,Electronic check,61.83,1928.09,0,1,27.0,5,No
CUST00556,Female,61,1,No,No,25,Yes,Fiber optic,Month-to-month,Electronic check,98.51,2495.07,3,1,13.93,2,No
CUST00557,Female,68,1,No,Yes,57,Yes,Fiber optic,Month-to-month,Bank transfer,86.93,4982.16,3,2,42.29,6,Yes
CUST00558,Female,46,0,No,No,63,Yes,DSL,Two year,Credit card,61.06,3822.73,4,0,43.92,1,No
CUST00559,Female,51,0,Yes,No,71,Yes,No,Month-to-month,Electronic check,28.74,2055.1,4,1,33.33,1,Yes
CUST00560,Female,34,0,Yes,No,47,No,Fiber optic,Two year,Bank transfer,62.4,2893.66,3,0,20.11,4,No
CUST00561,Female,60,1,No,Yes,3,Yes,Fiber optic,Two year,Bank transfer,108.34,298.04,0,3,25.72,3,Yes
CUST00562,Male,60,1,Yes,No,46,Yes,Fiber optic,Two year,Electronic check,83.43,3979.94,4,1,55.71,5,Yes
CUST00563,Male,70,1,No,Yes,36,Yes,Fiber optic,Two year,Credit card,107.16,3861.98,5,0,33.74,4,Yes
CUST00564,Male,33,0,No,No,26,Yes,Fiber optic,Two year,Electronic check,72.18,1839.92,5,2,48.47,5,No
CUST00565,Female,19,0,Yes,No,10,Yes,DSL,Month-to-month,Bank transfer,49.05,423.1,2,2,17.79,4,Yes
CUST00566,Female,51,0,No,No,34,Yes,Fiber optic,Month-to-month,Credit card,81.59,2553.98,1,5,63.0,4,Yes
CUST00567,Female,72,1,No,No,8,Yes,Fiber optic,One year,Credit card,85.54,892.98,3,0,74.18,6,No
CUST00568,Female,25,0,Yes,Yes,55,Yes,DSL,Month-to-month,Mailed check,53.91,3184.62,3,1,90.25,4,No
CUST00569,Male,30,0,No,Yes,10,Yes,No,Month-to-month,Electronic check,18.56,248.37,1,2,47.99,3,Yes
CUST00570,Male,59,0,Yes,No,57,Yes,Fiber optic,One year,Electronic check,90.56,5058.4,6,1,76.71,2,No
CUST00571,Female,25,0,Yes,Yes,45,Yes,DSL,One year,Electronic check,77.4,3756.46,1,1,15.44,1,No
CUST00572,Male,47,0,No,Yes,50,Yes,Fiber optic,Two year,Electronic check,109.89,5354.11,1,0,27.84,5,No
CUST00573,Male,49,0,No,No,64,Yes,No,One year,Bank transfer,22.65,1488.93,1,1,49.06,4,No
CUST00574,Female,53,0,Yes,No,2,Yes,DSL,One year,Credit card,47.05,0.0,2,1,56.94,1,Yes
CUST00575,Male,64,1,Yes,No,45,No,DSL,Month-to-month,Electronic check,56.85,2341.03,3,3,29.45,4,Yes
CUST00576,Female,47,0,No,Yes,62,Yes,Fiber optic,Month-to-month,Electronic check,110.67,6884.75,2,1,7.68,2,Yes
CUST00577,Male,18,0,No,No,14,Yes,DSL,Two year,Electronic check,72.35,1048.8,3,1,19.05,2,Yes
CUST00578,Female,60,1,No,No,15,Yes,DSL,Month-to-month,Mailed check,64.63,981.35,2,0,26.47,2,No
CUST00579,Female,56,0,Yes,No,14,Yes,Fiber optic,Month-to-month,Bank transfer,77.99,1241.17,1,2,35.77,4,Yes
CUST00580,Female,34,0,No,Yes,31,Yes,Fiber optic,One year,Credit card,98.68,3054.28,5,2,27.96,1,No
CUST00581,Female,37,0,Yes,No,29,No,DSL,Month-to-month,Electronic check,87.15,2608.58,3,0,36.38,2,Yes
CUST00582,Male,41,0,No,No,27,Yes,DSL,Month-to-month,Credit card,58.29,1495.56,3,3,48.03,6,Yes
CUST00583,Female,67,1,Yes,No,9,Yes,Fiber optic,Month-to-month,Electronic check,55.45,628.55,2,1,11.95,5,Yes
CUST00584,Female,39,0,No,No,20,Yes,DSL,Month-to-month,Mailed check,47.69,1091.84,2,2,41.72,3,Yes
CUST00585,Female,46,0,Yes,Yes,58,Yes,Fiber optic,Month-to-month,Bank transfer,85.94,4959.06,3,1,69.53,3,No
CUST00586,Male,39,0,Yes,Yes,49,Yes,Fiber optic,Two year,Credit card,82.66,4087.86,1,1,31.95,3,No
CUST00587,Female,61,1,Yes,No,57,Yes,DSL,Month-to-month,Credit card,76.33,4280.93,4,1,23.2,3,Yes
CUST00588,Male,26,0,Yes,No,16,Yes,Fiber optic,Month-to-month,Credit card,76.13,1196.03,1,1,36.84,3,No
CUST00589,Female,54,0,No,No,8,Yes,Fiber optic,Month-to-month,Electronic check,82.38,732.77,3,1,79.36,3,Yes
CUST00590,Male,27,0,No,No,67,Yes,Fiber optic,Month-to-month,Electronic check,75.29,5092.91,0,2,38.61,4,No
CUST00591,Male,53,0,No,No,19,No,DSL,Two year,Credit card,69.35,1144.74,5,1,17.27,1,Yes
CUST00592,Female,54,0,Yes,No,67,Yes,DSL,Month-to-month,Electronic check,49.67,3214.16,1,2,28.94,5,Yes
CUST00593,Male,45,0,No,Yes,36,Yes,No,Two year,Electronic check,23.12,773.52,5,1,41.03,1,Yes
CUST00594,Female,45,0,No,No,60,Yes,Fiber optic,Month-to-month,Credit card,62.15,3750.98,1,1,45.62,5,Yes
CUST00595,Female,59,0,Yes,Yes,36,Yes,DSL,Two year,Mailed check,53.66,1840.01,2,2,44.66,2,No
CUST00596,Female,60,1,Yes,Yes,11,Yes,Fiber optic,Month-to-month,Mailed check,109.94,1067.95,9,2,28.0,6,Yes
CUST00597,Male,38,0,No,No,51,Yes,DSL,Month-to-month,Electronic check,81.31,3883.87,3,2,29.81,6,Yes
CUST00598,Male,41,0,No,No,55,Yes,DSL,Month-to-month,Electronic check,68.09,3953.57,4,2,47.32,6,Yes
CUST00599,Female,59,0,No,No,54,No,Fiber optic,One year,Credit card,91.62,4967.68,2,3,42.91,5,No
CUST00600,Female,57,0,Yes,No,17,Yes,DSL,Month-to-month,Bank transfer,52.45,747.39,4,1,49.38,4,No
CUST00601,Male,19,0,No,No,62,Yes,Fiber optic,Month-to-month,Mailed check,87.99,5558.68,2,1,55.01,2,Yes
CUST00602,Female,72,1,Yes,Yes,42,Yes,Fiber optic,Two year,Mailed check,87.49,3823.94,2,1,49.64,3,No
CUST00603,Female,25,0,No,No,24,Yes,Fiber optic,Month-to-month,Bank transfer,85.26,2067.58,3,1,41.96,4,No
CUST00604,Female,65,1,No,No,17,Yes,DSL,Month-to-month,Electronic check,69.68,1246.86,2,1,15.96,4,Yes
CUST00605,Male,44,0,Yes,No,48,Yes,DSL,Two year,Electronic check,48.68,2467.52,2,1,32.05,1,No
CUST00606,Male,39,0,No,Yes,70,Yes,Fiber optic,Month-to-month,Electronic check,123.43,8700.66,2,0,18.67,1,Yes
CUST00607,Male,54,0,Yes,Yes,7,Yes,Fiber optic,Two year,Credit card,109.37,828.85,1,0,42.86,2,Yes
CUST00608,Female,44,0,No,No,14,Yes,Fiber optic,Month-to-month,Electronic check,72.82,866.05,1,2,19.29,4,Yes
CUST00609,Female,74,1,Yes,No,11,Yes,Fiber optic,Month-to-month,Bank transfer,86.61,679.79,2,2,54.42,6,Yes
CUST00610,Female,46,0,Yes,No,12,Yes,DSL,Month-to-month,Bank transfer,52.81,719.87,6,4,50.13,2,Yes
CUST00611,Male,20,0,Yes,No,5,No,DSL,Two year,Electronic check,67.63,315.72,1,1,33.35,3,No
CUST00612,Female,61,1,Yes,No,5,Yes,Fiber optic,Two year,Mailed check,83.66,372.82,2,1,39.15,6,No
CUST00613,Female,30,0,Yes,No,20,Yes,Fiber optic,Two year,Credit card,56.77,1232.72,4,0,75.81,6,No
CUST00614,Female,62,1,No,No,54,Yes,DSL,Month-to-month,Mailed check,48.95,2547.82,2,1,40.84,1,No
CUST00615,Female,27,0,No,No,55,Yes,Fiber optic,Two year,Mailed check,104.9,5765.85,3,1,40.14,4,No
CUST00616,Male,53,0,No,Yes,58,Yes,Fiber optic,Month-to-month,Electronic check,81.72,4745.47,4,1,25.43,3,Yes
CUST00617,Male,26,0,Yes,No,30,Yes,DSL,Month-to-month,Credit card,57.26,1786.78,3,2,75.49,4,No
CUST00618,Female,71,1,No,No,24,Yes,DSL,Two year,Electronic check,68.03,1666.85,4,1,40.92,3,No
CUST00619,Male,73,1,Yes,No,3,Yes,DSL,Month-to-month,Bank transfer,71.28,248.01,1,0,15.51,5,Yes
CUST00620,Male,72,1,No,Yes,48,Yes,No,Month-to-month,Credit card,24.29,1125.46,3,2,61.33,3,Yes
CUST00621,Female,44,0,Yes,No,71,Yes,Fiber optic,Month-to-month,Mailed check,52.51,3690.36,4,0,10.7,5,No
CUST00622,Female,51,0,No,No,22,Yes,DSL,One year,Electronic check,50.36,1141.95,4,1,69.39,1,Yes
CUST00623,Male,68,1,No,No,14,Yes,Fiber optic,Month-to-month,Bank transfer,52.84,689.71,2,0,61.18,5,No
CUST00624,Female,18,0,No,Yes,48,Yes,DSL,Month-to-month,Mailed check,43.21,1991.23,2,1,35.89,2,No
CUST00625,Male,49,0,Yes,No,29,Yes,No,Two year,Bank transfer,25.62,871.61,2,2,65.4,6,Yes
CUST00626,Female,42,0,Yes,No,50,Yes,DSL,Month-to-month,Electronic check,60.55,2960.04,3,0,12.3,3,No
CUST00627,Male,46,0,Yes,No,10,Yes,DSL,Month-to-month,Credit card,75.3,707.14,1,0,75.29,1,No
CUST00628,Female,24,0,No,Yes,71,Yes,DSL,One year,Electronic check,59.61,4354.97,5,0,15.75,6,No
CUST00629,Male,66,1,No,No,27,Yes,Fiber optic,Two year,Electronic check,71.83,1870.43,3,1,30.83,4,No
CUST00630,Male,20,0,Yes,Yes,28,Yes,DSL,Month-to-month,Electronic check,74.44,2116.43,2,1,65.4,3,No
CUST00631,Male,37,0,No,Yes,9,No,No,One year,Electronic check,39.01,392.0,5,1,59.32,3,No
CUST00632,Female,37,0,No,No,71,Yes,DSL,Month-to-month,Bank transfer,71.0,5031.98,1,0,54.73,5,Yes
CUST00633,Male,70,1,No,No,26,Yes,Fiber optic,Month-to-month,Credit card,83.99,2144.9,4,0,27.28,5,Yes
CUST00634,Male,47,0,Yes,No,8,Yes,Fiber optic,Month-to-month,Bank transfer,80.38,530.4,2,1,51.24,3,Yes
CUST00635,Female,52,0,Yes,No,2,Yes,Fiber optic,Month-to-month,Electronic check,67.13,197.05,0,1,87.66,3,Yes
CUST00636,Female,52,0,Yes,No,57,Yes,Fiber optic,Month-to-month,Electronic check,73.15,4279.82,3,0,46.95,2,No
CUST00637,Male,66,1,No,No,52,No,DSL,Two year,Electronic check,54.62,2939.86,1,1,41.61,4,No
CUST00638,Male,56,0,Yes,Yes,58,Yes,Fiber optic,One year,Electronic check,65.14,3815.21,2,1,56.98,2,No
CUST00639,Female,44,0,No,No,3,Yes,Fiber optic,Two year,Credit card,79.98,42.35,1,1,81.16,2,No
CUST00640,Female,43,0,No,No,8,Yes,Fiber optic,One year,Credit card,80.78,723.18,4,2,31.44,4,Yes
CUST00641,Female,31,0,No,No,59,Yes,DSL,Month-to-month,Mailed check,75.29,4431.27,1,1,36.04,1,No
CUST00642,Female,34,0,No,No,2,Yes,DSL,Month-to-month,Credit card,40.57,21.93,1,0,52.46,4,No
CUST00643,Female,35,0,Yes,No,62,Yes,DSL,Two year,Electronic check,62.07,3914.1,4,3,35.39,1,No
CUST00644,Male,62,1,Yes,No,49,Yes,Fiber optic,One year,Electronic check,64.59,3187.51,3,1,18.45,3,No
CUST00645,Female,69,1,No,Yes,20,Yes,Fiber optic,Two year,Mailed check,55.66,1214.09,1,1,34.66,6,No
CUST00646,Male,46,0,Yes,Yes,29,Yes,Fiber optic,Month-to-month,Bank transfer,77.59,2284.2,4,2,48.55,2,Yes
CUST00647,Male,37,0,Yes,No,17,Yes,Fiber optic,Month-to-month,Bank transfer,85.28,1423.07,2,1,19.58,3,Yes
CUST00648,Male,70,1,Yes,No,22,Yes,Fiber optic,Month-to-month,Electronic check,104.08,2254.87,2,0,18.48,2,Yes
CUST00649,Female,44,0,Yes,Yes,6,Yes,DSL,Month-to-month,Electronic check,56.77,401.75,1,0,40.19,5,No
CUST00650,Male,35,0,Yes,Yes,62,Yes,Fiber optic,Month-to-month,Electronic check,76.92,4635.25,0,0,25.22,2,No
CUST00651,Male,21,0,No,No,31,Yes,No,Month-to-month,Mailed check,19.38,550.62,1,2,100.37,2,No
CUST00652,Female,18,0,No,No,62,Yes,DSL,One year,Electronic check,53.79,3115.56,2,1,38.67,2,No
CUST00653,Male,67,1,No,Yes,12,Yes,Fiber optic,Month-to-month,Credit card,32.17,428.17,1,2,32.81,1,Yes
CUST00654,Male,18,0,Yes,Yes,12,Yes,DSL,Month-to-month,Credit card,50.17,666.55,3,2,47.68,5,No
CUST00655,Female,75,1,Yes,No,63,Yes,DSL,One year,Credit card,69.62,4309.13,3,2,32.93,1,No
CUST00656,Male,43,0,Yes,No,16,Yes,DSL,Month-to-month,Electronic check,30.56,379.61,3,2,39.91,4,Yes
CUST00657,Male,62,1,No,Yes,25,No,No,One year,Credit card,21.68,637.32,3,5,57.04,4,Yes
CUST00658,Male,37,0,Yes,Yes,22,No,Fiber optic,Month-to-month,Electronic check,80.67,1703.32,3,4,78.91,5,Yes
CUST00659,Female,69,1,No,No,18,Yes,DSL,Two year,Mailed check,68.6,1299.13,2,1,29.06,4,No
CUST00660,Female,40,0,No,No,45,Yes,Fiber optic,One year,Electronic check,86.75,3902.34,3,0,10.56,3,No
CUST00661,Female,27,0,Yes,No,68,Yes,DSL,Two year,Electronic check,65.06,4371.18,3,1,29.16,1,No
CUST00662,Male,28,0,Yes,No,12,Yes,Fiber optic,Month-to-month,Electronic check,73.81,943.73,4,2,41.2,2,Yes
CUST00663,Male,58,0,No,Yes,49,Yes,Fiber optic,Month-to-month,Bank transfer,58.63,2876.05,1,0,43.8,3,Yes
CUST00664,Female,58,0,No,No,33,Yes,DSL,Month-to-month,Electronic check,53.64,1919.56,2,2,56.84,2,No
CUST00665,Male,22,0,Yes,No,63,Yes,Fiber optic,Month-to-month,Credit card,82.86,5146.67,2,1,37.96,4,Yes
CUST00666,Male,75,1,Yes,Yes,18,No,Fiber optic,Month-to-month,Electronic check,102.37,1710.18,1,0,38.3,1,Yes
CUST00667,Female,18,0,No,No,54,Yes,Fiber optic,One year,Electronic check,63.58,3431.7,1,2,23.29,4,No
CUST00668,Female,34,0,Yes,No,27,Yes,DSL,Month-to-month,Credit card,85.07,2344.52,4,0,27.73,6,No
CUST00669,Male,39,0,Yes,Yes,25,Yes,No,One year,Electronic check,26.38,640.73,3,1,65.37,6,No
CUST00670,Male,51,0,Yes,Yes,34,Yes,DSL,One year,Bank transfer,50.87,1909.42,0,0,62.81,1,No
CUST00671,Male,73,1,No,Yes,60,Yes,DSL,One year,Bank transfer,50.24,3135.68,5,0,69.06,2,No
CUST00672,Female,62,1,Yes,Yes,54,No,DSL,Month-to-month,Mailed check,58.08,3083.77,3,0,47.44,2,Yes
CUST00673,Female,58,0,Yes,No,5,Yes,Fiber optic,Two year,Electronic check,83.98,426.33,2,2,32.84,6,No
CUST00674,Female,46,0,Yes,No,36,Yes,Fiber optic,Month-to-month,Credit card,85.2,2886.68,3,0,31.9,2,No
CUST00675,Female,21,0,No,No,54,Yes,DSL,Month-to-month,Mailed check,67.65,3758.26,5,0,87.03,5,No
CUST00676,Male,22,0,No,Yes,36,Yes,Fiber optic,Two year,Bank transfer,75.08,2634.83,0,2,98.45,4,No
CUST00677,Female,28,0,No,No,69,Yes,Fiber optic,Month-to-month,Electronic check,86.6,5995.3,0,2,42.92,5,No
CUST00678,Female,73,1,No,No,39,No,DSL,One year,Credit card,55.98,2157.48,3,2,28.51,3,Yes
CUST00679,Female,68,1,No,No,70,Yes,DSL,Month-to-month,Mailed check,79.76,5434.26,1,4,41.37,5,No
CUST00680,Female,38,0,Yes,Yes,4,Yes,Fiber optic,Month-to-month,Credit card,57.88,314.88,4,2,36.73,2,Yes
CUST00681,Female,52,0,Yes,Yes,65,No,DSL,Month-to-month,Bank transfer,85.74,5467.24,2,0,67.01,1,No
CUST00682,Male,29,0,No,No,40,Yes,DSL,Month-to-month,Credit card,49.4,1924.07,3,1,14.71,4,Yes
CUST00683,Male,43,0,Yes,No,37,Yes,DSL,Month-to-month,Electronic check,46.97,1823.18,3,2,32.5,4,Yes
CUST00684,Female,68,1,Yes,No,67,No,No,Month-to-month,Electronic check,22.63,1419.08,1,2,22.66,4,No
CUST00685,Male,36,0,No,No,31,Yes,Fiber optic,One year,Electronic check,88.24,2884.53,2,1,45.22,3,No
CUST00686,Female,62,1,Yes,No,47,Yes,DSL,One year,Electronic check,55.64,2516.38,4,5,46.42,4,No
CUST00687,Female,24,0,Yes,No,27,Yes,No,Two year,Mailed check,29.78,687.1,0,0,43.06,6,No
CUST00688,Male,64,1,No,No,51,Yes,DSL,Two year,Bank transfer,54.61,2789.76,1,0,17.57,3,No
CUST00689,Male,72,1,No,No,20,Yes,DSL,Month-to-month,Bank transfer,52.28,1209.01,1,0,14.83,2,No
CUST00690,Female,24,0,Yes,No,13,Yes,Fiber optic,Two year,Credit card,71.13,924.1,0,0,32.23,1,No
CUST00691,Female,43,0,No,Yes,63,Yes,DSL,Month-to-month,Credit card,75.13,4831.33,2,2,45.17,2,No
CUST00692,Female,57,0,No,No,44,Yes,Fiber optic,Month-to-month,Electronic check,90.77,3859.79,4,1,45.46,5,Yes
CUST00693,Male,22,0,No,Yes,24,Yes,No,One year,Mailed check,18.0,395.36,0,0,31.76,4,No
CUST00694,Female,38,0,Yes,Yes,3,Yes,DSL,Month-to-month,Credit card,54.57,133.44,0,0,59.35,5,Yes
CUST00695,Female,31,0,Yes,No,10,Yes,No,One year,Credit card,18.0,53.86,4,2,27.82,3,No
CUST00696,Female,21,0,No,No,65,Yes,DSL,Month-to-month,Mailed check,92.71,5867.02,5,1,50.0,2,Yes
CUST00697,Male,40,0,No,Yes,49,Yes,Fiber optic,Month-to-month,Credit card,87.75,4275.59,3,0,27.05,4,Yes
CUST00698,Female,59,0,No,No,58,Yes,Fiber optic,Month-to-month,Mailed check,55.15,3356.67,2,0,12.65,6,Yes
CUST00699,Female,37,0,Yes,No,2,Yes,No,Month-to-month,Mailed check,18.0,57.85,4,0,29.8,3,No
CUST00700,Male,32,0,Yes,No,66,Yes,Fiber optic,Two year,Electronic check,66.24,4303.54,1,2,20.22,2,No
CUST00701,Female,67,1,No,No,31,Yes,Fiber optic,Two year,Electronic check,89.39,2567.37,0,0,96.76,2,No
CUST00702,Female,69,1,Yes,No,68,Yes,DSL,Month-to-month,Mailed check,39.63,2657.64,5,1,15.0,3,Yes
CUST00703,Male,62,1,No,No,37,Yes,Fiber optic,Month-to-month,Credit card,64.52,2343.27,0,2,36.85,1,No
CUST00704,Female,46,0,Yes,No,24,No,DSL,Month-to-month,Electronic check,56.98,1405.97,3,0,45.02,2,No
CUST00705,Male,25,0,Yes,No,44,Yes,DSL,Two year,Credit card,59.01,2571.07,3,0,58.89,4,No
CUST00706,Male,58,0,No,Yes,41,No,DSL,Month-to-month,Credit card,53.35,2250.53,3,1,55.6,5,Yes
CUST00707,Female,65,1,No,No,51,Yes,No,Two year,Bank transfer,21.68,1182.43,2,2,19.45,3,Yes
CUST00708,Female,36,0,Yes,Yes,42,Yes,Fiber optic,One year,Mailed check,63.47,2658.76,3,2,35.25,1,No
CUST00709,Female,65,1,Yes,No,40,Yes,Fiber optic,Two year,Mailed check,91.69,3662.02,3,2,19.3,2,No
CUST00710,Female,56,0,No,Yes,48,Yes,Fiber optic,One year,Mailed check,54.98,2642.46,4,1,50.33,5,No
CUST00711,Male,63,1,Yes,No,4,Yes,No,One year,Electronic check,23.68,0.0,5,2,11.49,6,No
CUST00712,Female,45,0,No,No,60,Yes,Fiber optic,One year,Bank transfer,111.71,6774.64,3,1,15.81,1,No
CUST00713,Male,63,1,No,Yes,39,Yes,Fiber optic,Two year,Electronic check,79.51,3270.62,3,1,31.27,3,No
CUST00714,Female,74,1,Yes,No,5,Yes,DSL,Two year,Electronic check,43.21,221.98,8,2,24.33,2,No
CUST00715,Female,44,0,No,Yes,6,Yes,Fiber optic,One year,Bank transfer,83.25,421.23,0,0,38.36,6,No
CUST00716,Female,21,0,Yes,No,14,Yes,No,One year,Credit card,22.53,314.72,2,0,47.25,2,No
CUST00717,Male,75,1,No,No,70,Yes,No,Two year,Mailed check,26.48,1810.11,5,0,21.71,6,No
CUST00718,Female,32,0,Yes,No,12,Yes,DSL,Two year,Electronic check,62.02,746.98,2,1,47.53,3,No
CUST00719,Female,52,0,No,No,62,Yes,DSL,One year,Bank transfer,71.55,4404.9,1,0,41.93,5,No
CUST00720,Female,54,0,Yes,Yes,27,No,Fiber optic,Month-to-month,Electronic check,77.47,1876.4,1,1,39.21,5,Yes
CUST00721,Female,18,0,Yes,No,54,Yes,DSL,Month-to-month,Electronic check,49.97,2707.92,2,1,33.76,4,No
CUST00722,Male,20,0,No,No,12,Yes,DSL,Two year,Credit card,50.27,825.67,3,0,34.87,2,No
CUST00723,Female,64,1,No,No,8,Yes,Fiber optic,Month-to-month,Credit card,75.15,467.59,0,1,47.9,3,Yes
CUST00724,Male,41,0,No,No,16,No,Fiber optic,Month-to-month,Credit card,89.3,1538.52,2,2,30.9,2,No
CUST00725,Male,44,0,Yes,No,52,Yes,No,Month-to-month,Mailed check,18.0,976.06,2,3,35.66,4,No
CUST00726,Male,57,0,No,No,26,Yes,Fiber optic,One year,Bank transfer,70.82,1749.43,4,2,40.2,4,Yes
CUST00727,Male,53,0,Yes,Yes,8,Yes,DSL,One year,Electronic check,60.6,350.47,5,2,37.48,1,Yes
CUST00728,Male,51,0,Yes,No,45,Yes,Fiber optic,Month-to-month,Electronic check,103.07,4664.42,0,1,43.73,2,Yes
CUST00729,Male,46,0,No,Yes,19,Yes,Fiber optic,Month-to-month,Credit card,71.73,1398.96,4,0,34.56,3,Yes
CUST00730,Female,41,0,Yes,No,17,Yes,DSL,One year,Credit card,64.19,940.4,7,4,29.7,1,No
CUST00731,Male,41,0,No,Yes,65,Yes,Fiber optic,Two year,Credit card,81.87,5414.19,5,0,42.29,6,No
CUST00732,Male,59,0,No,No,29,Yes,DSL,Month-to-month,Electronic check,66.04,1865.72,1,3,20.78,3,Yes
CUST00733,Male,21,0,No,Yes,14,Yes,Fiber optic,Month-to-month,Bank transfer,85.89,1251.73,1,0,67.75,4,No
CUST00734,Female,20,0,No,No,17,Yes,Fiber optic,One year,Electronic check,85.41,1522.29,3,2,44.23,5,No
CUST00735,Female,51,0,No,No,13,No,No,Two year,Credit card,45.42,680.04,4,2,25.73,5,Yes
CUST00736,Male,74,1,Yes,No,63,Yes,DSL,One year,Credit card,95.16,5896.13,2,0,27.51,3,No
CUST00737,Female,66,1,No,No,33,Yes,No,One year,Electronic check,22.9,956.85,1,2,59.99,3,No
CUST00738,Male,40,0,Yes,No,29,Yes,No,Two year,Bank transfer,18.0,429.92,1,0,77.5,5,No
CUST00739,Male,70,1,Yes,No,37,Yes,No,Month-to-month,Credit card,26.94,1086.23,3,2,29.61,1,No
CUST00740,Female,73,1,No,No,46,Yes,No,Month-to-month,Credit card,29.83,1322.26,3,2,23.1,5,Yes
CUST00741,Male,69,1,No,No,24,Yes,Fiber optic,One year,Credit card,104.81,2520.64,4,1,36.68,4,Yes
CUST00742,Female,40,0,No,No,14,No,No,Two year,Mailed check,18.0,239.52,1,0,43.2,2,No
CUST00743,Female,62,1,Yes,No,5,Yes,Fiber optic,One year,Bank transfer,78.84,440.9,3,1,28.59,3,No
CUST00744,Male,22,0,No,Yes,53,Yes,Fiber optic,Two year,Credit card,77.38,4205.95,2,0,64.91,1,Yes
CUST00745,Male,48,0,Yes,No,30,Yes,Fiber optic,One year,Electronic check,72.89,2125.48,3,0,21.68,6,No
CUST00746,Female,70,1,No,Yes,60,Yes,Fiber optic,One year,Electronic check,62.55,3665.3,5,1,66.72,4,No
CUST00747,Male,58,0,No,No,28,Yes,DSL,Month-to-month,Electronic check,57.31,1398.41,3,3,72.05,2,Yes
CUST00748,Male,74,1,No,No,26,No,Fiber optic,Month-to-month,Mailed check,95.57,2502.85,1,0,28.96,1,Yes
CUST00749,Male,74,1,Yes,No,18,Yes,Fiber optic,One year,Credit card,66.33,1177.03,4,0,79.46,3,Yes
CUST00750,Female,71,1,Yes,Yes,36,Yes,DSL,Month-to-month,Mailed check,61.05,2208.67,0,0,28.47,1,No
CUST00751,Female,23,0,Yes,Yes,8,Yes,Fiber optic,Month-to-month,Electronic check,91.3,720.25,3,0,26.63,4,Yes
CUST00752,Male,54,0,No,No,18,Yes,DSL,Two year,Credit card,79.72,1510.85,4,1,36.57,5,No
CUST00753,Female,74,1,No,No,58,Yes,Fiber optic,Two year,Mailed check,94.53,5432.1,6,1,18.71,3,No
CUST00754,Female,27,0,Yes,No,32,Yes,Fiber optic,Month-to-month,Electronic check,83.72,2713.95,5,3,74.59,2,Yes
CUST00755,Female,57,0,No,No,49,Yes,Fiber optic,One year,Credit card,89.67,4390.64,2,0,77.26,6,No
CUST00756,Female,24,0,No,No,48,Yes,Fiber optic,Month-to-month,Mailed check,96.44,4533.02,3,1,35.4,3,Yes
CUST00757,Female,56,0,No,Yes,71,Yes,DSL,Month-to-month,Mailed check,61.45,4294.31,2,1,17.25,4,Yes
CUST00758,Male,55,0,No,No,65,Yes,DSL,One year,Bank transfer,69.44,4605.62,3,1,20.94,2,No
CUST00759,Male,38,0,No,Yes,33,Yes,Fiber optic,One year,Mailed check,80.01,2722.72,2,3,13.8,4,Yes
CUST00760,Male,37,0,Yes,No,50,Yes,Fiber optic,Month-to-month,Bank transfer,103.01,5224.39,2,1,55.14,3,Yes
CUST00761,Female,20,0,Yes,Yes,4,Yes,Fiber optic,Month-to-month,Electronic check,77.36,292.56,1,1,28.52,1,Yes
CUST00762,Female,68,1,Yes,No,36,Yes,No,Month-to-month,Bank transfer,19.51,478.03,2,2,36.74,4,Yes
CUST00763,Male,39,0,No,Yes,28,Yes,Fiber optic,Two year,Mailed check,77.98,2017.05,4,1,33.49,5,No
CUST00764,Female,64,1,No,No,3,Yes,DSL,One year,Credit card,48.35,118.76,5,2,40.43,5,Yes
CUST00765,Male,21,0,No,Yes,6,Yes,DSL,Month-to-month,Electronic check,69.05,262.52,5,1,33.55,3,Yes
CUST00766,Male,45,0,Yes,No,45,Yes,Fiber optic,Month-to-month,Credit card,61.41,2877.93,1,1,44.09,6,No
CUST00767,Male,29,0,Yes,No,23,No,No,One year,Bank transfer,21.53,414.28,3,1,38.8,2,No
CUST00768,Female,55,0,Yes,Yes,7,Yes,DSL,One year,Electronic check,63.89,419.76,6,0,20.48,1,No
CUST00769,Female,68,1,Yes,No,61,No,DSL,Two year,Bank transfer,60.15,3842.67,1,2,54.44,2,No
CUST00770,Male,53,0,No,No,65,Yes,Fiber optic,Month-to-month,Credit card,84.37,5587.12,4,0,52.47,4,No
CUST00771,Male,64,1,No,Yes,6,Yes,DSL,Two year,Credit card,58.29,384.37,5,0,14.8,3,No
CUST00772,Male,58,0,No,Yes,24,Yes,Fiber optic,Month-to-month,Electronic check,87.47,2121.39,3,5,33.33,1,Yes
CUST00773,Male,22,0,No,No,37,Yes,Fiber optic,Month-to-month,Electronic check,69.96,2512.9,2,0,34.27,3,Yes
CUST00774,Female,30,0,Yes,Yes,45,Yes,DSL,Month-to-month,Credit card,54.25,2517.37,3,2,40.98,3,No
CUST00775,Female,40,0,Yes,Yes,51,Yes,No,Month-to-month,Credit card,22.94,1191.21,5,2,37.49,3,Yes
CUST00776,Male,75,1,Yes,Yes,45,Yes,Fiber optic,Two year,Electronic check,91.84,4119.25,1,1,33.02,2,Yes
CUST00777,Male,67,1,No,No,63,Yes,DSL,One year,Electronic check,71.32,4557.26,3,1,7.18,4,No
CUST00778,Female,47,0,No,No,29,Yes,DSL,One year,Electronic check,58.42,1760.07,1,3,41.92,4,Yes
CUST00779,Female,54,0,Yes,Yes,25,Yes,Fiber optic,Month-to-month,Credit card,96.01,2303.12,3,0,15.98,6,No
CUST00780,Male,42,0,Yes,No,10,Yes,Fiber optic,Month-to-month,Mailed check,86.35,955.17,3,1,45.27,2,Yes
CUST00781,Male,65,1,Yes,No,35,Yes,Fiber optic,Month-to-month,Bank transfer,83.94,2929.34,0,0,11.54,5,Yes
CUST00782,Male,44,0,Yes,Yes,55,No,DSL,One year,Mailed check,69.41,3825.87,2,1,46.57,1,No
CUST00783,Female,68,1,Yes,Yes,25,Yes,DSL,One year,Credit card,42.63,934.19,4,0,22.03,6,No
CUST00784,Female,31,0,Yes,No,45,Yes,Fiber optic,Month-to-month,Credit card,91.63,3994.82,2,2,45.62,1,Yes
CUST00785,Female,74,1,Yes,No,12,Yes,DSL,Month-to-month,Electronic check,51.77,475.76,0,2,37.07,2,Yes
CUST00786,Male,65,1,No,No,4,Yes,DSL,Month-to-month,Bank transfer,72.46,529.15,1,1,9.04,3,Yes
CUST00787,Male,64,1,No,No,67,Yes,DSL,Two year,Credit card,52.11,3718.2,4,1,7.57,3,No
CUST00788,Female,71,1,Yes,No,17,Yes,Fiber optic,Month-to-month,Bank transfer,80.34,1195.6,1,2,24.68,4,No
CUST00789,Female,53,0,Yes,Yes,65,Yes,DSL,Month-to-month,Credit card,41.22,2527.87,1,0,46.92,2,Yes
CUST00790,Male,56,0,Yes,No,53,Yes,No,Month-to-month,Electronic check,27.94,1429.59,6,3,25.39,5,Yes
CUST00791,Female,33,0,Yes,No,57,Yes,Fiber optic,Month-to-month,Electronic check,78.74,4598.89,2,1,92.04,5,No
CUST00792,Female,73,1,Yes,No,28,Yes,Fiber optic,Month-to-month,Bank transfer,76.94,2216.84,2,0,33.18,1,No
CUST00793,Male,39,0,No,No,16,Yes,DSL,One year,Electronic check,60.33,1182.03,2,0,29.23,1,Yes
CUST00794,Female,38,0,No,Yes,21,Yes,Fiber optic,Two year,Electronic check,59.95,1228.49,0,0,46.96,3,No
CUST00795,Male,71,1,No,No,42,Yes,No,Month-to-month,Mailed check,19.45,747.17,2,0,47.08,3,No
CUST00796,Male,38,0,Yes,No,54,Yes,Fiber optic,Month-to-month,Bank transfer,82.21,4444.93,4,0,49.61,2,Yes
CUST00797,Male,25,0,No,No,32,Yes,Fiber optic,One year,Electronic check,106.97,3405.66,7,0,40.24,3,Yes
CUST00798,Male,66,1,Yes,Yes,38,Yes,Fiber optic,One year,Electronic check,87.75,3331.77,2,1,104.33,3,No
CUST00799,Male,33,0,Yes,No,70,Yes,Fiber optic,Month-to-month,Electronic check,90.94,6376.49,3,0,41.12,4,Yes
CUST00800,Male,72,1,No,Yes,38,Yes,Fiber optic,Two year,Credit card,85.93,3477.34,1,1,62.59,2,No
CUST00801,Male,48,0,No,Yes,54,Yes,DSL,Two year,Bank transfer,100.92,5461.7,4,1,16.11,1,No
CUST00802,Female,59,0,No,Yes,60,Yes,Fiber optic,Month-to-month,Electronic check,98.48,5802.48,1,3,31.73,6,No
CUST00803,Male,27,0,No,No,47,Yes,No,One year,Mailed check,18.0,816.95,3,0,32.3,2,Yes
CUST00804,Male,49,0,No,Yes,12,Yes,DSL,One year,Electronic check,62.67,824.61,1,2,53.74,5,No
CUST00805,Female,51,0,No,No,53,Yes,DSL,One year,Electronic check,73.08,3933.28,0,2,21.03,3,Yes
CUST00806,Female,26,0,No,Yes,33,Yes,Fiber optic,Month-to-month,Mailed check,63.24,2141.51,1,2,31.77,6,No
CUST00807,Female,34,0,No,Yes,28,Yes,DSL,Month-to-month,Electronic check,61.26,1545.38,2,1,42.98,1,No
CUST00808,Male,28,0,No,No,3,No,DSL,Month-to-month,Mailed check,53.54,4.67,3,2,26.87,2,Yes
CUST00809,Female,49,0,No,Yes,26,Yes,Fiber optic,One year,Bank transfer,72.18,1863.54,4,0,10.64,6,No
CUST00810,Male,27,0,No,No,54,Yes,No,Month-to-month,Electronic check,35.69,1971.87,2,1,55.17,6,No
CUST00811,Male,39,0,Yes,No,40,Yes,Fiber optic,Month-to-month,Credit card,75.05,2918.89,1,1,64.51,1,Yes
CUST00812,Male,74,1,No,No,66,Yes,Fiber optic,One year,Credit card,75.19,5111.96,6,2,32.89,3,No
CUST00813,Male,34,0,Yes,No,68,No,DSL,Month-to-month,Mailed check,49.18,3398.32,2,3,37.87,1,No
CUST00814,Female,21,0,Yes,No,47,Yes,DSL,One year,Credit card,46.94,2154.36,1,1,45.92,1,No
CUST00815,Female,65,1,Yes,No,2,Yes,Fiber optic,Month-to-month,Credit card,76.8,431.62,2,2,56.47,1,Yes
CUST00816,Male,69,1,No,Yes,42,Yes,DSL,Month-to-month,Electronic check,52.85,2173.15,3,2,20.08,6,No
CUST00817,Male,64,1,No,No,34,Yes,DSL,Month-to-month,Credit card,45.75,1518.56,5,1,25.7,6,Yes
CUST00818,Male,42,0,Yes,No,21,Yes,DSL,Two year,Electronic check,59.67,1211.46,1,3,17.45,5,No
CUST00819,Female,38,0,Yes,Yes,44,Yes,Fiber optic,One year,Electronic check,47.05,2074.38,3,0,68.22,4,No
CUST00820,Male,54,0,Yes,Yes,2,Yes,No,Month-to-month,Mailed check,25.81,0.0,2,1,46.47,2,Yes
CUST00821,Male,55,0,No,Yes,59,Yes,Fiber optic,Two year,Electronic check,99.64,5952.48,4,0,22.32,6,No
CUST00822,Female,66,1,Yes,No,16,Yes,DSL,One year,Electronic check,53.63,945.56,0,2,17.31,1,No
CUST00823,Female,18,0,Yes,No,20,Yes,Fiber optic,Month-to-month,Bank transfer,90.31,1872.91,5,2,44.77,5,No
CUST00824,Male,42,0,Yes,No,26,Yes,DSL,Month-to-month,Bank transfer,56.97,1435.91,2,1,8.62,1,No
CUST00825,Female,68,1,No,No,16,Yes,Fiber optic,Month-to-month,Electronic check,120.28,1879.62,1,1,66.94,1,Yes
CUST00826,Female,53,0,Yes,No,70,Yes,Fiber optic,One year,Electronic check,99.6,7033.31,2,0,45.08,4,No
CUST00827,Male,34,0,No,No,23,Yes,DSL,One year,Electronic check,49.6,1162.36,5,1,28.94,5,Yes
CUST00828,Female,58,0,Yes,Yes,42,Yes,Fiber optic,Month-to-month,Electronic check,104.37,4303.36,3,3,34.71,6,No
CUST00829,Male,41,0,No,No,37,Yes,Fiber optic,Month-to-month,Bank transfer,121.17,4280.88,2,0,42.1,4,Yes
CUST00830,Female,19,0,Yes,No,72,No,DSL,Month-to-month,Credit card,57.4,4093.32,5,3,56.98,5,Yes
CUST00831,Male,57,0,No,No,6,Yes,DSL,Month-to-month,Bank transfer,65.84,447.24,3,0,29.5,2,Yes
CUST00832,Male,32,0,Yes,No,37,Yes,Fiber optic,Month-to-month,Credit card,100.19,3756.52,5,0,20.91,2,No
CUST00833,Male,49,0,No,No,22,Yes,Fiber optic,Month-to-month,Bank transfer,68.21,1349.17,4,1,49.24,4,Yes
CUST00834,Female,56,0,No,Yes,6,Yes,No,Month-to-month,Credit card,18.0,191.73,3,1,53.43,2,No
CUST00835,Male,23,0,No,No,32,No,DSL,Two year,Mailed check,61.91,2166.22,1,0,47.73,1,Yes
CUST00836,Female,18,0,No,No,17,No,Fiber optic,Month-to-month,Credit card,72.67,1200.27,1,0,23.62,2,No
CUST00837,Male,64,1,Yes,No,38,Yes,DSL,Month-to-month,Bank transfer,57.38,2160.09,5,3,55.39,2,Yes
CUST00838,Male,40,0,No,Yes,17,Yes,DSL,Month-to-month,Credit card,72.3,1176.78,0,0,57.25,2,No
CUST00839,Female,75,1,No,Yes,37,Yes,Fiber optic,Month-to-month,Credit card,93.48,3423.44,1,2,25.56,1,No
CUST00840,Male,56,0,Yes,No,23,Yes,Fiber optic,One year,Bank transfer,93.37,2268.66,0,1,24.8,5,No
CUST00841,Male,74,1,No,Yes,49,Yes,Fiber optic,One year,Electronic check,83.07,3992.0,2,1,29.58,2,No
CUST00842,Female,34,0,Yes,Yes,61,Yes,No,Month-to-month,Credit card,19.84,1234.46,3,1,16.54,2,No
CUST00843,Male,51,0,Yes,No,49,Yes,Fiber optic,Month-to-month,Bank transfer,74.37,3616.63,5,3,88.39,3,Yes
CUST00844,Male,58,0,Yes,No,61,No,Fiber optic,Month-to-month,Bank transfer,111.16,6799.83,3,4,60.55,6,No
CUST00845,Male,46,0,Yes,No,32,No,No,Month-to-month,Credit card,43.05,1349.0,3,2,46.39,6,No
CUST00846,Male,26,0,No,No,63,No,Fiber optic,One year,Credit card,101.18,6456.41,4,0,21.18,3,No
CUST00847,Female,30,0,Yes,No,7,Yes,DSL,Month-to-month,Electronic check,56.63,500.5,4,1,23.84,6,Yes
CUST00848,Female,23,0,Yes,Yes,22,Yes,Fiber optic,One year,Mailed check,68.31,1540.22,1,1,48.05,5,No
CUST00849,Male,23,0,Yes,No,6,Yes,DSL,One year,Credit card,92.65,534.35,3,0,43.63,2,Yes
CUST00850,Female,37,0,No,No,61,Yes,Fiber optic,Month-to-month,Bank transfer,91.8,5678.48,3,1,25.58,2,Yes
CUST00851,Male,69,1,No,No,14,Yes,Fiber optic,Month-to-month,Electronic check,91.48,1205.8,4,0,58.2,5,Yes
CUST00852,Female,70,1,Yes,No,16,Yes,DSL,Two year,Electronic check,52.83,888.23,3,1,51.9,5,No
CUST00853,Male,20,0,Yes,No,3,Yes,DSL,Month-to-month,Electronic check,68.26,153.33,2,5,16.62,3,Yes
CUST00854,Male,34,0,Yes,No,9,Yes,DSL,Month-to-month,Bank transfer,57.51,539.09,2,0,46.91,6,Yes
CUST00855,Male,66,1,No,Yes,47,Yes,DSL,Month-to-month,Electronic check,47.33,2128.54,3,0,51.51,6,No
CUST00856,Male,29,0,No,No,42,Yes,DSL,One year,Electronic check,55.94,2467.86,2,1,43.54,1,Yes
CUST00857,Male,65,1,Yes,No,42,Yes,DSL,Month-to-month,Electronic check,64.84,2597.6,4,0,45.06,5,No
CUST00858,Male,64,1,Yes,No,23,Yes,DSL,Two year,Electronic check,78.4,1790.34,1,0,9.12,3,No
CUST00859,Female,62,1,No,No,3,Yes,DSL,One year,Electronic check,41.1,0.0,2,1,27.71,6,No
CUST00860,Male,72,1,No,Yes,1,No,DSL,Two year,Electronic check,45.13,161.39,4,1,31.17,4,Yes
CUST00861,Female,18,0,Yes,No,67,Yes,DSL,Month-to-month,Bank transfer,54.88,3832.38,4,1,57.08,1,Yes
CUST00862,Male,34,0,Yes,No,71,Yes,Fiber optic,Two year,Credit card,70.96,4919.06,2,0,21.93,3,No
CUST00863,Female,20,0,Yes,No,3,Yes,Fiber optic,Month-to-month,Credit card,85.04,287.55,2,2,20.74,5,Yes
CUST00864,Female,43,0,No,Yes,49,Yes,Fiber optic,Month-to-month,Mailed check,77.62,3773.8,3,1,21.65,4,No
CUST00865,Female,32,0,No,No,67,Yes,No,Two year,Credit card,26.0,1793.21,0,1,26.12,6,No
CUST00866,Male,53,0,No,No,55,No,DSL,Month-to-month,Mailed check,62.01,3568.19,3,1,91.34,4,No
CUST00867,Male,49,0,No,No,4,No,DSL,Two year,Electronic check,43.75,213.54,2,0,27.52,5,No
CUST00868,Female,49,0,Yes,No,31,Yes,Fiber optic,Month-to-month,Credit card,81.87,2461.41,1,0,59.78,5,No
CUST00869,Male,21,0,No,No,66,Yes,Fiber optic,Two year,Credit card,73.02,4750.27,4,0,60.13,4,No
CUST00870,Female,35,0,No,No,64,Yes,No,Month-to-month,Credit card,34.11,2147.65,4,0,33.07,1,Yes
CUST00871,Male,66,1,Yes,No,31,Yes,No,One year,Credit card,19.56,533.59,2,0,40.48,4,No
CUST00872,Female,36,0,No,No,63,Yes,Fiber optic,Month-to-month,Electronic check,77.57,4962.93,1,1,45.2,5,Yes
CUST00873,Female,60,1,Yes,No,66,Yes,DSL,Month-to-month,Bank transfer,49.11,3325.8,3,2,68.78,1,Yes
CUST00874,Male,69,1,Yes,No,31,Yes,Fiber optic,One year,Credit card,84.55,2747.01,1,0,43.93,6,No
CUST00875,Female,52,0,No,No,47,Yes,Fiber optic,One year,Electronic check,82.72,3845.36,1,1,54.7,3,Yes
CUST00876,Male,57,0,No,No,22,Yes,DSL,Month-to-month,Credit card,77.78,1826.59,3,1,25.01,2,No
CUST00877,Female,31,0,No,Yes,46,Yes,DSL,Month-to-month,Bank transfer,59.64,2911.77,1,4,42.82,2,Yes
CUST00878,Female,75,1,Yes,No,58,Yes,DSL,Month-to-month,Electronic check,76.14,4283.47,2,0,20.56,2,Yes
CUST00879,Male,50,0,No,No,61,Yes,Fiber optic,Month-to-month,Electronic check,108.07,6543.54,4,2,37.9,3,Yes
CUST00880,Male,31,0,No,No,46,Yes,Fiber optic,Month-to-month,Bank transfer,79.69,3654.93,3,1,16.99,6,Yes
CUST00881,Male,51,0,Yes,Yes,1,Yes,Fiber optic,Two year,Mailed check,82.37,164.6,5,0,29.1,3,No
CUST00882,Female,72,1,No,Yes,25,Yes,Fiber optic,Month-to-month,Electronic check,76.39,2043.76,0,3,62.39,4,Yes
CUST00883,Male,21,0,No,Yes,61,Yes,DSL,Month-to-month,Mailed check,45.27,2588.41,5,1,19.63,3,No
CUST00884,Female,41,0,Yes,Yes,14,Yes,Fiber optic,Two year,Credit card,120.38,1618.36,2,3,23.48,3,No
CUST00885,Female,46,0,No,No,45,Yes,Fiber optic,Month-to-month,Mailed check,76.47,3555.7,4,1,40.24,5,Yes
CUST00886,Male,36,0,Yes,Yes,39,Yes,Fiber optic,One year,Credit card,71.47,2702.13,8,1,51.33,3,No
CUST00887,Male,23,0,Yes,Yes,66,Yes,DSL,One year,Mailed check,47.27,3199.64,1,1,27.5,5,No
CUST00888,Female,74,1,Yes,Yes,32,Yes,DSL,One year,Bank transfer,52.5,1737.36,1,1,18.35,4,No
CUST00889,Female,50,0,No,No,58,Yes,DSL,One year,Electronic check,56.36,3346.61,2,0,21.39,2,No
CUST00890,Male,66,1,Yes,No,56,Yes,Fiber optic,One year,Electronic check,103.64,5882.84,2,1,14.46,1,No
CUST00891,Male,57,0,No,Yes,6,Yes,Fiber optic,Month-to-month,Credit card,112.19,630.48,1,0,52.37,2,Yes
CUST00892,Male,36,0,Yes,No,67,No,Fiber optic,Month-to-month,Electronic check,53.78,3576.68,0,1,48.75,6,Yes
CUST00893,Male,70,1,No,No,50,Yes,Fiber optic,One year,Credit card,108.81,5405.96,5,2,20.98,4,No
CUST00894,Male,18,0,No,Yes,38,Yes,Fiber optic,Month-to-month,Mailed check,110.16,4208.61,3,1,16.12,1,No
CUST00895,Female,22,0,No,No,3,Yes,Fiber optic,Month-to-month,Electronic check,75.7,13.98,1,2,31.96,2,Yes
CUST00896,Female,44,0,Yes,Yes,5,Yes,DSL,Two year,Credit card,49.07,293.59,2,1,25.2,4,No
CUST00897,Female,33,0,No,No,24,Yes,No,One year,Credit card,29.18,872.57,2,2,42.57,4,No
CUST00898,Female,23,0,No,Yes,54,Yes,Fiber optic,Month-to-month,Credit card,75.43,4092.95,4,2,18.13,5,Yes
CUST00899,Male,57,0,No,No,34,Yes,DSL,Two year,Electronic check,77.98,2639.09,0,1,20.46,3,No
CUST00900,Male,30,0,No,Yes,39,Yes,Fiber optic,One year,Electronic check,92.36,3609.4,1,0,83.29,5,No
CUST00901,Male,65,1,No,No,48,Yes,DSL,Two year,Mailed check,50.95,2498.67,1,1,34.78,5,No
CUST00902,Female,52,0,Yes,No,49,Yes,DSL,Two year,Bank transfer,63.51,3226.33,0,1,25.48,2,No
CUST00903,Female,36,0,No,Yes,34,Yes,No,Month-to-month,Bank transfer,25.56,862.25,4,3,84.32,4,No
CUST00904,Male,29,0,No,No,7,Yes,Fiber optic,One year,Bank transfer,56.2,376.71,3,1,11.69,3,No
CUST00905,Male,33,0,Yes,No,18,Yes,Fiber optic,One year,Credit card,70.19,1126.03,2,0,27.18,4,No
CUST00906,Female,60,1,Yes,No,70,Yes,Fiber optic,Two year,Bank transfer,75.13,5263.79,1,4,37.12,1,No
CUST00907,Female,27,0,Yes,Yes,34,Yes,Fiber optic,One year,Credit card,90.69,2963.27,3,0,50.26,2,Yes
CUST00908,Male,42,0,No,Yes,51,Yes,No,Month-to-month,Electronic check,29.53,1451.3,2,2,14.29,5,No
CUST00909,Male,37,0,No,No,68,Yes,DSL,Month-to-month,Credit card,74.48,5152.39,1,2,21.09,3,Yes
CUST00910,Female,48,0,Yes,No,14,Yes,DSL,Month-to-month,Electronic check,51.54,823.65,3,0,40.21,6,No
CUST00911,Male,21,0,Yes,No,69,Yes,DSL,Two year,Credit card,42.21,2958.82,1,0,18.42,3,No
CUST00912,Male,61,1,Yes,Yes,8,Yes,No,Two year,Electronic check,18.22,267.21,4,1,42.31,3,Yes
CUST00913,Male,40,0,Yes,No,15,Yes,Fiber optic,Month-to-month,Credit card,74.41,951.15,1,0,54.55,1,No
CUST00914,Female,19,0,Yes,No,59,Yes,Fiber optic,One year,Credit card,72.97,4468.04,3,0,26.32,5,No
CUST00915,Female,73,1,No,No,11,Yes,DSL,Two year,Bank transfer,59.74,572.26,0,1,30.22,3,No
CUST00916,Female,39,0,Yes,No,20,No,Fiber optic,Month-to-month,Credit card,95.47,1939.48,5,4,27.2,4,Yes
CUST00917,Female,68,1,No,Yes,55,No,Fiber optic,Month-to-month,Mailed check,78.82,4268.55,1,4,45.48,6,No
CUST00918,Female,74,1,No,Yes,36,Yes,Fiber optic,Month-to-month,Electronic check,92.52,3361.72,0,3,73.26,6,No
CUST00919,Female,54,0,Yes,Yes,14,Yes,DSL,Two year,Bank transfer,71.64,1004.75,3,0,30.34,3,No
CUST00920,Female,25,0,No,No,58,No,DSL,One year,Bank transfer,59.87,3586.21,2,0,55.27,6,No
CUST00921,Male,24,0,No,Yes,38,Yes,Fiber optic,Month-to-month,Mailed check,67.94,2828.22,4,1,28.2,3,No
CUST00922,Male,31,0,No,No,1,Yes,DSL,Month-to-month,Credit card,56.65,144.83,4,0,25.22,3,No
CUST00923,Male,73,1,Yes,No,65,Yes,DSL,One year,Electronic check,72.25,4684.3,1,0,42.87,1,No
CUST00924,Male,72,1,Yes,No,1,Yes,No,Two year,Electronic check,30.04,183.33,1,0,17.68,5,No
CUST00925,Male,20,0,Yes,No,60,Yes,DSL,One year,Electronic check,47.19,2661.7,0,1,80.23,4,Yes
CUST00926,Male,67,1,Yes,Yes,25,Yes,DSL,Month-to-month,Credit card,74.13,1795.19,1,1,31.97,6,Yes
CUST00927,Male,33,0,Yes,No,10,Yes,DSL,Month-to-month,Bank transfer,56.03,537.21,2,4,35.69,2,Yes
CUST00928,Female,72,1,Yes,No,50,Yes,Fiber optic,Two year,Electronic check,68.91,3417.77,5,1,52.19,3,No
CUST00929,Female,36,0,Yes,No,12,Yes,Fiber optic,Month-to-month,Electronic check,84.52,940.34,3,2,31.24,5,Yes
CUST00930,Male,68,1,Yes,No,32,No,DSL,Month-to-month,Electronic check,41.7,1404.0,3,2,52.1,1,No
CUST00931,Male,35,0,Yes,No,33,Yes,Fiber optic,Two year,Electronic check,94.75,3126.53,6,1,35.22,4,Yes
CUST00932,Female,69,1,Yes,No,72,Yes,Fiber optic,Two year,Mailed check,102.17,7342.58,1,0,55.9,5,No
CUST00933,Male,33,0,No,Yes,26,Yes,DSL,One year,Mailed check,47.98,1388.41,3,1,43.95,3,No
CUST00934,Male,25,0,Yes,No,42,Yes,Fiber optic,One year,Electronic check,82.47,3419.1,2,0,84.04,5,Yes
CUST00935,Female,50,0,No,Yes,50,No,Fiber optic,Month-to-month,Electronic check,98.07,5006.26,2,2,49.81,1,Yes
CUST00936,Male,66,1,Yes,No,61,Yes,DSL,Month-to-month,Mailed check,44.03,2658.42,4,2,105.99,2,Yes
CUST00937,Female,29,0,No,No,41,Yes,DSL,Month-to-month,Electronic check,45.34,1833.7,5,2,21.61,1,No
CUST00938,Male,70,1,Yes,No,57,Yes,DSL,One year,Credit card,57.16,3182.06,2,1,41.83,6,No
CUST00939,Female,28,0,No,No,2,Yes,DSL,Month-to-month,Mailed check,56.65,0.0,2,1,46.82,6,No
CUST00940,Female,22,0,No,No,70,Yes,DSL,Two year,Credit card,60.59,4175.16,3,1,27.47,2,No
CUST00941,Female,44,0,Yes,No,31,Yes,Fiber optic,Month-to-month,Electronic check,83.42,2408.39,4,0,62.63,3,Yes
CUST00942,Male,29,0,No,No,23,Yes,Fiber optic,Month-to-month,Electronic check,65.05,1521.73,1,0,48.42,4,Yes
CUST00943,Female,34,0,No,No,54,Yes,Fiber optic,Month-to-month,Mailed check,60.77,3250.08,0,1,50.06,6,No
CUST00944,Male,23,0,Yes,No,28,No,DSL,One year,Electronic check,44.18,1345.45,2,2,71.8,1,No
CUST00945,Male,50,0,No,Yes,19,No,DSL,Month-to-month,Credit card,66.03,1182.06,2,1,30.03,4,Yes
CUST00946,Male,22,0,No,No,48,No,DSL,Two year,Bank transfer,71.41,3401.91,5,1,19.92,1,No
CUST00947,Male,74,1,No,Yes,2,No,DSL,Month-to-month,Bank transfer,58.93,239.64,2,1,31.23,4,Yes
CUST00948,Female,45,0,Yes,Yes,11,Yes,Fiber optic,One year,Credit card,95.66,1141.26,0,3,37.19,2,Yes
CUST00949,Female,31,0,No,No,44,Yes,DSL,One year,Electronic check,52.7,2332.43,2,1,53.51,5,No
CUST00950,Male,22,0,No,No,59,Yes,Fiber optic,Month-to-month,Credit card,79.49,4586.43,0,2,26.08,5,No
CUST00951,Male,71,1,No,Yes,59,Yes,Fiber optic,One year,Electronic check,98.86,5891.42,4,1,62.09,2,Yes
CUST00952,Female,73,1,No,Yes,38,Yes,DSL,One year,Electronic check,65.58,2463.22,4,2,49.93,2,Yes
CUST00953,Male,50,0,Yes,Yes,25,Yes,No,Two year,Bank transfer,26.41,608.25,2,1,70.95,3,No
CUST00954,Female,67,1,No,No,21,No,DSL,Two year,Electronic check,58.23,1355.96,1,3,46.12,6,No
CUST00955,Male,65,1,Yes,Yes,42,Yes,No,Month-to-month,Electronic check,18.0,902.63,1,0,21.34,6,No
CUST00956,Male,58,0,Yes,Yes,36,Yes,Fiber optic,Month-to-month,Electronic check,86.28,3017.42,2,2,67.01,1,No
CUST00957,Female,36,0,No,Yes,9,Yes,Fiber optic,Month-to-month,Credit card,89.65,978.46,2,1,28.48,4,Yes
CUST00958,Male,39,0,No,No,12,Yes,Fiber optic,Two year,Bank transfer,118.12,1408.47,1,1,67.64,2,No
CUST00959,Female,22,0,Yes,No,10,Yes,Fiber optic,Month-to-month,Bank transfer,83.82,916.47,1,1,18.58,4,No
CUST00960,Male,19,0,No,Yes,59,Yes,Fiber optic,One year,Bank transfer,79.46,4871.27,2,1,11.09,1,No
CUST00961,Male,47,0,Yes,No,5,Yes,DSL,One year,Credit card,63.38,300.61,4,1,72.8,4,No
CUST00962,Male,64,1,Yes,Yes,33,Yes,DSL,One year,Bank transfer,77.38,2579.73,2,0,28.9,6,No
CUST00963,Female,56,0,No,No,69,Yes,No,Month-to-month,Electronic check,27.82,1991.93,2,0,20.63,5,No
CUST00964,Male,21,0,Yes,No,63,Yes,No,Month-to-month,Credit card,23.57,1642.94,1,1,51.03,3,No
CUST00965,Male,50,0,Yes,Yes,29,Yes,Fiber optic,Month-to-month,Credit card,73.22,2125.37,3,0,39.95,1,Yes
CUST00966,Male,30,0,Yes,Yes,18,Yes,No,Month-to-month,Electronic check,18.34,411.06,3,1,28.8,1,Yes
CUST00967,Male,37,0,No,No,6,Yes,DSL,Month-to-month,Electronic check,69.37,338.79,0,1,36.78,3,No
CUST00968,Female,71,1,Yes,Yes,53,Yes,DSL,Month-to-month,Credit card,56.55,2849.0,1,4,13.6,6,Yes
CUST00969,Female,24,0,Yes,No,32,Yes,DSL,One year,Credit card,84.08,2622.71,4,1,56.26,6,No
CUST00970,Male,32,0,No,No,42,Yes,Fiber optic,Month-to-month,Credit card,86.26,3554.8,2,0,19.73,1,No
CUST00971,Female,40,0,No,Yes,47,Yes,No,Month-to-month,Bank transfer,28.9,1455.81,2,0,9.3,3,No
CUST00972,Male,31,0,Yes,No,31,Yes,DSL,Month-to-month,Credit card,53.35,1646.5,1,3,90.46,6,No
CUST00973,Male,40,0,No,No,62,Yes,No,Month-to-month,Mailed check,18.42,1080.95,1,1,28.08,6,Yes
CUST00974,Male,36,0,Yes,No,56,Yes,No,Month-to-month,Credit card,31.11,1653.43,3,2,14.64,2,No
CUST00975,Female,71,1,No,Yes,11,Yes,DSL,Month-to-month,Credit card,74.35,776.08,1,1,34.69,2,Yes
CUST00976,Female,46,0,Yes,No,26,Yes,Fiber optic,One year,Electronic check,70.09,1914.06,1,1,45.38,6,Yes
CUST00977,Female,73,1,Yes,No,27,Yes,Fiber optic,Month-to-month,Electronic check,73.98,1908.46,1,1,55.49,4,No
CUST00978,Female,37,0,Yes,No,57,Yes,Fiber optic,Two year,Mailed check,75.12,4269.11,3,2,22.59,5,No
CUST00979,Female,46,0,Yes,No,27,Yes,Fiber optic,Month-to-month,Electronic check,95.15,2530.83,2,0,46.72,5,No
CUST00980,Female,41,0,No,Yes,59,Yes,DSL,Two year,Electronic check,64.34,3831.48,2,2,81.51,1,No
CUST00981,Female,35,0,Yes,No,62,Yes,Fiber optic,Two year,Credit card,83.51,5361.71,2,1,11.75,6,No
CUST00982,Female,27,0,Yes,No,20,No,No,One year,Electronic check,18.76,310.0,2,1,26.34,1,No
CUST00983,Female,58,0,No,No,3,Yes,DSL,Two year,Credit card,79.29,269.61,3,2,39.62,4,No
CUST00984,Male,74,1,No,No,16,Yes,Fiber optic,Month-to-month,Electronic check,99.66,1593.03,5,1,16.5,5,Yes
CUST00985,Female,25,0,Yes,Yes,44,Yes,DSL,Month-to-month,Credit card,36.06,1540.03,1,1,11.47,2,No
CUST00986,Female,43,0,Yes,No,30,Yes,DSL,Month-to-month,Bank transfer,70.28,2113.44,7,1,33.48,2,No
CUST00987,Female,46,0,Yes,No,40,Yes,DSL,Month-to-month,Bank transfer,56.54,2443.58,2,1,50.25,3,Yes
CUST00988,Female,27,0,Yes,No,65,Yes,DSL,Month-to-month,Credit card,52.78,3423.8,1,0,35.31,2,Yes
CUST00989,Female,34,0,Yes,No,29,Yes,Fiber optic,One year,Credit card,96.49,2791.29,1,3,21.07,5,No
CUST00990,Female,19,0,No,No,30,Yes,DSL,Month-to-month,Bank transfer,64.21,1888.42,2,1,39.37,3,No
CUST00991,Female,23,0,No,No,32,Yes,DSL,Month-to-month,Bank transfer,61.07,1995.78,3,0,31.54,1,No
CUST00992,Female,75,1,Yes,No,10,Yes,DSL,Month-to-month,Electronic check,49.21,392.11,6,2,11.4,4,Yes
CUST00993,Female,22,0,Yes,No,51,Yes,DSL,One year,Electronic check,72.18,3693.32,2,2,72.71,5,No
CUST00994,Female,45,0,Yes,Yes,8,Yes,Fiber optic,Two year,Electronic check,66.45,576.18,2,2,35.25,2,No
CUST00995,Female,58,0,Yes,No,51,Yes,Fiber optic,Month-to-month,Electronic check,96.61,4842.3,4,4,42.63,6,No
CUST00996,Male,22,0,Yes,No,36,Yes,DSL,Month-to-month,Electronic check,61.08,2358.67,0,2,35.11,3,Yes
CUST00997,Male,35,0,No,No,55,Yes,No,Month-to-month,Electronic check,24.71,1515.17,1,1,47.72,6,No
CUST00998,Female,43,0,No,No,35,Yes,Fiber optic,One year,Bank transfer,76.73,2910.32,2,0,22.46,2,No
CUST00999,Female,37,0,No,No,36,Yes,Fiber optic,Month-to-month,Credit card,87.47,3206.06,0,2,68.2,6,No
CUST01000,Male,58,0,No,Yes,56,Yes,Fiber optic,Two year,Electronic check,64.37,3646.28,3,0,76.35,1,No
CUST01001,Female,66,1,Yes,No,36,Yes,Fiber optic,Month-to-month,Credit card,103.52,3718.93,2,0,53.91,2,Yes
CUST01002,Male,44,0,No,No,61,Yes,Fiber optic,Month-to-month,Bank transfer,78.96,4823.38,1,0,21.03,6,Yes
CUST01003,Male,66,1,Yes,No,62,Yes,Fiber optic,Two year,Credit card,74.65,4721.0,4,1,31.82,2,No
CUST01004,Male,29,0,Yes,Yes,25,Yes,DSL,Two year,Credit card,57.64,1442.72,2,2,23.43,4,Yes
CUST01005,Male,24,0,No,No,64,Yes,Fiber optic,One year,Electronic check,79.4,5066.52,1,2,53.96,6,No
CUST01006,Male,20,0,Yes,Yes,60,Yes,Fiber optic,Month-to-month,Credit card,103.65,6274.89,3,2,10.85,2,Yes
CUST01007,Female,27,0,No,No,57,Yes,Fiber optic,One year,Credit card,59.0,3300.37,3,0,22.81,6,No
CUST01008,Male,51,0,Yes,No,70,Yes,No,Month-to-month,Credit card,24.41,1866.73,1,1,54.84,4,Yes
CUST01009,Female,42,0,No,No,52,No,DSL,Month-to-month,Credit card,78.99,4108.32,5,0,42.45,3,Yes
CUST01010,Female,52,0,No,No,56,Yes,No,Month-to-month,Credit card,25.55,1507.28,4,1,52.96,1,Yes
CUST01011,Male,33,0,No,No,63,No,DSL,Month-to-month,Credit card,62.26,3842.22,0,2,44.03,6,Yes
CUST01012,Male,19,0,No,No,68,Yes,Fiber optic,One year,Credit card,84.58,5747.09,1,0,47.94,6,No
CUST01013,Female,41,0,Yes,No,20,Yes,Fiber optic,Month-to-month,Electronic check,75.26,1465.83,4,1,12.53,4,Yes
CUST01014,Male,27,0,No,Yes,54,Yes,DSL,Two year,Credit card,66.48,3554.77,4,2,71.39,2,No
CUST01015,Male,55,0,No,No,1,Yes,DSL,Month-to-month,Mailed check,57.7,0.0,7,1,38.92,3,No
CUST01016,Female,39,0,No,No,10,No,DSL,Month-to-month,Bank transfer,61.69,722.53,5,1,53.82,4,Yes
CUST01017,Female,43,0,No,Yes,23,Yes,DSL,One year,Mailed check,66.59,1580.02,3,2,61.18,4,No
CUST01018,Male,60,1,No,Yes,51,Yes,DSL,Two year,Electronic check,65.3,3188.42,1,1,66.39,3,No
CUST01019,Female,72,1,No,No,24,Yes,Fiber optic,Two year,Electronic check,86.45,2053.55,4,2,34.74,1,No
CUST01020,Male,56,0,No,Yes,13,Yes,DSL,One year,Credit card,70.78,898.39,4,1,38.85,3,No
CUST01021,Male,44,0,No,Yes,29,No,DSL,Month-to-month,Electronic check,72.14,2131.95,3,1,69.85,6,No
CUST01022,Male,46,0,No,No,58,Yes,Fiber optic,Two year,Electronic check,96.77,5598.15,6,0,19.77,1,No
CUST01023,Female,64,1,Yes,No,43,No,DSL,Two year,Credit card,72.66,3233.08,4,1,19.93,1,No
CUST01024,Female,55,0,Yes,No,10,Yes,DSL,Month-to-month,Electronic check,76.27,859.11,5,1,40.96,2,Yes
CUST01025,Female,37,0,Yes,Yes,31,Yes,Fiber optic,One year,Electronic check,66.9,2294.58,3,2,34.91,4,No
CUST01026,Female,44,0,Yes,Yes,14,Yes,Fiber optic,One year,Mailed check,126.37,1546.5,3,2,22.3,3,No
CUST01027,Female,58,0,Yes,No,34,No,Fiber optic,Month-to-month,Electronic check,87.35,3106.64,5,0,28.52,1,No
CUST01028,Male,71,1,No,Yes,17,Yes,Fiber optic,Two year,Electronic check,81.35,1462.44,1,1,105.79,3,Yes
CUST01029,Male,37,0,Yes,No,21,Yes,Fiber optic,Month-to-month,Electronic check,87.53,1820.62,2,1,51.75,4,Yes
CUST01030,Male,61,1,Yes,Yes,67,Yes,Fiber optic,One year,Bank transfer,62.86,4185.96,2,0,20.78,3,No
CUST01031,Male,36,0,No,No,58,Yes,Fiber optic,Month-to-month,Bank transfer,88.51,5124.75,2,2,35.86,5,No
CUST01032,Female,37,0,No,No,8,Yes,Fiber optic,Month-to-month,Electronic check,73.1,609.59,3,1,69.35,3,Yes
CUST01033,Male,52,0,No,Yes,38,Yes,No,One year,Electronic check,25.58,917.95,1,1,41.23,1,No
CUST01034,Female,64,1,No,No,26,Yes,Fiber optic,Month-to-month,Bank transfer,87.17,2106.06,3,0,21.04,2,No
CUST01035,Male,19,0,No,Yes,64,Yes,Fiber optic,Month-to-month,Electronic check,76.11,4819.08,4,0,70.72,5,Yes
CUST01036,Female,47,0,Yes,No,30,Yes,Fiber optic,Two year,Mailed check,57.94,1711.62,5,2,78.85,6,Yes
CUST01037,Female,70,1,No,No,9,Yes,DSL,One year,Credit card,63.28,626.53,3,1,21.89,2,Yes
CUST01038,Male,51,0,No,No,32,Yes,Fiber optic,One year,Electronic check,84.98,2600.56,1,1,31.45,2,No
CUST01039,Male,39,0,Yes,No,11,Yes,Fiber optic,Month-to-month,Mailed check,87.89,1031.05,3,2,31.93,4,Yes
CUST01040,Male,20,0,Yes,No,34,No,Fiber optic,Month-to-month,Electronic check,78.68,2554.65,1,2,60.87,2,No
CUST01041,Male,23,0,No,Yes,18,Yes,No,One year,Electronic check,19.74,395.04,2,2,20.53,2,No
CUST01042,Female,32,0,Yes,Yes,19,Yes,DSL,Two year,Electronic check,57.42,1146.22,1,1,46.76,3,No
CUST01043,Male,44,0,No,No,54,Yes,Fiber optic,Month-to-month,Bank transfer,87.09,4689.82,3,3,16.78,5,Yes
CUST01044,Male,27,0,Yes,No,37,Yes,Fiber optic,One year,Electronic check,95.11,3523.68,3,0,36.67,5,No
CUST01045,Female,26,0,No,Yes,12,Yes,Fiber optic,Month-to-month,Credit card,72.85,943.95,2,2,30.36,3,Yes
CUST01046,Male,50,0,No,Yes,4,No,Fiber optic,Month-to-month,Electronic check,96.87,329.27,4,1,23.54,1,Yes
CUST01047,Male,49,0,Yes,No,43,Yes,DSL,Month-to-month,Bank transfer,67.85,2948.43,3,0,62.51,5,No
CUST01048,Male,65,1,Yes,No,27,No,DSL,Month-to-month,Electronic check,66.25,1753.67,3,0,81.2,5,Yes
CUST01049,Male,23,0,No,No,51,Yes,DSL,Month-to-month,Electronic check,81.96,4334.98,1,0,31.19,5,Yes
CUST01050,Male,58,0,No,No,5,Yes,Fiber optic,One year,Credit card,58.61,347.37,6,1,53.17,4,Yes
CUST01051,Female,53,0,No,No,6,Yes,DSL,Month-to-month,Bank transfer,83.41,396.04,1,2,30.08,5,No
CUST01052,Male,19,0,No,Yes,56,Yes,Fiber optic,One year,Bank transfer,75.2,4392.98,3,4,18.3,1,No
CUST01053,Male,46,0,No,Yes,68,Yes,Fiber optic,One year,Electronic check,88.62,6126.34,1,0,26.14,5,No
CUST01054,Male,21,0,Yes,Yes,44,Yes,DSL,One year,Bank transfer,60.53,2542.68,1,2,36.06,6,No
CUST01055,Male,18,0,Yes,No,15,Yes,Fiber optic,Month-to-month,Credit card,64.93,821.32,2,0,40.62,1,No
CUST01056,Male,36,0,Yes,No,42,Yes,DSL,Month-to-month,Electronic check,66.35,2663.91,2,0,26.01,5,No
CUST01057,Female,43,0,No,No,11,Yes,No,One year,Bank transfer,31.91,252.8,1,0,19.78,6,No
CUST01058,Male,42,0,Yes,Yes,11,Yes,Fiber optic,Month-to-month,Credit card,91.33,1019.76,4,2,10.14,1,Yes
CUST01059,Female,27,0,Yes,No,66,Yes,No,Two year,Credit card,18.0,1196.22,1,1,14.23,3,No
CUST01060,Female,70,1,No,No,27,Yes,Fiber optic,Month-to-month,Mailed check,66.4,1866.28,5,2,47.52,5,Yes
CUST01061,Male,32,0,No,No,58,No,Fiber optic,Month-to-month,Credit card,74.54,4292.24,1,2,80.31,1,No
CUST01062,Male,39,0,Yes,Yes,72,Yes,DSL,One year,Electronic check,75.27,5393.38,2,1,64.4,4,No
CUST01063,Male,68,1,Yes,No,21,No,DSL,Two year,Mailed check,61.15,1295.4,4,0,40.24,4,No
CUST01064,Male,65,1,Yes,Yes,21,Yes,Fiber optic,Month-to-month,Electronic check,54.99,1267.38,2,0,39.87,3,No
CUST01065,Female,38,0,Yes,No,72,Yes,DSL,Month-to-month,Credit card,84.77,5914.18,5,3,74.68,2,No
CUST01066,Male,73,1,No,No,1,Yes,No,Two year,Electronic check,37.0,11.36,1,1,63.82,4,No
CUST01067,Male,39,0,Yes,Yes,58,Yes,Fiber optic,Month-to-month,Electronic check,68.7,4116.47,1,0,31.62,5,No
CUST01068,Male,53,0,No,No,13,Yes,No,Month-to-month,Bank transfer,21.73,289.27,3,1,28.5,3,No
CUST01069,Male,51,0,No,Yes,6,Yes,DSL,Month-to-month,Credit card,56.56,309.87,1,0,30.71,1,No
CUST01070,Male,47,0,Yes,No,58,Yes,No,Month-to-month,Credit card,29.19,1611.56,2,1,20.54,6,No
CUST01071,Male,42,0,No,Yes,17,Yes,Fiber optic,One year,Bank transfer,87.98,1585.91,2,2,73.21,6,Yes
CUST01072,Female,62,1,Yes,No,12,Yes,DSL,Month-to-month,Electronic check,51.82,573.71,1,0,54.63,6,No
CUST01073,Female,45,0,Yes,No,52,Yes,Fiber optic,Two year,Credit card,104.67,5393.92,3,0,51.58,1,No
CUST01074,Male,18,0,Yes,No,70,Yes,No,One year,Bank transfer,38.95,2862.87,3,0,66.27,1,No
CUST01075,Male,66,1,Yes,No,52,No,DSL,Two year,Bank transfer,59.41,2984.63,2,0,24.97,1,No
CUST01076,Male,62,1,Yes,No,37,Yes,Fiber optic,Month-to-month,Credit card,76.39,2989.57,1,0,40.16,5,No
CUST01077,Female,21,0,Yes,Yes,3,Yes,Fiber optic,Month-to-month,Credit card,108.93,343.7,0,0,58.08,4,No
CUST01078,Male,24,0,No,No,8,Yes,DSL,Two year,Credit card,33.67,271.81,1,2,44.35,6,No
CUST01079,Female,66,1,No,No,10,Yes,DSL,Month-to-month,Credit card,49.27,521.24,2,0,36.97,1,Yes
CUST01080,Male,26,0,No,No,47,Yes,Fiber optic,One year,Electronic check,99.69,4687.51,4,0,58.64,6,No
CUST01081,Male,53,0,Yes,No,41,Yes,Fiber optic,Month-to-month,Bank transfer,105.87,4287.86,4,1,18.08,5,Yes
CUST01082,Male,36,0,No,No,64,Yes,DSL,One year,Electronic check,56.17,3629.3,3,0,28.68,3,Yes
CUST01083,Male,18,0,No,No,42,Yes,Fiber optic,Two year,Mailed check,119.2,4957.41,2,2,13.99,6,No
CUST01084,Female,27,0,No,No,43,No,Fiber optic,Month-to-month,Bank transfer,48.33,2120.99,1,0,19.62,5,Yes
CUST01085,Female,53,0,No,No,9,Yes,No,Month-to-month,Electronic check,33.76,535.09,2,1,37.34,6,Yes
CUST01086,Male,26,0,No,Yes,14,Yes,Fiber optic,Month-to-month,Electronic check,86.3,1274.22,2,2,17.17,3,Yes
CUST01087,Male,62,1,Yes,No,4,Yes,Fiber optic,Month-to-month,Bank transfer,77.7,291.93,3,0,9.28,6,Yes
CUST01088,Female,63,1,No,No,2,Yes,Fiber optic,Month-to-month,Bank transfer,98.17,221.9,1,1,51.14,4,Yes
CUST01089,Female,59,0,Yes,No,1,Yes,No,One year,Mailed check,21.88,0.0,2,2,61.39,6,No
CUST01090,Female,49,0,No,No,65,Yes,Fiber optic,Month-to-month,Electronic check,68.69,4446.47,3,2,34.14,6,No
CUST01091,Female,49,0,Yes,Yes,46,Yes,DSL,Month-to-month,Electronic check,61.39,2812.77,4,1,31.24,1,Yes
CUST01092,Male,23,0,Yes,No,59,Yes,No,Month-to-month,Mailed check,24.57,1497.16,3,1,39.85,6,No
CUST01093,Female,65,1,Yes,No,7,No,Fiber optic,Month-to-month,Electronic check,73.29,603.71,1,0,23.13,2,Yes
CUST01094,Male,55,0,No,No,66,Yes,DSL,Month-to-month,Bank transfer,53.12,3716.84,3,0,31.48,6,No
CUST01095,Female,34,0,Yes,Yes,15,Yes,Fiber optic,One year,Electronic check,78.8,1246.84,1,1,55.81,3,No
CUST01096,Female,27,0,Yes,Yes,72,Yes,DSL,Two year,Bank transfer,40.49,2805.6,6,1,35.12,2,No
CUST01097,Female,67,1,No,No,47,No,Fiber optic,Month-to-month,Electronic check,59.64,2674.99,4,1,59.78,5,No
CUST01098,Female,44,0,No,No,40,Yes,DSL,Month-to-month,Bank transfer,71.2,2841.29,3,2,74.56,5,Yes
CUST01099,Female,71,1,Yes,No,42,Yes,Fiber optic,One year,Credit card,63.64,2772.92,1,0,56.71,2,No
CUST01100,Male,67,1,Yes,Yes,51,Yes,Fiber optic,Month-to-month,Mailed check,84.73,4300.43,1,3,39.64,4,No
CUST01101,Male,52,0,No,No,35,Yes,No,Month-to-month,Electronic check,18.0,610.75,2,2,34.55,1,Yes
CUST01102,Female,69,1,No,Yes,41,Yes,Fiber optic,One year,Electronic check,107.59,4501.18,1,1,25.92,5,No
CUST01103,Female,38,0,No,Yes,57,Yes,DSL,Month-to-month,Electronic check,56.76,3232.64,1,2,81.27,2,No
CUST01104,Male,42,0,No,No,38,Yes,Fiber optic,Month-to-month,Mailed check,101.77,3970.7,7,0,30.47,2,Yes
CUST01105,Female,45,0,Yes,No,72,Yes,Fiber optic,Two year,Credit card,116.72,8253.36,3,1,33.72,6,No
CUST01106,Female,64,1,No,Yes,8,Yes,DSL,Month-to-month,Credit card,44.53,403.91,3,1,25.29,3,Yes
CUST01107,Male,32,0,No,No,63,Yes,Fiber optic,Two year,Electronic check,74.79,4534.15,2,0,56.19,2,No
CUST01108,Female,21,0,No,Yes,4,Yes,No,Month-to-month,Credit card,31.98,154.58,3,0,50.76,2,Yes
CUST01109,Female,46,0,Yes,Yes,48,Yes,DSL,Two year,Credit card,52.41,2605.75,2,1,15.06,3,No
CUST01110,Male,26,0,No,Yes,52,Yes,Fiber optic,Month-to-month,Electronic check,89.36,4483.9,3,0,28.39,3,Yes
CUST01111,Male,44,0,No,No,38,Yes,DSL,Month-to-month,Bank transfer,61.23,2097.22,1,0,25.59,5,No
CUST01112,Male,43,0,Yes,Yes,5,Yes,Fiber optic,One year,Electronic check,49.86,334.4,1,1,20.17,6,Yes
CUST01113,Female,36,0,No,No,70,Yes,Fiber optic,Two year,Credit card,99.16,6986.14,4,1,47.38,4,No
CUST01114,Male,73,1,No,Yes,24,No,DSL,Month-to-month,Bank transfer,58.35,1290.54,1,3,54.0,5,Yes
CUST01115,Male,45,0,No,Yes,17,Yes,Fiber optic,One year,Mailed check,67.09,1164.97,2,2,44.82,4,No
CUST01116,Male,34,0,No,Yes,26,Yes,Fiber optic,Month-to-month,Bank transfer,108.2,2759.06,5,2,19.51,6,Yes
CUST01117,Male,60,1,No,No,3,Yes,DSL,One year,Electronic check,51.57,136.8,2,0,8.77,1,Yes
CUST01118,Male,74,1,No,No,2,Yes,DSL,One year,Credit card,50.91,74.99,1,2,29.82,3,No
CUST01119,Male,58,0,Yes,No,2,Yes,DSL,Month-to-month,Electronic check,38.39,0.0,3,0,47.33,5,Yes
CUST01120,Female,59,0,Yes,No,22,Yes,DSL,Month-to-month,Electronic check,67.14,1567.19,3,0,32.56,6,No
CUST01121,Female,67,1,Yes,No,71,Yes,DSL,Month-to-month,Credit card,60.51,4190.3,3,1,24.79,3,Yes
CUST01122,Male,37,0,No,No,4,Yes,DSL,Two year,Mailed check,39.14,165.83,2,1,30.35,3,Yes
CUST01123,Male,62,1,No,Yes,38,Yes,Fiber optic,Month-to-month,Electronic check,88.68,3435.05,1,1,40.78,4,Yes
CUST01124,Male,57,0,No,No,70,No,No,One year,Electronic check,31.62,2130.39,3,4,19.03,2,No
CUST01125,Female,56,0,No,No,52,Yes,Fiber optic,Month-to-month,Credit card,91.93,4752.87,3,2,36.55,6,No
CUST01126,Female,66,1,No,No,31,Yes,DSL,One year,Electronic check,75.9,2302.02,2,1,60.84,6,Yes
CUST01127,Female,70,1,No,No,26,Yes,No,One year,Credit card,20.17,696.87,3,0,102.9,2,Yes
CUST01128,Female,40,0,Yes,No,36,Yes,DSL,One year,Electronic check,81.21,3015.05,0,2,38.26,6,No
CUST01129,Female,64,1,No,No,26,Yes,No,Two year,Electronic check,25.03,726.77,5,2,55.71,3,Yes
CUST01130,Female,49,0,Yes,No,28,Yes,Fiber optic,Month-to-month,Credit card,97.01,2937.32,2,0,29.14,5,Yes
CUST01131,Female,69,1,No,No,5,Yes,Fiber optic,Month-to-month,Mailed check,104.16,556.01,3,1,43.34,5,Yes
CUST01132,Female,64,1,No,No,18,Yes,No,Two year,Bank transfer,46.2,798.0,4,1,23.79,6,No
CUST01133,Female,50,0,No,No,15,Yes,Fiber optic,Month-to-month,Bank transfer,68.78,887.72,3,0,16.15,4,No
CUST01134,Male,74,1,Yes,No,57,Yes,DSL,One year,Electronic check,51.13,2844.46,1,2,38.13,1,No
CUST01135,Male,63,1,Yes,No,5,Yes,Fiber optic,One year,Mailed check,87.85,455.18,1,3,56.53,5,No
CUST01136,Male,22,0,No,Yes,37,Yes,DSL,One year,Credit card,55.55,2148.49,3,1,50.23,6,No
CUST01137,Male,60,1,No,No,22,Yes,DSL,Month-to-month,Mailed check,50.38,1042.97,2,7,27.5,1,Yes
CUST01138,Female,65,1,Yes,Yes,52,No,Fiber optic,Month-to-month,Credit card,62.13,3389.13,0,2,37.05,3,No
CUST01139,Female,51,0,No,No,15,Yes,DSL,One year,Electronic check,61.51,768.69,6,3,52.92,4,No
CUST01140,Male,57,0,Yes,No,17,Yes,DSL,Month-to-month,Electronic check,69.55,1144.8,1,1,24.55,6,No
CUST01141,Female,28,0,No,No,51,Yes,Fiber optic,One year,Credit card,90.28,4644.66,3,4,39.46,4,No
CUST01142,Male,67,1,No,No,45,Yes,DSL,Month-to-month,Electronic check,40.44,1832.92,5,0,42.74,3,Yes
CUST01143,Female,20,0,No,No,63,Yes,DSL,Month-to-month,Mailed check,40.73,2613.66,3,1,22.12,3,No
CUST01144,Male,75,1,No,Yes,28,No,Fiber optic,Month-to-month,Electronic check,85.92,2418.61,5,1,13.03,1,Yes
CUST01145,Female,50,0,No,No,59,Yes,DSL,Two year,Electronic check,57.13,3435.49,3,3,38.43,5,No
CUST01146,Female,28,0,No,No,21,Yes,Fiber optic,Month-to-month,Electronic check,80.23,1660.44,0,1,72.14,6,Yes
CUST01147,Male,33,0,Yes,No,42,No,Fiber optic,One year,Electronic check,80.84,3365.22,2,3,36.59,5,No
CUST01148,Female,35,0,Yes,No,69,Yes,DSL,Two year,Bank transfer,54.02,3644.88,1,1,25.57,2,No
CUST01149,Male,47,0,Yes,No,17,Yes,DSL,One year,Credit card,61.79,1267.8,2,4,27.2,1,No
CUST01150,Male,65,1,No,Yes,68,No,No,Two year,Bank transfer,33.81,2291.23,3,1,70.61,4,No
CUST01151,Male,72,1,Yes,No,7,Yes,Fiber optic,Month-to-month,Electronic check,70.99,540.48,1,2,57.36,1,No
CUST01152,Male,27,0,Yes,Yes,40,Yes,Fiber optic,Two year,Mailed check,91.79,3650.47,4,1,39.18,6,No
CUST01153,Female,35,0,Yes,No,40,Yes,Fiber optic,Month-to-month,Electronic check,86.24,3608.79,6,3,61.43,1,Yes
CUST01154,Female,55,0,Yes,No,43,Yes,DSL,Two year,Mailed check,38.6,1658.68,2,1,21.36,3,No
CUST01155,Female,36,0,Yes,Yes,51,Yes,Fiber optic,Two year,Electronic check,75.17,3866.42,2,1,35.3,3,No
CUST01156,Male,53,0,No,No,23,Yes,DSL,Month-to-month,Bank transfer,60.12,1295.52,4,0,19.39,3,Yes
CUST01157,Female,30,0,No,No,32,Yes,Fiber optic,Month-to-month,Credit card,117.47,3935.09,4,0,55.07,3,No
CUST01158,Male,73,1,No,No,31,Yes,DSL,One year,Credit card,51.3,1612.0,3,1,19.02,6,No
CUST01159,Female,63,1,No,Yes,17,Yes,DSL,Month-to-month,Electronic check,52.68,1075.25,2,1,75.01,3,Yes
CUST01160,Female,20,0,Yes,Yes,58,Yes,No,One year,Credit card,28.31,1581.91,3,1,37.65,1,Yes
CUST01161,Female,27,0,No,No,35,No,Fiber optic,Month-to-month,Electronic check,83.3,2871.3,1,0,54.01,3,Yes
CUST01162,Male,55,0,Yes,Yes,30,No,DSL,Two year,Credit card,44.86,1293.09,4,0,13.36,6,No
CUST01163,Female,18,0,Yes,No,64,No,DSL,Month-to-month,Credit card,39.18,2479.15,2,1,33.12,5,Yes
CUST01164,Female,72,1,No,No,53,Yes,DSL,One year,Bank transfer,37.66,2063.04,3,1,62.2,5,No
CUST01165,Male,73,1,Yes,Yes,51,Yes,Fiber optic,Month-to-month,Mailed check,97.75,4780.42,2,0,10.41,2,Yes
CUST01166,Female,44,0,No,No,37,Yes,No,Month-to-month,Electronic check,18.0,661.17,3,0,40.44,5,Yes
CUST01167,Male,63,1,Yes,No,6,Yes,Fiber optic,Month-to-month,Electronic check,120.55,645.23,3,0,34.49,2,Yes
CUST01168,Female,25,0,No,No,34,Yes,Fiber optic,Month-to-month,Electronic check,77.08,2531.91,5,1,45.81,6,Yes
CUST01169,Male,68,1,No,No,56,Yes,DSL,Month-to-month,Bank transfer,69.26,3925.38,4,2,42.89,5,No
CUST01170,Male,63,1,Yes,No,25,Yes,DSL,Two year,Mailed check,46.06,1181.5,3,2,37.53,6,No
CUST01171,Female,59,0,No,No,13,No,DSL,Month-to-month,Mailed check,62.28,895.95,2,0,35.41,4,No
CUST01172,Male,34,0,Yes,No,63,No,Fiber optic,One year,Mailed check,106.2,6729.34,4,2,20.99,2,No
CUST01173,Male,26,0,No,Yes,66,Yes,Fiber optic,Month-to-month,Mailed check,79.75,5281.47,1,1,14.61,1,No
CUST01174,Male,23,0,Yes,No,5,Yes,DSL,Month-to-month,Mailed check,46.97,178.99,1,1,41.75,3,Yes
CUST01175,Male,60,1,No,No,11,Yes,Fiber optic,Month-to-month,Credit card,79.42,780.93,0,1,50.18,2,Yes
CUST01176,Male,42,0,No,No,44,Yes,No,One year,Mailed check,23.27,1083.79,3,3,9.66,5,No
CUST01177,Male,56,0,Yes,No,69,Yes,No,Month-to-month,Bank transfer,18.0,1216.42,4,0,48.46,1,No
CUST01178,Female,66,1,No,No,2,Yes,DSL,Month-to-month,Electronic check,79.84,199.6,3,3,63.04,5,No
CUST01179,Male,45,0,No,No,40,Yes,Fiber optic,Month-to-month,Electronic check,85.28,3410.75,3,1,14.98,1,Yes
CUST01180,Male,50,0,No,Yes,37,Yes,No,Month-to-month,Electronic check,35.24,1099.52,3,1,55.06,5,Yes
CUST01181,Female,71,1,No,Yes,49,No,Fiber optic,Month-to-month,Bank transfer,101.12,5003.23,1,0,72.14,3,No
CUST01182,Female,54,0,Yes,Yes,36,Yes,Fiber optic,Month-to-month,Credit card,110.52,3916.13,1,1,51.92,4,No
CUST01183,Female,26,0,No,No,70,Yes,Fiber optic,Month-to-month,Electronic check,66.11,4714.12,6,2,59.59,6,No
CUST01184,Female,35,0,Yes,No,34,Yes,Fiber optic,One year,Bank transfer,94.67,3032.89,2,0,46.44,5,Yes
CUST01185,Female,73,1,Yes,No,58,Yes,DSL,Month-to-month,Electronic check,53.95,3319.01,0,3,13.07,5,Yes
CUST01186,Female,38,0,No,No,37,Yes,DSL,Month-to-month,Bank transfer,58.3,2097.5,1,0,36.64,2,No
CUST01187,Female,19,0,No,No,60,Yes,No,Month-to-month,Bank transfer,18.0,1127.12,3,2,22.56,3,No
CUST01188,Male,75,1,Yes,No,12,Yes,Fiber optic,One year,Mailed check,119.88,1367.3,1,1,44.73,1,Yes
CUST01189,Male,60,1,Yes,No,32,Yes,DSL,Month-to-month,Electronic check,51.18,1580.09,0,0,46.32,2,No
CUST01190,Female,55,0,No,No,4,Yes,No,One year,Mailed check,30.22,189.41,3,0,9.31,3,Yes
CUST01191,Male,75,1,Yes,Yes,33,Yes,DSL,One year,Electronic check,44.57,1450.61,5,0,35.83,3,No
CUST01192,Male,57,0,Yes,Yes,43,Yes,DSL,One year,Credit card,56.95,2435.59,3,2,18.48,2,No
CUST01193,Male,53,0,Yes,No,9,Yes,Fiber optic,Month-to-month,Credit card,100.91,993.14,1,0,44.22,6,No
CUST01194,Female,67,1,No,No,51,No,DSL,Month-to-month,Credit card,64.17,3291.56,2,1,37.56,6,Yes
CUST01195,Female,60,1,No,No,20,Yes,Fiber optic,Month-to-month,Mailed check,70.88,1462.43,5,0,108.7,1,No
CUST01196,Male,54,0,Yes,No,39,No,DSL,Two year,Credit card,51.42,1942.91,1,0,76.02,4,No
CUST01197,Female,32,0,No,Yes,23,Yes,DSL,One year,Mailed check,61.95,1491.51,3,0,29.69,2,No
CUST01198,Male,45,0,Yes,No,41,Yes,DSL,Month-to-month,Electronic check,59.79,2462.55,1,3,19.7,5,No
CUST01199,Male,35,0,No,No,44,Yes,DSL,Two year,Credit card,44.24,1989.6,6,1,33.61,6,No
CUST01200,Male,51,0,No,Yes,35,Yes,DSL,Month-to-month,Credit card,55.43,1976.43,3,1,13.7,4,Yes
CUST01201,Male,39,0,No,No,23,Yes,Fiber optic,Month-to-month,Electronic check,82.81,2017.59,2,1,29.33,1,Yes
CUST01202,Female,28,0,No,No,58,Yes,DSL,Month-to-month,Mailed check,66.82,3926.04,6,0,48.22,1,Yes
CUST01203,Female,75,1,No,No,48,Yes,DSL,Month-to-month,Bank transfer,72.16,3347.68,2,1,17.27,2,No
CUST01204,Female,74,1,No,Yes,58,No,Fiber optic,Two year,Credit card,95.07,5454.61,2,1,38.26,2,No
CUST01205,Male,30,0,No,No,57,Yes,Fiber optic,Two year,Bank transfer,90.09,5157.76,1,2,16.48,4,No
CUST01206,Female,21,0,No,No,39,Yes,Fiber optic,One year,Credit card,90.44,3567.0,1,3,46.65,4,No
CUST01207,Male,39,0,Yes,Yes,28,Yes,Fiber optic,Month-to-month,Electronic check,92.16,2447.99,3,1,13.58,5,No
CUST01208,Female,24,0,Yes,No,64,Yes,No,One year,Credit card,32.65,1990.36,1,1,33.97,5,No
CUST01209,Male,60,1,No,No,62,Yes,Fiber optic,One year,Credit card,110.38,6952.92,4,1,16.47,6,Yes
CUST01210,Male,71,1,No,No,62,Yes,DSL,Month-to-month,Mailed check,48.33,3193.04,2,2,9.41,5,No
CUST01211,Male,41,0,Yes,No,26,No,DSL,Month-to-month,Electronic check,54.62,1254.69,2,1,61.89,4,No
CUST01212,Female,21,0,Yes,Yes,51,Yes,Fiber optic,One year,Credit card,100.16,5133.98,3,1,89.29,3,No
CUST01213,Female,45,0,No,No,50,Yes,No,Two year,Electronic check,18.0,904.79,2,3,37.51,4,No
CUST01214,Female,32,0,No,No,36,Yes,Fiber optic,One year,Electronic check,65.57,2461.66,2,3,64.27,5,No
CUST01215,Female,18,0,No,Yes,26,Yes,No,Month-to-month,Credit card,19.87,566.26,2,1,40.0,3,No
CUST01216,Male,72,1,No,No,33,Yes,Fiber optic,Month-to-month,Electronic check,86.1,2924.21,4,3,60.55,5,Yes
CUST01217,Female,20,0,No,No,68,Yes,Fiber optic,Two year,Bank transfer,77.82,5063.68,6,0,48.23,3,No
CUST01218,Female,31,0,No,No,8,Yes,Fiber optic,Two year,Credit card,90.54,723.61,1,0,56.28,1,Yes
CUST01219,Male,55,0,No,No,66,Yes,Fiber optic,Month-to-month,Electronic check,80.74,5238.22,0,2,34.67,4,No
CUST01220,Male,67,1,No,Yes,23,Yes,DSL,One year,Credit card,55.86,1196.72,2,2,42.17,1,Yes
CUST01221,Male,74,1,No,No,70,Yes,Fiber optic,Two year,Electronic check,59.96,4074.6,2,1,18.8,2,No
CUST01222,Female,18,0,Yes,Yes,55,Yes,DSL,Two year,Mailed check,67.19,3718.29,5,1,20.38,1,No
CUST01223,Male,55,0,Yes,Yes,43,No,Fiber optic,One year,Electronic check,94.18,4083.08,2,2,13.92,1,No
CUST01224,Male,55,0,No,No,21,Yes,DSL,Month-to-month,Electronic check,57.76,1276.05,3,0,37.32,2,No
CUST01225,Male,38,0,Yes,No,22,Yes,DSL,One year,Credit card,61.79,1319.07,5,0,13.86,4,No
CUST01226,Female,65,1,Yes,No,9,Yes,DSL,Month-to-month,Mailed check,61.76,694.25,0,0,43.2,5,No
CUST01227,Male,46,0,No,Yes,34,Yes,Fiber optic,Two year,Mailed check,100.77,3332.98,4,3,14.09,4,No
CUST01228,Female,22,0,No,No,59,Yes,DSL,Month-to-month,Electronic check,62.67,3554.27,4,3,37.0,5,No
CUST01229,Female,66,1,Yes,No,26,No,Fiber optic,One year,Electronic check,64.97,1711.1,2,1,35.42,2,No
CUST01230,Male,27,0,Yes,No,1,Yes,Fiber optic,One year,Credit card,113.62,45.17,5,1,61.72,3,No
CUST01231,Male,45,0,Yes,No,5,Yes,DSL,One year,Bank transfer,75.47,430.53,0,1,42.64,2,No
CUST01232,Female,38,0,No,No,41,Yes,No,One year,Credit card,25.4,975.63,2,0,40.3,4,No
CUST01233,Male,67,1,Yes,No,63,Yes,No,Month-to-month,Credit card,26.24,1595.23,2,2,30.56,3,No
CUST01234,Male,24,0,Yes,Yes,22,Yes,DSL,One year,Electronic check,63.47,1330.32,5,1,33.82,6,No
CUST01235,Female,20,0,Yes,No,68,Yes,DSL,Month-to-month,Electronic check,50.75,3377.8,3,2,53.95,2,Yes
CUST01236,Female,62,1,No,No,48,Yes,No,Month-to-month,Credit card,33.92,1627.97,5,2,26.32,4,Yes
CUST01237,Male,64,1,Yes,No,66,Yes,DSL,Two year,Electronic check,72.13,4784.5,0,2,22.53,3,Yes
CUST01238,Female,37,0,Yes,Yes,16,No,Fiber optic,One year,Electronic check,83.7,1265.82,1,4,24.35,4,Yes
CUST01239,Male,36,0,No,No,53,Yes,No,One year,Electronic check,30.38,1493.08,3,2,32.48,2,No
CUST01240,Male,52,0,No,No,65,Yes,Fiber optic,Month-to-month,Credit card,100.65,6592.12,5,0,63.59,1,Yes
CUST01241,Male,21,0,No,No,64,Yes,Fiber optic,One year,Electronic check,88.41,5697.03,2,0,16.89,1,No
CUST01242,Female,22,0,No,No,68,No,DSL,One year,Credit card,47.63,3310.3,2,0,49.8,2,No
CUST01243,Male,18,0,No,No,63,Yes,Fiber optic,One year,Mailed check,95.29,5898.93,2,2,38.43,6,No
CUST01244,Male,21,0,Yes,No,62,Yes,Fiber optic,Two year,Electronic check,85.85,5240.02,3,2,30.64,5,No
CUST01245,Male,29,0,No,No,71,Yes,Fiber optic,Month-to-month,Credit card,68.58,4951.5,4,2,46.44,4,Yes
CUST01246,Female,44,0,Yes,Yes,45,Yes,DSL,One year,Bank transfer,72.42,3348.5,1,0,35.39,6,No
CUST01247,Female,73,1,No,No,52,Yes,No,One year,Electronic check,26.9,1357.89,2,1,47.9,2,No
CUST01248,Female,59,0,Yes,No,65,Yes,Fiber optic,Month-to-month,Electronic check,81.56,5206.14,1,0,46.14,1,No
CUST01249,Female,40,0,Yes,No,2,Yes,Fiber optic,Month-to-month,Electronic check,116.08,162.01,2,2,36.6,4,No
CUST01250,Female,42,0,No,No,49,Yes,Fiber optic,Two year,Credit card,76.82,3667.63,2,3,45.85,6,No
CUST01251,Male,38,0,Yes,Yes,22,Yes,DSL,Month-to-month,Credit card,48.69,1150.97,3,0,64.64,5,Yes
CUST01252,Female,75,1,No,No,29,Yes,DSL,Month-to-month,Electronic check,61.88,1865.81,1,0,46.95,1,Yes
CUST01253,Female,69,1,Yes,No,35,Yes,DSL,Month-to-month,Bank transfer,58.14,2043.03,3,0,52.7,3,Yes
CUST01254,Female,41,0,Yes,No,24,Yes,Fiber optic,Month-to-month,Bank transfer,76.62,1771.1,9,0,22.81,5,No
CUST01255,Male,42,0,No,Yes,30,Yes,DSL,Two year,Electronic check,76.91,2219.18,3,3,36.46,4,No
CUST01256,Female,62,1,No,No,42,Yes,DSL,Month-to-month,Bank transfer,46.53,1892.7,3,2,25.62,6,Yes
CUST01257,Female,72,1,No,No,71,Yes,Fiber optic,Month-to-month,Electronic check,89.65,6276.29,0,3,27.69,1,No
CUST01258,Male,63,1,Yes,No,50,Yes,Fiber optic,Two year,Bank transfer,86.31,4338.16,2,1,20.73,4,No
CUST01259,Female,49,0,No,No,71,Yes,Fiber optic,Month-to-month,Electronic check,84.83,6099.17,5,0,6.43,1,No
CUST01260,Male,72,1,No,No,60,Yes,No,One year,Bank transfer,34.24,2133.79,2,1,24.58,1,Yes
CUST01261,Male,49,0,No,No,30,Yes,DSL,Two year,Electronic check,84.65,2451.07,4,0,39.2,3,No
CUST01262,Male,22,0,Yes,No,12,Yes,DSL,One year,Credit card,60.0,660.23,1,1,21.72,3,No
CUST01263,Male,53,0,No,No,49,Yes,No,One year,Electronic check,32.11,1518.07,2,1,57.02,1,No
CUST01264,Male,63,1,No,No,46,No,DSL,Month-to-month,Bank transfer,60.49,2884.45,5,3,42.68,3,No
CUST01265,Female,59,0,No,No,43,Yes,No,Month-to-month,Electronic check,25.63,968.67,1,1,5.59,3,Yes
CUST01266,Male,66,1,No,No,2,Yes,Fiber optic,Month-to-month,Electronic check,91.77,183.24,3,0,14.41,6,Yes
CUST01267,Male,59,0,No,Yes,54,Yes,DSL,Month-to-month,Electronic check,62.02,3261.59,1,0,11.94,5,No
CUST01268,Female,75,1,Yes,No,35,No,DSL,Month-to-month,Electronic check,49.06,1697.95,2,1,33.48,6,Yes
CUST01269,Male,56,0,Yes,No,52,No,DSL,Month-to-month,Bank transfer,75.97,4019.82,2,0,25.9,3,Yes
CUST01270,Female,33,0,No,Yes,33,Yes,Fiber optic,One year,Mailed check,91.74,2995.11,4,0,21.83,5,No
CUST01271,Female,50,0,Yes,Yes,72,Yes,Fiber optic,Month-to-month,Bank transfer,84.3,5994.27,1,2,22.72,2,No
CUST01272,Female,66,1,Yes,Yes,51,Yes,Fiber optic,Month-to-month,Mailed check,75.6,3930.36,5,1,37.34,5,No
CUST01273,Male,38,0,Yes,No,26,No,Fiber optic,Month-to-month,Electronic check,89.38,2336.87,1,0,45.17,5,Yes
CUST01274,Male,26,0,Yes,No,62,Yes,Fiber optic,Month-to-month,Electronic check,81.35,5091.93,2,1,44.73,6,Yes
CUST01275,Male,23,0,No,Yes,61,No,DSL,One year,Credit card,62.19,3820.06,1,0,54.94,1,No
CUST01276,Female,68,1,No,No,26,Yes,No,One year,Mailed check,23.49,489.26,1,2,24.39,2,Yes
CUST01277,Male,62,1,No,No,37,Yes,DSL,Two year,Bank transfer,50.03,1981.63,6,1,49.65,2,No
CUST01278,Male,52,0,Yes,No,30,Yes,DSL,Two year,Credit card,79.32,2359.71,2,0,33.85,4,No
CUST01279,Male,56,0,No,No,11,Yes,No,One year,Electronic check,18.0,282.25,1,1,16.47,2,No
CUST01280,Female,39,0,No,No,53,No,Fiber optic,One year,Electronic check,73.29,3849.36,0,1,71.54,4,No
CUST01281,Female,58,0,No,No,41,Yes,Fiber optic,Month-to-month,Credit card,95.17,3958.54,4,1,38.05,4,Yes
CUST01282,Male,71,1,No,Yes,5,No,Fiber optic,Month-to-month,Bank transfer,89.65,549.33,1,1,17.81,5,No
CUST01283,Male,22,0,Yes,Yes,66,Yes,No,Two year,Electronic check,30.29,2087.38,5,1,21.05,5,No
CUST01284,Male,59,0,No,No,13,Yes,Fiber optic,Month-to-month,Mailed check,92.55,1213.69,4,1,34.98,1,No
CUST01285,Male,40,0,No,No,63,Yes,DSL,Month-to-month,Mailed check,50.96,3176.53,1,3,62.05,1,Yes
CUST01286,Female,34,0,No,No,25,Yes,Fiber optic,Month-to-month,Mailed check,95.05,2235.42,4,3,63.29,3,Yes
CUST01287,Female,29,0,No,Yes,44,Yes,No,Month-to-month,Mailed check,19.86,750.06,0,2,25.07,4,No
CUST01288,Female,40,0,Yes,Yes,14,No,Fiber optic,One year,Electronic check,100.81,1522.98,3,1,42.37,3,No
CUST01289,Female,33,0,No,No,69,Yes,DSL,Month-to-month,Mailed check,48.02,3231.0,1,1,17.5,1,Yes
CUST01290,Male,20,0,No,No,59,Yes,Fiber optic,Month-to-month,Credit card,73.11,4393.91,4,1,56.01,6,No
CUST01291,Male,47,0,Yes,No,56,No,Fiber optic,Month-to-month,Mailed check,73.53,4209.12,1,0,56.8,2,Yes
CUST01292,Male,74,1,No,No,52,Yes,DSL,One year,Electronic check,63.72,3358.97,6,1,21.94,3,No
CUST01293,Female,39,0,Yes,No,66,Yes,No,One year,Credit card,24.58,1661.4,3,1,46.11,1,No
CUST01294,Male,26,0,Yes,No,68,Yes,DSL,Month-to-month,Electronic check,61.38,4057.29,2,0,22.26,5,No
CUST01295,Female,46,0,Yes,No,12,Yes,No,One year,Electronic check,24.06,153.78,1,0,18.97,4,No
CUST01296,Female,64,1,Yes,Yes,68,Yes,DSL,Month-to-month,Mailed check,59.36,3970.61,1,0,51.51,3,No
CUST01297,Male,54,0,No,No,43,Yes,DSL,One year,Bank transfer,54.22,2496.74,0,3,44.45,1,No
CUST01298,Male,40,0,Yes,No,6,No,Fiber optic,One year,Credit card,62.33,511.46,3,1,71.51,3,No
CUST01299,Male,30,0,Yes,No,15,Yes,Fiber optic,Two year,Credit card,64.07,964.77,2,0,31.74,3,No
CUST01300,Female,49,0,No,No,42,Yes,Fiber optic,Month-to-month,Bank transfer,72.98,3194.6,1,1,96.8,1,No
CUST01301,Male,63,1,No,No,31,Yes,No,Month-to-month,Electronic check,22.42,601.52,6,1,45.93,1,No
CUST01302,Female,69,1,No,Yes,53,No,No,Month-to-month,Bank transfer,36.72,1909.22,2,2,33.86,4,Yes
CUST01303,Male,64,1,Yes,Yes,6,Yes,DSL,Month-to-month,Credit card,47.77,445.34,2,0,30.98,3,No
CUST01304,Female,65,1,No,Yes,33,Yes,Fiber optic,Month-to-month,Credit card,68.61,2474.35,3,0,58.63,2,Yes
CUST01305,Female,40,0,Yes,Yes,29,Yes,Fiber optic,Month-to-month,Mailed check,57.69,1750.17,1,2,45.79,3,Yes
CUST01306,Male,62,1,No,No,21,Yes,No,Month-to-month,Credit card,29.01,450.27,2,1,54.46,5,No
CUST01307,Female,34,0,Yes,No,54,Yes,Fiber optic,Two year,Credit card,81.8,4552.15,1,0,90.88,1,No
CUST01308,Female,72,1,No,Yes,56,Yes,DSL,Month-to-month,Mailed check,44.47,2463.54,3,0,23.06,5,No
CUST01309,Male,57,0,Yes,No,21,Yes,Fiber optic,Two year,Mailed check,84.57,1848.23,3,2,14.45,6,No
CUST01310,Female,38,0,No,No,55,Yes,Fiber optic,Two year,Mailed check,76.25,4203.66,2,2,39.72,6,No
CUST01311,Male,19,0,No,No,58,Yes,DSL,Two year,Credit card,75.54,4481.97,3,1,42.52,5,No
CUST01312,Female,54,0,Yes,No,64,Yes,Fiber optic,Two year,Electronic check,74.94,4800.83,4,1,22.17,3,No
CUST01313,Male,23,0,Yes,No,46,Yes,Fiber optic,One year,Electronic check,110.47,5354.51,4,2,30.97,3,Yes
CUST01314,Male,61,1,No,Yes,22,Yes,No,One year,Electronic check,26.38,676.87,3,0,41.88,3,No
CUST01315,Female,35,0,No,No,60,Yes,DSL,Month-to-month,Bank transfer,55.26,3189.8,2,3,40.66,3,Yes
CUST01316,Female,47,0,No,Yes,11,Yes,DSL,Month-to-month,Electronic check,56.92,458.28,1,0,62.3,4,Yes
CUST01317,Female,39,0,Yes,No,47,Yes,DSL,Two year,Credit card,63.52,2818.85,1,1,60.91,5,No
CUST01318,Female,71,1,Yes,No,31,Yes,Fiber optic,Month-to-month,Mailed check,80.98,2569.88,1,0,81.8,2,No
CUST01319,Female,50,0,No,No,18,Yes,Fiber optic,Month-to-month,Mailed check,71.12,1376.4,3,1,26.0,4,Yes
CUST01320,Male,47,0,No,No,22,Yes,DSL,One year,Electronic check,67.57,1225.33,0,0,26.25,5,No
CUST01321,Female,34,0,No,No,56,Yes,Fiber optic,One year,Electronic check,99.87,5714.82,3,0,39.01,1,No
CUST01322,Male,60,1,No,Yes,17,Yes,Fiber optic,Two year,Bank transfer,100.41,1742.01,6,1,60.42,3,Yes
CUST01323,Male,49,0,No,No,38,Yes,DSL,Month-to-month,Credit card,58.08,2368.77,3,2,53.77,6,Yes
CUST01324,Female,59,0,No,No,25,No,Fiber optic,One year,Bank transfer,101.38,2437.7,2,3,50.93,3,No
CUST01325,Male,68,1,Yes,No,32,Yes,DSL,Month-to-month,Mailed check,63.79,2070.35,3,1,51.4,3,Yes
CUST01326,Male,31,0,Yes,Yes,15,Yes,Fiber optic,Two year,Credit card,80.61,1237.45,5,2,24.68,5,Yes
CUST01327,Male,75,1,No,No,13,Yes,Fiber optic,Month-to-month,Credit card,76.58,918.17,2,1,20.36,6,No
CUST01328,Male,27,0,Yes,No,58,Yes,Fiber optic,Two year,Credit card,98.81,5604.08,4,0,19.49,1,No
CUST01329,Female,64,1,Yes,No,50,Yes,DSL,Month-to-month,Bank transfer,39.81,2083.64,6,1,46.32,1,Yes
CUST01330,Male,68,1,Yes,No,11,Yes,Fiber optic,Month-to-month,Credit card,105.83,1187.04,1,0,19.76,4,No
CUST01331,Female,53,0,Yes,No,13,Yes,DSL,Month-to-month,Bank transfer,61.51,839.02,4,1,40.21,4,Yes
CUST01332,Female,51,0,No,No,50,Yes,DSL,Month-to-month,Mailed check,52.84,2778.27,3,3,30.05,5,No
CUST01333,Male,26,0,No,No,38,Yes,Fiber optic,One year,Electronic check,74.28,2818.67,3,0,23.4,4,Yes
CUST01334,Female,59,0,No,No,1,Yes,DSL,Month-to-month,Mailed check,54.68,86.17,2,2,26.47,4,Yes
CUST01335,Female,45,0,Yes,No,39,Yes,No,Month-to-month,Credit card,30.65,1230.59,2,2,32.69,3,No
CUST01336,Female,28,0,No,Yes,27,Yes,DSL,Month-to-month,Mailed check,63.74,1758.88,0,2,65.56,4,Yes
CUST01337,Male,31,0,Yes,Yes,36,No,Fiber optic,Two year,Electronic check,78.12,2671.44,4,1,24.23,4,No
CUST01338,Female,56,0,No,No,32,Yes,DSL,Month-to-month,Electronic check,53.51,1710.33,2,1,63.31,4,Yes
CUST01339,Female,72,1,No,Yes,41,Yes,DSL,Month-to-month,Electronic check,63.77,2730.41,6,2,33.52,5,Yes
CUST01340,Female,64,1,Yes,No,15,Yes,Fiber optic,One year,Electronic check,126.15,1879.45,4,3,46.65,4,No
CUST01341,Male,71,1,No,Yes,31,Yes,Fiber optic,Two year,Electronic check,126.0,3858.73,3,2,34.25,2,No
CUST01342,Female,36,0,No,No,6,Yes,Fiber optic,Two year,Mailed check,100.77,701.47,2,1,79.02,2,Yes
CUST01343,Male,71,1,Yes,Yes,52,Yes,Fiber optic,Two year,Credit card,73.38,3817.13,1,0,42.34,4,Yes
CUST01344,Male,32,0,No,No,22,Yes,Fiber optic,Month-to-month,Mailed check,96.31,2055.86,2,0,23.79,2,Yes
CUST01345,Male,45,0,Yes,No,31,Yes,DSL,Two year,Credit card,51.07,1497.03,2,2,53.57,3,No
CUST01346,Male,41,0,Yes,No,46,Yes,Fiber optic,One year,Electronic check,81.57,3746.83,5,5,16.56,5,No
CUST01347,Male,25,0,No,No,67,Yes,No,Two year,Credit card,35.93,2341.15,4,1,47.33,4,No
CUST01348,Male,60,1,No,Yes,43,Yes,DSL,Month-to-month,Mailed check,57.07,2544.16,0,1,26.08,2,No
CUST01349,Female,26,0,No,Yes,1,Yes,No,Two year,Credit card,22.74,0.0,1,1,24.45,6,No
CUST01350,Male,64,1,Yes,No,44,Yes,DSL,Month-to-month,Electronic check,53.93,2400.75,0,2,35.51,6,Yes
CUST01351,Female,50,0,Yes,No,57,Yes,Fiber optic,One year,Mailed check,72.74,4188.17,2,3,37.06,3,No
CUST01352,Female,50,0,No,No,9,Yes,DSL,Month-to-month,Electronic check,56.86,575.03,2,1,18.83,3,Yes
CUST01353,Male,36,0,Yes,No,5,Yes,DSL,Month-to-month,Bank transfer,68.89,501.42,4,1,31.19,4,No
CUST01354,Female,20,0,No,No,9,Yes,Fiber optic,Month-to-month,Credit card,95.15,721.09,2,2,52.01,6,Yes
CUST01355,Female,27,0,No,Yes,45,Yes,Fiber optic,Month-to-month,Electronic check,89.41,4084.24,4,2,35.3,3,Yes
CUST01356,Female,57,0,No,No,24,Yes,Fiber optic,One year,Electronic check,102.65,2525.9,2,5,97.98,3,No
CUST01357,Female,64,1,No,No,42,Yes,Fiber optic,One year,Mailed check,59.13,2374.82,1,0,24.42,4,Yes
CUST01358,Male,59,0,Yes,No,22,Yes,Fiber optic,One year,Mailed check,85.79,1913.44,0,0,50.02,2,No
CUST01359,Female,18,0,Yes,No,60,Yes,Fiber optic,Month-to-month,Credit card,74.37,4420.24,3,1,69.35,1,No
CUST01360,Male,46,0,Yes,Yes,37,No,Fiber optic,Two year,Electronic check,114.77,4386.69,1,2,28.5,5,Yes
CUST01361,Female,67,1,No,No,39,No,DSL,One year,Electronic check,56.93,2163.42,1,0,20.02,4,No
CUST01362,Female,51,0,No,Yes,53,Yes,Fiber optic,Month-to-month,Electronic check,96.12,5072.84,3,3,15.69,6,Yes
CUST01363,Male,68,1,No,No,28,Yes,DSL,One year,Credit card,71.97,1977.12,1,0,41.37,2,No
CUST01364,Female,30,0,No,No,15,Yes,DSL,Month-to-month,Electronic check,55.52,748.98,1,3,59.71,3,Yes
CUST01365,Female,71,1,No,No,60,Yes,DSL,Month-to-month,Electronic check,71.16,4114.66,3,2,37.52,1,Yes
CUST01366,Female,18,0,Yes,No,60,No,Fiber optic,Month-to-month,Credit card,100.63,5954.52,1,1,71.31,3,Yes
CUST01367,Male,51,0,Yes,Yes,6,Yes,DSL,One year,Bank transfer,69.48,431.27,2,1,63.48,1,No
CUST01368,Female,46,0,Yes,No,52,Yes,Fiber optic,Month-to-month,Mailed check,77.17,4041.08,1,1,18.63,1,No
CUST01369,Male,65,1,No,No,12,Yes,Fiber optic,Month-to-month,Credit card,63.54,843.72,1,2,28.51,2,Yes
CUST01370,Female,64,1,Yes,No,19,Yes,DSL,Two year,Bank transfer,85.66,1732.52,3,1,61.49,4,No
CUST01371,Male,30,0,No,Yes,2,Yes,Fiber optic,Month-to-month,Credit card,80.64,201.34,5,1,115.29,2,No
CUST01372,Male,65,1,No,Yes,55,Yes,Fiber optic,Month-to-month,Credit card,100.07,5583.51,2,1,23.28,4,Yes
CUST01373,Female,66,1,No,Yes,15,Yes,Fiber optic,Two year,Bank transfer,78.03,1222.86,2,0,39.29,2,No
CUST01374,Female,70,1,No,No,64,No,Fiber optic,Month-to-month,Bank transfer,116.47,7343.95,6,1,36.76,1,Yes
CUST01375,Male,46,0,Yes,Yes,69,Yes,Fiber optic,One year,Credit card,77.53,5387.71,3,0,25.57,2,No
CUST01376,Male,56,0,Yes,No,15,Yes,No,Month-to-month,Credit card,25.8,388.19,2,0,25.93,5,No
CUST01377,Female,41,0,No,No,43,Yes,Fiber optic,One year,Mailed check,119.83,5096.21,5,0,28.52,6,Yes
CUST01378,Male,43,0,Yes,No,17,Yes,DSL,Month-to-month,Credit card,40.82,695.16,2,3,28.78,4,Yes
CUST01379,Female,34,0,Yes,No,24,Yes,DSL,Two year,Credit card,74.47,1823.01,1,0,6.57,4,No
CUST01380,Female,24,0,No,Yes,30,Yes,DSL,Month-to-month,Bank transfer,59.7,1770.82,3,1,38.39,2,No
CUST01381,Female,30,0,Yes,No,67,Yes,No,One year,Electronic check,30.66,2153.4,4,1,38.48,1,No
CUST01382,Female,22,0,No,No,51,Yes,No,Two year,Credit card,22.22,1167.34,1,0,36.56,1,No
CUST01383,Male,43,0,No,No,60,Yes,DSL,Two year,Mailed check,79.63,4865.22,1,1,26.61,3,No
CUST01384,Female,66,1,Yes,No,3,Yes,No,Month-to-month,Credit card,18.5,181.15,4,1,18.53,2,Yes
CUST01385,Male,20,0,No,Yes,5,Yes,Fiber optic,Two year,Electronic check,85.56,388.22,1,2,41.99,3,No
CUST01386,Female,24,0,Yes,No,28,Yes,DSL,Month-to-month,Credit card,71.23,1949.97,3,1,112.24,1,Yes
CUST01387,Male,75,1,No,No,11,Yes,No,One year,Electronic check,18.44,318.52,2,1,101.7,3,No
CUST01388,Female,66,1,Yes,No,72,Yes,DSL,Month-to-month,Credit card,61.53,4353.2,3,1,13.28,4,No
CUST01389,Male,56,0,No,Yes,72,Yes,No,Month-to-month,Electronic check,18.0,1286.17,1,0,68.6,4,Yes
CUST01390,Male,70,1,Yes,Yes,15,Yes,Fiber optic,Month-to-month,Credit card,78.97,1135.81,5,1,41.09,5,No
CUST01391,Female,18,0,Yes,No,48,Yes,Fiber optic,One year,Credit card,124.37,5870.69,3,3,30.17,4,No
CUST01392,Female,66,1,Yes,No,46,Yes,No,Month-to-month,Credit card,35.73,1693.37,4,0,75.89,5,Yes
CUST01393,Female,34,0,Yes,No,28,Yes,Fiber optic,Month-to-month,Credit card,94.99,2632.97,2,1,27.44,1,Yes
CUST01394,Female,60,1,Yes,No,7,Yes,DSL,Month-to-month,Electronic check,64.43,358.26,6,5,42.55,5,No
CUST01395,Male,42,0,No,No,71,Yes,Fiber optic,Two year,Electronic check,61.51,4459.73,3,1,67.86,2,No
CUST01396,Female,20,0,No,Yes,6,Yes,DSL,One year,Credit card,57.76,214.11,2,1,43.74,2,Yes
CUST01397,Male,32,0,Yes,Yes,58,Yes,No,Month-to-month,Electronic check,32.38,1863.26,3,3,64.35,4,No
CUST01398,Male,46,0,Yes,No,68,No,Fiber optic,Two year,Bank transfer,78.37,5418.19,3,1,46.37,5,No
CUST01399,Female,70,1,No,No,55,Yes,Fiber optic,One year,Bank transfer,90.41,5064.05,0,0,30.72,2,No
CUST01400,Male,60,1,No,No,67,Yes,Fiber optic,Month-to-month,Electronic check,69.95,4729.4,2,2,67.47,5,Yes
CUST01401,Male,49,0,Yes,No,49,No,No,Month-to-month,Electronic check,18.0,793.99,1,1,21.5,1,Yes
CUST01402,Male,43,0,No,No,51,Yes,DSL,Month-to-month,Electronic check,87.37,4471.92,0,0,18.78,3,No
CUST01403,Male,33,0,Yes,No,59,Yes,Fiber optic,One year,Credit card,116.94,6935.02,0,2,28.45,2,Yes
CUST01404,Female,42,0,No,Yes,6,No,Fiber optic,Two year,Electronic check,83.72,458.14,2,1,33.67,5,No
CUST01405,Female,71,1,Yes,Yes,51,Yes,DSL,Month-to-month,Electronic check,50.66,2621.32,6,3,49.09,2,Yes
CUST01406,Female,45,0,Yes,No,38,Yes,DSL,Month-to-month,Credit card,48.69,1702.45,2,0,30.88,2,Yes
CUST01407,Female,26,0,No,No,11,Yes,Fiber optic,Month-to-month,Mailed check,91.02,825.88,2,1,27.2,1,Yes
CUST01408,Male,73,1,Yes,No,52,Yes,Fiber optic,Month-to-month,Bank transfer,114.02,5864.82,0,0,83.9,2,No
CUST01409,Male,73,1,No,Yes,20,Yes,DSL,One year,Mailed check,51.61,1101.51,6,1,34.43,3,No
CUST01410,Female,18,0,Yes,Yes,10,Yes,DSL,One year,Electronic check,62.39,709.92,4,1,25.62,2,No
CUST01411,Female,46,0,No,No,26,Yes,No,Month-to-month,Electronic check,26.19,553.02,3,1,61.5,1,No
CUST01412,Female,74,1,No,No,48,No,DSL,Two year,Electronic check,79.99,3986.31,4,0,24.47,4,No
CUST01413,Male,39,0,Yes,No,14,Yes,DSL,Month-to-month,Mailed check,63.37,896.18,2,2,36.43,6,Yes
CUST01414,Female,33,0,No,No,59,Yes,DSL,Two year,Electronic check,43.25,2396.9,2,3,58.09,1,No
CUST01415,Female,58,0,No,No,12,Yes,No,Month-to-month,Credit card,31.02,402.6,4,1,42.6,1,Yes
CUST01416,Female,68,1,No,Yes,23,Yes,Fiber optic,One year,Credit card,87.56,2141.1,2,1,63.26,5,No
CUST01417,Male,61,1,No,Yes,72,Yes,Fiber optic,Month-to-month,Bank transfer,71.99,5134.8,2,0,40.66,5,No
CUST01418,Male,68,1,No,No,39,Yes,Fiber optic,Month-to-month,Electronic check,100.9,4032.81,6,1,18.68,4,Yes
CUST01419,Male,71,1,Yes,No,9,Yes,No,Two year,Credit card,22.5,346.74,0,0,37.54,3,No
CUST01420,Male,58,0,Yes,Yes,25,Yes,DSL,Month-to-month,Mailed check,64.0,1604.05,1,2,28.86,2,Yes
CUST01421,Male,24,0,No,No,17,Yes,Fiber optic,Two year,Credit card,87.17,1407.37,3,1,44.88,1,No
CUST01422,Male,31,0,No,Yes,42,Yes,DSL,One year,Credit card,56.42,2486.67,5,2,24.47,4,No
CUST01423,Male,46,0,Yes,No,29,Yes,Fiber optic,Two year,Credit card,72.83,2228.75,3,0,14.15,3,No
CUST01424,Male,36,0,No,Yes,60,Yes,Fiber optic,Two year,Bank transfer,93.39,5477.56,1,1,42.16,6,No
CUST01425,Female,36,0,No,No,67,Yes,Fiber optic,Month-to-month,Electronic check,66.7,4458.73,4,0,77.88,2,No
CUST01426,Female,19,0,Yes,Yes,57,Yes,DSL,One year,Electronic check,71.14,4127.06,4,2,70.89,5,No
CUST01427,Male,58,0,Yes,No,72,Yes,DSL,Two year,Bank transfer,49.75,3659.62,5,2,48.54,6,No
CUST01428,Male,62,1,No,Yes,14,No,DSL,Month-to-month,Credit card,46.02,615.36,6,2,42.01,4,Yes
CUST01429,Female,32,0,Yes,No,39,Yes,No,Two year,Mailed check,36.22,1316.72,0,2,29.59,1,No
CUST01430,Male,20,0,No,No,16,Yes,Fiber optic,One year,Credit card,86.41,1539.63,1,4,58.22,4,No
CUST01431,Male,28,0,No,Yes,18,Yes,DSL,One year,Credit card,37.15,677.64,4,2,13.27,2,No
CUST01432,Male,70,1,Yes,Yes,20,Yes,Fiber optic,Month-to-month,Electronic check,84.81,1678.34,4,1,62.06,1,Yes
CUST01433,Female,63,1,Yes,No,46,Yes,Fiber optic,One year,Bank transfer,94.17,4273.0,1,4,60.27,1,Yes
CUST01434,Female,47,0,Yes,No,45,Yes,Fiber optic,Month-to-month,Bank transfer,94.58,4235.95,3,1,45.21,6,Yes
CUST01435,Female,74,1,No,Yes,4,Yes,Fiber optic,Two year,Credit card,73.39,136.1,2,6,35.52,3,Yes
CUST01436,Female,57,0,No,Yes,20,Yes,Fiber optic,Month-to-month,Electronic check,75.52,1610.3,2,0,12.88,1,Yes
CUST01437,Female,35,0,Yes,Yes,11,Yes,Fiber optic,Month-to-month,Mailed check,87.45,934.86,1,4,39.35,6,Yes
CUST01438,Male,68,1,No,Yes,65,Yes,DSL,Two year,Electronic check,72.46,4499.83,3,3,20.9,6,No
CUST01439,Female,65,1,Yes,No,18,Yes,Fiber optic,One year,Electronic check,65.27,1076.38,3,1,30.77,6,Yes
CUST01440,Male,19,0,Yes,No,39,Yes,DSL,Two year,Mailed check,44.9,1846.86,2,2,70.86,2,No
CUST01441,Male,49,0,Yes,No,44,Yes,Fiber optic,Month-to-month,Bank transfer,105.56,4630.41,4,0,40.82,2,Yes
CUST01442,Female,25,0,Yes,No,18,Yes,Fiber optic,One year,Credit card,103.26,1779.8,2,0,27.65,2,No
CUST01443,Female,39,0,Yes,No,47,Yes,Fiber optic,One year,Mailed check,70.86,3343.66,3,2,44.7,1,No
CUST01444,Male,23,0,Yes,No,31,Yes,Fiber optic,One year,Electronic check,79.19,2425.02,1,0,36.06,5,No
CUST01445,Male,29,0,No,No,39,Yes,Fiber optic,Month-to-month,Electronic check,116.62,4559.23,4,1,36.54,4,No
CUST01446,Male,64,1,No,No,38,Yes,DSL,Month-to-month,Bank transfer,70.56,2713.24,2,0,74.79,6,Yes
CUST01447,Female,74,1,Yes,No,47,Yes,DSL,Two year,Electronic check,59.41,2710.63,4,0,42.65,2,No
CUST01448,Female,57,0,Yes,Yes,70,No,Fiber optic,Month-to-month,Mailed check,102.14,7092.19,4,1,23.73,3,No
CUST01449,Female,53,0,Yes,Yes,8,Yes,Fiber optic,Two year,Bank transfer,77.76,548.64,1,0,30.26,3,No
CUST01450,Female,32,0,Yes,Yes,65,Yes,DSL,Month-to-month,Electronic check,61.89,3952.36,1,2,53.98,6,No
CUST01451,Female,45,0,No,Yes,13,Yes,Fiber optic,Two year,Mailed check,80.35,981.75,2,0,46.97,6,No
CUST01452,Male,69,1,Yes,No,55,Yes,Fiber optic,One year,Electronic check,95.61,5229.51,3,1,80.28,1,No
CUST01453,Female,74,1,Yes,No,43,Yes,DSL,One year,Credit card,68.43,2881.71,6,1,17.63,1,Yes
CUST01454,Male,66,1,Yes,No,4,No,DSL,Month-to-month,Mailed check,62.68,266.71,3,3,53.11,3,Yes
CUST01455,Male,62,1,Yes,Yes,71,Yes,DSL,Two year,Mailed check,66.05,4658.19,2,2,69.35,1,No
CUST01456,Male,35,0,Yes,No,60,Yes,DSL,Month-to-month,Credit card,73.64,4347.74,3,0,25.4,3,No
CUST01457,Female,19,0,No,Yes,12,Yes,Fiber optic,One year,Electronic check,91.99,911.33,3,2,37.59,4,Yes
CUST01458,Female,30,0,Yes,No,59,Yes,Fiber optic,Month-to-month,Electronic check,88.38,5124.11,1,2,7.48,5,No
CUST01459,Female,62,1,Yes,No,54,Yes,Fiber optic,One year,Credit card,91.4,4899.15,2,1,29.85,2,No
CUST01460,Male,71,1,No,Yes,44,Yes,DSL,Two year,Credit card,74.55,3375.96,3,1,29.18,4,No
CUST01461,Male,32,0,No,No,16,Yes,No,Month-to-month,Electronic check,18.0,281.0,0,0,51.78,1,Yes
CUST01462,Male,37,0,No,No,6,Yes,Fiber optic,One year,Credit card,91.24,396.11,1,3,35.81,4,Yes
CUST01463,Male,46,0,No,Yes,14,Yes,Fiber optic,Month-to-month,Bank transfer,56.7,803.6,2,3,23.11,5,No
CUST01464,Male,59,0,Yes,Yes,58,Yes,Fiber optic,Two year,Credit card,80.76,4638.83,1,4,30.18,3,No
CUST01465,Male,46,0,No,No,31,Yes,Fiber optic,Two year,Electronic check,113.28,3568.78,2,1,33.18,3,No
CUST01466,Female,20,0,No,Yes,41,No,Fiber optic,Month-to-month,Mailed check,73.14,2852.5,2,0,23.94,3,No
CUST01467,Female,36,0,Yes,No,35,Yes,DSL,Month-to-month,Electronic check,40.42,1535.82,4,2,79.37,6,Yes
CUST01468,Female,20,0,No,No,10,Yes,No,One year,Bank transfer,18.0,224.7,3,2,23.94,1,No
CUST01469,Female,71,1,No,Yes,30,No,Fiber optic,Month-to-month,Electronic check,95.69,2849.82,5,0,58.02,5,Yes
CUST01470,Male,31,0,Yes,Yes,44,Yes,Fiber optic,Month-to-month,Credit card,83.03,3498.94,3,1,27.93,5,Yes
CUST01471,Male,57,0,Yes,No,55,Yes,Fiber optic,Month-to-month,Credit card,69.9,3698.41,3,1,33.21,6,No
CUST01472,Female,72,1,Yes,No,71,Yes,Fiber optic,Month-to-month,Credit card,103.12,7390.06,4,3,36.09,1,Yes
CUST01473,Male,21,0,Yes,No,18,Yes,Fiber optic,Month-to-month,Credit card,91.41,1725.7,4,1,6.85,2,Yes
CUST01474,Female,69,1,Yes,No,39,Yes,DSL,Month-to-month,Electronic check,46.12,1902.84,0,0,23.24,3,Yes
CUST01475,Female,28,0,No,No,42,Yes,Fiber optic,Month-to-month,Credit card,81.68,3597.29,1,1,41.3,4,Yes
CUST01476,Female,75,1,No,Yes,54,No,No,One year,Credit card,42.06,2346.16,2,2,32.94,4,No
CUST01477,Male,48,0,Yes,No,30,Yes,DSL,One year,Electronic check,56.28,1729.15,3,1,32.9,4,Yes
CUST01478,Female,60,1,No,No,20,Yes,DSL,Month-to-month,Mailed check,39.67,1032.25,2,1,16.06,6,Yes
CUST01479,Female,49,0,Yes,No,42,Yes,Fiber optic,One year,Mailed check,92.05,3811.55,6,0,49.24,6,Yes
CUST01480,Female,44,0,Yes,No,5,Yes,DSL,Two year,Mailed check,64.59,312.88,2,0,25.48,2,No
CUST01481,Male,47,0,No,No,50,Yes,DSL,Month-to-month,Bank transfer,75.99,3645.37,1,0,32.12,6,No
CUST01482,Male,60,1,No,No,41,Yes,Fiber optic,Two year,Electronic check,79.12,3306.37,0,4,60.42,1,Yes
CUST01483,Female,19,0,No,No,39,Yes,Fiber optic,One year,Credit card,91.63,3553.22,3,2,37.88,1,No
CUST01484,Male,66,1,No,No,57,Yes,No,Month-to-month,Bank transfer,26.97,1475.27,6,0,77.61,3,No
CUST01485,Male,26,0,No,Yes,57,Yes,Fiber optic,Month-to-month,Electronic check,84.9,4779.36,6,1,40.38,2,Yes
CUST01486,Male,45,0,No,Yes,37,Yes,Fiber optic,Month-to-month,Credit card,89.85,3244.95,3,0,20.71,4,Yes
CUST01487,Male,48,0,Yes,No,7,Yes,Fiber optic,One year,Credit card,94.03,641.32,3,1,38.89,1,Yes
CUST01488,Male,51,0,No,Yes,5,No,Fiber optic,Month-to-month,Electronic check,93.25,322.07,3,0,38.98,2,Yes
CUST01489,Male,73,1,No,No,51,Yes,Fiber optic,Two year,Credit card,98.77,4902.09,3,0,40.29,6,No
CUST01490,Male,32,0,No,No,8,Yes,Fiber optic,One year,Mailed check,50.81,295.76,0,0,22.08,5,Yes
CUST01491,Male,65,1,Yes,Yes,56,Yes,DSL,Month-to-month,Bank transfer,42.05,2292.79,1,0,14.99,2,No
CUST01492,Male,42,0,No,No,11,No,Fiber optic,Month-to-month,Electronic check,88.2,923.8,3,4,44.01,3,Yes
CUST01493,Male,53,0,No,No,22,Yes,DSL,Month-to-month,Credit card,61.39,1145.69,1,4,28.76,4,Yes
CUST01494,Female,25,0,Yes,No,11,Yes,DSL,Month-to-month,Electronic check,47.8,474.28,0,0,37.43,1,No
CUST01495,Female,26,0,No,No,60,Yes,Fiber optic,Month-to-month,Credit card,79.98,4714.67,2,0,43.58,6,Yes
CUST01496,Male,75,1,Yes,No,15,Yes,DSL,One year,Mailed check,50.08,829.48,3,1,59.9,1,No
CUST01497,Female,75,1,Yes,No,38,Yes,DSL,One year,Credit card,67.05,2457.9,2,1,12.33,6,Yes
CUST01498,Female,54,0,No,Yes,1,Yes,DSL,Month-to-month,Bank transfer,49.3,149.7,2,0,15.12,5,Yes
CUST01499,Male,65,1,Yes,No,46,Yes,DSL,One year,Credit card,62.58,3052.87,0,1,57.19,5,Yes
CUST01500,Male,62,1,Yes,No,43,Yes,DSL,Month-to-month,Credit card,72.3,3225.58,4,0,68.51,5,No
CUST01501,Male,56,0,No,Yes,22,Yes,Fiber optic,Month-to-month,Bank transfer,71.94,1484.51,1,0,22.1,3,No
CUST01502,Female,49,0,No,No,3,Yes,DSL,One year,Bank transfer,43.91,183.68,3,3,35.58,4,No
CUST01503,Female,75,1,Yes,No,14,Yes,Fiber optic,Month-to-month,Bank transfer,73.58,933.67,1,2,42.69,5,Yes
CUST01504,Male,69,1,No,No,2,Yes,DSL,Two year,Mailed check,49.56,16.57,1,0,13.83,6,No
CUST01505,Male,34,0,No,No,61,Yes,Fiber optic,Two year,Bank transfer,85.6,5145.76,1,3,39.86,4,Yes
CUST01506,Male,52,0,No,No,32,Yes,DSL,One year,Bank transfer,39.58,1280.17,3,0,32.83,4,No
CUST01507,Female,54,0,No,No,38,No,DSL,Month-to-month,Bank transfer,79.27,2924.87,2,1,41.54,5,Yes
CUST01508,Female,36,0,No,No,46,Yes,DSL,Month-to-month,Electronic check,44.92,2070.19,2,0,14.76,4,Yes
CUST01509,Female,61,1,Yes,No,42,Yes,DSL,Month-to-month,Credit card,43.81,1966.27,4,1,87.04,1,Yes
CUST01510,Female,46,0,Yes,No,6,Yes,No,One year,Credit card,25.49,42.76,3,1,22.88,4,No
CUST01511,Male,24,0,No,No,41,Yes,DSL,Two year,Credit card,58.52,2238.5,2,3,63.74,4,No
CUST01512,Male,45,0,No,No,25,Yes,Fiber optic,One year,Bank transfer,105.57,2575.24,3,3,38.72,1,Yes
CUST01513,Male,26,0,Yes,Yes,11,Yes,No,One year,Electronic check,22.81,393.71,1,2,24.71,1,No
CUST01514,Male,45,0,No,Yes,41,Yes,DSL,One year,Electronic check,56.58,2388.64,2,4,68.37,2,Yes
CUST01515,Female,23,0,No,No,71,Yes,DSL,Two year,Mailed check,67.77,4726.22,4,0,49.12,2,No
CUST01516,Female,46,0,Yes,Yes,57,Yes,No,Month-to-month,Electronic check,32.58,1752.51,2,2,14.08,5,Yes
CUST01517,Male,75,1,Yes,Yes,46,Yes,Fiber optic,Two year,Electronic check,55.83,2600.55,7,0,44.62,6,No
CUST01518,Male,34,0,Yes,Yes,48,Yes,Fiber optic,One year,Credit card,85.98,4136.8,3,1,63.08,3,Yes
CUST01519,Female,33,0,No,No,63,Yes,DSL,Month-to-month,Bank transfer,85.86,5471.46,0,1,28.87,4,Yes
CUST01520,Male,40,0,Yes,Yes,39,Yes,DSL,Two year,Credit card,52.52,1932.76,1,0,52.13,4,No
CUST01521,Female,48,0,Yes,No,10,Yes,Fiber optic,Two year,Mailed check,87.25,864.12,4,1,43.19,3,Yes
CUST01522,Male,20,0,No,No,70,Yes,DSL,One year,Electronic check,72.24,5146.4,1,0,44.27,5,No
CUST01523,Male,38,0,No,No,65,Yes,DSL,Two year,Mailed check,65.84,4392.46,4,0,11.58,4,No
CUST01524,Male,43,0,Yes,No,59,Yes,DSL,Month-to-month,Electronic check,47.39,2672.13,3,2,13.11,2,Yes
CUST01525,Male,53,0,Yes,Yes,36,Yes,DSL,Month-to-month,Electronic check,59.19,2122.31,3,0,34.32,4,No
CUST01526,Male,59,0,No,No,27,Yes,Fiber optic,Month-to-month,Credit card,66.4,1764.2,5,2,8.97,1,Yes
CUST01527,Male,54,0,No,No,55,Yes,DSL,Month-to-month,Electronic check,47.17,2510.67,4,4,32.96,4,Yes
CUST01528,Male,70,1,No,No,70,Yes,DSL,Month-to-month,Credit card,73.31,5058.15,2,1,25.48,4,Yes
CUST01529,Female,39,0,No,Yes,53,Yes,Fiber optic,Month-to-month,Credit card,97.84,5242.22,4,0,26.23,1,Yes
CUST01530,Female,59,0,Yes,No,60,Yes,Fiber optic,One year,Electronic check,111.79,6630.8,3,1,31.87,2,No
CUST01531,Female,29,0,Yes,No,61,Yes,Fiber optic,Month-to-month,Mailed check,98.86,6018.14,4,0,30.61,1,No
CUST01532,Female,59,0,Yes,No,36,Yes,DSL,Month-to-month,Credit card,58.3,2147.47,1,1,46.11,6,No
CUST01533,Female,30,0,Yes,No,27,Yes,Fiber optic,Month-to-month,Mailed check,69.79,2059.57,4,2,11.84,3,Yes
CUST01534,Male,28,0,No,No,41,Yes,Fiber optic,Month-to-month,Mailed check,105.96,4374.3,5,4,28.21,2,Yes
CUST01535,Male,71,1,Yes,No,28,No,Fiber optic,Month-to-month,Electronic check,94.39,2715.0,0,1,41.72,4,No
CUST01536,Female,33,0,Yes,No,16,No,DSL,Month-to-month,Credit card,69.6,1139.9,4,1,55.21,1,No
CUST01537,Male,25,0,No,Yes,35,Yes,DSL,Month-to-month,Credit card,66.88,2320.24,3,1,42.56,6,Yes
CUST01538,Female,57,0,Yes,No,36,Yes,DSL,Month-to-month,Bank transfer,74.24,2650.3,0,3,40.35,6,No
CUST01539,Female,74,1,Yes,No,56,Yes,Fiber optic,Month-to-month,Mailed check,62.14,3468.21,2,2,18.06,1,No
CUST01540,Male,57,0,Yes,No,19,Yes,DSL,Two year,Credit card,45.43,649.21,2,1,21.36,2,No
CUST01541,Male,62,1,No,Yes,57,Yes,DSL,Month-to-month,Electronic check,49.54,2791.08,1,2,45.77,6,Yes
CUST01542,Male,19,0,No,Yes,33,Yes,Fiber optic,One year,Credit card,90.46,3029.01,2,3,38.97,1,No
CUST01543,Female,47,0,Yes,No,23,No,Fiber optic,Month-to-month,Mailed check,78.14,1723.52,1,2,37.88,3,No
CUST01544,Male,47,0,No,No,63,Yes,No,Month-to-month,Bank transfer,34.03,2289.17,2,2,41.59,5,No
CUST01545,Female,29,0,No,No,70,Yes,DSL,Month-to-month,Mailed check,59.8,4198.52,2,1,28.4,4,No
CUST01546,Female,27,0,No,No,22,Yes,DSL,Two year,Bank transfer,87.82,1918.92,2,1,27.77,3,No
CUST01547,Female,61,1,No,Yes,67,Yes,Fiber optic,Month-to-month,Electronic check,110.71,7501.16,0,2,39.61,1,Yes
CUST01548,Male,28,0,No,No,59,Yes,DSL,One year,Mailed check,61.67,3694.94,5,1,57.87,5,No
CUST01549,Male,32,0,No,No,25,Yes,DSL,One year,Mailed check,43.7,1205.78,3,1,36.23,4,No
CUST01550,Female,33,0,Yes,No,17,Yes,DSL,Month-to-month,Electronic check,68.27,1293.35,3,0,67.88,3,Yes
CUST01551,Male,34,0,Yes,No,39,Yes,No,Two year,Electronic check,18.0,848.53,3,2,43.44,2,No
CUST01552,Male,43,0,Yes,No,39,Yes,No,Month-to-month,Credit card,18.0,747.69,2,2,36.12,4,No
CUST01553,Male,19,0,No,No,24,Yes,No,Month-to-month,Bank transfer,21.85,420.7,4,0,136.85,2,Yes
CUST01554,Female,67,1,No,No,38,Yes,Fiber optic,Month-to-month,Credit card,78.81,2970.95,0,4,52.02,4,Yes
CUST01555,Female,29,0,No,No,57,Yes,No,Month-to-month,Electronic check,29.42,1840.84,4,3,34.03,1,Yes
CUST01556,Male,68,1,Yes,Yes,44,Yes,Fiber optic,Month-to-month,Credit card,89.91,3981.98,4,1,78.84,6,Yes
CUST01557,Female,43,0,No,No,36,Yes,No,One year,Electronic check,18.0,604.58,1,2,54.32,3,No
CUST01558,Male,40,0,No,No,70,Yes,Fiber optic,Month-to-month,Credit card,80.56,5584.71,2,0,24.44,4,No
CUST01559,Male,35,0,No,No,45,Yes,DSL,One year,Credit card,43.68,1857.86,1,1,37.83,2,No
CUST01560,Male,49,0,No,Yes,26,Yes,Fiber optic,Month-to-month,Mailed check,91.03,2458.71,2,1,32.41,4,Yes
CUST01561,Male,66,1,No,No,11,Yes,DSL,Two year,Credit card,37.68,369.31,1,1,55.18,4,No
CUST01562,Female,55,0,No,No,52,Yes,Fiber optic,Month-to-month,Bank transfer,81.48,4138.68,3,3,51.64,4,No
CUST01563,Female,74,1,No,No,25,No,Fiber optic,One year,Bank transfer,75.31,1795.76,3,3,92.21,1,Yes
CUST01564,Female,64,1,No,Yes,31,No,DSL,One year,Credit card,66.55,1802.12,0,1,68.66,6,No
CUST01565,Male,20,0,Yes,No,45,Yes,DSL,Month-to-month,Electronic check,50.29,2333.66,4,1,58.12,6,Yes
CUST01566,Male,55,0,Yes,Yes,67,Yes,Fiber optic,Month-to-month,Credit card,72.25,4817.01,2,0,74.14,6,Yes
CUST01567,Male,20,0,No,Yes,40,Yes,Fiber optic,Month-to-month,Electronic check,90.95,3515.13,2,1,16.78,6,Yes
CUST01568,Female,47,0,Yes,Yes,46,Yes,Fiber optic,Month-to-month,Mailed check,91.74,4358.76,2,1,44.04,3,No
CUST01569,Male,18,0,No,No,54,Yes,DSL,Month-to-month,Bank transfer,47.44,2566.41,3,0,17.7,6,Yes
CUST01570,Female,47,0,Yes,Yes,41,Yes,No,One year,Credit card,29.71,993.96,6,2,91.05,6,No
CUST01571,Female,62,1,No,No,38,Yes,DSL,Month-to-month,Mailed check,89.48,3472.42,3,2,35.13,5,Yes
CUST01572,Female,49,0,Yes,No,36,Yes,Fiber optic,Month-to-month,Mailed check,77.93,2704.4,2,0,41.69,4,No
CUST01573,Female,45,0,Yes,No,44,Yes,Fiber optic,Month-to-month,Mailed check,66.57,2988.62,4,2,30.75,4,Yes
CUST01574,Female,38,0,No,No,57,Yes,No,Two year,Electronic check,25.44,1500.59,3,1,49.41,1,No
CUST01575,Female,75,1,Yes,No,66,Yes,Fiber optic,Month-to-month,Bank transfer,64.27,4255.56,1,2,31.73,2,No
CUST01576,Male,63,1,Yes,No,30,Yes,DSL,Month-to-month,Credit card,56.9,1581.83,2,0,38.67,5,No
CUST01577,Male,30,0,Yes,No,10,No,Fiber optic,Month-to-month,Bank transfer,77.42,650.94,3,1,36.81,5,No
CUST01578,Female,44,0,No,No,61,Yes,DSL,Month-to-month,Electronic check,68.31,4162.02,1,1,67.05,5,No
CUST01579,Female,53,0,Yes,Yes,63,Yes,No,One year,Bank transfer,18.0,1039.86,2,0,16.69,1,No
CUST01580,Male,24,0,No,Yes,36,No,Fiber optic,One year,Credit card,61.32,2329.45,7,0,45.27,5,No
CUST01581,Female,39,0,No,No,54,Yes,DSL,One year,Bank transfer,64.58,3477.17,2,0,21.86,6,No
CUST01582,Female,27,0,No,No,65,Yes,DSL,One year,Bank transfer,66.51,4222.66,3,1,30.07,2,No
CUST01583,Male,56,0,No,No,4,Yes,Fiber optic,Two year,Electronic check,52.79,311.02,3,5,19.75,3,Yes
CUST01584,Female,70,1,No,No,55,Yes,Fiber optic,Month-to-month,Electronic check,107.81,5738.48,2,1,15.98,5,Yes
CUST01585,Female,32,0,Yes,No,54,Yes,DSL,Month-to-month,Bank transfer,70.51,3794.36,5,1,50.57,6,No
CUST01586,Female,32,0,No,No,64,No,Fiber optic,Month-to-month,Credit card,74.93,4851.14,0,0,36.16,4,Yes
CUST01587,Male,21,0,Yes,Yes,22,Yes,DSL,Month-to-month,Credit card,61.15,1242.4,4,1,19.48,2,Yes
CUST01588,Male,49,0,No,No,25,Yes,Fiber optic,Month-to-month,Bank transfer,55.44,1342.76,6,2,18.47,2,Yes
CUST01589,Male,40,0,Yes,No,59,Yes,Fiber optic,Month-to-month,Mailed check,95.56,5570.6,3,0,42.19,5,Yes
CUST01590,Female,72,1,No,No,57,Yes,Fiber optic,Month-to-month,Electronic check,72.31,4009.22,4,0,37.44,4,No
CUST01591,Female,23,0,Yes,No,54,Yes,Fiber optic,Month-to-month,Credit card,79.66,4309.29,1,1,31.16,2,Yes
CUST01592,Male,41,0,Yes,No,44,Yes,DSL,Two year,Bank transfer,58.68,2667.02,0,2,31.73,1,No
CUST01593,Female,37,0,No,No,52,Yes,Fiber optic,Two year,Mailed check,103.12,5562.61,1,0,66.94,5,No
CUST01594,Female,75,1,No,No,16,Yes,DSL,Month-to-month,Electronic check,65.61,1125.96,2,2,30.0,4,Yes
CUST01595,Female,54,0,Yes,No,16,Yes,No,Two year,Electronic check,22.12,326.99,2,0,53.83,6,No
CUST01596,Female,37,0,No,No,55,Yes,DSL,Two year,Electronic check,52.93,3022.62,2,2,29.67,3,No
CUST01597,Female,29,0,No,No,61,Yes,Fiber optic,Two year,Mailed check,88.38,5278.27,4,1,41.39,2,No
CUST01598,Male,50,0,No,No,40,Yes,No,Month-to-month,Credit card,24.32,919.17,0,4,93.67,3,No
CUST01599,Female,45,0,No,Yes,21,Yes,Fiber optic,One year,Credit card,81.37,1804.03,4,4,49.48,4,Yes
CUST01600,Male,25,0,Yes,No,66,Yes,DSL,Month-to-month,Electronic check,60.07,3898.81,2,0,80.1,6,No
CUST01601,Female,18,0,Yes,No,8,Yes,Fiber optic,One year,Electronic check,80.94,653.3,5,0,11.1,1,Yes
CUST01602,Male,54,0,No,No,71,Yes,Fiber optic,One year,Bank transfer,61.52,4297.81,2,0,38.07,4,Yes
CUST01603,Female,39,0,No,No,10,No,No,One year,Credit card,24.54,223.84,5,1,54.74,3,Yes
CUST01604,Male,23,0,Yes,No,57,Yes,Fiber optic,Month-to-month,Credit card,84.67,4819.27,4,0,29.72,4,Yes
CUST01605,Female,38,0,Yes,No,4,Yes,DSL,Two year,Electronic check,61.6,293.53,3,1,65.1,4,No
CUST01606,Male,49,0,No,No,43,Yes,Fiber optic,Month-to-month,Credit card,69.95,3024.42,3,3,39.1,2,Yes
CUST01607,Female,52,0,Yes,No,63,Yes,DSL,Month-to-month,Bank transfer,50.4,3246.7,3,1,26.76,6,No
CUST01608,Male,32,0,Yes,No,43,No,DSL,Month-to-month,Electronic check,79.67,3465.02,4,2,17.02,4,Yes
CUST01609,Female,22,0,Yes,No,67,Yes,Fiber optic,Two year,Mailed check,73.89,4930.64,3,1,66.76,1,No
CUST01610,Male,73,1,Yes,No,51,Yes,DSL,Two year,Electronic check,66.11,3310.68,3,0,58.81,2,No
CUST01611,Male,63,1,Yes,No,56,Yes,DSL,One year,Electronic check,50.44,2733.18,0,2,70.16,1,No
CUST01612,Female,67,1,No,No,43,Yes,DSL,Month-to-month,Credit card,37.31,1331.57,2,2,83.38,3,No
CUST01613,Female,65,1,Yes,No,24,Yes,DSL,Month-to-month,Mailed check,58.75,1398.49,1,1,11.1,6,Yes
CUST01614,Male,23,0,Yes,Yes,34,Yes,DSL,Month-to-month,Electronic check,67.35,2175.59,0,1,42.75,4,No
CUST01615,Female,42,0,Yes,Yes,59,Yes,Fiber optic,Month-to-month,Bank transfer,79.99,4631.8,0,2,49.66,6,No
CUST01616,Male,73,1,Yes,Yes,2,Yes,DSL,Month-to-month,Credit card,36.05,42.05,3,0,42.27,5,No
CUST01617,Male,63,1,Yes,No,2,Yes,DSL,Month-to-month,Electronic check,33.2,14.29,3,0,22.85,4,No
CUST01618,Male,73,1,No,Yes,10,Yes,Fiber optic,Month-to-month,Electronic check,102.3,1077.76,2,2,70.73,5,Yes
CUST01619,Female,57,0,No,Yes,23,Yes,No,Two year,Mailed check,24.89,555.81,3,2,37.3,2,No
CUST01620,Male,46,0,Yes,Yes,15,Yes,Fiber optic,One year,Electronic check,94.11,1574.33,2,1,53.86,3,Yes
CUST01621,Male,24,0,Yes,No,17,Yes,Fiber optic,One year,Bank transfer,88.47,1723.4,2,2,39.97,5,No
CUST01622,Female,57,0,Yes,Yes,14,Yes,Fiber optic,Month-to-month,Mailed check,67.74,917.75,1,3,34.28,4,No
CUST01623,Female,30,0,No,No,16,Yes,Fiber optic,Month-to-month,Electronic check,81.16,1213.86,1,1,65.26,4,No
CUST01624,Female,55,0,No,Yes,32,Yes,Fiber optic,Month-to-month,Credit card,59.54,1728.96,3,3,13.17,4,No
CUST01625,Female,35,0,Yes,No,23,Yes,No,Month-to-month,Electronic check,32.57,931.89,3,2,36.11,3,Yes
CUST01626,Male,19,0,No,No,34,No,Fiber optic,One year,Electronic check,89.79,2980.47,3,2,46.34,5,Yes
CUST01627,Male,25,0,Yes,No,16,Yes,DSL,Month-to-month,Electronic check,68.89,1048.21,0,0,31.47,5,No
CUST01628,Male,28,0,No,No,34,Yes,Fiber optic,Two year,Credit card,104.36,3478.28,2,1,67.76,3,Yes
CUST01629,Male,50,0,No,No,71,Yes,DSL,Two year,Bank transfer,55.72,3923.45,0,1,20.92,1,No
CUST01630,Female,71,1,No,No,33,No,No,Month-to-month,Bank transfer,19.07,581.62,3,3,14.43,2,Yes
CUST01631,Male,55,0,No,No,68,Yes,Fiber optic,Month-to-month,Mailed check,83.41,5754.56,1,0,36.53,3,Yes
CUST01632,Male,65,1,Yes,No,43,Yes,DSL,Two year,Electronic check,75.21,2959.45,1,0,46.24,4,No
CUST01633,Female,44,0,No,Yes,64,Yes,No,One year,Electronic check,18.0,1133.24,2,2,9.15,6,No
CUST01634,Male,37,0,No,No,71,Yes,DSL,One year,Electronic check,60.25,4349.55,1,2,85.21,1,Yes
CUST01635,Male,29,0,No,Yes,18,Yes,Fiber optic,One year,Electronic check,97.07,1678.22,0,0,72.75,6,No
CUST01636,Male,60,1,Yes,No,68,Yes,DSL,Month-to-month,Electronic check,63.7,4390.43,2,1,54.37,6,No
CUST01637,Male,48,0,Yes,No,61,Yes,DSL,Month-to-month,Credit card,72.88,4454.63,5,2,32.06,5,Yes
CUST01638,Male,44,0,No,No,20,Yes,Fiber optic,Month-to-month,Bank transfer,61.97,1167.62,1,0,13.15,2,Yes
CUST01639,Male,49,0,No,No,11,Yes,DSL,Month-to-month,Mailed check,73.05,622.33,3,0,14.75,4,No
CUST01640,Female,27,0,No,No,46,Yes,Fiber optic,Month-to-month,Electronic check,75.64,3520.09,4,0,83.36,4,Yes
CUST01641,Female,20,0,No,No,64,No,Fiber optic,Month-to-month,Bank transfer,53.57,3460.31,4,3,39.72,4,Yes
CUST01642,Male,62,1,No,No,28,Yes,No,Two year,Bank transfer,22.39,552.86,2,1,22.09,3,No
CUST01643,Male,44,0,No,Yes,48,Yes,Fiber optic,One year,Credit card,72.42,3552.15,2,2,35.05,6,No
CUST01644,Female,52,0,No,No,35,No,Fiber optic,Month-to-month,Electronic check,82.54,2840.39,1,1,53.85,5,No
CUST01645,Male,48,0,No,No,8,No,DSL,Month-to-month,Mailed check,41.76,437.52,3,1,70.3,1,No
CUST01646,Male,32,0,Yes,No,22,Yes,Fiber optic,One year,Bank transfer,83.15,1859.6,0,2,33.98,2,Yes
CUST01647,Male,33,0,Yes,No,24,No,Fiber optic,Month-to-month,Mailed check,76.38,1981.12,3,5,72.66,4,Yes
CUST01648,Female,30,0,No,Yes,66,Yes,DSL,One year,Credit card,83.86,5571.06,2,0,23.59,3,No
CUST01649,Male,66,1,Yes,Yes,64,Yes,Fiber optic,Two year,Credit card,87.61,5609.84,2,0,54.62,6,No
CUST01650,Female,52,0,No,No,65,Yes,Fiber optic,Month-to-month,Electronic check,88.42,5558.84,4,4,29.62,3,Yes
CUST01651,Male,69,1,Yes,No,14,Yes,Fiber optic,Month-to-month,Mailed check,81.58,1147.49,4,0,61.56,2,Yes
CUST01652,Female,28,0,Yes,No,25,Yes,DSL,One year,Electronic check,74.97,1850.33,2,1,40.48,1,No
CUST01653,Female,38,0,No,No,3,Yes,DSL,Month-to-month,Electronic check,65.82,358.98,0,0,41.69,3,Yes
CUST01654,Male,68,1,No,No,5,Yes,No,Month-to-month,Credit card,37.1,206.85,4,1,55.01,3,No
CUST01655,Female,71,1,Yes,Yes,65,Yes,Fiber optic,Month-to-month,Credit card,100.81,6630.9,2,2,48.22,5,Yes
CUST01656,Male,28,0,No,Yes,54,Yes,DSL,Two year,Electronic check,55.38,3130.91,3,1,63.61,5,No
CUST01657,Female,47,0,No,Yes,19,Yes,No,Month-to-month,Credit card,30.84,719.91,2,0,48.57,1,No
CUST01658,Male,65,1,No,No,54,Yes,Fiber optic,Two year,Credit card,97.21,5240.64,3,0,47.32,6,No
CUST01659,Male,70,1,Yes,Yes,10,Yes,No,Month-to-month,Credit card,32.56,538.49,6,0,17.65,6,No
CUST01660,Female,52,0,No,No,16,Yes,No,Month-to-month,Electronic check,28.21,400.75,2,2,37.03,2,Yes
CUST01661,Male,39,0,No,No,46,Yes,Fiber optic,One year,Credit card,64.85,3116.15,0,2,15.79,4,No
CUST01662,Male,55,0,Yes,No,29,Yes,Fiber optic,Month-to-month,Electronic check,84.56,2377.58,4,2,24.45,3,Yes
CUST01663,Female,48,0,No,Yes,15,Yes,Fiber optic,Month-to-month,Electronic check,86.67,1386.05,3,1,34.31,4,Yes
CUST01664,Male,31,0,No,Yes,48,Yes,Fiber optic,Month-to-month,Bank transfer,86.06,4034.5,5,1,21.08,4,Yes
CUST01665,Male,41,0,No,No,11,No,No,Month-to-month,Electronic check,34.18,437.85,2,2,46.12,4,No
CUST01666,Female,67,1,No,No,34,Yes,No,Month-to-month,Electronic check,19.85,589.51,3,4,108.56,1,No
CUST01667,Female,66,1,Yes,No,36,Yes,Fiber optic,One year,Credit card,87.04,3029.77,4,1,16.03,2,No
CUST01668,Male,49,0,Yes,No,30,Yes,DSL,One year,Electronic check,59.17,1678.47,3,1,26.96,2,Yes
CUST01669,Male,53,0,No,No,19,Yes,DSL,Two year,Electronic check,68.2,1345.6,0,1,26.06,5,Yes
CUST01670,Female,49,0,No,No,68,No,Fiber optic,One year,Credit card,112.15,7675.65,2,0,20.76,4,No
CUST01671,Female,72,1,No,No,70,Yes,DSL,One year,Bank transfer,67.47,4771.92,4,1,48.85,4,No
CUST01672,Male,32,0,No,No,33,Yes,No,One year,Bank transfer,29.45,993.98,4,1,22.74,3,No
CUST01673,Female,60,1,Yes,No,22,Yes,Fiber optic,Two year,Credit card,69.7,1485.0,2,0,45.12,1,No
CUST01674,Male,75,1,Yes,No,36,Yes,Fiber optic,Month-to-month,Credit card,61.85,2154.46,1,1,33.98,4,Yes
CUST01675,Male,52,0,Yes,No,23,Yes,Fiber optic,Month-to-month,Bank transfer,88.84,1939.81,3,2,17.9,1,Yes
CUST01676,Male,20,0,Yes,No,63,Yes,Fiber optic,One year,Electronic check,82.2,5069.1,3,0,16.92,6,No
CUST01677,Male,33,0,No,No,26,Yes,Fiber optic,Month-to-month,Electronic check,91.91,2510.96,1,1,29.29,5,Yes
CUST01678,Male,22,0,Yes,No,60,Yes,Fiber optic,Two year,Bank transfer,75.81,4442.72,3,0,41.8,1,No
CUST01679,Female,38,0,No,No,5,Yes,DSL,Month-to-month,Credit card,76.84,290.99,3,2,70.05,2,Yes
CUST01680,Female,27,0,Yes,No,54,Yes,DSL,Month-to-month,Bank transfer,45.65,2365.28,1,1,61.57,6,Yes
CUST01681,Female,36,0,No,Yes,38,Yes,Fiber optic,One year,Electronic check,82.06,2985.61,2,0,41.45,6,No
CUST01682,Female,42,0,No,Yes,62,Yes,Fiber optic,Month-to-month,Electronic check,79.13,4936.53,7,1,44.22,1,No
CUST01683,Male,21,0,Yes,Yes,25,Yes,DSL,Two year,Mailed check,73.17,1775.66,2,1,39.59,4,No
CUST01684,Male,46,0,Yes,No,12,Yes,DSL,Two year,Credit card,57.23,670.38,1,2,50.36,4,No
CUST01685,Male,36,0,Yes,No,22,Yes,Fiber optic,One year,Credit card,76.33,1667.61,5,1,60.99,4,Yes
CUST01686,Male,60,1,No,Yes,9,Yes,Fiber optic,Month-to-month,Electronic check,86.21,804.76,6,2,26.3,4,Yes
CUST01687,Female,19,0,Yes,Yes,29,Yes,DSL,Month-to-month,Electronic check,50.53,1475.5,2,1,37.95,6,No
CUST01688,Male,27,0,No,No,44,Yes,Fiber optic,Month-to-month,Electronic check,84.67,3843.86,2,0,14.91,1,No
CUST01689,Male,60,1,No,Yes,27,Yes,Fiber optic,Two year,Credit card,83.05,2175.56,4,2,26.23,4,No
CUST01690,Female,42,0,No,Yes,55,Yes,Fiber optic,Month-to-month,Mailed check,128.34,6999.49,4,3,33.61,2,Yes
CUST01691,Female,37,0,Yes,No,5,Yes,Fiber optic,Month-to-month,Mailed check,78.06,381.41,3,0,39.44,3,No
CUST01692,Female,65,1,No,Yes,52,Yes,Fiber optic,Month-to-month,Credit card,83.66,4342.99,2,2,11.25,4,Yes
CUST01693,Female,36,0,Yes,Yes,13,Yes,Fiber optic,Month-to-month,Mailed check,88.27,999.22,4,0,33.73,5,Yes
CUST01694,Male,40,0,Yes,No,42,Yes,DSL,Two year,Credit card,63.28,2500.09,1,3,8.47,3,No
CUST01695,Male,41,0,No,No,15,Yes,DSL,Month-to-month,Credit card,72.52,1073.72,0,0,57.68,1,No
CUST01696,Female,28,0,No,No,18,Yes,No,Month-to-month,Electronic check,40.37,865.24,3,2,15.56,2,No
CUST01697,Male,63,1,Yes,Yes,50,No,Fiber optic,One year,Bank transfer,72.98,3797.48,6,1,47.25,6,No
CUST01698,Male,51,0,Yes,No,2,Yes,Fiber optic,Two year,Electronic check,91.58,71.44,4,0,55.49,2,No
CUST01699,Male,72,1,Yes,No,13,Yes,DSL,Two year,Credit card,58.03,711.34,3,0,41.0,5,No
CUST01700,Female,45,0,No,Yes,68,Yes,DSL,One year,Bank transfer,63.96,4365.53,1,0,12.21,4,No
CUST01701,Male,22,0,Yes,Yes,47,Yes,Fiber optic,Month-to-month,Electronic check,101.66,4808.41,2,1,45.09,5,Yes
CUST01702,Female,22,0,No,Yes,50,Yes,Fiber optic,Month-to-month,Electronic check,109.42,5373.64,2,0,46.93,4,Yes
CUST01703,Male,68,1,No,No,12,Yes,Fiber optic,Two year,Electronic check,98.12,1347.69,0,2,22.52,4,No
CUST01704,Male,38,0,No,No,13,Yes,Fiber optic,Two year,Credit card,89.73,1109.46,3,2,16.76,2,Yes
CUST01705,Male,29,0,Yes,No,9,Yes,Fiber optic,One year,Electronic check,100.4,940.49,3,1,67.92,2,No
CUST01706,Female,67,1,No,No,59,Yes,No,One year,Credit card,18.27,1045.0,2,1,22.56,6,No
CUST01707,Male,21,0,No,No,45,Yes,Fiber optic,Two year,Electronic check,74.11,3302.51,3,0,150.0,4,No
CUST01708,Female,71,1,No,No,70,Yes,No,Month-to-month,Credit card,26.35,1920.17,2,1,28.75,6,No
CUST01709,Female,66,1,Yes,No,43,Yes,DSL,Month-to-month,Electronic check,73.97,3279.21,3,0,58.4,2,Yes
CUST01710,Female,59,0,Yes,Yes,23,Yes,Fiber optic,One year,Mailed check,80.57,1921.18,1,2,33.35,2,No
CUST01711,Male,37,0,Yes,No,45,Yes,DSL,Two year,Credit card,57.72,2509.08,2,1,27.26,2,No
CUST01712,Male,55,0,No,No,23,Yes,DSL,One year,Bank transfer,36.21,698.27,2,0,16.65,4,No
CUST01713,Male,42,0,No,No,34,Yes,Fiber optic,Two year,Bank transfer,120.82,4373.91,1,1,22.41,4,No
CUST01714,Male,31,0,No,No,16,Yes,Fiber optic,Month-to-month,Credit card,81.55,1335.5,0,1,38.54,3,Yes
CUST01715,Female,28,0,Yes,No,63,Yes,DSL,Month-to-month,Electronic check,27.11,1618.14,1,1,14.64,2,No
CUST01716,Female,49,0,Yes,No,51,Yes,DSL,Month-to-month,Credit card,62.01,3256.73,0,1,42.85,4,No
CUST01717,Female,28,0,Yes,Yes,32,Yes,DSL,Two year,Bank transfer,65.67,2010.85,1,0,30.76,2,No
CUST01718,Male,35,0,Yes,No,38,Yes,DSL,Month-to-month,Credit card,57.24,2371.96,2,1,67.35,3,Yes
CUST01719,Female,44,0,Yes,No,56,Yes,Fiber optic,Month-to-month,Electronic check,71.35,3954.83,2,1,34.96,3,No
CUST01720,Male,72,1,No,No,69,Yes,DSL,Two year,Electronic check,70.77,4969.02,3,0,72.74,1,No
CUST01721,Female,71,1,No,Yes,17,Yes,Fiber optic,Month-to-month,Electronic check,96.75,1640.26,1,2,18.84,4,Yes
CUST01722,Male,35,0,No,Yes,39,Yes,DSL,Two year,Electronic check,66.31,2433.68,2,2,19.61,3,No
CUST01723,Male,73,1,Yes,No,41,No,No,Month-to-month,Mailed check,18.89,676.1,1,3,31.95,4,No
CUST01724,Female,40,0,Yes,No,48,Yes,DSL,Month-to-month,Electronic check,52.69,2452.36,4,0,54.28,4,No
CUST01725,Female,28,0,Yes,No,28,Yes,DSL,One year,Credit card,55.79,1493.64,1,2,63.39,2,No
CUST01726,Female,38,0,No,No,50,No,DSL,Two year,Bank transfer,55.03,2770.25,0,0,30.29,4,No
CUST01727,Female,61,1,Yes,No,1,Yes,DSL,Month-to-month,Bank transfer,67.5,0.0,0,1,19.91,2,Yes
CUST01728,Male,22,0,No,No,50,No,DSL,Two year,Credit card,55.26,2782.43,2,1,15.48,2,No
CUST01729,Female,40,0,Yes,Yes,19,Yes,Fiber optic,Month-to-month,Electronic check,70.75,1146.67,1,1,27.07,2,Yes
CUST01730,Female,58,0,No,Yes,59,Yes,No,Month-to-month,Electronic check,28.39,1710.8,3,2,23.35,6,No
CUST01731,Female,42,0,No,No,68,Yes,Fiber optic,Month-to-month,Credit card,120.65,8124.15,3,1,21.99,5,No
CUST01732,Male,58,0,Yes,No,67,Yes,Fiber optic,Two year,Credit card,73.2,4917.86,4,4,23.2,4,No
CUST01733,Male,71,1,No,No,41,Yes,Fiber optic,Month-to-month,Electronic check,74.36,2915.36,1,0,35.89,6,No
CUST01734,Female,27,0,Yes,No,10,Yes,Fiber optic,Month-to-month,Electronic check,83.16,768.67,3,4,61.65,3,Yes
CUST01735,Male,39,0,No,Yes,28,No,DSL,Two year,Mailed check,69.08,1729.6,3,0,21.79,4,No
CUST01736,Female,36,0,Yes,No,34,Yes,Fiber optic,Month-to-month,Electronic check,93.49,3054.04,3,1,41.06,1,No
CUST01737,Male,18,0,Yes,No,39,Yes,DSL,Month-to-month,Credit card,58.58,2424.76,3,2,16.39,4,No
CUST01738,Male,24,0,No,No,56,Yes,Fiber optic,Month-to-month,Mailed check,78.46,4536.54,2,0,25.23,5,No
CUST01739,Male,21,0,No,Yes,52,Yes,Fiber optic,One year,Bank transfer,116.49,5933.06,1,0,28.95,6,No
CUST01740,Male,18,0,Yes,No,3,Yes,Fiber optic,Month-to-month,Credit card,102.16,272.62,1,2,38.28,1,Yes
CUST01741,Female,32,0,No,No,23,Yes,DSL,Two year,Electronic check,80.82,1904.69,5,1,49.69,1,No
CUST01742,Female,57,0,Yes,No,17,Yes,DSL,Month-to-month,Mailed check,68.43,1171.36,3,0,20.32,2,Yes
CUST01743,Female,29,0,Yes,No,71,Yes,DSL,Month-to-month,Electronic check,58.88,4122.89,2,3,28.68,3,No
CUST01744,Male,39,0,No,Yes,26,Yes,Fiber optic,Two year,Bank transfer,90.98,2209.77,3,0,85.1,1,Yes
CUST01745,Female,39,0,Yes,Yes,18,Yes,No,Month-to-month,Mailed check,39.45,797.8,3,2,46.06,5,No
CUST01746,Female,67,1,Yes,Yes,46,Yes,Fiber optic,Two year,Electronic check,92.71,4213.88,3,2,32.68,3,No
CUST01747,Female,64,1,No,No,70,Yes,DSL,Month-to-month,Bank transfer,39.38,2592.05,2,2,35.36,4,No
CUST01748,Male,34,0,Yes,No,31,No,Fiber optic,Month-to-month,Mailed check,106.04,3282.72,3,0,49.46,5,No
CUST01749,Male,46,0,No,No,9,Yes,Fiber optic,Month-to-month,Credit card,107.45,932.69,3,2,36.65,6,Yes
CUST01750,Male,63,1,Yes,Yes,35,Yes,Fiber optic,Month-to-month,Credit card,103.56,3573.74,4,0,62.14,3,No
CUST01751,Female,31,0,Yes,No,60,Yes,Fiber optic,Month-to-month,Mailed check,64.86,3904.26,3,1,36.78,5,No
CUST01752,Female,67,1,Yes,No,63,Yes,No,Month-to-month,Credit card,28.1,1749.01,4,1,44.65,1,No
CUST01753,Female,37,0,No,Yes,52,Yes,DSL,Month-to-month,Bank transfer,72.3,3871.73,3,0,16.06,2,Yes
CUST01754,Male,67,1,No,No,48,Yes,DSL,Month-to-month,Credit card,60.19,2797.8,4,1,31.41,2,No
CUST01755,Male,65,1,Yes,Yes,61,Yes,DSL,Month-to-month,Electronic check,64.57,3861.69,3,0,42.04,3,No
CUST01756,Female,50,0,Yes,Yes,24,Yes,DSL,Month-to-month,Electronic check,66.72,1678.44,1,1,33.66,2,Yes
CUST01757,Male,72,1,No,Yes,58,Yes,DSL,Month-to-month,Electronic check,50.08,3154.17,0,2,32.76,1,No
CUST01758,Male,60,1,Yes,No,64,Yes,No,Month-to-month,Electronic check,28.76,2074.53,5,0,25.06,6,Yes
CUST01759,Male,32,0,No,No,30,Yes,Fiber optic,One year,Electronic check,70.22,2179.79,2,3,35.3,5,Yes
CUST01760,Male,29,0,Yes,No,29,Yes,Fiber optic,One year,Credit card,83.46,2385.28,2,3,46.25,2,No
CUST01761,Female,57,0,No,No,10,Yes,DSL,One year,Electronic check,53.08,477.4,4,0,43.76,6,No
CUST01762,Male,71,1,Yes,No,39,Yes,No,Month-to-month,Mailed check,32.0,1209.29,3,0,71.05,1,Yes
CUST01763,Male,37,0,No,No,55,Yes,No,Month-to-month,Bank transfer,30.35,1495.13,3,0,73.43,5,No
CUST01764,Male,47,0,No,Yes,28,No,DSL,Month-to-month,Credit card,66.81,1938.97,0,1,51.35,1,No
CUST01765,Male,55,0,Yes,No,18,Yes,Fiber optic,Two year,Credit card,89.23,1738.28,3,0,66.76,3,Yes
CUST01766,Female,20,0,Yes,No,41,Yes,Fiber optic,Month-to-month,Electronic check,91.54,3739.64,6,1,39.89,5,Yes
CUST01767,Female,45,0,No,Yes,65,Yes,No,Month-to-month,Credit card,41.07,2878.84,0,1,51.02,5,No
CUST01768,Male,73,1,No,No,46,Yes,Fiber optic,Month-to-month,Credit card,104.86,5096.17,4,2,30.49,1,Yes
CUST01769,Male,43,0,Yes,No,60,Yes,Fiber optic,Two year,Bank transfer,70.58,4323.31,2,1,76.02,6,No
CUST01770,Male,47,0,Yes,Yes,9,Yes,No,One year,Electronic check,20.73,119.53,2,2,41.62,2,No
CUST01771,Male,30,0,No,No,45,Yes,Fiber optic,Month-to-month,Bank transfer,81.87,3598.33,1,5,50.62,6,No
CUST01772,Male,30,0,Yes,Yes,60,Yes,DSL,Month-to-month,Bank transfer,57.09,3502.81,1,0,44.85,3,No
CUST01773,Male,19,0,No,No,28,Yes,DSL,Two year,Credit card,50.08,1507.57,2,0,62.89,6,No
CUST01774,Female,54,0,Yes,Yes,3,Yes,Fiber optic,Month-to-month,Electronic check,93.8,215.72,6,1,6.99,2,Yes
CUST01775,Male,66,1,No,Yes,51,Yes,Fiber optic,Month-to-month,Credit card,84.08,4172.13,2,1,26.09,4,Yes
CUST01776,Female,55,0,No,Yes,8,Yes,Fiber optic,One year,Credit card,88.26,535.01,4,4,58.33,6,No
CUST01777,Female,19,0,No,No,70,Yes,DSL,Month-to-month,Credit card,39.49,2659.94,1,1,36.49,6,Yes
CUST01778,Male,53,0,Yes,No,59,Yes,DSL,Month-to-month,Credit card,41.13,2384.85,3,1,15.85,3,No
CUST01779,Female,71,1,No,Yes,61,Yes,Fiber optic,Month-to-month,Electronic check,76.88,4798.73,2,1,52.33,3,Yes
CUST01780,Female,43,0,Yes,Yes,58,Yes,No,Two year,Electronic check,29.86,1674.61,3,2,83.8,1,No
CUST01781,Female,28,0,No,No,70,Yes,Fiber optic,Month-to-month,Electronic check,92.17,6145.14,4,2,47.29,1,Yes
CUST01782,Female,25,0,No,No,12,Yes,Fiber optic,Two year,Electronic check,100.11,1135.8,4,1,44.82,3,Yes
CUST01783,Female,61,1,Yes,No,9,No,Fiber optic,One year,Electronic check,74.49,637.1,4,1,29.03,3,Yes
CUST01784,Female,57,0,No,Yes,49,Yes,Fiber optic,Two year,Electronic check,95.29,4633.7,3,1,76.03,5,Yes
CUST01785,Male,60,1,Yes,No,17,Yes,No,Two year,Electronic check,37.24,374.73,3,0,40.45,2,No
CUST01786,Female,39,0,No,No,54,Yes,Fiber optic,Month-to-month,Bank transfer,98.9,5306.49,4,2,47.98,6,Yes
CUST01787,Female,37,0,No,No,44,Yes,Fiber optic,Month-to-month,Bank transfer,65.61,3018.84,2,3,19.07,1,No
CUST01788,Female,25,0,No,No,32,Yes,No,One year,Electronic check,33.86,1036.9,2,2,31.9,5,Yes
CUST01789,Male,46,0,Yes,Yes,35,Yes,DSL,One year,Electronic check,63.92,2169.72,0,1,50.39,6,No
CUST01790,Female,57,0,Yes,Yes,49,Yes,Fiber optic,Month-to-month,Bank transfer,91.81,4421.47,3,2,14.51,6,No
CUST01791,Male,43,0,No,No,54,No,No,Two year,Credit card,44.96,2443.16,2,1,34.54,4,No
CUST01792,Female,47,0,Yes,No,16,Yes,DSL,Month-to-month,Electronic check,62.96,855.03,0,0,62.96,3,No
CUST01793,Male,34,0,Yes,No,12,Yes,Fiber optic,Month-to-month,Bank transfer,94.47,1020.29,2,0,50.78,6,Yes
CUST01794,Male,37,0,Yes,No,8,Yes,DSL,One year,Electronic check,61.13,601.25,5,2,59.1,1,No
CUST01795,Female,69,1,Yes,No,21,Yes,No,Month-to-month,Credit card,23.05,551.16,7,1,27.51,3,Yes
CUST01796,Female,72,1,No,No,48,Yes,DSL,Month-to-month,Mailed check,64.37,3035.52,0,0,35.52,5,Yes
CUST01797,Male,33,0,Yes,No,8,Yes,DSL,Two year,Electronic check,54.75,486.63,4,0,46.85,3,Yes
CUST01798,Female,63,1,No,Yes,28,Yes,No,One year,Mailed check,26.16,640.51,5,1,29.74,3,No
CUST01799,Male,60,1,Yes,Yes,10,Yes,DSL,Two year,Electronic check,56.38,470.59,3,2,26.59,5,Yes
CUST01800,Male,24,0,Yes,No,52,Yes,Fiber optic,One year,Credit card,53.82,2703.4,3,2,28.98,2,No
CUST01801,Male,33,0,Yes,Yes,15,Yes,Fiber optic,One year,Credit card,77.62,1007.32,0,1,22.12,5,No
CUST01802,Male,62,1,Yes,Yes,4,Yes,DSL,One year,Bank transfer,71.47,276.41,4,1,27.92,3,Yes
CUST01803,Male,64,1,Yes,Yes,62,No,Fiber optic,Month-to-month,Electronic check,92.8,5952.62,0,2,50.38,2,Yes
CUST01804,Female,73,1,No,Yes,4,Yes,No,Month-to-month,Credit card,23.13,0.0,2,0,14.26,5,Yes
CUST01805,Male,65,1,Yes,Yes,41,Yes,Fiber optic,Month-to-month,Bank transfer,86.48,3714.28,1,0,37.88,5,Yes
CUST01806,Male,44,0,Yes,No,55,Yes,DSL,Two year,Credit card,50.33,2496.64,2,0,50.17,6,No
CUST01807,Female,70,1,Yes,No,28,Yes,DSL,Month-to-month,Electronic check,51.63,1495.55,4,2,27.14,6,No
CUST01808,Male,40,0,Yes,No,47,Yes,DSL,Month-to-month,Electronic check,60.08,2638.04,1,0,28.15,1,No
CUST01809,Female,41,0,No,No,9,Yes,Fiber optic,One year,Bank transfer,81.76,786.96,4,0,24.07,5,Yes
CUST01810,Female,26,0,No,No,2,Yes,Fiber optic,Month-to-month,Mailed check,73.7,66.11,4,2,42.09,3,Yes
CUST01811,Female,52,0,Yes,Yes,67,No,DSL,Month-to-month,Credit card,59.2,4038.21,3,0,51.14,1,No
CUST01812,Male,68,1,Yes,No,48,Yes,No,Month-to-month,Credit card,18.0,783.53,4,1,52.81,2,No
CUST01813,Male,37,0,No,Yes,69,Yes,DSL,Two year,Electronic check,78.89,5492.74,0,1,43.44,1,No
CUST01814,Male,54,0,Yes,No,28,Yes,Fiber optic,Month-to-month,Credit card,98.43,2734.4,0,2,49.96,4,Yes
CUST01815,Female,59,0,No,No,14,No,Fiber optic,Month-to-month,Electronic check,52.43,854.83,3,0,73.27,2,Yes
CUST01816,Male,34,0,Yes,No,46,Yes,DSL,Month-to-month,Bank transfer,70.06,3203.34,3,3,7.56,4,No
CUST01817,Female,64,1,No,No,13,No,No,Month-to-month,Mailed check,22.02,306.94,3,0,35.81,3,No
CUST01818,Male,48,0,No,No,16,Yes,Fiber optic,Month-to-month,Bank transfer,76.8,1234.35,3,1,67.59,6,Yes
CUST01819,Female,72,1,No,No,40,Yes,DSL,Two year,Electronic check,69.04,2848.9,3,2,34.26,2,No
CUST01820,Male,74,1,Yes,Yes,72,Yes,Fiber optic,Month-to-month,Credit card,82.85,6058.26,2,0,21.53,2,No
CUST01821,Male,25,0,Yes,No,30,Yes,DSL,Month-to-month,Electronic check,55.35,1664.09,5,2,54.86,1,No
CUST01822,Male,32,0,Yes,No,65,Yes,DSL,Two year,Electronic check,44.06,2690.24,5,2,95.44,4,No
CUST01823,Female,48,0,Yes,No,58,Yes,Fiber optic,One year,Electronic check,98.73,5628.42,3,1,14.72,4,No
CUST01824,Female,70,1,Yes,Yes,48,Yes,DSL,Month-to-month,Electronic check,72.44,3555.18,3,1,65.31,1,Yes
CUST01825,Male,47,0,Yes,No,49,Yes,Fiber optic,Month-to-month,Bank transfer,87.42,4128.29,1,0,21.18,1,Yes
CUST01826,Male,63,1,No,Yes,2,Yes,Fiber optic,Two year,Credit card,67.51,60.99,4,0,33.83,6,Yes
CUST01827,Female,37,0,No,Yes,14,Yes,DSL,Month-to-month,Mailed check,63.63,829.38,1,1,51.71,1,Yes
CUST01828,Female,56,0,Yes,No,17,Yes,Fiber optic,One year,Electronic check,94.62,1584.73,4,3,35.71,1,Yes
CUST01829,Female,70,1,Yes,Yes,31,Yes,DSL,Month-to-month,Credit card,59.68,1811.99,4,0,50.56,6,No
CUST01830,Male,72,1,No,No,10,Yes,Fiber optic,Month-to-month,Electronic check,98.22,985.4,2,2,37.33,6,Yes
CUST01831,Female,29,0,No,No,70,Yes,DSL,One year,Electronic check,62.03,4234.64,3,3,55.31,5,No
CUST01832,Male,66,1,No,No,37,Yes,Fiber optic,Month-to-month,Mailed check,89.56,3226.18,0,1,24.78,1,No
CUST01833,Female,34,0,Yes,No,64,Yes,DSL,Month-to-month,Credit card,77.77,5154.32,1,2,50.18,1,No
CUST01834,Male,59,0,Yes,No,30,Yes,DSL,Two year,Mailed check,54.1,1762.65,0,1,35.71,1,No
CUST01835,Female,47,0,Yes,No,34,Yes,No,Month-to-month,Credit card,18.0,662.74,1,1,30.56,6,No
CUST01836,Female,46,0,Yes,No,18,Yes,No,Month-to-month,Electronic check,23.65,486.62,1,2,18.83,5,Yes
CUST01837,Female,36,0,No,No,63,Yes,Fiber optic,One year,Electronic check,76.54,4847.59,1,2,17.03,3,No
CUST01838,Female,63,1,No,No,49,Yes,Fiber optic,One year,Mailed check,63.67,3112.74,3,4,40.26,3,No
CUST01839,Female,28,0,Yes,Yes,56,No,DSL,Month-to-month,Electronic check,67.46,3688.97,0,2,22.41,1,No
CUST01840,Male,51,0,No,No,58,Yes,DSL,One year,Mailed check,60.01,3623.64,3,2,16.54,2,No
CUST01841,Female,67,1,Yes,Yes,27,Yes,Fiber optic,Month-to-month,Credit card,57.68,1742.29,2,0,75.64,6,No
CUST01842,Female,24,0,No,Yes,55,Yes,Fiber optic,One year,Electronic check,108.19,5893.18,3,1,33.11,5,No
CUST01843,Female,61,1,No,Yes,19,Yes,DSL,Two year,Credit card,51.27,1081.89,4,0,30.21,1,No
CUST01844,Male,75,1,Yes,No,23,Yes,No,Two year,Electronic check,20.07,415.77,3,3,11.82,5,No
CUST01845,Female,51,0,Yes,No,47,Yes,No,One year,Electronic check,32.53,1446.99,2,0,38.86,5,No
CUST01846,Male,37,0,No,Yes,66,Yes,Fiber optic,Month-to-month,Bank transfer,91.42,5986.83,3,2,56.82,6,Yes
CUST01847,Female,67,1,No,No,51,Yes,Fiber optic,Month-to-month,Credit card,101.38,5129.36,1,0,39.95,3,Yes
CUST01848,Female,55,0,No,No,28,Yes,Fiber optic,Month-to-month,Credit card,52.3,1520.77,5,3,70.25,6,Yes
CUST01849,Male,41,0,No,No,57,Yes,DSL,Month-to-month,Electronic check,56.57,3176.09,3,0,59.5,4,No
CUST01850,Female,27,0,No,No,58,Yes,DSL,Month-to-month,Electronic check,61.61,3654.96,4,0,29.37,4,Yes
CUST01851,Male,49,0,Yes,No,15,No,DSL,Two year,Credit card,75.62,1057.33,3,2,35.82,4,No
CUST01852,Male,69,1,Yes,No,16,Yes,DSL,Two year,Credit card,49.86,787.86,2,2,58.91,1,No
CUST01853,Female,32,0,No,No,47,Yes,Fiber optic,Month-to-month,Bank transfer,79.89,3637.63,2,1,12.51,4,Yes
CUST01854,Male,54,0,Yes,No,63,Yes,Fiber optic,One year,Credit card,87.11,5353.59,1,0,27.26,1,No
CUST01855,Female,37,0,No,Yes,12,Yes,No,One year,Bank transfer,31.09,405.81,2,2,37.14,2,Yes
CUST01856,Female,20,0,Yes,No,43,Yes,Fiber optic,Month-to-month,Electronic check,68.36,2946.33,3,1,56.39,6,Yes
CUST01857,Male,54,0,Yes,No,29,Yes,Fiber optic,Month-to-month,Electronic check,97.17,2767.91,2,1,52.58,3,Yes
CUST01858,Male,74,1,Yes,No,49,Yes,DSL,Month-to-month,Electronic check,52.92,2496.4,3,1,26.15,2,Yes
CUST01859,Male,57,0,No,No,3,Yes,DSL,Month-to-month,Bank transfer,64.5,73.41,2,0,54.71,1,Yes
CUST01860,Male,25,0,Yes,No,69,Yes,No,One year,Bank transfer,23.46,1650.57,5,1,86.61,2,No
CUST01861,Female,57,0,No,Yes,60,Yes,Fiber optic,Two year,Electronic check,89.12,5274.26,1,0,53.06,6,No
CUST01862,Female,61,1,No,No,66,No,DSL,Month-to-month,Electronic check,62.55,4287.83,2,1,36.19,4,Yes
CUST01863,Male,73,1,No,Yes,26,Yes,DSL,One year,Bank transfer,75.32,1972.61,4,3,51.53,2,No
CUST01864,Female,40,0,No,No,71,Yes,No,Month-to-month,Mailed check,23.11,1690.26,1,0,21.67,5,No
CUST01865,Female,57,0,Yes,No,69,Yes,DSL,Two year,Bank transfer,56.37,4027.28,3,1,11.78,5,No
CUST01866,Female,28,0,No,Yes,47,Yes,DSL,Two year,Electronic check,72.82,3336.6,4,0,51.09,3,No
CUST01867,Female,63,1,Yes,No,42,Yes,Fiber optic,Month-to-month,Credit card,106.0,4493.78,2,1,52.35,2,Yes
CUST01868,Male,25,0,Yes,No,31,Yes,DSL,Two year,Bank transfer,55.24,1759.55,2,1,41.08,1,No
CUST01869,Male,46,0,Yes,Yes,22,Yes,Fiber optic,Month-to-month,Electronic check,95.39,2043.8,1,1,44.76,3,Yes
CUST01870,Female,47,0,No,No,17,Yes,Fiber optic,Month-to-month,Credit card,72.19,1070.67,4,1,51.9,4,Yes
CUST01871,Male,73,1,No,No,20,Yes,Fiber optic,One year,Electronic check,95.47,1690.7,5,0,46.81,4,No
CUST01872,Male,27,0,No,No,8,Yes,DSL,Month-to-month,Electronic check,71.04,474.62,2,2,42.63,5,Yes
CUST01873,Male,56,0,No,Yes,49,Yes,Fiber optic,Month-to-month,Mailed check,80.87,4071.22,1,0,46.49,3,No
CUST01874,Female,45,0,No,No,38,Yes,No,One year,Mailed check,33.89,1206.56,5,2,30.95,4,No
CUST01875,Female,66,1,Yes,No,53,Yes,DSL,Month-to-month,Credit card,56.85,3106.13,4,2,7.25,2,No
CUST01876,Female,53,0,No,Yes,28,Yes,Fiber optic,Month-to-month,Electronic check,85.36,2310.89,1,1,26.25,3,Yes
CUST01877,Male,30,0,Yes,Yes,29,Yes,DSL,Month-to-month,Bank transfer,64.69,1877.57,2,0,61.2,2,No
CUST01878,Female,49,0,No,No,72,Yes,Fiber optic,Month-to-month,Electronic check,70.6,5133.22,5,0,27.19,2,Yes
CUST01879,Female,53,0,No,No,11,Yes,Fiber optic,Month-to-month,Electronic check,64.62,810.97,3,1,68.74,6,Yes
CUST01880,Male,54,0,No,Yes,47,Yes,DSL,Month-to-month,Credit card,63.36,2928.93,1,2,38.12,2,Yes
CUST01881,Female,43,0,No,No,45,Yes,No,Two year,Credit card,19.06,790.69,2,2,27.92,3,No
CUST01882,Female,39,0,Yes,No,18,Yes,DSL,Two year,Electronic check,45.35,615.45,2,2,45.25,3,No
CUST01883,Male,21,0,No,No,50,Yes,DSL,Month-to-month,Credit card,69.23,3415.66,2,1,57.27,5,Yes
CUST01884,Male,48,0,Yes,Yes,49,Yes,DSL,Month-to-month,Electronic check,78.2,4161.02,3,0,69.18,3,No
CUST01885,Male,35,0,No,No,22,Yes,Fiber optic,One year,Mailed check,97.86,2128.25,2,1,68.77,6,No
CUST01886,Female,55,0,No,Yes,45,Yes,DSL,Two year,Mailed check,45.78,1915.09,3,2,13.52,1,No
CUST01887,Female,41,0,No,No,61,Yes,DSL,Month-to-month,Bank transfer,62.14,3772.55,2,3,30.88,3,No
CUST01888,Female,73,1,No,No,21,Yes,Fiber optic,Two year,Credit card,80.36,1758.73,5,5,32.77,6,No
CUST01889,Male,40,0,Yes,No,71,Yes,No,Month-to-month,Electronic check,18.18,1228.03,1,1,35.29,5,Yes
CUST01890,Male,39,0,Yes,No,61,Yes,DSL,Two year,Bank transfer,61.02,3610.64,2,2,69.85,3,No
CUST01891,Female,19,0,No,No,36,Yes,Fiber optic,Month-to-month,Mailed check,83.99,3274.9,7,3,46.67,1,Yes
CUST01892,Female,48,0,Yes,No,24,No,No,Two year,Electronic check,23.14,592.56,6,2,13.38,3,Yes
CUST01893,Male,72,1,Yes,Yes,32,Yes,Fiber optic,Month-to-month,Credit card,99.82,3347.4,0,3,25.83,5,Yes
CUST01894,Male,28,0,No,No,59,Yes,No,Two year,Electronic check,35.4,2048.57,5,0,28.92,1,No
CUST01895,Male,45,0,No,Yes,5,Yes,Fiber optic,Month-to-month,Credit card,80.15,578.09,1,1,25.62,5,Yes
CUST01896,Male,63,1,No,No,16,Yes,DSL,Month-to-month,Credit card,57.85,1016.34,3,2,18.82,6,No
CUST01897,Female,49,0,Yes,No,11,Yes,DSL,Two year,Mailed check,57.03,678.45,1,0,37.61,4,No
CUST01898,Male,22,0,No,No,35,No,DSL,One year,Electronic check,66.18,2193.43,3,2,51.08,2,Yes
CUST01899,Female,55,0,Yes,No,42,Yes,Fiber optic,One year,Credit card,89.97,3705.17,4,2,34.66,5,Yes
CUST01900,Female,27,0,No,No,10,Yes,Fiber optic,Month-to-month,Mailed check,74.36,788.61,3,1,13.39,4,Yes
CUST01901,Female,57,0,Yes,No,8,Yes,Fiber optic,One year,Credit card,83.07,629.83,3,2,43.16,3,Yes
CUST01902,Male,63,1,No,No,26,Yes,No,Two year,Mailed check,18.0,505.25,3,2,43.73,1,Yes
CUST01903,Male,41,0,No,Yes,3,Yes,Fiber optic,Month-to-month,Electronic check,61.43,136.61,3,0,14.48,6,No
CUST01904,Male,52,0,Yes,No,59,Yes,DSL,One year,Mailed check,45.83,2746.12,7,1,36.55,5,No
CUST01905,Male,61,1,No,No,3,Yes,DSL,Two year,Electronic check,56.98,105.41,5,0,29.02,1,No
CUST01906,Female,65,1,No,No,38,Yes,No,One year,Mailed check,29.89,1180.85,3,0,25.95,6,No
CUST01907,Male,40,0,Yes,Yes,2,Yes,Fiber optic,Two year,Electronic check,73.26,45.67,3,0,36.35,4,No
CUST01908,Male,34,0,No,No,17,Yes,No,Two year,Credit card,23.99,373.55,2,0,46.62,6,No
CUST01909,Female,18,0,Yes,Yes,36,Yes,Fiber optic,One year,Electronic check,88.28,3156.58,3,3,43.9,6,Yes
CUST01910,Male,72,1,No,Yes,2,Yes,DSL,One year,Credit card,78.43,66.68,5,3,30.7,5,No
CUST01911,Female,48,0,No,Yes,34,Yes,DSL,Two year,Electronic check,60.67,1998.61,3,3,24.21,3,No
CUST01912,Female,48,0,Yes,No,27,Yes,Fiber optic,Two year,Mailed check,86.51,2363.78,3,2,16.77,3,No
CUST01913,Female,59,0,No,No,37,Yes,Fiber optic,Two year,Electronic check,75.92,2879.82,4,0,26.53,6,Yes
CUST01914,Female,74,1,Yes,No,71,Yes,DSL,Month-to-month,Bank transfer,82.04,5849.91,3,0,35.2,3,No
CUST01915,Female,72,1,Yes,Yes,22,No,Fiber optic,Month-to-month,Electronic check,96.47,2173.02,3,2,76.62,2,Yes
CUST01916,Female,59,0,No,No,68,No,No,One year,Bank transfer,18.0,1232.58,3,0,62.62,3,No
CUST01917,Female,70,1,No,No,14,Yes,Fiber optic,One year,Credit card,107.47,1435.09,0,3,25.91,2,Yes
CUST01918,Female,73,1,Yes,No,23,No,No,Month-to-month,Mailed check,30.73,534.1,4,0,27.66,5,No
CUST01919,Male,51,0,Yes,No,44,Yes,DSL,Month-to-month,Credit card,62.81,2710.69,2,1,21.07,5,No
CUST01920,Male,26,0,Yes,No,65,Yes,No,Month-to-month,Electronic check,30.28,1956.04,6,1,66.08,4,Yes
CUST01921,Male,39,0,No,No,61,Yes,DSL,One year,Electronic check,73.63,4428.65,3,0,73.65,4,No
CUST01922,Male,30,0,Yes,No,55,Yes,DSL,Two year,Bank transfer,50.96,2958.09,2,0,50.3,1,No
CUST01923,Female,42,0,Yes,No,71,Yes,Fiber optic,Two year,Bank transfer,79.16,5648.0,3,1,30.93,5,No
CUST01924,Male,65,1,No,No,50,Yes,DSL,Month-to-month,Bank transfer,59.54,2967.85,4,2,36.57,1,No
CUST01925,Female,35,0,Yes,No,12,Yes,Fiber optic,Month-to-month,Electronic check,66.4,851.51,0,0,20.13,4,Yes
CUST01926,Male,68,1,Yes,No,15,Yes,Fiber optic,Month-to-month,Credit card,95.94,1641.35,3,0,35.09,1,No
CUST01927,Male,29,0,Yes,No,17,Yes,DSL,Month-to-month,Mailed check,56.69,935.58,1,1,18.54,4,Yes
CUST01928,Male,57,0,Yes,No,34,Yes,DSL,One year,Electronic check,55.37,1786.16,8,0,23.37,2,No
CUST01929,Female,34,0,Yes,Yes,35,No,Fiber optic,Month-to-month,Electronic check,75.36,2669.78,4,1,22.86,4,Yes
CUST01930,Male,32,0,No,No,39,Yes,DSL,Month-to-month,Bank transfer,59.59,2209.08,4,0,55.98,5,Yes
CUST01931,Female,59,0,Yes,Yes,55,Yes,DSL,Month-to-month,Electronic check,61.87,3307.51,4,3,26.51,5,No
CUST01932,Female,32,0,No,Yes,59,Yes,Fiber optic,Month-to-month,Bank transfer,99.94,6038.86,5,0,25.37,2,Yes
CUST01933,Male,32,0,No,Yes,5,Yes,DSL,Month-to-month,Credit card,72.29,491.03,3,3,11.99,2,Yes
CUST01934,Male,72,1,No,No,30,Yes,DSL,Month-to-month,Mailed check,46.4,1457.02,2,1,25.34,4,Yes
CUST01935,Male,56,0,No,No,4,Yes,Fiber optic,Month-to-month,Mailed check,91.91,406.63,4,2,12.6,5,No
CUST01936,Female,30,0,Yes,No,15,Yes,DSL,Month-to-month,Bank transfer,74.76,999.3,2,4,43.81,4,No
CUST01937,Male,34,0,Yes,No,35,Yes,DSL,Month-to-month,Electronic check,57.33,1925.69,4,2,86.29,4,Yes
CUST01938,Female,49,0,Yes,No,55,Yes,DSL,One year,Electronic check,57.96,3320.1,2,1,42.75,6,No
CUST01939,Female,26,0,Yes,No,66,Yes,Fiber optic,Two year,Mailed check,79.05,5166.61,3,1,32.59,2,No
CUST01940,Male,57,0,No,No,60,Yes,DSL,Month-to-month,Credit card,66.46,3907.61,3,0,51.01,4,No
CUST01941,Male,37,0,No,No,24,Yes,Fiber optic,One year,Bank transfer,89.31,2124.45,3,1,35.11,4,No
CUST01942,Female,43,0,No,Yes,22,Yes,Fiber optic,Two year,Credit card,99.69,2250.88,2,1,40.99,2,No
CUST01943,Female,44,0,Yes,No,44,Yes,Fiber optic,Month-to-month,Electronic check,83.33,3645.77,0,4,84.68,6,No
CUST01944,Female,38,0,No,No,32,Yes,No,Month-to-month,Electronic check,35.08,1104.76,4,1,47.78,2,No
CUST01945,Male,35,0,Yes,No,51,Yes,DSL,Month-to-month,Electronic check,67.17,3207.86,4,2,19.01,3,Yes
CUST01946,Female,30,0,No,No,3,Yes,Fiber optic,Month-to-month,Bank transfer,102.65,300.87,1,1,44.44,4,No
CUST01947,Male,33,0,Yes,No,70,No,Fiber optic,One year,Bank transfer,76.06,5423.94,1,0,52.8,6,No
CUST01948,Female,26,0,No,No,32,Yes,Fiber optic,Month-to-month,Electronic check,108.51,3465.46,1,1,60.22,3,Yes
CUST01949,Female,29,0,Yes,No,2,Yes,Fiber optic,Two year,Credit card,76.67,360.33,0,3,48.67,6,No
CUST01950,Male,61,1,No,No,59,Yes,DSL,Month-to-month,Mailed check,53.9,3107.87,3,0,33.15,6,No
CUST01951,Female,55,0,No,Yes,14,Yes,DSL,Two year,Bank transfer,55.28,724.97,2,2,42.68,2,No
CUST01952,Male,36,0,No,No,51,Yes,No,Two year,Credit card,21.0,1003.95,2,0,24.4,6,No
CUST01953,Male,24,0,Yes,No,11,Yes,No,Two year,Electronic check,40.15,371.8,1,0,53.55,5,No
CUST01954,Female,74,1,No,No,10,Yes,DSL,Two year,Mailed check,66.26,716.29,1,0,57.31,3,No
CUST01955,Male,52,0,No,No,58,Yes,Fiber optic,Month-to-month,Credit card,92.44,5334.03,3,1,22.36,1,No
CUST01956,Male,65,1,Yes,Yes,34,Yes,Fiber optic,One year,Mailed check,56.63,2119.85,2,0,11.39,1,No
CUST01957,Female,35,0,Yes,Yes,53,Yes,DSL,Month-to-month,Bank transfer,75.43,4022.51,1,0,9.89,6,No
CUST01958,Male,33,0,Yes,No,28,No,DSL,Two year,Bank transfer,47.54,1243.92,5,1,40.16,3,No
CUST01959,Male,72,1,Yes,No,18,Yes,DSL,Month-to-month,Mailed check,59.56,972.82,1,1,56.21,1,Yes
CUST01960,Male,56,0,No,No,26,Yes,No,Month-to-month,Bank transfer,19.37,670.29,0,3,29.17,5,Yes
CUST01961,Female,21,0,No,Yes,7,Yes,No,Two year,Electronic check,26.92,210.51,4,0,35.61,4,No
CUST01962,Male,42,0,Yes,No,45,Yes,Fiber optic,Month-to-month,Electronic check,108.01,4990.97,1,0,38.31,5,Yes
CUST01963,Female,49,0,No,Yes,45,No,Fiber optic,Month-to-month,Electronic check,70.58,3183.05,4,1,37.87,1,Yes
CUST01964,Female,57,0,No,No,71,Yes,DSL,Month-to-month,Electronic check,51.37,3648.86,2,0,26.64,6,Yes
CUST01965,Male,30,0,Yes,No,35,Yes,DSL,One year,Electronic check,61.67,2292.43,2,0,19.12,4,Yes
CUST01966,Male,62,1,No,No,52,No,Fiber optic,One year,Credit card,108.55,5681.88,3,1,39.8,1,No
CUST01967,Male,34,0,No,No,21,Yes,DSL,One year,Electronic check,54.9,1189.08,5,0,40.74,3,No
CUST01968,Female,66,1,No,Yes,28,Yes,DSL,Two year,Credit card,51.41,1398.95,5,0,59.95,5,No
CUST01969,Male,54,0,Yes,No,44,Yes,DSL,Month-to-month,Mailed check,61.97,2813.82,3,1,40.47,4,Yes
CUST01970,Male,23,0,No,No,56,Yes,Fiber optic,Month-to-month,Bank transfer,85.11,4758.73,3,3,52.24,2,Yes
CUST01971,Male,36,0,Yes,Yes,10,Yes,No,One year,Mailed check,18.0,124.49,1,1,39.41,5,No
CUST01972,Male,30,0,No,Yes,23,Yes,DSL,One year,Electronic check,55.14,1483.47,1,1,61.92,2,No
CUST01973,Male,74,1,Yes,No,48,Yes,Fiber optic,Month-to-month,Credit card,55.48,2633.08,4,1,16.9,3,Yes
CUST01974,Female,43,0,No,Yes,52,Yes,DSL,Month-to-month,Electronic check,59.64,3022.24,2,1,33.73,6,No
CUST01975,Female,31,0,Yes,Yes,15,Yes,DSL,Month-to-month,Credit card,45.05,789.49,2,1,36.78,1,No
CUST01976,Male,48,0,Yes,No,55,No,No,Month-to-month,Credit card,44.75,2529.12,5,2,53.54,3,Yes
CUST01977,Male,71,1,No,No,43,Yes,Fiber optic,Month-to-month,Electronic check,93.32,3946.47,2,0,30.18,2,Yes
CUST01978,Male,21,0,Yes,No,50,Yes,No,Month-to-month,Electronic check,27.03,1343.61,5,1,40.39,4,Yes
CUST01979,Male,56,0,No,No,6,Yes,Fiber optic,Month-to-month,Bank transfer,92.9,624.29,2,2,18.88,3,Yes
CUST01980,Female,25,0,No,Yes,33,Yes,DSL,Month-to-month,Bank transfer,54.1,1806.43,0,0,28.07,1,Yes
CUST01981,Male,42,0,No,No,62,Yes,DSL,One year,Credit card,58.29,3692.58,4,2,25.39,4,No
CUST01982,Female,30,0,Yes,Yes,55,Yes,Fiber optic,Two year,Electronic check,92.58,5091.24,3,0,23.64,4,No
CUST01983,Female,49,0,No,No,39,Yes,DSL,Month-to-month,Credit card,48.29,1965.12,0,2,23.39,1,No
CUST01984,Male,55,0,No,Yes,12,No,No,Month-to-month,Electronic check,30.46,334.63,1,2,24.38,4,Yes
CUST01985,Female,55,0,No,No,31,Yes,DSL,Two year,Mailed check,85.29,2579.4,2,1,68.26,6,No
CUST01986,Female,73,1,Yes,No,53,Yes,DSL,Month-to-month,Mailed check,42.24,2344.02,3,1,21.7,6,No
CUST01987,Female,45,0,No,Yes,34,Yes,Fiber optic,Two year,Electronic check,92.99,3190.77,1,2,40.87,5,No
CUST01988,Female,70,1,No,No,41,Yes,Fiber optic,Month-to-month,Electronic check,72.72,3050.22,2,0,20.96,4,Yes
CUST01989,Male,47,0,Yes,Yes,10,Yes,Fiber optic,Two year,Credit card,95.36,1076.03,1,2,29.78,2,No
CUST01990,Male,20,0,Yes,No,52,Yes,No,Month-to-month,Electronic check,27.71,1383.66,5,0,38.43,5,Yes
CUST01991,Female,45,0,Yes,No,57,Yes,DSL,Month-to-month,Mailed check,82.56,4759.16,3,1,16.6,3,No
CUST01992,Male,20,0,No,Yes,3,Yes,No,Two year,Bank transfer,38.61,347.83,4,3,41.96,4,No
CUST01993,Male,62,1,No,No,57,Yes,Fiber optic,Two year,Electronic check,63.28,3590.95,2,1,30.09,1,Yes
CUST01994,Male,71,1,No,Yes,33,Yes,DSL,Month-to-month,Electronic check,69.17,2161.97,0,0,41.37,5,Yes
CUST01995,Male,51,0,Yes,No,7,Yes,Fiber optic,Two year,Bank transfer,96.21,755.67,2,0,46.91,4,Yes
CUST01996,Male,33,0,Yes,No,4,Yes,DSL,Month-to-month,Credit card,74.27,130.6,3,2,25.44,2,Yes
CUST01997,Female,39,0,No,No,39,Yes,Fiber optic,One year,Credit card,92.09,3481.75,4,0,42.36,6,Yes
CUST01998,Male,49,0,No,No,48,Yes,Fiber optic,Month-to-month,Electronic check,93.95,4510.22,1,1,51.55,4,Yes
CUST01999,Male,55,0,No,Yes,16,Yes,DSL,Month-to-month,Electronic check,47.61,758.88,0,1,57.26,4,Yes
CUST02000,Male,25,0,No,No,38,Yes,Fiber optic,One year,Bank transfer,91.33,3489.36,4,1,40.9,5,No
CUST02001,Male,72,1,Yes,No,4,Yes,DSL,Month-to-month,Credit card,57.4,450.29,3,1,29.84,6,Yes
CUST02002,Female,25,0,No,Yes,4,Yes,DSL,Month-to-month,Electronic check,68.2,281.26,0,2,51.62,2,Yes
CUST02003,Female,74,1,Yes,No,27,Yes,DSL,Month-to-month,Electronic check,58.87,1531.75,2,2,24.96,4,Yes
CUST02004,Female,23,0,Yes,No,17,Yes,No,Month-to-month,Credit card,28.58,421.75,1,2,44.71,5,Yes
CUST02005,Female,31,0,No,No,70,No,Fiber optic,One year,Bank transfer,94.24,6551.19,2,2,33.95,1,No
CUST02006,Male,49,0,Yes,Yes,54,Yes,DSL,Month-to-month,Electronic check,67.62,3530.11,2,2,60.05,4,Yes
CUST02007,Female,52,0,Yes,Yes,8,Yes,DSL,Two year,Bank transfer,51.07,464.57,4,1,37.06,3,No
CUST02008,Male,27,0,Yes,No,53,No,DSL,Month-to-month,Electronic check,89.03,4748.76,1,0,23.85,1,Yes
CUST02009,Male,20,0,Yes,No,5,Yes,Fiber optic,Month-to-month,Electronic check,88.81,490.73,1,2,22.31,4,Yes
CUST02010,Male,29,0,No,No,69,Yes,DSL,Month-to-month,Bank transfer,67.58,4743.09,0,2,42.24,1,No
CUST02011,Male,66,1,Yes,Yes,47,Yes,Fiber optic,One year,Bank transfer,85.89,4098.76,3,2,38.76,3,No
CUST02012,Male,48,0,Yes,No,40,Yes,Fiber optic,Month-to-month,Electronic check,68.38,2597.05,1,0,15.74,1,Yes
CUST02013,Female,46,0,Yes,No,7,No,Fiber optic,Month-to-month,Electronic check,96.74,649.06,5,2,92.61,4,No
CUST02014,Female,22,0,Yes,Yes,12,Yes,Fiber optic,Month-to-month,Electronic check,89.03,1044.36,6,0,36.85,6,Yes
CUST02015,Female,69,1,Yes,Yes,25,Yes,Fiber optic,Two year,Bank transfer,98.33,2595.98,2,3,41.83,3,Yes
CUST02016,Female,42,0,No,No,28,Yes,Fiber optic,Month-to-month,Electronic check,75.03,2247.35,3,0,54.97,6,Yes
CUST02017,Male,58,0,Yes,No,43,Yes,Fiber optic,Two year,Electronic check,80.02,3398.26,5,0,42.32,6,No
CUST02018,Female,48,0,No,No,47,Yes,Fiber optic,Month-to-month,Electronic check,89.02,4084.81,2,0,21.15,6,No
CUST02019,Male,38,0,No,No,49,No,Fiber optic,Month-to-month,Credit card,85.72,4216.13,4,0,33.53,6,No
CUST02020,Female,75,1,No,No,54,No,DSL,Month-to-month,Bank transfer,56.57,3022.91,2,3,22.16,2,Yes
CUST02021,Male,37,0,Yes,Yes,18,Yes,Fiber optic,Month-to-month,Electronic check,89.03,1594.18,2,1,24.04,5,Yes
CUST02022,Male,56,0,Yes,No,27,Yes,Fiber optic,Month-to-month,Credit card,106.45,2995.71,3,1,30.86,5,Yes
CUST02023,Female,39,0,No,No,72,Yes,Fiber optic,Two year,Electronic check,91.87,6641.53,1,2,40.62,4,No
CUST02024,Male,21,0,No,No,6,No,Fiber optic,Month-to-month,Credit card,102.6,567.61,1,2,32.41,5,Yes
CUST02025,Male,30,0,No,Yes,69,Yes,Fiber optic,Month-to-month,Electronic check,82.48,5625.24,2,5,22.92,5,No
CUST02026,Female,62,1,No,No,71,Yes,Fiber optic,Month-to-month,Electronic check,85.82,5949.62,2,2,3.88,4,Yes
CUST02027,Male,59,0,No,No,22,Yes,DSL,Month-to-month,Credit card,62.92,1440.48,4,1,65.81,4,No
CUST02028,Female,67,1,No,No,59,Yes,DSL,Month-to-month,Bank transfer,54.67,3253.75,3,2,51.51,1,No
CUST02029,Female,66,1,No,No,47,Yes,No,Two year,Bank transfer,27.01,1325.82,3,1,46.56,5,No
CUST02030,Female,37,0,Yes,No,68,Yes,DSL,Month-to-month,Credit card,78.81,5357.4,3,1,20.66,6,Yes
CUST02031,Male,69,1,No,No,32,Yes,DSL,One year,Electronic check,80.93,2484.14,2,1,30.24,1,Yes
CUST02032,Male,30,0,No,No,1,Yes,Fiber optic,Month-to-month,Electronic check,105.63,111.2,3,0,23.63,5,No
CUST02033,Male,34,0,Yes,No,54,Yes,DSL,Month-to-month,Credit card,63.67,3552.13,5,0,20.31,5,No
CUST02034,Female,71,1,No,Yes,46,Yes,Fiber optic,Month-to-month,Mailed check,74.21,3419.48,1,1,37.41,2,Yes
CUST02035,Male,53,0,No,No,41,Yes,DSL,Month-to-month,Mailed check,89.36,3828.03,3,3,33.59,5,No
CUST02036,Female,50,0,No,No,41,Yes,Fiber optic,Month-to-month,Credit card,77.29,3194.11,4,1,51.45,4,Yes
CUST02037,Female,18,0,No,No,8,Yes,DSL,Month-to-month,Credit card,78.29,823.09,2,1,31.05,5,Yes
CUST02038,Male,32,0,Yes,No,32,Yes,No,Month-to-month,Bank transfer,27.93,1098.66,3,1,19.02,3,No
CUST02039,Female,30,0,No,No,30,Yes,No,Two year,Electronic check,18.0,450.24,2,0,93.02,6,No
CUST02040,Male,34,0,No,Yes,46,Yes,Fiber optic,Month-to-month,Credit card,62.77,2822.75,1,1,30.54,2,No
CUST02041,Male,41,0,No,No,52,Yes,Fiber optic,One year,Electronic check,105.86,5459.01,5,1,52.2,1,Yes
CUST02042,Male,75,1,Yes,No,61,Yes,DSL,Month-to-month,Electronic check,53.11,3068.92,3,1,31.11,5,No
CUST02043,Male,25,0,Yes,Yes,13,Yes,DSL,Two year,Electronic check,44.88,629.84,2,1,32.49,5,No
CUST02044,Male,67,1,No,No,40,Yes,DSL,Month-to-month,Credit card,56.77,2314.46,3,1,28.3,1,Yes
CUST02045,Female,44,0,Yes,No,61,No,DSL,Month-to-month,Credit card,59.94,3675.55,1,0,24.89,2,No
CUST02046,Female,62,1,Yes,No,44,Yes,DSL,Two year,Bank transfer,64.45,2713.45,2,1,25.2,1,Yes
CUST02047,Female,40,0,No,No,62,Yes,No,Month-to-month,Bank transfer,27.55,1866.95,6,1,44.31,5,No
CUST02048,Male,63,1,No,No,44,Yes,DSL,One year,Mailed check,51.21,2065.2,4,0,35.53,1,No
CUST02049,Male,25,0,Yes,No,48,No,DSL,One year,Electronic check,60.02,2748.66,2,2,31.63,1,No
CUST02050,Male,25,0,Yes,Yes,59,Yes,DSL,Month-to-month,Credit card,80.61,4844.61,2,0,37.45,5,Yes
CUST02051,Female,43,0,Yes,No,57,No,DSL,Two year,Credit card,47.37,2731.68,1,0,68.94,2,No
CUST02052,Male,64,1,No,No,11,Yes,DSL,Two year,Bank transfer,65.65,660.74,5,3,111.5,4,Yes
CUST02053,Female,30,0,Yes,No,25,Yes,DSL,Two year,Electronic check,47.35,1189.25,2,2,10.15,2,No
CUST02054,Female,56,0,Yes,No,61,Yes,No,Two year,Electronic check,21.71,1337.23,2,2,70.09,4,No
CUST02055,Male,54,0,No,No,46,Yes,DSL,Month-to-month,Electronic check,73.59,3502.9,2,5,65.55,5,Yes
CUST02056,Male,66,1,No,Yes,54,Yes,Fiber optic,Month-to-month,Mailed check,54.5,2821.37,3,0,74.6,5,Yes
CUST02057,Female,45,0,No,No,34,Yes,DSL,One year,Mailed check,85.18,2925.31,1,1,21.12,4,No
CUST02058,Male,42,0,Yes,No,7,Yes,DSL,Month-to-month,Credit card,44.48,419.24,1,0,19.5,5,Yes
CUST02059,Female,33,0,Yes,No,62,Yes,Fiber optic,Month-to-month,Mailed check,54.86,3301.51,3,3,55.7,5,No
CUST02060,Male,72,1,No,No,57,Yes,DSL,Month-to-month,Electronic check,60.23,3427.95,1,1,26.77,4,No
CUST02061,Male,19,0,Yes,No,5,Yes,DSL,Two year,Electronic check,54.85,268.35,4,1,28.25,1,No
CUST02062,Female,71,1,No,No,35,Yes,DSL,Month-to-month,Bank transfer,52.58,1678.94,2,1,21.88,6,Yes
CUST02063,Male,35,0,Yes,Yes,37,No,DSL,Two year,Electronic check,67.7,2534.12,1,1,21.7,2,Yes
CUST02064,Female,34,0,Yes,No,60,Yes,DSL,Month-to-month,Electronic check,48.89,2968.59,3,2,29.81,2,No
CUST02065,Male,47,0,No,Yes,65,Yes,No,Month-to-month,Mailed check,29.56,2071.03,1,1,42.44,3,No
CUST02066,Female,56,0,No,Yes,16,Yes,Fiber optic,Two year,Credit card,97.41,1556.43,1,1,70.69,5,No
CUST02067,Female,30,0,No,No,30,Yes,Fiber optic,Two year,Mailed check,64.42,1976.38,1,0,60.79,1,No
CUST02068,Male,49,0,Yes,No,42,Yes,Fiber optic,Month-to-month,Electronic check,100.4,4364.02,0,1,12.48,1,Yes
CUST02069,Female,67,1,Yes,No,61,Yes,DSL,Month-to-month,Credit card,69.28,4161.9,4,1,58.5,5,Yes
CUST02070,Male,46,0,No,Yes,48,Yes,Fiber optic,Month-to-month,Electronic check,108.29,5079.83,0,1,37.35,2,Yes
CUST02071,Male,63,1,No,Yes,62,Yes,Fiber optic,Two year,Mailed check,85.08,5287.17,2,1,36.68,3,No
CUST02072,Male,47,0,Yes,Yes,64,Yes,DSL,Month-to-month,Electronic check,49.98,3179.0,6,1,41.42,3,Yes
CUST02073,Female,35,0,Yes,Yes,57,Yes,Fiber optic,Month-to-month,Credit card,103.81,5908.09,2,1,49.72,3,Yes
CUST02074,Female,30,0,Yes,Yes,68,Yes,DSL,One year,Electronic check,60.58,4077.14,1,1,35.4,4,No
CUST02075,Male,60,1,No,No,46,Yes,DSL,Month-to-month,Bank transfer,81.87,3682.04,2,0,48.76,6,No
CUST02076,Male,38,0,No,No,28,Yes,DSL,Month-to-month,Electronic check,68.51,2011.71,3,1,48.34,4,No
CUST02077,Female,47,0,No,No,3,Yes,Fiber optic,Two year,Electronic check,84.61,251.79,5,0,40.62,5,No
CUST02078,Male,38,0,Yes,No,37,No,DSL,Two year,Credit card,49.42,2053.09,0,1,20.69,3,No
CUST02079,Male,65,1,No,Yes,48,Yes,Fiber optic,Two year,Credit card,83.43,3900.64,2,0,40.86,1,No
CUST02080,Female,72,1,Yes,No,19,Yes,No,Month-to-month,Electronic check,32.5,818.14,3,2,69.92,4,No
CUST02081,Male,34,0,No,No,17,Yes,No,Two year,Electronic check,18.0,335.25,0,2,82.0,4,No
CUST02082,Female,57,0,No,No,40,Yes,Fiber optic,One year,Mailed check,78.92,3158.65,2,2,45.54,5,No
CUST02083,Male,36,0,Yes,No,50,No,Fiber optic,Month-to-month,Electronic check,60.78,2928.93,8,0,79.18,6,No
CUST02084,Female,69,1,Yes,No,29,No,Fiber optic,One year,Electronic check,69.38,1945.76,0,0,25.77,4,Yes
CUST02085,Male,32,0,Yes,Yes,51,Yes,Fiber optic,Month-to-month,Electronic check,75.83,3993.19,4,1,50.34,5,No
CUST02086,Male,26,0,Yes,No,42,Yes,DSL,One year,Mailed check,56.75,2116.95,0,0,62.41,1,No
CUST02087,Female,69,1,No,Yes,29,Yes,DSL,One year,Electronic check,64.24,1683.44,5,0,31.74,5,Yes
CUST02088,Male,27,0,No,Yes,66,Yes,Fiber optic,One year,Bank transfer,95.53,6143.79,3,1,74.71,3,No
CUST02089,Female,61,1,No,Yes,17,No,DSL,Month-to-month,Mailed check,76.6,1419.3,2,3,73.68,4,Yes
CUST02090,Male,48,0,No,No,31,Yes,No,One year,Credit card,37.83,1240.8,1,2,35.48,2,No
CUST02091,Female,70,1,No,No,52,Yes,DSL,Month-to-month,Electronic check,74.22,3758.14,1,3,25.65,5,No
CUST02092,Female,40,0,Yes,Yes,39,Yes,Fiber optic,Two year,Bank transfer,79.31,3045.93,1,1,24.37,1,Yes
CUST02093,Female,69,1,Yes,No,60,Yes,DSL,One year,Bank transfer,62.81,3781.58,0,1,40.21,3,No
CUST02094,Female,47,0,No,No,51,No,DSL,Month-to-month,Bank transfer,53.25,2817.72,1,2,37.29,5,Yes
CUST02095,Male,50,0,Yes,No,16,Yes,No,Month-to-month,Bank transfer,27.01,330.85,2,3,36.96,3,Yes
CUST02096,Male,74,1,No,No,14,Yes,Fiber optic,One year,Electronic check,82.59,1169.58,1,1,37.92,1,Yes
CUST02097,Female,69,1,Yes,No,42,Yes,Fiber optic,Month-to-month,Bank transfer,67.87,2816.11,0,1,23.14,3,No
CUST02098,Female,26,0,No,No,51,Yes,DSL,One year,Electronic check,77.42,3938.12,2,1,13.95,1,No
CUST02099,Female,71,1,No,No,24,No,DSL,Month-to-month,Credit card,80.5,1842.35,1,2,63.09,4,No
CUST02100,Male,64,1,Yes,No,43,No,DSL,One year,Credit card,50.9,2209.68,3,0,36.7,3,Yes
CUST02101,Male,18,0,Yes,No,19,No,Fiber optic,Month-to-month,Electronic check,92.81,1685.15,2,3,63.34,2,Yes
CUST02102,Male,61,1,No,Yes,61,Yes,DSL,Month-to-month,Electronic check,51.42,3146.17,0,0,13.6,2,No
CUST02103,Male,52,0,Yes,No,63,Yes,Fiber optic,Two year,Electronic check,83.81,5436.28,2,3,16.02,2,No
CUST02104,Female,28,0,Yes,Yes,26,Yes,Fiber optic,One year,Credit card,77.03,2107.15,2,1,4.83,5,No
CUST02105,Female,51,0,No,No,35,Yes,DSL,Month-to-month,Mailed check,52.47,1975.43,1,1,37.87,4,Yes
CUST02106,Female,33,0,Yes,Yes,67,Yes,Fiber optic,Two year,Credit card,87.85,5917.59,3,0,49.47,4,No
CUST02107,Male,26,0,No,No,56,Yes,Fiber optic,Month-to-month,Bank transfer,57.77,3348.4,2,1,58.27,1,No
CUST02108,Male,49,0,No,No,40,Yes,DSL,One year,Electronic check,53.73,1968.98,5,1,15.03,1,No
CUST02109,Male,32,0,Yes,No,29,Yes,DSL,Month-to-month,Electronic check,108.19,2968.05,2,1,28.77,5,Yes
CUST02110,Female,29,0,No,No,6,Yes,Fiber optic,Month-to-month,Electronic check,61.88,270.78,3,2,41.79,6,Yes
CUST02111,Female,50,0,No,No,52,Yes,DSL,Month-to-month,Electronic check,55.44,2789.28,1,1,24.52,6,No
CUST02112,Male,62,1,Yes,No,1,No,Fiber optic,Month-to-month,Credit card,89.32,194.11,1,0,27.63,3,Yes
CUST02113,Female,31,0,Yes,No,52,Yes,Fiber optic,Two year,Mailed check,82.31,4129.25,0,0,48.74,5,No
CUST02114,Male,74,1,Yes,Yes,24,Yes,DSL,Two year,Credit card,50.83,1084.25,3,1,12.22,2,No
CUST02115,Male,74,1,Yes,No,34,No,Fiber optic,Month-to-month,Credit card,99.52,3371.49,2,0,19.49,4,No
CUST02116,Female,25,0,Yes,No,7,Yes,No,Month-to-month,Electronic check,26.2,197.1,4,0,52.37,1,Yes
CUST02117,Male,25,0,Yes,No,11,Yes,Fiber optic,Two year,Electronic check,75.65,919.65,3,1,33.74,6,No
CUST02118,Female,44,0,Yes,No,36,Yes,DSL,Month-to-month,Electronic check,70.29,2503.7,2,0,24.32,6,No
CUST02119,Male,29,0,No,No,20,Yes,DSL,Month-to-month,Bank transfer,53.67,1055.13,2,2,18.89,1,Yes
CUST02120,Female,18,0,No,Yes,63,Yes,No,Month-to-month,Credit card,18.0,1222.72,4,2,32.83,4,No
CUST02121,Female,60,1,No,No,63,Yes,Fiber optic,Month-to-month,Electronic check,93.82,5820.67,2,0,31.84,6,Yes
CUST02122,Female,57,0,No,Yes,69,Yes,No,Month-to-month,Credit card,18.0,1254.27,1,1,68.58,2,Yes
CUST02123,Male,59,0,No,Yes,30,Yes,No,One year,Credit card,39.06,1228.8,6,0,37.13,2,No
CUST02124,Male,68,1,No,No,30,Yes,Fiber optic,Month-to-month,Electronic check,107.74,3195.16,3,0,9.22,2,Yes
CUST02125,Female,28,0,No,No,22,Yes,DSL,Two year,Credit card,66.56,1550.39,1,1,40.76,4,No
CUST02126,Female,56,0,Yes,Yes,61,Yes,Fiber optic,Month-to-month,Bank transfer,76.27,4566.79,3,1,39.86,5,Yes
CUST02127,Male,60,1,No,No,21,Yes,DSL,One year,Electronic check,47.19,1147.23,2,3,91.86,2,No
CUST02128,Male,48,0,Yes,No,37,Yes,DSL,Month-to-month,Bank transfer,29.13,1046.34,3,3,24.13,5,Yes
CUST02129,Male,34,0,Yes,No,27,Yes,Fiber optic,One year,Electronic check,109.24,2905.58,1,3,68.24,6,Yes
CUST02130,Female,50,0,No,No,35,Yes,DSL,Month-to-month,Bank transfer,48.37,1546.87,2,2,66.61,3,No
CUST02131,Male,49,0,Yes,No,38,Yes,Fiber optic,Month-to-month,Mailed check,90.31,3319.77,3,1,27.23,1,No
CUST02132,Male,75,1,Yes,Yes,60,Yes,DSL,Two year,Credit card,62.39,3662.24,4,1,27.45,5,No
CUST02133,Female,46,0,No,No,70,Yes,Fiber optic,Month-to-month,Electronic check,59.91,4080.9,2,1,11.77,6,Yes
CUST02134,Male,38,0,No,Yes,32,Yes,DSL,One year,Credit card,52.75,1569.75,2,2,44.65,3,No
CUST02135,Male,38,0,No,No,27,Yes,Fiber optic,Two year,Electronic check,68.0,1840.39,3,0,47.21,4,No
CUST02136,Male,57,0,No,No,3,No,Fiber optic,Month-to-month,Electronic check,96.9,350.81,1,0,45.79,3,No
CUST02137,Female,40,0,Yes,No,49,No,DSL,Month-to-month,Bank transfer,70.05,3460.41,2,0,27.22,3,No
CUST02138,Female,73,1,Yes,Yes,30,Yes,Fiber optic,Month-to-month,Electronic check,81.34,2120.51,3,3,61.73,1,Yes
CUST02139,Female,23,0,No,Yes,22,Yes,DSL,Two year,Electronic check,49.89,993.43,3,3,32.55,3,No
CUST02140,Female,39,0,Yes,No,19,Yes,No,Month-to-month,Bank transfer,26.5,617.21,1,0,15.99,6,Yes
CUST02141,Female,67,1,No,No,31,Yes,Fiber optic,One year,Bank transfer,101.61,3015.54,2,3,41.97,3,Yes
CUST02142,Female,55,0,Yes,No,20,Yes,DSL,One year,Electronic check,42.22,832.29,3,1,56.75,1,No
CUST02143,Female,54,0,Yes,No,19,Yes,Fiber optic,Month-to-month,Bank transfer,116.69,2107.49,3,1,31.82,4,Yes
CUST02144,Male,62,1,No,No,2,Yes,Fiber optic,One year,Mailed check,81.34,293.22,1,1,42.22,2,Yes
CUST02145,Male,68,1,No,Yes,40,Yes,Fiber optic,Month-to-month,Electronic check,83.22,3249.34,1,1,49.94,5,Yes
CUST02146,Female,71,1,No,Yes,39,Yes,No,Month-to-month,Credit card,37.82,1543.76,2,1,39.58,5,Yes
CUST02147,Male,25,0,No,No,72,Yes,Fiber optic,One year,Bank transfer,84.16,5987.08,4,2,36.67,3,No
CUST02148,Male,58,0,Yes,No,54,Yes,No,Month-to-month,Bank transfer,24.16,1062.05,2,0,52.18,2,No
CUST02149,Female,66,1,Yes,Yes,27,Yes,No,Month-to-month,Electronic check,18.0,533.1,3,1,24.73,2,Yes
CUST02150,Male,52,0,Yes,Yes,12,Yes,Fiber optic,One year,Electronic check,76.34,724.16,2,1,45.1,3,Yes
CUST02151,Male,68,1,Yes,No,71,No,DSL,One year,Bank transfer,51.53,3567.3,5,1,42.62,5,No
CUST02152,Male,28,0,Yes,Yes,17,Yes,DSL,Month-to-month,Mailed check,38.81,846.36,4,1,43.31,5,No
CUST02153,Male,41,0,No,No,10,No,Fiber optic,One year,Bank transfer,53.8,850.97,3,2,22.59,6,No
CUST02154,Male,66,1,Yes,No,19,Yes,Fiber optic,Month-to-month,Mailed check,81.53,1551.08,3,2,72.46,6,Yes
CUST02155,Female,38,0,No,Yes,30,Yes,Fiber optic,Two year,Credit card,64.28,1839.26,3,2,33.25,2,No
CUST02156,Female,68,1,No,Yes,30,Yes,DSL,One year,Mailed check,67.83,2037.49,1,1,36.64,2,No
CUST02157,Female,19,0,Yes,No,25,Yes,DSL,Month-to-month,Bank transfer,57.35,1302.35,2,1,44.2,3,No
CUST02158,Male,57,0,Yes,No,66,Yes,Fiber optic,Month-to-month,Mailed check,61.06,3987.74,1,1,84.92,5,No
CUST02159,Female,36,0,Yes,No,35,Yes,Fiber optic,One year,Electronic check,107.87,3935.69,4,2,59.15,5,No
CUST02160,Male,56,0,No,No,51,Yes,No,Two year,Bank transfer,21.59,1122.04,2,1,43.35,3,No
CUST02161,Male,45,0,Yes,No,71,Yes,Fiber optic,Month-to-month,Electronic check,92.73,6441.59,1,2,30.42,3,No
CUST02162,Male,34,0,Yes,No,71,Yes,DSL,Month-to-month,Electronic check,79.73,5701.47,4,1,115.25,4,No
CUST02163,Male,23,0,No,No,27,Yes,Fiber optic,Month-to-month,Credit card,84.49,2110.07,4,2,37.38,2,Yes
CUST02164,Female,36,0,Yes,Yes,10,Yes,DSL,Month-to-month,Electronic check,60.17,414.01,1,3,37.14,2,No
CUST02165,Female,73,1,No,No,43,Yes,No,One year,Electronic check,36.5,1646.08,2,0,31.67,2,No
CUST02166,Male,55,0,No,No,55,Yes,Fiber optic,Month-to-month,Mailed check,80.59,4356.08,2,0,16.76,1,No
CUST02167,Female,45,0,No,No,71,Yes,Fiber optic,One year,Bank transfer,101.1,7335.45,1,1,38.97,1,No
CUST02168,Male,19,0,Yes,No,6,Yes,DSL,Two year,Mailed check,59.11,249.22,2,0,60.7,6,No
CUST02169,Female,55,0,No,No,6,Yes,Fiber optic,Two year,Mailed check,87.55,648.05,5,5,42.86,3,Yes
CUST02170,Female,72,1,No,No,48,Yes,Fiber optic,Month-to-month,Credit card,87.35,4356.96,3,2,54.27,4,Yes
CUST02171,Male,54,0,Yes,Yes,2,Yes,DSL,One year,Electronic check,55.56,126.68,1,1,57.19,1,No
CUST02172,Female,68,1,Yes,Yes,51,Yes,Fiber optic,Two year,Electronic check,76.98,3895.72,1,2,29.34,2,No
CUST02173,Male,69,1,Yes,No,61,Yes,Fiber optic,Month-to-month,Credit card,75.21,4527.76,2,1,42.31,4,Yes
CUST02174,Female,21,0,No,Yes,19,Yes,DSL,Month-to-month,Credit card,44.45,790.76,1,0,49.74,5,No
CUST02175,Male,39,0,No,No,2,Yes,DSL,Two year,Credit card,54.64,0.0,2,1,49.88,3,No
CUST02176,Male,43,0,No,No,51,Yes,Fiber optic,Month-to-month,Credit card,81.02,4196.09,3,0,11.05,1,Yes
CUST02177,Female,66,1,No,No,26,Yes,DSL,Two year,Electronic check,64.89,1747.7,2,0,70.59,6,No
CUST02178,Female,60,1,Yes,No,70,Yes,DSL,Month-to-month,Credit card,58.89,4099.36,1,1,23.11,4,No
CUST02179,Male,53,0,Yes,No,20,Yes,DSL,Month-to-month,Electronic check,72.93,1461.6,4,4,50.67,1,Yes
CUST02180,Female,75,1,No,Yes,23,Yes,Fiber optic,Month-to-month,Mailed check,100.49,2265.88,2,1,60.41,6,Yes
CUST02181,Female,30,0,No,Yes,54,No,Fiber optic,Month-to-month,Electronic check,105.18,5558.08,4,1,20.18,1,No
CUST02182,Male,69,1,Yes,No,15,Yes,DSL,Month-to-month,Credit card,57.57,733.15,3,2,45.21,3,No
CUST02183,Male,75,1,No,Yes,6,No,DSL,Month-to-month,Electronic check,53.87,266.38,1,0,53.74,1,Yes
CUST02184,Female,49,0,No,No,35,Yes,DSL,Month-to-month,Bank transfer,43.59,1486.39,6,0,28.03,3,Yes
CUST02185,Male,34,0,No,Yes,8,Yes,Fiber optic,Month-to-month,Electronic check,104.63,952.59,1,2,66.82,3,Yes
CUST02186,Male,58,0,No,No,57,Yes,DSL,Month-to-month,Electronic check,46.15,2697.4,1,0,22.14,5,No
CUST02187,Male,53,0,No,No,50,Yes,DSL,Two year,Credit card,49.19,2613.53,2,1,37.77,2,No
CUST02188,Female,72,1,Yes,Yes,49,Yes,Fiber optic,Month-to-month,Mailed check,88.39,4400.13,2,1,31.99,5,Yes
CUST02189,Female,63,1,No,No,21,Yes,Fiber optic,Two year,Mailed check,80.37,1529.27,1,0,54.05,1,Yes
CUST02190,Male,36,0,Yes,No,36,Yes,DSL,Two year,Electronic check,77.37,2636.86,2,0,30.34,5,No
CUST02191,Female,75,1,No,No,71,Yes,DSL,Month-to-month,Bank transfer,50.79,3500.07,4,0,31.41,4,No
CUST02192,Male,52,0,Yes,No,69,Yes,Fiber optic,Month-to-month,Electronic check,85.44,5860.09,1,1,31.02,5,No
CUST02193,Female,63,1,No,No,58,Yes,DSL,Two year,Electronic check,37.77,2113.04,4,2,66.87,5,No
CUST02194,Male,57,0,No,No,63,Yes,DSL,One year,Credit card,74.79,4780.97,2,1,52.41,5,No
CUST02195,Male,73,1,Yes,No,16,Yes,DSL,Month-to-month,Electronic check,39.89,756.09,1,2,46.82,3,Yes
CUST02196,Female,45,0,Yes,No,6,No,DSL,One year,Bank transfer,89.85,418.27,4,1,101.13,6,Yes
CUST02197,Male,18,0,No,Yes,52,Yes,DSL,Month-to-month,Mailed check,58.59,2882.39,3,1,24.87,2,No
CUST02198,Female,59,0,No,No,2,Yes,Fiber optic,Month-to-month,Electronic check,80.69,325.82,6,0,66.95,5,Yes
CUST02199,Female,35,0,Yes,No,18,Yes,Fiber optic,Month-to-month,Electronic check,84.53,1544.68,0,1,99.14,5,Yes
CUST02200,Male,65,1,No,No,35,No,DSL,Month-to-month,Credit card,47.11,1595.32,5,0,20.01,2,Yes
CUST02201,Male,57,0,No,No,39,Yes,Fiber optic,Two year,Credit card,94.87,3858.09,5,1,92.59,6,Yes
CUST02202,Female,50,0,No,No,1,Yes,DSL,Two year,Mailed check,55.1,179.62,4,1,28.54,5,No
CUST02203,Male,29,0,Yes,No,37,Yes,DSL,One year,Mailed check,56.25,2022.09,3,1,37.28,2,Yes
CUST02204,Male,25,0,No,No,21,Yes,Fiber optic,Month-to-month,Credit card,104.28,2276.92,1,1,33.83,6,Yes
CUST02205,Male,41,0,No,No,1,Yes,DSL,Month-to-month,Electronic check,39.36,154.59,2,0,41.45,5,No
CUST02206,Male,33,0,No,No,4,Yes,DSL,Month-to-month,Bank transfer,57.65,314.46,2,2,36.79,5,Yes
CUST02207,Male,67,1,No,No,58,Yes,Fiber optic,Month-to-month,Electronic check,83.36,4961.69,4,1,28.83,6,Yes
CUST02208,Female,21,0,No,No,1,No,DSL,Month-to-month,Mailed check,61.66,0.0,3,0,45.5,4,Yes
CUST02209,Female,55,0,No,No,13,Yes,No,One year,Electronic check,20.55,269.76,2,3,36.63,4,No
CUST02210,Male,61,1,Yes,No,46,No,Fiber optic,Month-to-month,Credit card,80.21,3854.21,1,2,24.93,4,Yes
CUST02211,Male,44,0,Yes,Yes,47,Yes,DSL,Two year,Electronic check,82.19,3823.95,2,0,9.63,3,No
CUST02212,Male,26,0,Yes,Yes,7,Yes,Fiber optic,Two year,Credit card,92.49,582.92,3,2,59.32,1,No
CUST02213,Female,64,1,Yes,No,51,Yes,Fiber optic,One year,Credit card,73.31,3749.91,1,0,47.66,4,No
CUST02214,Male,33,0,No,No,3,Yes,Fiber optic,One year,Bank transfer,94.78,126.04,3,0,24.03,1,No
CUST02215,Female,73,1,No,No,50,Yes,DSL,Month-to-month,Bank transfer,60.55,3060.14,3,2,18.61,2,No
CUST02216,Female,29,0,No,No,26,Yes,Fiber optic,Month-to-month,Credit card,96.13,2332.79,2,2,25.84,1,No
CUST02217,Female,48,0,Yes,No,31,Yes,Fiber optic,Two year,Electronic check,81.94,2666.82,3,0,36.33,2,Yes
CUST02218,Male,41,0,No,Yes,62,Yes,DSL,One year,Mailed check,50.31,2957.1,0,0,45.75,1,No
CUST02219,Female,72,1,Yes,No,26,Yes,Fiber optic,Month-to-month,Bank transfer,59.97,1644.14,6,0,26.31,2,Yes
CUST02220,Male,31,0,Yes,No,67,Yes,Fiber optic,One year,Electronic check,102.29,6780.46,1,1,53.3,4,No
CUST02221,Female,62,1,Yes,No,55,Yes,Fiber optic,Two year,Bank transfer,95.26,5133.53,2,1,29.92,4,Yes
CUST02222,Male,42,0,No,No,28,Yes,Fiber optic,Month-to-month,Mailed check,90.35,2532.42,3,1,50.6,6,No
CUST02223,Female,51,0,Yes,Yes,44,Yes,DSL,Month-to-month,Credit card,67.79,3012.69,1,0,18.47,4,Yes
CUST02224,Male,20,0,No,No,38,Yes,Fiber optic,Two year,Electronic check,103.55,3944.1,5,0,23.08,2,Yes
CUST02225,Female,75,1,Yes,Yes,30,Yes,Fiber optic,Month-to-month,Credit card,59.75,1826.49,1,1,45.69,3,No
CUST02226,Male,41,0,No,No,66,Yes,No,Month-to-month,Electronic check,25.67,1763.32,2,0,38.72,1,Yes
CUST02227,Male,71,1,No,No,8,Yes,No,Month-to-month,Bank transfer,18.0,0.0,3,3,63.93,2,Yes
CUST02228,Male,59,0,No,No,14,Yes,DSL,Two year,Credit card,55.27,787.3,2,0,80.94,4,No
CUST02229,Male,26,0,No,No,62,Yes,No,Two year,Mailed check,27.64,1577.29,1,3,33.81,1,No
CUST02230,Female,43,0,No,No,63,Yes,DSL,Month-to-month,Credit card,55.78,3387.29,0,0,14.28,4,Yes
CUST02231,Female,37,0,No,No,66,Yes,DSL,Month-to-month,Electronic check,81.15,5245.87,1,3,46.95,3,Yes
CUST02232,Male,57,0,No,No,40,Yes,DSL,Month-to-month,Bank transfer,56.51,2063.15,2,0,16.13,5,Yes
CUST02233,Female,27,0,Yes,Yes,13,Yes,DSL,Month-to-month,Electronic check,50.76,658.78,1,3,66.77,6,No
CUST02234,Male,36,0,Yes,No,17,Yes,DSL,Month-to-month,Electronic check,60.38,849.74,3,0,54.1,4,No
CUST02235,Male,20,0,Yes,No,15,No,Fiber optic,Month-to-month,Credit card,69.46,1082.41,2,1,27.23,5,No
CUST02236,Female,41,0,No,Yes,33,Yes,DSL,Month-to-month,Electronic check,49.48,1784.72,2,1,60.9,3,Yes
CUST02237,Male,22,0,No,No,16,Yes,DSL,Two year,Mailed check,71.24,1296.32,1,1,22.97,5,No
CUST02238,Male,20,0,No,No,13,Yes,DSL,Month-to-month,Credit card,71.88,825.34,4,1,51.6,4,Yes
CUST02239,Female,75,1,No,No,23,Yes,Fiber optic,Month-to-month,Bank transfer,87.36,1890.56,0,0,29.38,6,No
CUST02240,Male,44,0,Yes,No,36,Yes,Fiber optic,Month-to-month,Electronic check,94.15,3467.53,0,2,72.8,3,No
CUST02241,Male,33,0,No,No,43,Yes,Fiber optic,One year,Bank transfer,116.33,5007.86,7,1,62.41,1,No
CUST02242,Male,66,1,No,No,50,Yes,DSL,Month-to-month,Credit card,59.3,2957.59,3,1,51.15,5,No
CUST02243,Male,32,0,Yes,No,13,Yes,Fiber optic,Month-to-month,Credit card,72.0,805.21,2,0,69.95,5,No
CUST02244,Female,52,0,No,No,30,Yes,Fiber optic,One year,Mailed check,93.04,2803.24,6,3,18.45,2,No
CUST02245,Female,29,0,Yes,No,57,No,Fiber optic,Two year,Credit card,97.53,5645.72,2,2,58.2,4,No
CUST02246,Female,58,0,No,Yes,30,Yes,Fiber optic,One year,Bank transfer,99.01,2893.04,1,1,48.8,4,No
CUST02247,Male,70,1,Yes,No,71,Yes,DSL,Month-to-month,Electronic check,73.73,5281.21,1,1,33.71,5,No
CUST02248,Male,61,1,No,Yes,10,Yes,No,Month-to-month,Electronic check,32.96,345.57,2,1,33.19,5,Yes
CUST02249,Female,43,0,No,Yes,66,Yes,Fiber optic,One year,Mailed check,92.8,6059.52,3,1,35.89,5,No
CUST02250,Male,64,1,Yes,No,39,Yes,DSL,Month-to-month,Bank transfer,67.63,2632.46,2,2,26.04,4,No
CUST02251,Male,51,0,Yes,No,37,Yes,Fiber optic,Month-to-month,Credit card,91.16,3268.26,2,4,18.09,2,Yes
CUST02252,Male,40,0,No,Yes,3,Yes,Fiber optic,Two year,Mailed check,61.16,269.07,6,1,21.42,5,No
CUST02253,Male,48,0,No,Yes,34,Yes,DSL,Two year,Credit card,39.38,1235.95,1,1,25.8,4,No
CUST02254,Female,67,1,No,No,38,Yes,DSL,Two year,Credit card,47.36,1739.89,4,2,24.63,4,No
CUST02255,Female,37,0,No,No,14,Yes,DSL,Two year,Credit card,69.84,1068.02,1,1,34.39,2,No
CUST02256,Female,29,0,Yes,No,64,Yes,DSL,One year,Credit card,54.75,3451.66,3,4,17.42,6,No
CUST02257,Male,40,0,No,Yes,39,Yes,No,One year,Electronic check,26.09,923.92,2,0,51.3,6,No
CUST02258,Female,21,0,No,No,54,Yes,Fiber optic,Month-to-month,Credit card,108.45,5874.67,3,0,58.92,2,Yes
CUST02259,Female,40,0,No,No,2,Yes,Fiber optic,Two year,Mailed check,101.26,382.05,2,4,20.69,2,Yes
CUST02260,Male,65,1,Yes,No,43,Yes,Fiber optic,Month-to-month,Electronic check,52.41,2370.04,0,2,25.22,1,No
CUST02261,Male,72,1,No,No,53,Yes,DSL,One year,Electronic check,68.76,3705.3,0,1,35.52,1,No
CUST02262,Female,65,1,No,No,3,Yes,Fiber optic,Month-to-month,Electronic check,85.84,356.94,1,1,49.17,6,Yes
CUST02263,Female,18,0,No,No,41,Yes,Fiber optic,Month-to-month,Electronic check,75.16,3133.2,4,0,59.25,5,No
CUST02264,Female,71,1,No,Yes,8,No,DSL,One year,Credit card,56.07,471.43,4,3,24.85,4,Yes
CUST02265,Female,42,0,No,No,63,Yes,Fiber optic,Month-to-month,Electronic check,80.3,5150.3,3,0,21.07,2,No
CUST02266,Male,19,0,No,No,65,Yes,Fiber optic,One year,Credit card,65.33,4281.16,2,2,42.71,1,No
CUST02267,Female,47,0,Yes,No,4,Yes,Fiber optic,One year,Credit card,88.67,349.35,2,1,50.56,5,No
CUST02268,Female,20,0,No,No,68,Yes,Fiber optic,Month-to-month,Bank transfer,117.65,8018.83,3,1,42.05,4,No
CUST02269,Male,75,1,Yes,Yes,10,Yes,DSL,Month-to-month,Mailed check,72.19,755.11,1,0,22.17,2,Yes
CUST02270,Female,38,0,Yes,No,50,Yes,DSL,Month-to-month,Credit card,35.69,1815.13,2,1,40.71,1,No
CUST02271,Male,42,0,Yes,No,23,No,Fiber optic,Two year,Electronic check,89.37,2092.01,5,2,22.5,1,No
CUST02272,Male,37,0,No,No,61,Yes,Fiber optic,Month-to-month,Electronic check,89.37,5352.88,3,0,39.69,4,Yes
CUST02273,Male,66,1,Yes,No,47,Yes,DSL,Month-to-month,Bank transfer,48.06,2238.14,2,2,17.17,6,No
CUST02274,Female,69,1,Yes,No,3,No,DSL,Month-to-month,Bank transfer,45.47,9.73,4,3,18.01,1,Yes
CUST02275,Female,39,0,No,No,17,Yes,DSL,Two year,Electronic check,70.77,1229.36,2,0,49.83,4,No
CUST02276,Male,38,0,Yes,Yes,22,Yes,DSL,One year,Electronic check,61.26,1382.14,3,3,62.65,2,No
CUST02277,Female,50,0,Yes,No,16,No,Fiber optic,Month-to-month,Bank transfer,77.84,1377.25,4,1,26.38,4,No
CUST02278,Female,69,1,No,No,3,Yes,No,Two year,Credit card,29.82,119.49,2,3,62.78,2,No
CUST02279,Male,55,0,No,Yes,52,Yes,DSL,Two year,Credit card,85.41,4404.29,3,0,32.71,6,No
CUST02280,Male,32,0,Yes,No,33,Yes,Fiber optic,One year,Electronic check,88.87,2890.57,4,2,51.71,3,No
CUST02281,Female,75,1,No,No,42,Yes,Fiber optic,Month-to-month,Credit card,89.37,3818.11,1,0,50.69,6,Yes
CUST02282,Male,75,1,No,No,2,Yes,Fiber optic,One year,Bank transfer,84.68,101.25,1,1,31.55,1,Yes
CUST02283,Female,63,1,Yes,No,39,No,Fiber optic,Month-to-month,Mailed check,79.12,3101.01,4,3,47.57,3,Yes
CUST02284,Female,69,1,No,Yes,46,Yes,No,One year,Bank transfer,31.55,1546.67,2,3,29.58,4,Yes
CUST02285,Female,32,0,No,No,48,Yes,No,Two year,Credit card,23.46,1328.56,1,0,33.53,6,No
CUST02286,Female,63,1,Yes,No,27,No,Fiber optic,Two year,Bank transfer,92.5,2613.06,3,4,49.66,2,Yes
CUST02287,Male,42,0,Yes,No,15,Yes,Fiber optic,Month-to-month,Credit card,107.51,1560.11,2,1,33.48,1,Yes
CUST02288,Male,38,0,No,No,7,Yes,DSL,Two year,Electronic check,68.94,407.95,1,2,42.96,5,No
CUST02289,Male,41,0,No,Yes,57,Yes,Fiber optic,Month-to-month,Mailed check,65.89,3818.75,2,1,69.39,1,Yes
CUST02290,Male,74,1,Yes,No,42,No,DSL,Month-to-month,Credit card,44.01,1827.04,0,0,40.44,5,No
CUST02291,Female,75,1,No,No,9,No,DSL,Month-to-month,Credit card,75.04,527.47,1,0,50.76,1,Yes
CUST02292,Female,22,0,No,No,6,Yes,DSL,One year,Mailed check,58.65,611.13,1,2,25.4,2,No
CUST02293,Male,23,0,No,Yes,57,Yes,DSL,Month-to-month,Mailed check,63.13,3615.71,0,0,48.17,4,Yes
CUST02294,Female,66,1,No,No,30,Yes,DSL,Month-to-month,Credit card,50.5,1639.93,3,2,37.67,2,Yes
CUST02295,Female,60,1,Yes,No,55,Yes,No,Month-to-month,Electronic check,29.93,1612.8,2,2,22.98,1,Yes
CUST02296,Female,65,1,No,No,54,No,Fiber optic,One year,Credit card,113.32,6116.14,4,1,9.63,5,No
CUST02297,Male,61,1,No,No,27,Yes,No,Two year,Mailed check,26.21,722.82,3,4,20.89,2,No
CUST02298,Male,64,1,Yes,No,59,Yes,Fiber optic,One year,Electronic check,94.72,5561.2,5,1,41.15,2,No
CUST02299,Male,40,0,No,Yes,7,Yes,Fiber optic,Month-to-month,Mailed check,103.68,649.83,2,2,49.09,5,Yes
CUST02300,Female,21,0,No,No,40,Yes,Fiber optic,Two year,Electronic check,110.2,4627.75,3,2,55.33,3,No
CUST02301,Male,44,0,Yes,No,72,Yes,DSL,One year,Credit card,51.85,3768.7,1,1,28.79,1,No
CUST02302,Male,35,0,No,No,2,Yes,Fiber optic,Two year,Credit card,91.2,24.6,2,4,33.88,2,No
CUST02303,Male,38,0,Yes,No,14,No,DSL,One year,Electronic check,75.3,1064.37,0,0,39.95,2,No
CUST02304,Male,45,0,Yes,No,10,No,DSL,Two year,Mailed check,78.65,642.62,3,1,35.59,1,No
CUST02305,Male,52,0,Yes,No,50,Yes,Fiber optic,Two year,Credit card,78.64,3847.43,1,2,43.0,5,No
CUST02306,Male,39,0,Yes,No,18,Yes,DSL,Month-to-month,Electronic check,51.96,945.96,4,3,41.54,1,Yes
CUST02307,Female,57,0,No,Yes,18,Yes,No,Month-to-month,Credit card,23.76,481.61,6,1,16.63,4,Yes
CUST02308,Female,40,0,Yes,No,16,Yes,DSL,One year,Bank transfer,56.15,646.08,7,0,65.53,4,No
CUST02309,Male,20,0,No,Yes,52,Yes,Fiber optic,One year,Electronic check,80.82,4374.22,5,2,13.13,6,Yes
CUST02310,Male,57,0,Yes,No,69,Yes,No,One year,Mailed check,28.3,1886.82,4,0,70.66,2,No
CUST02311,Female,67,1,No,No,52,Yes,DSL,Month-to-month,Electronic check,53.51,2760.06,2,2,43.79,4,Yes
CUST02312,Female,27,0,No,No,31,Yes,Fiber optic,Month-to-month,Electronic check,108.39,3513.44,4,0,20.11,1,Yes
CUST02313,Male,42,0,No,No,23,Yes,Fiber optic,One year,Electronic check,78.93,1986.54,3,1,72.41,2,Yes
CUST02314,Male,69,1,Yes,No,42,Yes,DSL,Two year,Electronic check,52.79,2155.23,2,1,48.1,4,No
CUST02315,Male,66,1,Yes,Yes,62,Yes,No,One year,Electronic check,18.0,1222.32,3,1,34.59,5,No
CUST02316,Male,25,0,Yes,No,50,Yes,Fiber optic,Month-to-month,Mailed check,103.86,5208.87,2,1,24.27,4,No
CUST02317,Female,72,1,No,Yes,15,Yes,Fiber optic,Month-to-month,Electronic check,65.6,1249.45,3,2,44.45,5,Yes
CUST02318,Male,28,0,No,No,44,Yes,No,Month-to-month,Electronic check,28.66,1193.71,6,1,23.48,4,Yes
CUST02319,Male,22,0,No,Yes,42,Yes,Fiber optic,Month-to-month,Electronic check,95.42,4172.61,2,1,58.1,5,No
CUST02320,Male,75,1,No,Yes,45,Yes,No,Month-to-month,Credit card,18.0,751.48,1,1,24.75,1,Yes
CUST02321,Male,62,1,Yes,Yes,35,Yes,Fiber optic,One year,Bank transfer,65.37,2180.59,3,0,46.39,1,Yes
CUST02322,Female,70,1,No,No,22,Yes,DSL,Two year,Bank transfer,55.47,1190.01,1,1,17.63,3,No
CUST02323,Female,72,1,No,No,38,Yes,Fiber optic,Month-to-month,Electronic check,113.42,4145.9,1,0,29.34,1,Yes
CUST02324,Female,54,0,No,No,70,Yes,No,One year,Bank transfer,21.98,1445.5,1,0,23.97,4,No
CUST02325,Male,73,1,No,Yes,64,No,DSL,One year,Credit card,53.96,3421.43,4,1,56.04,6,No
CUST02326,Male,62,1,Yes,No,7,Yes,No,Two year,Credit card,19.0,107.69,0,0,26.37,2,No
CUST02327,Female,55,0,Yes,No,44,Yes,DSL,Two year,Credit card,50.81,2327.28,4,2,59.85,5,No
CUST02328,Male,46,0,No,No,7,No,Fiber optic,Month-to-month,Bank transfer,75.47,610.48,3,1,85.0,1,Yes
CUST02329,Male,22,0,No,No,66,Yes,Fiber optic,Month-to-month,Electronic check,74.92,4941.16,3,2,62.51,2,Yes
CUST02330,Female,26,0,Yes,Yes,60,Yes,DSL,Month-to-month,Electronic check,51.42,2911.48,2,1,41.28,6,Yes
CUST02331,Female,65,1,No,No,1,Yes,DSL,One year,Electronic check,51.41,0.0,2,0,21.71,5,Yes
CUST02332,Female,19,0,Yes,No,62,Yes,No,One year,Credit card,21.95,1307.91,2,1,21.19,5,No
CUST02333,Female,18,0,No,Yes,18,Yes,Fiber optic,Month-to-month,Electronic check,99.26,1703.13,1,2,29.11,5,Yes
CUST02334,Male,57,0,No,No,7,Yes,DSL,Two year,Credit card,46.55,266.68,4,0,32.98,1,No
CUST02335,Male,68,1,No,No,54,Yes,No,Month-to-month,Mailed check,19.82,1232.48,3,1,66.4,5,No
CUST02336,Female,47,0,No,Yes,67,No,Fiber optic,Two year,Credit card,77.2,5111.67,5,5,33.13,3,No
CUST02337,Male,28,0,Yes,No,10,Yes,No,Month-to-month,Credit card,25.0,163.46,4,2,31.32,6,No
CUST02338,Female,45,0,Yes,No,61,Yes,Fiber optic,Month-to-month,Bank transfer,73.56,4486.81,1,2,55.3,6,No
CUST02339,Female,61,1,No,No,59,Yes,DSL,Month-to-month,Bank transfer,84.9,4957.11,2,1,28.6,1,No
CUST02340,Male,29,0,Yes,No,59,Yes,Fiber optic,Month-to-month,Credit card,93.75,5590.95,2,0,38.93,6,No
CUST02341,Female,56,0,Yes,No,69,Yes,Fiber optic,One year,Credit card,99.62,6898.34,1,2,14.62,2,No
CUST02342,Male,43,0,No,No,63,Yes,Fiber optic,Month-to-month,Bank transfer,88.58,5765.9,3,0,24.46,3,Yes
CUST02343,Male,30,0,Yes,No,8,Yes,No,One year,Electronic check,36.23,260.66,2,1,37.45,3,No
CUST02344,Male,25,0,No,Yes,55,Yes,DSL,Month-to-month,Credit card,46.28,2738.5,7,0,40.76,1,Yes
CUST02345,Male,71,1,No,No,6,Yes,Fiber optic,Month-to-month,Electronic check,76.64,529.63,0,1,28.56,6,No
CUST02346,Female,45,0,No,No,1,Yes,No,Two year,Mailed check,18.47,71.52,1,0,21.74,5,No
CUST02347,Male,75,1,No,No,56,No,DSL,Two year,Electronic check,57.94,3045.8,2,0,11.72,3,No
CUST02348,Female,47,0,No,No,10,Yes,No,Month-to-month,Electronic check,37.67,162.78,2,2,35.73,4,Yes
CUST02349,Female,26,0,No,No,23,Yes,Fiber optic,Two year,Credit card,117.99,2552.77,3,0,67.79,2,No
CUST02350,Female,56,0,No,Yes,16,Yes,Fiber optic,One year,Mailed check,99.32,1610.48,3,0,52.75,4,No
CUST02351,Female,48,0,Yes,Yes,16,No,DSL,Month-to-month,Credit card,58.82,1016.54,2,5,51.48,1,Yes
CUST02352,Male,75,1,No,Yes,56,No,Fiber optic,Two year,Bank transfer,101.8,5754.26,2,2,31.92,3,Yes
CUST02353,Male,38,0,No,No,6,Yes,DSL,Month-to-month,Bank transfer,77.8,470.58,4,0,19.76,5,No
CUST02354,Female,73,1,Yes,No,30,Yes,Fiber optic,Month-to-month,Credit card,102.65,3169.84,3,0,43.47,6,No
CUST02355,Female,64,1,Yes,No,63,Yes,Fiber optic,One year,Bank transfer,83.0,5348.44,4,1,42.45,5,No
CUST02356,Male,51,0,No,No,1,Yes,Fiber optic,Month-to-month,Electronic check,83.39,52.56,1,4,32.39,3,No
CUST02357,Female,72,1,Yes,No,51,Yes,No,Month-to-month,Mailed check,19.73,1062.05,2,1,39.24,3,No
CUST02358,Male,48,0,No,No,46,Yes,Fiber optic,Month-to-month,Bank transfer,81.32,3779.12,2,1,25.8,5,Yes
CUST02359,Female,69,1,No,No,21,Yes,Fiber optic,One year,Mailed check,73.01,1613.84,3,1,60.23,2,No
CUST02360,Male,42,0,Yes,No,38,Yes,DSL,One year,Bank transfer,59.23,2283.5,2,2,54.56,1,No
CUST02361,Female,29,0,No,No,69,Yes,DSL,Month-to-month,Mailed check,59.72,4147.09,1,0,43.65,2,No
CUST02362,Female,18,0,Yes,No,63,Yes,DSL,Two year,Electronic check,49.64,3066.88,0,0,26.18,5,No
CUST02363,Male,72,1,No,No,50,Yes,DSL,Month-to-month,Electronic check,92.22,4631.56,4,1,26.65,1,Yes
CUST02364,Female,39,0,Yes,No,12,Yes,Fiber optic,One year,Electronic check,89.44,1039.31,4,4,65.3,1,Yes
CUST02365,Female,57,0,No,Yes,69,Yes,Fiber optic,Two year,Electronic check,104.39,7096.01,1,3,40.06,5,No
CUST02366,Male,54,0,Yes,Yes,44,Yes,DSL,Two year,Bank transfer,74.41,3304.04,3,2,58.99,5,No
CUST02367,Female,64,1,Yes,No,52,Yes,No,Month-to-month,Electronic check,40.54,2005.83,4,1,71.24,3,Yes
CUST02368,Male,18,0,Yes,No,9,Yes,DSL,One year,Electronic check,49.12,437.78,2,0,23.31,3,Yes
CUST02369,Male,18,0,Yes,Yes,65,Yes,Fiber optic,Month-to-month,Bank transfer,76.82,4956.67,4,0,57.38,3,Yes
CUST02370,Female,74,1,No,Yes,10,Yes,Fiber optic,One year,Mailed check,57.79,521.66,1,4,44.16,5,No
CUST02371,Female,59,0,Yes,No,46,No,Fiber optic,Month-to-month,Bank transfer,60.74,2934.57,4,2,87.5,2,No
CUST02372,Female,71,1,No,No,58,Yes,DSL,Month-to-month,Bank transfer,47.88,2940.87,2,3,3.67,1,Yes
CUST02373,Female,59,0,No,Yes,37,Yes,Fiber optic,Month-to-month,Credit card,82.72,3030.95,2,2,47.25,6,No
CUST02374,Female,38,0,No,Yes,52,Yes,Fiber optic,Month-to-month,Mailed check,83.59,4446.41,5,2,50.64,2,Yes
CUST02375,Female,32,0,No,Yes,13,No,Fiber optic,One year,Credit card,132.63,1566.05,1,1,14.42,4,No
CUST02376,Female,34,0,No,Yes,6,Yes,DSL,Two year,Mailed check,66.04,278.08,4,2,46.62,2,No
CUST02377,Male,39,0,Yes,No,58,Yes,Fiber optic,Month-to-month,Electronic check,99.55,5767.79,1,0,106.62,4,Yes
CUST02378,Female,55,0,Yes,Yes,48,Yes,DSL,Month-to-month,Bank transfer,61.7,2854.94,2,0,26.49,4,No
CUST02379,Male,52,0,No,No,32,Yes,DSL,Month-to-month,Credit card,44.25,1453.56,3,1,40.14,1,No
CUST02380,Female,62,1,No,No,11,Yes,Fiber optic,One year,Credit card,89.45,1012.7,2,2,34.74,1,No
CUST02381,Female,33,0,No,No,5,Yes,DSL,Month-to-month,Bank transfer,40.63,198.41,3,0,34.44,6,No
CUST02382,Male,25,0,Yes,Yes,6,Yes,Fiber optic,Month-to-month,Bank transfer,82.29,730.46,3,1,18.13,4,No
CUST02383,Female,64,1,Yes,Yes,21,Yes,Fiber optic,Month-to-month,Mailed check,94.72,2025.92,3,1,59.82,5,Yes
CUST02384,Female,34,0,Yes,Yes,42,Yes,DSL,Two year,Electronic check,52.95,2281.5,2,2,40.14,4,No
CUST02385,Male,34,0,No,Yes,27,Yes,DSL,Month-to-month,Electronic check,62.31,1730.93,4,3,21.63,3,Yes
CUST02386,Female,71,1,No,No,3,No,DSL,Month-to-month,Electronic check,52.78,68.24,3,0,28.62,1,Yes
CUST02387,Female,43,0,Yes,Yes,60,Yes,DSL,One year,Electronic check,46.73,2998.82,2,1,54.51,2,No
CUST02388,Female,30,0,No,Yes,66,Yes,DSL,Month-to-month,Electronic check,65.85,4205.71,6,0,31.72,1,Yes
CUST02389,Male,34,0,No,No,49,Yes,Fiber optic,Month-to-month,Bank transfer,100.67,4961.34,2,1,46.21,5,Yes
CUST02390,Female,55,0,No,No,34,Yes,DSL,Month-to-month,Credit card,72.5,2539.43,3,1,36.32,3,Yes
CUST02391,Female,34,0,Yes,Yes,37,Yes,DSL,Two year,Bank transfer,57.11,2211.43,5,2,28.31,6,No
CUST02392,Female,65,1,No,Yes,42,Yes,Fiber optic,Month-to-month,Credit card,52.36,2168.0,6,2,34.11,5,Yes
CUST02393,Female,31,0,No,Yes,65,Yes,Fiber optic,Month-to-month,Credit card,86.32,5685.15,5,1,28.07,2,Yes
CUST02394,Male,62,1,No,No,60,Yes,DSL,Month-to-month,Electronic check,75.23,4408.97,3,0,39.95,1,Yes
CUST02395,Male,23,0,No,No,1,Yes,Fiber optic,Two year,Bank transfer,65.28,232.32,3,1,42.45,2,No
CUST02396,Female,52,0,Yes,No,59,Yes,Fiber optic,Month-to-month,Bank transfer,111.71,6574.6,5,4,13.3,3,Yes
CUST02397,Female,63,1,Yes,No,4,Yes,DSL,One year,Electronic check,35.29,91.49,3,0,64.91,2,Yes
CUST02398,Male,31,0,No,No,14,Yes,No,Two year,Electronic check,28.18,330.74,3,0,77.27,4,No
CUST02399,Male,64,1,Yes,Yes,18,Yes,No,Two year,Electronic check,31.64,599.26,2,1,45.74,3,No
CUST02400,Female,25,0,No,No,34,Yes,Fiber optic,One year,Bank transfer,107.02,3480.67,4,1,35.53,5,No
CUST02401,Male,32,0,No,No,1,Yes,DSL,Month-to-month,Bank transfer,65.51,153.99,2,3,40.53,5,Yes
CUST02402,Female,71,1,No,No,53,Yes,Fiber optic,Month-to-month,Credit card,80.12,4186.65,1,2,25.65,6,Yes
CUST02403,Male,44,0,Yes,No,22,Yes,Fiber optic,Month-to-month,Electronic check,87.52,2055.88,0,1,23.33,2,Yes
CUST02404,Male,30,0,Yes,No,61,Yes,DSL,One year,Electronic check,51.81,3036.17,2,1,13.18,3,Yes
CUST02405,Male,66,1,No,No,22,No,Fiber optic,One year,Electronic check,55.15,1226.5,1,0,17.72,2,Yes
CUST02406,Male,48,0,Yes,Yes,50,Yes,Fiber optic,Two year,Electronic check,81.37,4123.89,5,0,50.27,4,No
CUST02407,Female,70,1,No,No,16,Yes,No,Month-to-month,Electronic check,28.93,529.1,2,2,30.63,3,Yes
CUST02408,Male,73,1,No,Yes,28,Yes,DSL,One year,Electronic check,72.31,1973.01,4,2,54.79,1,No
CUST02409,Male,52,0,Yes,No,70,Yes,DSL,Two year,Credit card,54.17,3668.43,2,4,46.1,5,No
CUST02410,Female,23,0,No,Yes,42,Yes,No,Two year,Credit card,36.82,1500.75,1,0,40.58,2,No
CUST02411,Male,22,0,Yes,No,66,Yes,DSL,One year,Credit card,57.98,3943.35,1,1,26.26,4,No
CUST02412,Male,39,0,Yes,No,71,Yes,Fiber optic,One year,Credit card,92.18,6754.01,2,1,55.82,5,No
CUST02413,Female,75,1,No,No,35,Yes,DSL,Month-to-month,Bank transfer,68.95,2250.96,2,2,24.21,3,Yes
CUST02414,Male,66,1,No,No,20,Yes,Fiber optic,Month-to-month,Credit card,85.8,1642.2,2,4,35.74,6,Yes
CUST02415,Female,40,0,No,No,2,Yes,Fiber optic,Month-to-month,Electronic check,83.64,0.0,3,1,21.68,5,Yes
CUST02416,Female,42,0,No,No,7,Yes,DSL,Month-to-month,Bank transfer,78.69,495.99,0,0,21.21,5,Yes
CUST02417,Female,51,0,No,Yes,49,Yes,DSL,Month-to-month,Mailed check,39.61,1877.1,3,0,50.72,1,Yes
CUST02418,Female,43,0,Yes,No,9,Yes,Fiber optic,One year,Electronic check,85.64,651.21,1,1,16.08,1,No
CUST02419,Male,64,1,Yes,Yes,27,Yes,Fiber optic,One year,Electronic check,57.48,1718.26,2,0,46.58,4,No
CUST02420,Female,22,0,No,Yes,2,Yes,Fiber optic,Month-to-month,Mailed check,58.04,230.77,2,1,45.08,4,No
CUST02421,Male,43,0,Yes,Yes,68,Yes,No,Month-to-month,Mailed check,24.58,1695.78,2,2,29.41,6,No
CUST02422,Male,37,0,No,No,60,Yes,DSL,Month-to-month,Electronic check,53.69,3210.38,2,1,29.79,2,No
CUST02423,Male,23,0,No,No,49,Yes,DSL,Month-to-month,Electronic check,84.95,4251.8,0,2,9.15,6,Yes
CUST02424,Male,23,0,No,Yes,2,Yes,DSL,Month-to-month,Bank transfer,56.96,13.77,3,1,23.39,1,Yes
CUST02425,Male,67,1,No,No,17,Yes,DSL,Two year,Electronic check,73.62,1275.38,2,1,43.67,6,Yes
CUST02426,Male,35,0,Yes,No,20,Yes,DSL,Month-to-month,Mailed check,60.62,1151.88,4,2,68.91,3,Yes
CUST02427,Male,21,0,Yes,No,32,Yes,DSL,Month-to-month,Electronic check,45.58,1692.91,2,3,73.35,6,Yes
CUST02428,Male,34,0,No,No,51,Yes,No,Month-to-month,Mailed check,18.0,782.18,2,3,52.04,2,No
CUST02429,Male,74,1,No,Yes,42,No,No,One year,Electronic check,18.0,728.78,0,0,27.29,3,Yes
CUST02430,Male,31,0,No,No,63,Yes,No,One year,Electronic check,27.62,1610.61,2,3,26.44,1,No
CUST02431,Female,31,0,No,Yes,61,Yes,DSL,Month-to-month,Mailed check,79.17,4904.58,1,1,46.04,3,No
CUST02432,Female,30,0,Yes,No,62,No,No,Two year,Electronic check,18.0,1190.98,2,0,50.74,3,No
CUST02433,Female,24,0,No,No,3,No,Fiber optic,Two year,Electronic check,97.57,222.94,2,0,35.59,1,Yes
CUST02434,Male,61,1,No,No,26,Yes,No,Month-to-month,Mailed check,23.55,488.08,2,1,29.68,1,Yes
CUST02435,Female,72,1,Yes,Yes,48,Yes,No,Month-to-month,Electronic check,18.0,825.42,3,0,24.64,5,Yes
CUST02436,Female,32,0,Yes,Yes,8,No,No,Month-to-month,Electronic check,27.84,152.93,4,3,17.98,3,Yes
CUST02437,Female,36,0,No,Yes,5,Yes,DSL,Month-to-month,Electronic check,79.1,401.91,5,0,39.65,2,No
CUST02438,Male,60,1,No,No,11,Yes,Fiber optic,Two year,Credit card,83.87,1084.55,2,1,73.49,6,No
CUST02439,Male,64,1,Yes,Yes,42,Yes,Fiber optic,Month-to-month,Bank transfer,97.44,4158.61,0,0,50.78,4,Yes
CUST02440,Male,61,1,No,No,41,No,Fiber optic,Month-to-month,Mailed check,89.63,3750.75,4,3,14.63,6,Yes
CUST02441,Male,52,0,Yes,Yes,19,Yes,DSL,Month-to-month,Credit card,63.72,1210.26,2,1,34.49,5,No
CUST02442,Female,34,0,Yes,No,48,Yes,Fiber optic,Month-to-month,Credit card,72.95,3765.96,2,0,24.39,6,Yes
CUST02443,Female,52,0,No,Yes,53,Yes,DSL,Two year,Credit card,65.89,3503.82,4,1,44.23,4,No
CUST02444,Female,36,0,No,Yes,55,Yes,DSL,Month-to-month,Bank transfer,42.46,2407.86,0,2,60.68,2,Yes
CUST02445,Female,37,0,No,No,61,No,DSL,Month-to-month,Bank transfer,64.34,4034.6,6,1,40.61,2,Yes
CUST02446,Male,53,0,Yes,No,32,Yes,No,One year,Mailed check,35.98,1146.25,1,1,28.36,1,No
CUST02447,Male,52,0,Yes,No,46,Yes,DSL,Month-to-month,Mailed check,81.65,3776.65,6,1,60.81,3,No
CUST02448,Male,49,0,Yes,Yes,36,Yes,DSL,Month-to-month,Electronic check,47.49,1652.66,2,3,47.7,1,Yes
CUST02449,Female,75,1,Yes,No,18,Yes,DSL,Month-to-month,Credit card,65.3,1177.2,2,0,27.63,3,No
CUST02450,Male,65,1,Yes,No,18,Yes,DSL,Month-to-month,Credit card,51.54,1074.06,1,0,45.29,5,No
CUST02451,Male,61,1,Yes,No,12,Yes,Fiber optic,Month-to-month,Electronic check,87.11,1161.71,3,1,37.06,1,Yes
CUST02452,Female,57,0,Yes,No,72,Yes,Fiber optic,Month-to-month,Electronic check,113.83,8264.52,2,0,96.45,1,No
CUST02453,Female,41,0,Yes,No,46,Yes,No,Month-to-month,Mailed check,32.02,1563.95,0,0,56.81,2,Yes
CUST02454,Male,34,0,No,Yes,55,Yes,DSL,One year,Credit card,52.17,2865.61,4,0,44.09,3,No
CUST02455,Male,24,0,Yes,No,38,Yes,DSL,Month-to-month,Credit card,51.49,2051.44,2,1,20.61,2,No
CUST02456,Male,60,1,Yes,No,2,Yes,DSL,Two year,Credit card,60.2,105.17,1,1,45.8,1,No
CUST02457,Male,67,1,No,Yes,9,No,Fiber optic,Month-to-month,Bank transfer,86.27,613.09,0,1,28.36,3,Yes
CUST02458,Male,18,0,Yes,No,5,Yes,DSL,One year,Electronic check,61.59,491.19,2,1,30.35,3,No
CUST02459,Male,52,0,No,Yes,19,Yes,Fiber optic,Two year,Credit card,62.66,1170.11,1,0,20.52,6,No
CUST02460,Female,49,0,Yes,No,71,Yes,DSL,Month-to-month,Credit card,83.99,6068.72,1,0,81.09,5,Yes
CUST02461,Female,53,0,Yes,No,39,Yes,DSL,One year,Mailed check,85.17,3285.36,4,1,17.78,2,No
CUST02462,Female,30,0,Yes,Yes,42,No,DSL,Two year,Credit card,65.75,2492.49,2,2,32.03,6,No
CUST02463,Male,23,0,Yes,Yes,17,Yes,DSL,Month-to-month,Mailed check,49.56,835.24,2,0,8.25,5,Yes
CUST02464,Female,75,1,No,Yes,63,Yes,No,Two year,Credit card,19.98,1074.57,4,1,26.26,6,Yes
CUST02465,Male,31,0,No,No,46,Yes,DSL,Month-to-month,Mailed check,48.7,2315.74,2,0,25.51,2,Yes
CUST02466,Male,54,0,Yes,No,20,Yes,No,Month-to-month,Mailed check,18.0,337.08,1,1,26.96,2,No
CUST02467,Female,65,1,Yes,Yes,70,Yes,DSL,One year,Credit card,52.39,3789.19,8,0,61.5,3,No
CUST02468,Male,32,0,No,Yes,8,Yes,DSL,Month-to-month,Credit card,65.07,543.89,6,2,28.4,3,Yes
CUST02469,Male,64,1,Yes,No,19,Yes,Fiber optic,One year,Credit card,86.93,1548.66,4,3,11.02,4,Yes
CUST02470,Female,21,0,No,Yes,32,No,Fiber optic,Two year,Bank transfer,107.86,3518.5,3,2,16.89,1,Yes
CUST02471,Female,57,0,Yes,No,19,Yes,DSL,Two year,Credit card,41.72,636.72,4,1,40.41,5,No
CUST02472,Female,33,0,No,No,24,No,Fiber optic,Month-to-month,Credit card,71.79,1692.25,1,1,36.04,4,Yes
CUST02473,Male,45,0,Yes,No,24,Yes,DSL,Two year,Credit card,36.0,677.61,4,2,26.9,5,No
CUST02474,Female,33,0,Yes,No,56,Yes,DSL,Month-to-month,Bank transfer,61.74,3492.45,4,1,56.27,5,No
CUST02475,Female,21,0,No,No,18,Yes,No,Month-to-month,Electronic check,37.81,705.31,0,1,31.23,1,Yes
CUST02476,Male,62,1,No,No,12,Yes,No,Month-to-month,Electronic check,21.22,267.25,1,0,31.68,5,No
CUST02477,Female,43,0,No,No,41,Yes,Fiber optic,One year,Electronic check,105.48,4231.09,4,1,29.33,5,No
CUST02478,Female,45,0,No,No,48,Yes,Fiber optic,Month-to-month,Electronic check,95.41,4714.92,4,2,58.8,6,Yes
CUST02479,Female,49,0,No,Yes,64,Yes,DSL,One year,Credit card,70.4,4596.47,3,1,46.46,3,No
CUST02480,Male,62,1,Yes,Yes,16,Yes,Fiber optic,Month-to-month,Bank transfer,93.79,1524.04,5,1,65.27,3,Yes
CUST02481,Male,19,0,No,Yes,23,Yes,Fiber optic,Month-to-month,Credit card,112.05,2519.07,6,1,59.27,3,Yes
CUST02482,Male,48,0,Yes,No,39,Yes,DSL,Two year,Electronic check,57.6,2211.41,4,1,40.03,1,No
CUST02483,Male,20,0,No,No,33,No,No,Month-to-month,Credit card,30.49,1004.64,1,2,40.88,3,No
CUST02484,Female,71,1,No,No,24,Yes,DSL,Month-to-month,Mailed check,82.15,1861.51,6,0,73.78,4,Yes
CUST02485,Male,25,0,Yes,No,61,Yes,DSL,One year,Electronic check,47.72,2996.23,5,2,30.75,4,No
CUST02486,Male,41,0,Yes,No,55,Yes,Fiber optic,Month-to-month,Mailed check,81.77,4623.28,2,3,16.35,4,Yes
CUST02487,Female,32,0,Yes,Yes,61,Yes,DSL,Two year,Electronic check,66.9,4251.81,3,1,51.3,1,No
CUST02488,Female,60,1,Yes,No,40,Yes,DSL,Month-to-month,Electronic check,49.7,1953.63,1,0,59.46,2,No
CUST02489,Female,48,0,No,Yes,58,Yes,DSL,Month-to-month,Bank transfer,49.19,2990.75,2,1,47.88,2,No
CUST02490,Male,26,0,Yes,Yes,72,Yes,Fiber optic,Month-to-month,Credit card,115.45,8456.29,1,1,18.7,4,Yes
CUST02491,Male,56,0,Yes,No,1,Yes,No,Month-to-month,Bank transfer,18.5,0.0,2,1,56.51,2,Yes
CUST02492,Male,62,1,No,No,25,Yes,DSL,One year,Mailed check,55.6,1289.62,3,1,52.02,5,Yes
CUST02493,Female,19,0,No,No,53,Yes,DSL,Month-to-month,Electronic check,62.59,3425.93,3,3,44.72,1,Yes
CUST02494,Female,25,0,No,No,61,Yes,No,Two year,Bank transfer,28.43,1679.38,0,0,28.32,4,Yes
CUST02495,Male,24,0,No,No,46,Yes,Fiber optic,Month-to-month,Credit card,76.82,3460.33,3,0,28.6,6,No
CUST02496,Female,73,1,No,No,60,Yes,Fiber optic,Month-to-month,Mailed check,81.88,4994.44,2,0,22.19,4,No
CUST02497,Female,61,1,No,No,51,Yes,DSL,One year,Credit card,47.98,2308.39,0,1,33.82,4,No
CUST02498,Female,68,1,No,No,48,No,No,One year,Electronic check,20.57,942.78,1,1,30.33,5,No
CUST02499,Male,56,0,No,No,40,Yes,DSL,One year,Credit card,68.34,2547.2,6,2,56.11,6,No
CUST02500,Female,59,0,Yes,No,7,Yes,Fiber optic,One year,Mailed check,98.6,606.13,1,4,33.94,3,Yes
CUST02501,Female,74,1,Yes,No,19,Yes,DSL,Month-to-month,Electronic check,72.22,1306.43,4,1,23.56,4,Yes
CUST02502,Male,33,0,No,Yes,15,Yes,Fiber optic,One year,Electronic check,84.93,1198.93,3,1,23.43,6,No
CUST02503,Male,52,0,No,No,70,Yes,DSL,Month-to-month,Electronic check,57.64,3991.79,3,2,26.94,2,No
CUST02504,Female,47,0,No,No,61,Yes,Fiber optic,Month-to-month,Bank transfer,65.38,3782.75,5,0,24.27,3,No
CUST02505,Female,27,0,No,Yes,56,Yes,No,Two year,Electronic check,22.15,1139.74,3,0,19.51,5,No
CUST02506,Male,55,0,No,No,10,No,DSL,Month-to-month,Electronic check,62.08,755.29,2,1,26.78,4,Yes
CUST02507,Male,35,0,No,Yes,46,Yes,No,One year,Credit card,33.7,1580.02,2,1,30.54,3,No
CUST02508,Female,67,1,No,No,57,Yes,Fiber optic,Month-to-month,Electronic check,56.0,3140.76,1,1,20.26,4,No
CUST02509,Female,22,0,No,Yes,35,Yes,Fiber optic,Month-to-month,Electronic check,79.95,2732.71,4,3,20.93,4,Yes
CUST02510,Female,70,1,Yes,No,72,Yes,No,Month-to-month,Credit card,18.0,1372.52,3,2,73.75,5,No
CUST02511,Female,46,0,Yes,No,3,Yes,Fiber optic,One year,Credit card,60.94,191.41,1,0,105.19,2,No
CUST02512,Male,56,0,No,No,66,Yes,DSL,Month-to-month,Electronic check,75.81,4891.25,2,1,34.21,5,No
CUST02513,Female,51,0,Yes,No,53,Yes,Fiber optic,Month-to-month,Electronic check,65.47,3416.55,3,2,97.92,5,No
CUST02514,Female,60,1,No,No,52,Yes,DSL,Two year,Credit card,61.3,3063.92,3,1,72.82,2,No
CUST02515,Male,62,1,Yes,Yes,53,Yes,Fiber optic,Month-to-month,Bank transfer,100.39,5251.41,1,0,28.81,3,No
CUST02516,Female,40,0,No,Yes,54,Yes,Fiber optic,Month-to-month,Credit card,77.98,4279.43,2,1,42.81,5,No
CUST02517,Male,22,0,No,No,47,Yes,DSL,Two year,Credit card,45.31,2188.05,4,2,18.99,4,Yes
CUST02518,Female,47,0,No,No,3,Yes,Fiber optic,Two year,Electronic check,86.79,363.28,4,0,61.6,5,Yes
CUST02519,Female,23,0,Yes,Yes,65,Yes,Fiber optic,Month-to-month,Electronic check,108.4,7060.22,3,1,62.21,2,Yes
CUST02520,Male,73,1,No,Yes,15,Yes,DSL,Two year,Mailed check,71.91,927.74,1,2,18.82,3,Yes
CUST02521,Male,75,1,No,Yes,34,Yes,DSL,Month-to-month,Electronic check,57.02,1814.11,3,0,32.41,2,Yes
CUST02522,Female,63,1,Yes,No,50,Yes,Fiber optic,Month-to-month,Credit card,76.64,3879.41,3,2,113.94,4,No
CUST02523,Female,61,1,No,Yes,33,Yes,DSL,Two year,Mailed check,73.88,2448.22,5,1,38.73,3,No
CUST02524,Female,21,0,Yes,Yes,3,Yes,No,Two year,Bank transfer,18.0,0.0,1,1,11.5,5,No
CUST02525,Male,46,0,Yes,No,2,Yes,Fiber optic,Month-to-month,Bank transfer,99.05,163.87,2,1,27.24,3,Yes
CUST02526,Female,40,0,Yes,No,4,Yes,DSL,Month-to-month,Bank transfer,53.63,404.5,4,4,33.51,5,Yes
CUST02527,Male,23,0,No,No,16,Yes,DSL,Month-to-month,Electronic check,42.15,767.56,2,1,17.18,5,Yes
CUST02528,Male,49,0,No,No,54,Yes,Fiber optic,Month-to-month,Mailed check,58.5,3308.86,2,1,36.43,1,No
CUST02529,Female,59,0,No,No,33,Yes,Fiber optic,One year,Mailed check,109.53,3496.57,0,0,30.02,5,No
CUST02530,Male,35,0,Yes,No,9,Yes,DSL,Month-to-month,Electronic check,57.59,685.35,2,1,41.2,5,Yes
CUST02531,Female,32,0,Yes,No,57,Yes,DSL,Month-to-month,Bank transfer,49.27,2756.37,1,0,51.5,5,No
CUST02532,Female,57,0,No,Yes,40,Yes,Fiber optic,One year,Credit card,84.34,3530.82,2,1,126.94,1,No
CUST02533,Female,75,1,No,No,52,No,DSL,Two year,Bank transfer,53.13,2798.59,2,0,39.0,3,No
CUST02534,Female,49,0,No,No,16,Yes,DSL,Month-to-month,Electronic check,53.54,919.49,0,2,51.07,1,Yes
CUST02535,Female,26,0,Yes,Yes,8,Yes,Fiber optic,One year,Credit card,77.56,689.95,2,2,51.34,6,Yes
CUST02536,Male,54,0,Yes,No,60,Yes,DSL,Two year,Electronic check,60.1,3615.88,3,0,21.2,2,No
CUST02537,Male,27,0,No,Yes,36,No,No,Month-to-month,Credit card,31.06,1176.5,1,1,21.1,5,Yes
CUST02538,Female,37,0,No,No,3,Yes,Fiber optic,Two year,Electronic check,62.07,84.33,1,0,45.61,1,Yes
CUST02539,Female,23,0,Yes,No,15,Yes,DSL,One year,Credit card,76.21,1130.26,2,2,33.86,6,No
CUST02540,Male,65,1,Yes,Yes,23,Yes,DSL,Month-to-month,Bank transfer,48.66,1197.25,2,0,51.63,1,No
CUST02541,Male,73,1,No,No,3,Yes,Fiber optic,Month-to-month,Mailed check,88.84,277.41,3,0,42.06,6,No
CUST02542,Male,20,0,Yes,No,30,Yes,Fiber optic,One year,Electronic check,84.13,2488.82,1,1,12.48,3,Yes
CUST02543,Male,59,0,No,No,45,Yes,Fiber optic,Month-to-month,Mailed check,72.9,3303.88,5,2,52.26,3,Yes
CUST02544,Female,28,0,Yes,No,17,Yes,Fiber optic,Month-to-month,Credit card,102.03,1598.11,1,1,15.77,6,No
CUST02545,Female,60,1,Yes,Yes,58,Yes,Fiber optic,Month-to-month,Bank transfer,73.09,4343.83,4,1,44.02,3,Yes
CUST02546,Male,34,0,No,No,58,Yes,DSL,One year,Credit card,77.03,4259.85,2,0,52.14,4,No
CUST02547,Female,49,0,Yes,No,57,Yes,No,Month-to-month,Mailed check,30.34,1726.88,4,2,38.51,3,Yes
CUST02548,Male,21,0,No,Yes,7,Yes,Fiber optic,Month-to-month,Bank transfer,73.76,592.34,5,2,54.26,6,No
CUST02549,Female,21,0,No,No,39,Yes,Fiber optic,Month-to-month,Credit card,67.02,2621.93,2,1,19.37,5,No
CUST02550,Male,34,0,Yes,No,58,Yes,Fiber optic,One year,Electronic check,100.98,5809.93,2,0,59.89,1,No
CUST02551,Female,58,0,Yes,No,56,Yes,Fiber optic,Month-to-month,Mailed check,67.88,3911.24,3,2,27.63,2,Yes
CUST02552,Male,36,0,No,Yes,15,Yes,Fiber optic,Month-to-month,Bank transfer,83.0,1176.11,5,3,9.75,2,Yes
CUST02553,Male,22,0,No,No,44,Yes,Fiber optic,Month-to-month,Credit card,95.45,4368.27,0,2,64.83,2,Yes
CUST02554,Female,49,0,Yes,No,12,Yes,No,Month-to-month,Electronic check,28.71,323.53,2,1,45.35,5,No
CUST02555,Male,39,0,Yes,No,8,No,Fiber optic,Month-to-month,Bank transfer,81.96,631.15,1,1,32.11,1,Yes
CUST02556,Female,73,1,No,Yes,41,Yes,DSL,One year,Mailed check,51.24,2173.65,1,2,13.92,4,No
CUST02557,Female,23,0,No,No,34,Yes,Fiber optic,One year,Electronic check,95.83,3227.19,2,2,27.57,6,Yes
CUST02558,Male,52,0,No,No,46,Yes,Fiber optic,One year,Mailed check,56.79,2621.94,0,4,34.32,4,No
CUST02559,Female,39,0,Yes,Yes,29,Yes,No,Month-to-month,Electronic check,27.08,842.45,3,1,43.09,3,Yes
CUST02560,Female,18,0,No,No,16,No,Fiber optic,Month-to-month,Mailed check,65.55,926.26,2,0,69.78,4,Yes
CUST02561,Female,37,0,No,No,5,Yes,No,Two year,Bank transfer,18.0,151.29,2,1,22.39,1,No
CUST02562,Female,39,0,No,Yes,5,Yes,Fiber optic,Month-to-month,Electronic check,90.52,283.26,3,2,15.99,3,Yes
CUST02563,Female,65,1,No,Yes,30,Yes,DSL,One year,Electronic check,51.0,1528.7,4,2,28.05,5,Yes
CUST02564,Male,72,1,No,No,50,Yes,No,Two year,Credit card,34.26,1677.35,3,0,60.43,6,No
CUST02565,Female,28,0,No,No,5,Yes,Fiber optic,One year,Credit card,95.6,346.88,1,0,25.78,6,Yes
CUST02566,Female,30,0,No,No,13,Yes,Fiber optic,Month-to-month,Mailed check,74.54,1138.16,5,1,28.27,6,No
CUST02567,Female,59,0,Yes,Yes,49,Yes,DSL,Month-to-month,Bank transfer,57.3,2824.44,2,0,89.45,2,Yes
CUST02568,Female,20,0,Yes,No,50,No,Fiber optic,Month-to-month,Credit card,68.45,3357.23,2,1,47.29,2,Yes
CUST02569,Female,26,0,Yes,No,14,Yes,DSL,One year,Mailed check,65.68,933.72,2,1,14.07,3,No
CUST02570,Male,29,0,Yes,Yes,46,Yes,Fiber optic,One year,Credit card,108.52,5240.6,2,2,61.1,3,Yes
CUST02571,Female,40,0,Yes,No,34,Yes,Fiber optic,One year,Bank transfer,67.07,2180.84,2,0,44.78,3,Yes
CUST02572,Male,31,0,No,Yes,71,Yes,Fiber optic,Month-to-month,Bank transfer,87.83,6301.73,2,5,49.85,1,Yes
CUST02573,Male,50,0,Yes,No,47,Yes,No,Two year,Mailed check,27.59,1205.28,1,4,17.15,3,No
CUST02574,Male,35,0,No,No,60,Yes,Fiber optic,One year,Electronic check,66.25,4023.23,3,1,52.64,1,No
CUST02575,Male,66,1,No,No,11,Yes,Fiber optic,Month-to-month,Credit card,69.87,702.66,3,2,47.4,3,No
CUST02576,Female,58,0,Yes,Yes,50,Yes,DSL,Month-to-month,Credit card,38.3,1898.64,3,2,18.15,6,Yes
CUST02577,Male,26,0,No,No,4,Yes,Fiber optic,One year,Credit card,93.41,389.46,3,0,61.28,1,No
CUST02578,Male,40,0,No,No,41,Yes,Fiber optic,Month-to-month,Credit card,79.6,3395.61,4,2,56.53,1,Yes
CUST02579,Female,27,0,Yes,No,59,Yes,Fiber optic,Month-to-month,Bank transfer,74.12,4225.69,3,0,49.36,4,No
CUST02580,Female,36,0,Yes,No,60,Yes,DSL,Month-to-month,Electronic check,84.77,5256.17,1,3,36.49,4,No
CUST02581,Female,64,1,Yes,Yes,62,Yes,DSL,One year,Credit card,38.38,2187.74,3,4,23.13,3,Yes
CUST02582,Male,22,0,No,No,25,Yes,Fiber optic,Month-to-month,Electronic check,104.28,2639.77,0,1,28.18,3,No
CUST02583,Female,64,1,Yes,No,33,Yes,Fiber optic,Month-to-month,Electronic check,52.69,1744.81,1,1,44.83,1,Yes
CUST02584,Female,69,1,No,No,19,Yes,DSL,Two year,Bank transfer,53.75,1008.12,2,1,29.15,1,No
CUST02585,Male,40,0,No,No,57,Yes,DSL,One year,Electronic check,39.62,2261.97,4,1,24.46,4,No
CUST02586,Female,47,0,Yes,No,15,Yes,Fiber optic,One year,Electronic check,72.7,1142.68,2,3,41.38,5,Yes
CUST02587,Female,42,0,No,Yes,41,Yes,Fiber optic,Month-to-month,Credit card,76.89,3198.66,0,0,15.72,2,Yes
CUST02588,Female,45,0,Yes,No,69,No,Fiber optic,One year,Electronic check,74.35,5112.2,2,2,19.77,2,Yes
CUST02589,Female,51,0,No,No,60,Yes,DSL,One year,Electronic check,63.0,3850.33,0,0,46.03,5,No
CUST02590,Male,62,1,Yes,No,22,Yes,No,Two year,Mailed check,32.02,681.48,1,0,40.33,5,No
CUST02591,Female,73,1,No,No,43,No,Fiber optic,Month-to-month,Bank transfer,83.3,3591.25,1,0,18.51,2,No
CUST02592,Female,65,1,Yes,No,32,No,Fiber optic,Month-to-month,Electronic check,89.85,2990.98,3,2,21.55,4,Yes
CUST02593,Male,64,1,No,Yes,13,Yes,Fiber optic,Month-to-month,Electronic check,108.41,1528.0,5,0,38.04,2,Yes
CUST02594,Female,42,0,No,No,38,Yes,Fiber optic,One year,Mailed check,74.53,2936.92,4,3,49.21,5,Yes
CUST02595,Male,27,0,Yes,No,26,No,Fiber optic,Month-to-month,Electronic check,98.56,2460.06,3,2,12.56,2,No
CUST02596,Female,31,0,No,No,5,Yes,No,Month-to-month,Credit card,45.2,268.63,1,1,17.97,2,Yes
CUST02597,Male,59,0,Yes,Yes,49,Yes,Fiber optic,Month-to-month,Credit card,112.21,5544.44,2,1,51.01,5,Yes
CUST02598,Male,74,1,No,Yes,5,Yes,DSL,Month-to-month,Bank transfer,79.55,574.51,3,3,13.92,4,Yes
CUST02599,Male,63,1,No,No,71,Yes,Fiber optic,Month-to-month,Mailed check,95.92,6889.61,2,2,15.1,2,Yes
CUST02600,Male,75,1,Yes,No,48,Yes,DSL,Two year,Credit card,73.81,3480.17,3,3,62.82,3,No
CUST02601,Female,47,0,Yes,No,18,Yes,DSL,One year,Credit card,54.19,937.24,3,3,36.05,3,No
CUST02602,Male,72,1,Yes,No,6,Yes,Fiber optic,Month-to-month,Bank transfer,83.78,248.43,1,0,22.08,2,No
CUST02603,Female,58,0,No,No,66,Yes,No,Month-to-month,Mailed check,23.42,1538.01,2,1,84.67,5,No
CUST02604,Male,42,0,Yes,Yes,42,Yes,Fiber optic,Month-to-month,Mailed check,75.05,3115.17,1,1,44.99,3,No
CUST02605,Male,31,0,Yes,No,52,Yes,DSL,One year,Bank transfer,61.76,3159.05,2,3,32.68,2,Yes
CUST02606,Male,52,0,Yes,No,11,Yes,No,Month-to-month,Mailed check,20.8,150.84,1,1,22.39,5,Yes
CUST02607,Female,69,1,Yes,No,26,Yes,Fiber optic,Two year,Electronic check,85.93,2387.89,4,2,33.31,3,No
CUST02608,Male,65,1,No,No,21,Yes,DSL,One year,Credit card,43.43,643.25,2,2,39.89,4,Yes
CUST02609,Female,51,0,Yes,No,66,Yes,DSL,Month-to-month,Electronic check,53.6,3410.71,5,1,47.41,5,No
CUST02610,Female,27,0,No,No,40,Yes,No,Two year,Electronic check,35.53,1659.87,1,0,79.11,3,No
CUST02611,Female,52,0,No,Yes,56,Yes,DSL,One year,Credit card,62.34,3589.45,1,0,37.6,1,No
CUST02612,Female,28,0,No,No,51,Yes,Fiber optic,Month-to-month,Mailed check,105.02,5386.61,4,1,34.88,6,No
CUST02613,Female,28,0,Yes,Yes,20,Yes,DSL,Month-to-month,Credit card,52.73,1054.13,0,2,42.22,1,Yes
CUST02614,Female,38,0,No,No,57,Yes,DSL,One year,Bank transfer,57.02,3191.62,4,2,27.4,5,No
CUST02615,Female,38,0,No,No,5,Yes,DSL,Month-to-month,Electronic check,62.58,185.26,2,1,23.22,3,Yes
CUST02616,Female,39,0,Yes,No,14,Yes,No,Month-to-month,Bank transfer,23.44,364.92,3,1,34.74,4,Yes
CUST02617,Female,62,1,Yes,No,24,Yes,Fiber optic,Month-to-month,Credit card,64.09,1618.13,3,1,28.81,5,No
CUST02618,Male,24,0,Yes,No,68,Yes,Fiber optic,Month-to-month,Bank transfer,93.5,6288.7,3,0,29.7,5,No
CUST02619,Male,72,1,Yes,No,52,Yes,DSL,Month-to-month,Electronic check,48.17,2323.16,2,0,79.0,4,Yes
CUST02620,Male,34,0,Yes,Yes,48,Yes,No,Two year,Credit card,24.92,1262.63,2,0,29.15,6,No
CUST02621,Male,19,0,No,No,47,Yes,DSL,One year,Credit card,34.43,1695.73,4,2,38.08,2,No
CUST02622,Male,29,0,Yes,No,60,Yes,No,One year,Credit card,19.81,1271.79,1,0,46.65,2,No
CUST02623,Female,74,1,No,No,3,Yes,No,One year,Electronic check,23.99,56.12,4,3,21.72,4,No
CUST02624,Female,59,0,No,No,9,Yes,No,One year,Credit card,29.49,49.56,2,1,33.61,4,Yes
CUST02625,Female,35,0,No,Yes,24,Yes,No,Two year,Credit card,18.0,309.49,3,1,21.7,3,No
CUST02626,Female,71,1,No,Yes,4,No,No,Month-to-month,Bank transfer,18.0,200.59,3,2,53.12,4,No
CUST02627,Female,28,0,Yes,Yes,9,Yes,DSL,One year,Bank transfer,81.17,595.47,4,0,62.46,6,Yes
CUST02628,Female,33,0,No,No,1,Yes,DSL,Month-to-month,Mailed check,83.58,153.58,3,3,26.27,1,Yes
CUST02629,Female,66,1,No,Yes,35,Yes,Fiber optic,Two year,Credit card,92.72,3143.08,2,1,45.57,1,No
CUST02630,Male,68,1,No,Yes,12,Yes,Fiber optic,Two year,Electronic check,104.19,1138.09,5,2,33.09,2,No
CUST02631,Male,35,0,No,No,18,Yes,Fiber optic,Two year,Bank transfer,79.08,1606.03,2,3,49.8,1,No
CUST02632,Male,52,0,Yes,No,10,No,Fiber optic,Month-to-month,Credit card,94.8,1134.29,3,0,20.62,1,Yes
CUST02633,Male,70,1,Yes,No,18,Yes,Fiber optic,Month-to-month,Electronic check,94.05,1709.22,3,2,45.67,6,Yes
CUST02634,Female,43,0,No,No,24,Yes,No,Month-to-month,Bank transfer,18.0,383.54,5,0,44.99,3,No
CUST02635,Female,33,0,No,No,1,Yes,DSL,Month-to-month,Electronic check,62.36,165.56,3,2,35.58,2,Yes
CUST02636,Female,23,0,No,No,72,Yes,Fiber optic,Month-to-month,Electronic check,80.57,5643.08,1,0,52.51,3,Yes
CUST02637,Male,74,1,No,No,16,Yes,DSL,Month-to-month,Bank transfer,64.41,1151.72,2,3,61.44,5,Yes
CUST02638,Female,61,1,Yes,No,15,Yes,DSL,One year,Bank transfer,53.58,1005.75,9,3,77.74,6,No
CUST02639,Female,60,1,Yes,No,62,No,Fiber optic,Month-to-month,Bank transfer,63.18,3975.23,3,2,19.86,1,No
CUST02640,Female,64,1,Yes,No,5,Yes,No,Two year,Electronic check,25.14,9.42,3,1,54.15,1,No
CUST02641,Male,64,1,Yes,Yes,45,Yes,Fiber optic,Month-to-month,Mailed check,97.46,4538.16,1,0,12.49,3,Yes
CUST02642,Female,65,1,No,No,52,Yes,DSL,Month-to-month,Bank transfer,69.97,3669.71,3,0,43.79,5,Yes
CUST02643,Male,59,0,No,Yes,71,Yes,Fiber optic,One year,Bank transfer,58.36,4129.53,1,1,34.71,6,No
CUST02644,Male,29,0,Yes,No,7,Yes,DSL,One year,Bank transfer,62.19,338.43,5,2,43.64,1,No
CUST02645,Male,30,0,Yes,Yes,27,Yes,DSL,Month-to-month,Credit card,68.26,1729.04,5,2,45.66,4,Yes
CUST02646,Male,21,0,Yes,No,13,Yes,Fiber optic,Two year,Electronic check,87.06,1247.12,0,2,20.31,3,No
CUST02647,Female,56,0,Yes,No,17,No,No,One year,Bank transfer,31.92,535.02,1,3,33.91,2,No
CUST02648,Male,71,1,No,No,44,Yes,Fiber optic,Two year,Bank transfer,63.84,2800.3,1,3,16.23,5,No
CUST02649,Male,19,0,Yes,No,13,Yes,DSL,Two year,Electronic check,46.26,613.99,2,3,102.94,6,No
CUST02650,Female,43,0,No,No,5,Yes,No,Month-to-month,Bank transfer,29.71,0.0,2,1,41.08,1,No
CUST02651,Female,44,0,No,No,33,Yes,No,Two year,Credit card,22.21,730.73,3,0,16.26,1,No
CUST02652,Male,44,0,No,Yes,4,No,Fiber optic,Two year,Credit card,102.59,409.71,2,1,17.03,2,No
CUST02653,Female,32,0,Yes,No,26,No,Fiber optic,Two year,Credit card,89.6,2479.12,3,0,19.0,1,No
CUST02654,Male,25,0,No,No,68,Yes,DSL,Two year,Electronic check,49.26,3432.44,3,2,27.94,4,No
CUST02655,Male,24,0,No,Yes,16,Yes,Fiber optic,Two year,Electronic check,70.81,1011.54,2,3,14.6,6,No
CUST02656,Male,64,1,No,No,22,No,DSL,Month-to-month,Bank transfer,37.48,785.22,2,0,35.9,4,No
CUST02657,Male,72,1,Yes,No,36,Yes,DSL,Month-to-month,Electronic check,68.25,2561.63,2,2,60.55,5,Yes
CUST02658,Female,63,1,Yes,No,58,Yes,DSL,Two year,Electronic check,58.6,3268.53,5,2,64.72,4,Yes
CUST02659,Male,57,0,No,No,55,Yes,Fiber optic,One year,Mailed check,98.74,5600.3,4,1,41.3,5,No
CUST02660,Female,29,0,Yes,No,35,Yes,DSL,Month-to-month,Electronic check,63.09,2204.1,0,1,55.28,5,No
CUST02661,Female,30,0,Yes,No,25,Yes,No,Month-to-month,Bank transfer,25.92,701.62,3,1,24.84,3,No
CUST02662,Female,60,1,No,No,72,Yes,DSL,One year,Mailed check,69.78,4979.97,4,1,45.61,1,No
CUST02663,Female,34,0,Yes,No,61,Yes,DSL,Month-to-month,Credit card,58.83,3543.07,2,2,37.68,1,No
CUST02664,Male,34,0,Yes,Yes,18,Yes,Fiber optic,Month-to-month,Bank transfer,80.01,1348.0,2,1,61.03,4,Yes
CUST02665,Female,73,1,Yes,No,58,Yes,Fiber optic,Month-to-month,Mailed check,85.0,5083.68,3,1,57.72,1,No
CUST02666,Male,53,0,No,No,57,Yes,Fiber optic,One year,Mailed check,97.63,5624.09,3,3,37.06,5,No
CUST02667,Female,38,0,Yes,Yes,63,Yes,DSL,Month-to-month,Credit card,48.7,2971.46,5,0,21.53,5,No
CUST02668,Female,25,0,No,Yes,12,Yes,Fiber optic,Month-to-month,Credit card,98.87,1256.99,1,1,82.85,6,No
CUST02669,Male,22,0,Yes,No,11,No,DSL,One year,Credit card,60.76,762.41,0,2,54.71,6,No
CUST02670,Male,43,0,Yes,No,13,Yes,DSL,One year,Bank transfer,55.39,828.22,5,3,21.84,2,Yes
CUST02671,Male,33,0,No,No,35,No,DSL,Month-to-month,Mailed check,62.2,2205.14,3,0,54.72,1,No
CUST02672,Female,53,0,Yes,No,27,Yes,Fiber optic,Month-to-month,Bank transfer,102.65,2788.65,2,1,94.79,1,No
CUST02673,Female,45,0,No,No,67,Yes,DSL,One year,Credit card,74.03,4866.87,6,2,65.75,6,No
CUST02674,Male,71,1,Yes,Yes,45,Yes,DSL,One year,Credit card,64.7,3044.66,5,1,26.1,4,Yes
CUST02675,Male,46,0,Yes,Yes,67,Yes,Fiber optic,Month-to-month,Electronic check,94.39,6390.8,1,0,63.14,4,Yes
CUST02676,Male,64,1,Yes,No,22,No,Fiber optic,Month-to-month,Electronic check,85.65,1983.19,1,1,38.03,3,No
CUST02677,Male,29,0,Yes,No,42,Yes,DSL,Two year,Bank transfer,52.98,2036.87,4,1,25.26,4,Yes
CUST02678,Female,54,0,No,Yes,20,Yes,Fiber optic,Two year,Electronic check,91.67,1929.06,0,2,26.96,5,No
CUST02679,Male,47,0,No,No,48,Yes,Fiber optic,Month-to-month,Electronic check,78.27,3759.47,2,0,28.43,5,Yes
CUST02680,Male,40,0,Yes,No,18,No,Fiber optic,Month-to-month,Bank transfer,69.6,1335.56,1,0,54.65,1,Yes
CUST02681,Male,33,0,No,No,70,Yes,Fiber optic,Month-to-month,Electronic check,78.66,5386.41,3,2,26.92,6,Yes
CUST02682,Male,31,0,No,No,6,Yes,No,Month-to-month,Mailed check,18.0,289.32,1,0,36.19,2,Yes
CUST02683,Female,27,0,Yes,No,39,Yes,DSL,Month-to-month,Electronic check,45.14,1695.26,1,0,45.91,6,No
CUST02684,Male,24,0,Yes,Yes,11,Yes,DSL,Month-to-month,Mailed check,84.35,1043.03,1,1,36.0,1,Yes
CUST02685,Female,62,1,No,Yes,25,Yes,No,One year,Credit card,34.01,829.78,2,3,24.59,2,No
CUST02686,Male,69,1,No,No,55,Yes,DSL,Month-to-month,Electronic check,57.12,3326.63,0,0,36.58,4,Yes
CUST02687,Male,54,0,No,No,58,Yes,DSL,Two year,Bank transfer,66.27,3873.43,3,4,39.0,3,No
CUST02688,Female,46,0,No,No,37,Yes,Fiber optic,One year,Mailed check,70.74,2805.85,1,1,37.59,3,No
CUST02689,Male,20,0,No,Yes,16,No,DSL,One year,Credit card,67.94,1080.04,6,2,37.16,3,Yes
CUST02690,Female,32,0,Yes,No,70,Yes,Fiber optic,Two year,Bank transfer,88.92,6113.11,3,0,34.4,4,No
CUST02691,Female,53,0,Yes,Yes,37,Yes,Fiber optic,One year,Mailed check,74.43,2783.52,2,0,25.54,2,No
CUST02692,Male,64,1,Yes,Yes,53,Yes,Fiber optic,Two year,Electronic check,80.15,4234.63,0,0,47.54,1,No
CUST02693,Female,63,1,No,No,16,Yes,Fiber optic,Month-to-month,Bank transfer,79.11,1205.35,0,1,34.33,6,Yes
CUST02694,Female,69,1,No,No,18,Yes,Fiber optic,Month-to-month,Electronic check,97.75,1883.81,0,2,26.6,6,No
CUST02695,Female,36,0,No,Yes,19,Yes,Fiber optic,Month-to-month,Credit card,83.78,1456.51,2,0,39.57,3,Yes
CUST02696,Female,30,0,No,Yes,44,Yes,DSL,Month-to-month,Electronic check,41.06,1997.8,2,0,40.66,1,Yes
CUST02697,Female,59,0,No,No,2,Yes,Fiber optic,Month-to-month,Credit card,78.27,138.04,0,1,45.61,3,No
CUST02698,Female,38,0,No,No,58,Yes,DSL,One year,Electronic check,50.61,2799.17,2,0,39.5,2,No
CUST02699,Female,54,0,Yes,No,10,Yes,DSL,Month-to-month,Electronic check,42.26,461.58,3,0,79.87,4,Yes
CUST02700,Female,44,0,No,No,46,Yes,DSL,One year,Credit card,50.87,2358.3,2,1,16.74,2,Yes
CUST02701,Male,72,1,No,No,19,No,Fiber optic,Month-to-month,Credit card,52.62,984.4,4,1,24.23,2,Yes
CUST02702,Male,69,1,Yes,Yes,38,Yes,No,One year,Credit card,18.0,621.01,2,2,65.44,5,Yes
CUST02703,Female,46,0,No,Yes,37,Yes,Fiber optic,Month-to-month,Credit card,87.94,3385.19,2,1,25.32,3,No
CUST02704,Male,37,0,No,No,45,Yes,DSL,Two year,Electronic check,65.44,2998.74,5,2,25.65,2,No
CUST02705,Female,42,0,Yes,Yes,34,Yes,DSL,Month-to-month,Mailed check,66.04,2196.79,2,0,53.6,5,Yes
CUST02706,Female,23,0,Yes,No,2,No,Fiber optic,Two year,Credit card,99.36,238.54,3,1,20.01,1,No
CUST02707,Male,53,0,No,No,44,Yes,Fiber optic,Month-to-month,Electronic check,102.81,4445.64,3,0,46.05,2,Yes
CUST02708,Female,19,0,No,No,27,Yes,Fiber optic,One year,Credit card,69.63,1977.86,3,2,37.57,4,No
CUST02709,Female,39,0,No,No,48,Yes,No,Month-to-month,Bank transfer,18.0,1073.68,2,0,69.18,6,No
CUST02710,Female,49,0,Yes,No,7,Yes,DSL,Two year,Electronic check,60.51,534.28,3,0,57.75,5,No
CUST02711,Female,33,0,Yes,Yes,27,Yes,No,One year,Electronic check,29.37,726.93,3,0,20.38,6,No
CUST02712,Male,35,0,Yes,No,71,Yes,Fiber optic,Two year,Bank transfer,72.47,5049.15,3,2,40.8,6,No
CUST02713,Female,22,0,Yes,Yes,18,Yes,Fiber optic,Month-to-month,Credit card,88.97,1611.35,4,2,32.71,4,No
CUST02714,Female,71,1,Yes,No,33,Yes,Fiber optic,Two year,Credit card,112.34,3546.28,0,0,63.17,5,No
CUST02715,Female,53,0,No,No,33,Yes,No,Month-to-month,Mailed check,18.0,685.5,5,0,52.67,3,No
CUST02716,Male,47,0,Yes,Yes,25,No,Fiber optic,Month-to-month,Electronic check,85.09,2193.82,3,0,64.47,6,No
CUST02717,Female,62,1,Yes,No,14,Yes,Fiber optic,Month-to-month,Credit card,100.58,1392.78,1,0,18.21,1,No
CUST02718,Male,36,0,Yes,Yes,38,Yes,No,Month-to-month,Electronic check,23.42,860.96,3,0,17.24,6,Yes
CUST02719,Male,40,0,Yes,Yes,38,Yes,DSL,One year,Electronic check,64.95,2457.04,3,1,29.74,6,No
CUST02720,Female,51,0,No,No,4,Yes,DSL,Month-to-month,Electronic check,70.92,439.86,2,2,54.87,6,Yes
CUST02721,Female,30,0,No,Yes,62,Yes,Fiber optic,Month-to-month,Credit card,80.47,4948.58,3,0,23.3,4,No
CUST02722,Male,60,1,No,Yes,10,Yes,DSL,One year,Electronic check,47.27,353.1,0,0,30.75,6,Yes
CUST02723,Female,71,1,Yes,No,35,Yes,No,Two year,Credit card,24.19,768.47,1,3,29.43,2,No
CUST02724,Male,46,0,Yes,No,23,Yes,DSL,One year,Mailed check,46.86,1176.72,2,0,12.85,1,No
CUST02725,Male,53,0,No,Yes,65,Yes,Fiber optic,One year,Bank transfer,76.74,4892.02,4,1,25.39,6,No
CUST02726,Female,39,0,Yes,No,25,Yes,Fiber optic,One year,Electronic check,91.63,2410.61,1,3,18.09,6,No
CUST02727,Female,69,1,No,No,53,Yes,Fiber optic,One year,Electronic check,87.72,4629.01,6,2,80.78,1,Yes
CUST02728,Male,69,1,Yes,Yes,17,Yes,DSL,Two year,Credit card,71.97,1044.13,3,0,41.79,2,No
CUST02729,Male,64,1,No,No,57,Yes,Fiber optic,Month-to-month,Credit card,88.48,5118.23,3,2,25.55,4,Yes
CUST02730,Male,53,0,Yes,No,20,Yes,DSL,Month-to-month,Mailed check,50.64,985.66,2,1,24.46,6,Yes
CUST02731,Male,26,0,No,No,25,Yes,DSL,Two year,Mailed check,48.04,1238.16,0,0,50.23,6,No
CUST02732,Female,56,0,No,No,42,No,DSL,Two year,Credit card,67.53,2773.94,3,3,34.09,4,Yes
CUST02733,Female,68,1,No,Yes,45,Yes,Fiber optic,Month-to-month,Electronic check,88.6,4110.09,3,2,55.55,3,Yes
CUST02734,Female,36,0,No,No,31,No,DSL,One year,Mailed check,57.69,1832.96,2,0,29.97,5,No
CUST02735,Female,55,0,No,No,65,Yes,DSL,One year,Bank transfer,64.07,4381.19,1,2,25.99,1,No
CUST02736,Female,23,0,No,Yes,52,Yes,Fiber optic,Month-to-month,Credit card,74.44,3941.93,6,1,9.39,1,No
CUST02737,Male,69,1,Yes,Yes,21,Yes,No,Month-to-month,Credit card,18.0,354.72,2,2,50.6,3,No
CUST02738,Female,64,1,Yes,No,30,Yes,Fiber optic,One year,Credit card,100.64,2932.75,0,1,51.73,5,No
CUST02739,Female,32,0,No,No,3,No,DSL,Month-to-month,Mailed check,67.79,61.65,1,0,71.18,5,Yes
CUST02740,Female,74,1,No,No,70,Yes,Fiber optic,Month-to-month,Electronic check,83.7,5846.12,5,2,19.07,5,Yes
CUST02741,Female,37,0,Yes,No,43,Yes,DSL,Two year,Bank transfer,49.22,2107.48,3,3,102.83,2,No
CUST02742,Female,26,0,Yes,No,29,Yes,DSL,One year,Electronic check,57.44,1824.86,0,3,20.69,3,Yes
CUST02743,Male,49,0,No,No,3,Yes,Fiber optic,Two year,Mailed check,59.05,136.03,2,2,66.31,2,No
CUST02744,Male,21,0,Yes,Yes,58,Yes,DSL,Two year,Credit card,61.37,3660.93,1,0,25.44,5,No
CUST02745,Male,67,1,Yes,Yes,33,Yes,DSL,One year,Electronic check,36.77,1202.74,5,1,42.42,2,No
CUST02746,Female,35,0,Yes,No,45,Yes,DSL,Two year,Electronic check,61.28,2946.78,4,3,34.2,1,No
CUST02747,Male,22,0,No,No,69,Yes,Fiber optic,Month-to-month,Credit card,74.42,4978.38,1,1,99.51,2,Yes
CUST02748,Male,37,0,Yes,No,32,Yes,Fiber optic,One year,Electronic check,82.79,2784.48,3,3,11.57,2,No
CUST02749,Female,40,0,No,No,52,Yes,DSL,One year,Credit card,46.33,2359.26,5,0,60.52,4,No
CUST02750,Female,28,0,Yes,No,64,Yes,Fiber optic,One year,Electronic check,107.62,6976.84,2,2,27.84,3,No
CUST02751,Female,54,0,No,Yes,40,Yes,DSL,Month-to-month,Electronic check,64.33,2730.38,1,2,63.34,5,Yes
CUST02752,Male,39,0,No,No,13,Yes,Fiber optic,Month-to-month,Credit card,74.67,935.59,1,1,56.58,3,Yes
CUST02753,Male,75,1,Yes,No,29,No,Fiber optic,Month-to-month,Credit card,82.31,2277.36,0,3,31.75,1,Yes
CUST02754,Female,21,0,No,Yes,63,Yes,DSL,One year,Credit card,79.27,4874.7,3,1,45.98,5,No
CUST02755,Female,46,0,Yes,No,26,No,DSL,Two year,Credit card,48.6,1178.2,2,3,44.21,1,No
CUST02756,Male,61,1,Yes,No,59,Yes,DSL,Two year,Credit card,46.65,2509.44,1,0,41.57,2,No
CUST02757,Male,51,0,No,No,49,Yes,No,Month-to-month,Credit card,18.0,859.24,0,1,39.11,4,Yes
CUST02758,Female,30,0,Yes,Yes,53,Yes,DSL,Month-to-month,Electronic check,51.82,2811.44,3,0,72.19,5,Yes
CUST02759,Female,59,0,No,Yes,31,Yes,DSL,Month-to-month,Electronic check,77.94,2440.74,2,0,52.69,1,Yes
CUST02760,Male,26,0,Yes,No,12,Yes,No,Month-to-month,Electronic check,20.52,208.44,3,0,76.66,2,Yes
CUST02761,Female,59,0,Yes,No,58,Yes,DSL,Two year,Bank transfer,55.0,3101.31,2,1,29.21,5,No
CUST02762,Male,48,0,Yes,No,36,No,DSL,Two year,Credit card,62.42,2190.03,2,0,45.19,5,No
CUST02763,Male,24,0,No,No,10,Yes,Fiber optic,Month-to-month,Credit card,84.53,873.67,3,1,39.99,6,No
CUST02764,Male,21,0,Yes,No,6,Yes,No,Month-to-month,Bank transfer,32.76,279.09,0,1,51.04,6,Yes
CUST02765,Male,36,0,No,Yes,7,Yes,Fiber optic,Month-to-month,Electronic check,97.32,531.71,4,1,14.49,6,Yes
CUST02766,Female,59,0,Yes,No,31,No,Fiber optic,Month-to-month,Credit card,89.91,2802.95,3,3,72.62,3,Yes
CUST02767,Female,47,0,Yes,Yes,72,Yes,Fiber optic,Two year,Electronic check,81.55,5898.11,3,2,60.32,5,No
CUST02768,Male,48,0,No,No,3,Yes,Fiber optic,One year,Bank transfer,99.4,203.85,1,0,19.22,1,Yes
CUST02769,Male,52,0,No,Yes,47,Yes,Fiber optic,One year,Bank transfer,73.19,3494.62,5,0,24.02,4,No
CUST02770,Male,74,1,Yes,No,1,Yes,DSL,One year,Bank transfer,49.79,143.14,2,3,56.16,5,No
CUST02771,Male,38,0,No,Yes,45,Yes,DSL,Month-to-month,Mailed check,55.1,2422.49,1,2,25.37,1,Yes
CUST02772,Male,48,0,Yes,No,54,Yes,Fiber optic,Month-to-month,Bank transfer,102.43,5444.56,2,2,12.65,2,No
CUST02773,Female,36,0,No,Yes,50,Yes,DSL,Month-to-month,Bank transfer,49.96,2713.55,5,2,32.13,2,Yes
CUST02774,Female,48,0,No,No,7,Yes,DSL,One year,Electronic check,52.8,449.65,1,2,34.66,5,No
CUST02775,Female,70,1,No,Yes,63,No,DSL,Two year,Electronic check,62.09,3929.65,2,1,19.36,4,No
CUST02776,Female,49,0,No,No,15,Yes,Fiber optic,One year,Mailed check,84.15,1194.82,4,1,24.33,5,No
CUST02777,Male,19,0,Yes,No,67,No,No,Month-to-month,Mailed check,21.96,1394.04,4,3,26.78,3,No
CUST02778,Male,69,1,No,No,30,Yes,Fiber optic,One year,Credit card,92.01,2817.61,3,0,63.11,5,No
CUST02779,Male,27,0,No,No,68,Yes,Fiber optic,Month-to-month,Credit card,77.9,5214.95,4,0,75.53,3,Yes
CUST02780,Male,19,0,Yes,No,36,Yes,Fiber optic,Month-to-month,Mailed check,100.84,3543.66,1,1,20.46,3,No
CUST02781,Male,19,0,Yes,No,67,Yes,DSL,Month-to-month,Electronic check,62.85,4197.46,3,3,38.65,6,Yes
CUST02782,Female,41,0,No,No,5,No,DSL,Month-to-month,Electronic check,72.2,424.83,2,1,20.55,3,No
CUST02783,Male,34,0,No,No,25,Yes,Fiber optic,Two year,Credit card,73.14,2004.9,2,3,31.62,3,No
CUST02784,Female,49,0,Yes,Yes,11,Yes,Fiber optic,One year,Electronic check,82.78,934.62,2,3,19.47,3,Yes
CUST02785,Female,33,0,No,No,72,No,DSL,Month-to-month,Credit card,37.23,2598.4,2,2,24.72,2,Yes
CUST02786,Female,33,0,No,Yes,66,Yes,DSL,Month-to-month,Bank transfer,76.05,4992.53,1,4,27.69,5,No
CUST02787,Female,63,1,Yes,No,28,Yes,Fiber optic,Month-to-month,Electronic check,119.41,3473.89,1,2,42.93,5,Yes
CUST02788,Male,56,0,Yes,Yes,60,Yes,DSL,Month-to-month,Mailed check,56.54,3512.72,1,0,58.18,3,Yes
CUST02789,Female,70,1,No,No,10,Yes,No,Month-to-month,Mailed check,27.98,404.51,3,0,45.42,3,No
CUST02790,Female,48,0,Yes,Yes,50,Yes,Fiber optic,One year,Bank transfer,86.7,4436.37,4,2,32.96,3,No
CUST02791,Female,60,1,Yes,No,39,Yes,DSL,Month-to-month,Mailed check,44.5,1926.91,2,1,65.16,5,No
CUST02792,Male,41,0,No,No,37,Yes,Fiber optic,Two year,Credit card,103.71,3858.01,2,1,34.19,3,No
CUST02793,Male,18,0,No,No,63,Yes,DSL,Month-to-month,Credit card,56.7,3647.27,1,3,46.22,3,No
CUST02794,Male,28,0,No,Yes,61,Yes,Fiber optic,Month-to-month,Bank transfer,54.28,3230.42,3,0,50.14,4,No
CUST02795,Female,72,1,No,No,38,Yes,Fiber optic,Month-to-month,Credit card,74.26,2845.18,6,1,70.1,5,Yes
CUST02796,Female,38,0,Yes,No,33,Yes,DSL,One year,Credit card,43.27,1455.17,2,1,65.1,4,No
CUST02797,Male,21,0,Yes,No,45,Yes,DSL,Month-to-month,Credit card,61.47,2845.02,1,2,32.52,1,No
CUST02798,Female,24,0,No,Yes,44,Yes,Fiber optic,Month-to-month,Bank transfer,86.74,3754.06,0,2,59.56,4,No
CUST02799,Male,43,0,Yes,No,1,Yes,Fiber optic,Two year,Bank transfer,102.79,0.0,3,2,35.46,4,Yes
CUST02800,Male,64,1,No,No,53,Yes,Fiber optic,Month-to-month,Bank transfer,112.45,5901.77,3,1,74.2,1,Yes
CUST02801,Female,67,1,Yes,Yes,47,Yes,DSL,Two year,Bank transfer,82.94,4004.36,4,2,30.71,4,Yes
CUST02802,Female,29,0,Yes,Yes,33,Yes,DSL,Month-to-month,Bank transfer,47.7,1552.88,1,1,35.08,4,Yes
CUST02803,Female,48,0,Yes,No,67,Yes,DSL,One year,Credit card,67.43,4564.75,3,0,28.7,3,No
CUST02804,Female,34,0,No,No,15,No,DSL,Month-to-month,Electronic check,69.56,983.54,2,1,26.67,1,No
CUST02805,Male,50,0,Yes,Yes,14,Yes,DSL,Month-to-month,Bank transfer,53.72,856.15,5,0,53.43,3,Yes
CUST02806,Male,28,0,Yes,No,23,Yes,DSL,Month-to-month,Electronic check,63.45,1448.77,2,1,18.87,2,Yes
CUST02807,Male,45,0,Yes,Yes,54,No,DSL,Month-to-month,Mailed check,64.79,3486.68,1,0,27.02,5,No
CUST02808,Male,49,0,No,No,8,Yes,DSL,One year,Bank transfer,54.18,566.19,2,0,42.86,4,Yes
CUST02809,Male,18,0,Yes,No,54,Yes,No,Two year,Bank transfer,35.26,2061.69,3,2,40.08,2,No
CUST02810,Female,64,1,Yes,Yes,36,Yes,Fiber optic,Month-to-month,Mailed check,88.53,3321.81,3,1,50.5,1,No
CUST02811,Male,45,0,Yes,No,52,Yes,Fiber optic,Month-to-month,Credit card,82.42,4253.05,1,1,77.13,2,Yes
CUST02812,Male,70,1,No,No,6,Yes,Fiber optic,Month-to-month,Electronic check,66.65,340.42,1,0,18.81,1,Yes
CUST02813,Male,59,0,Yes,No,28,Yes,DSL,One year,Credit card,73.82,1975.79,0,3,23.58,1,No
CUST02814,Female,24,0,Yes,Yes,50,Yes,Fiber optic,Month-to-month,Electronic check,86.12,4157.11,3,2,53.63,1,No
CUST02815,Female,19,0,Yes,Yes,38,No,Fiber optic,Month-to-month,Credit card,86.17,3181.17,5,0,36.0,4,No
CUST02816,Female,59,0,No,No,30,No,No,One year,Credit card,18.23,462.03,4,2,19.69,1,No
CUST02817,Female,41,0,No,Yes,54,Yes,No,Month-to-month,Bank transfer,32.15,1609.92,4,2,13.69,4,No
CUST02818,Male,21,0,No,No,71,Yes,No,Month-to-month,Credit card,18.0,1126.28,2,0,37.22,2,No
CUST02819,Male,61,1,No,Yes,46,Yes,Fiber optic,Month-to-month,Credit card,51.88,2256.12,1,2,64.15,2,Yes
CUST02820,Female,36,0,No,No,28,Yes,No,One year,Electronic check,19.33,536.14,0,1,42.78,4,No
CUST02821,Female,43,0,Yes,Yes,17,Yes,Fiber optic,Month-to-month,Credit card,90.21,1577.64,2,1,39.64,6,No
CUST02822,Male,28,0,No,No,48,Yes,Fiber optic,Two year,Electronic check,90.08,4359.07,2,0,31.96,2,No
CUST02823,Male,57,0,No,No,44,Yes,Fiber optic,Month-to-month,Electronic check,87.11,3780.67,1,0,26.03,3,Yes
CUST02824,Female,67,1,No,Yes,60,Yes,DSL,Month-to-month,Bank transfer,57.93,3440.93,1,3,25.33,2,No
CUST02825,Female,60,1,Yes,No,60,Yes,Fiber optic,One year,Electronic check,87.38,5279.53,4,0,56.93,3,No
CUST02826,Female,28,0,No,No,5,Yes,DSL,Month-to-month,Electronic check,94.32,490.85,1,2,26.47,2,Yes
CUST02827,Female,62,1,Yes,Yes,69,Yes,DSL,Month-to-month,Electronic check,63.0,4403.18,6,0,19.81,6,No
CUST02828,Male,20,0,No,No,70,Yes,Fiber optic,Month-to-month,Credit card,78.66,5409.96,1,2,47.18,2,Yes
CUST02829,Male,29,0,Yes,No,7,Yes,Fiber optic,Month-to-month,Bank transfer,83.43,757.4,3,2,75.97,1,Yes
CUST02830,Male,20,0,Yes,Yes,53,No,Fiber optic,One year,Mailed check,81.89,4403.31,2,1,89.5,6,No
CUST02831,Female,59,0,Yes,Yes,17,Yes,No,Month-to-month,Bank transfer,25.55,508.63,5,2,74.01,6,No
CUST02832,Female,44,0,Yes,No,59,Yes,Fiber optic,One year,Credit card,71.33,4102.38,1,1,35.73,3,No
CUST02833,Male,66,1,No,No,9,Yes,Fiber optic,One year,Electronic check,96.98,764.41,2,2,21.98,6,Yes
CUST02834,Male,71,1,Yes,No,22,Yes,Fiber optic,One year,Electronic check,89.45,1898.17,5,1,49.58,4,Yes
CUST02835,Male,19,0,Yes,Yes,45,Yes,No,One year,Credit card,18.69,914.75,3,0,86.43,1,No
CUST02836,Male,66,1,No,No,59,Yes,Fiber optic,One year,Credit card,100.3,5801.99,3,1,70.11,6,No
CUST02837,Female,33,0,Yes,Yes,13,Yes,Fiber optic,Month-to-month,Bank transfer,56.46,778.63,1,0,50.26,6,No
CUST02838,Male,19,0,No,No,12,Yes,Fiber optic,Month-to-month,Electronic check,117.29,1553.34,4,3,34.85,3,No
CUST02839,Male,71,1,Yes,Yes,36,Yes,No,Month-to-month,Electronic check,40.08,1372.18,0,2,36.81,1,Yes
CUST02840,Male,47,0,Yes,No,10,Yes,Fiber optic,One year,Electronic check,110.88,1015.15,0,2,14.33,5,Yes
CUST02841,Male,37,0,No,No,16,Yes,DSL,One year,Bank transfer,54.04,791.53,5,1,23.89,6,No
CUST02842,Male,55,0,No,No,19,Yes,Fiber optic,Month-to-month,Electronic check,88.61,1667.18,2,1,25.91,1,Yes
CUST02843,Male,45,0,Yes,No,6,Yes,No,Two year,Credit card,20.03,215.2,3,1,58.69,6,No
CUST02844,Male,42,0,No,No,4,Yes,DSL,One year,Electronic check,65.17,361.84,1,2,30.8,4,No
CUST02845,Female,49,0,No,No,30,Yes,DSL,Month-to-month,Credit card,60.22,1886.47,2,0,31.01,5,No
CUST02846,Female,27,0,No,No,46,Yes,Fiber optic,Month-to-month,Electronic check,78.1,3398.22,4,1,47.52,4,No
CUST02847,Female,59,0,Yes,Yes,27,Yes,Fiber optic,Month-to-month,Electronic check,77.94,2085.64,4,2,29.46,6,Yes
CUST02848,Female,57,0,Yes,No,45,Yes,Fiber optic,One year,Electronic check,86.24,3792.58,4,0,51.65,4,Yes
CUST02849,Male,50,0,No,No,37,Yes,DSL,Month-to-month,Electronic check,95.23,3563.94,3,2,58.37,3,Yes
CUST02850,Female,30,0,No,Yes,9,No,No,Month-to-month,Electronic check,35.44,408.96,1,0,46.93,6,Yes
CUST02851,Female,73,1,Yes,Yes,61,Yes,Fiber optic,Two year,Bank transfer,86.29,5213.78,2,0,41.78,2,No
CUST02852,Male,58,0,No,No,35,Yes,No,One year,Electronic check,23.55,1016.38,8,1,60.69,1,No
CUST02853,Male,71,1,Yes,Yes,47,Yes,Fiber optic,Month-to-month,Electronic check,94.34,4343.37,1,1,29.99,4,Yes
CUST02854,Female,59,0,No,No,21,Yes,No,Month-to-month,Credit card,20.1,475.3,3,0,28.83,5,No
CUST02855,Female,64,1,Yes,No,17,Yes,Fiber optic,Month-to-month,Bank transfer,81.58,1601.31,2,0,44.99,3,No
CUST02856,Male,54,0,No,No,55,No,Fiber optic,Two year,Electronic check,55.73,3156.96,3,2,9.75,6,Yes
CUST02857,Female,71,1,Yes,Yes,6,Yes,DSL,Two year,Credit card,61.09,425.99,0,0,70.96,1,No
CUST02858,Male,33,0,No,No,35,Yes,DSL,One year,Bank transfer,61.4,2131.96,2,1,42.11,1,No
CUST02859,Male,62,1,No,No,50,Yes,DSL,Month-to-month,Electronic check,53.47,2734.65,3,0,6.86,3,No
CUST02860,Male,39,0,No,No,37,Yes,DSL,Month-to-month,Credit card,65.42,2365.33,0,0,105.61,1,No
CUST02861,Male,74,1,No,Yes,13,Yes,DSL,Month-to-month,Electronic check,61.49,912.17,3,0,52.77,2,No
CUST02862,Female,37,0,No,No,25,Yes,Fiber optic,Month-to-month,Electronic check,77.02,1853.08,1,2,72.56,2,Yes
CUST02863,Male,67,1,No,No,1,Yes,Fiber optic,Month-to-month,Mailed check,97.35,72.51,1,0,47.15,1,Yes
CUST02864,Male,60,1,Yes,No,49,No,Fiber optic,One year,Electronic check,82.3,3948.76,4,1,31.12,1,No
CUST02865,Female,44,0,Yes,No,35,Yes,DSL,Month-to-month,Electronic check,47.43,1625.7,1,1,12.64,3,No
CUST02866,Male,58,0,Yes,Yes,53,Yes,DSL,Month-to-month,Mailed check,38.86,2013.78,3,0,43.06,5,Yes
CUST02867,Female,33,0,Yes,No,52,Yes,DSL,One year,Bank transfer,77.22,3813.8,1,1,51.1,6,No
CUST02868,Female,51,0,No,No,54,Yes,DSL,Month-to-month,Credit card,61.51,3324.88,4,2,41.61,4,Yes
CUST02869,Female,49,0,Yes,No,47,Yes,Fiber optic,Two year,Bank transfer,86.25,4005.34,5,1,23.47,6,No
CUST02870,Male,43,0,No,No,43,Yes,DSL,Month-to-month,Bank transfer,59.47,2426.26,0,2,11.22,4,Yes
CUST02871,Female,42,0,No,No,20,Yes,Fiber optic,Month-to-month,Bank transfer,103.27,1996.95,1,1,26.64,6,No
CUST02872,Female,19,0,No,No,33,Yes,DSL,Month-to-month,Electronic check,61.71,2072.59,3,3,32.85,5,No
CUST02873,Male,29,0,Yes,Yes,16,Yes,Fiber optic,Two year,Credit card,108.22,1554.13,1,1,19.83,6,No
CUST02874,Female,57,0,No,Yes,7,Yes,DSL,One year,Electronic check,61.75,416.18,1,3,18.0,6,No
CUST02875,Female,26,0,Yes,No,70,Yes,DSL,Month-to-month,Electronic check,27.9,2067.56,8,1,43.86,1,Yes
CUST02876,Female,29,0,Yes,No,21,Yes,Fiber optic,Month-to-month,Credit card,104.0,2140.76,5,1,41.96,4,No
CUST02877,Female,43,0,No,No,36,Yes,DSL,One year,Credit card,63.78,2442.32,3,3,24.7,2,No
CUST02878,Female,26,0,No,No,54,Yes,Fiber optic,Month-to-month,Electronic check,77.4,4287.18,3,0,27.28,3,Yes
CUST02879,Male,27,0,Yes,Yes,19,Yes,Fiber optic,Two year,Electronic check,81.15,1578.25,4,0,57.44,5,No
CUST02880,Female,49,0,No,No,25,Yes,DSL,Two year,Credit card,56.31,1405.34,3,2,35.39,4,No
CUST02881,Female,74,1,Yes,No,67,Yes,DSL,One year,Credit card,45.1,3022.37,3,0,59.25,5,No
CUST02882,Male,51,0,Yes,No,53,Yes,Fiber optic,Two year,Mailed check,98.16,5251.47,3,1,32.26,1,No
CUST02883,Male,65,1,Yes,No,48,Yes,Fiber optic,Month-to-month,Bank transfer,78.31,3958.78,1,1,36.96,4,No
CUST02884,Male,37,0,No,No,42,Yes,DSL,Month-to-month,Mailed check,49.58,2132.45,4,3,38.58,5,No
CUST02885,Female,56,0,No,No,47,Yes,DSL,Month-to-month,Credit card,111.59,5393.58,3,2,76.47,4,Yes
CUST02886,Male,19,0,Yes,No,42,Yes,Fiber optic,Month-to-month,Bank transfer,67.7,2727.49,3,1,55.65,4,Yes
CUST02887,Female,18,0,Yes,Yes,2,Yes,No,Two year,Mailed check,24.3,0.0,4,0,37.94,4,No
CUST02888,Female,68,1,No,No,6,Yes,DSL,Month-to-month,Bank transfer,32.39,196.0,7,2,19.81,5,Yes
CUST02889,Male,53,0,Yes,No,46,No,Fiber optic,Two year,Bank transfer,103.81,4909.61,3,0,54.83,3,No
CUST02890,Male,41,0,Yes,No,66,Yes,Fiber optic,One year,Credit card,80.76,5151.01,3,1,25.66,3,Yes
CUST02891,Female,71,1,No,No,40,Yes,DSL,Month-to-month,Electronic check,69.8,3093.78,3,0,57.26,5,Yes
CUST02892,Male,44,0,Yes,No,58,Yes,DSL,Month-to-month,Mailed check,48.68,2823.41,1,0,39.67,2,No
CUST02893,Female,19,0,No,No,33,Yes,Fiber optic,Month-to-month,Bank transfer,60.76,2122.88,1,2,46.5,1,No
CUST02894,Male,48,0,Yes,Yes,62,Yes,No,Month-to-month,Bank transfer,19.03,1178.26,9,0,17.19,5,Yes
CUST02895,Male,74,1,No,Yes,12,Yes,Fiber optic,Month-to-month,Electronic check,105.18,1180.59,2,2,44.54,2,Yes
CUST02896,Male,31,0,No,No,49,Yes,DSL,Month-to-month,Electronic check,66.93,3450.9,1,1,13.73,6,No
CUST02897,Female,19,0,No,No,5,Yes,Fiber optic,One year,Credit card,60.75,284.42,5,0,18.67,5,Yes
CUST02898,Male,46,0,Yes,Yes,51,Yes,No,One year,Bank transfer,18.0,845.5,2,0,47.1,1,No
CUST02899,Female,32,0,No,No,69,Yes,DSL,Month-to-month,Mailed check,56.15,3912.81,2,0,18.21,6,Yes
CUST02900,Female,29,0,No,No,32,Yes,Fiber optic,Month-to-month,Electronic check,101.39,3304.09,1,1,12.1,6,Yes
CUST02901,Female,54,0,No,Yes,49,Yes,No,Two year,Bank transfer,18.93,961.05,1,3,36.71,5,No
CUST02902,Female,45,0,No,No,60,Yes,Fiber optic,Month-to-month,Electronic check,101.14,6110.03,2,0,19.82,4,Yes
CUST02903,Male,37,0,No,Yes,46,Yes,DSL,Month-to-month,Credit card,61.52,2867.99,4,0,31.89,5,No
CUST02904,Female,56,0,No,No,68,Yes,DSL,One year,Credit card,81.03,5633.35,1,1,24.24,2,No
CUST02905,Female,41,0,Yes,No,41,Yes,DSL,Two year,Bank transfer,51.86,2131.92,2,3,30.19,5,No
CUST02906,Male,38,0,Yes,No,67,Yes,No,Two year,Mailed check,24.52,1578.02,5,0,41.89,3,No
CUST02907,Female,27,0,No,No,13,No,No,Month-to-month,Electronic check,19.76,329.12,6,0,44.91,5,Yes
CUST02908,Male,63,1,Yes,Yes,18,Yes,No,Month-to-month,Credit card,32.88,345.39,3,1,56.22,2,No
CUST02909,Female,31,0,No,No,51,No,Fiber optic,Month-to-month,Credit card,93.86,4847.06,2,3,45.58,5,No
CUST02910,Male,54,0,No,No,36,Yes,Fiber optic,Two year,Electronic check,59.52,2293.47,4,1,42.49,6,Yes
CUST02911,Female,35,0,No,No,34,Yes,DSL,Month-to-month,Mailed check,68.31,2398.75,1,1,57.42,3,No
CUST02912,Male,41,0,Yes,No,12,Yes,DSL,Month-to-month,Mailed check,42.13,346.69,3,2,22.54,6,Yes
CUST02913,Female,31,0,Yes,No,5,Yes,DSL,Two year,Electronic check,49.07,389.59,3,0,56.68,5,Yes
CUST02914,Female,51,0,No,No,48,No,Fiber optic,Two year,Credit card,96.19,4561.89,1,0,37.71,1,No
CUST02915,Male,75,1,No,Yes,40,Yes,DSL,One year,Electronic check,44.95,1817.94,2,5,64.51,3,Yes
CUST02916,Male,29,0,No,No,13,Yes,No,Month-to-month,Credit card,22.03,415.44,3,0,21.53,1,No
CUST02917,Male,39,0,Yes,No,26,Yes,Fiber optic,Month-to-month,Bank transfer,96.39,2444.35,3,1,36.1,3,Yes
CUST02918,Male,73,1,Yes,No,14,Yes,Fiber optic,Two year,Electronic check,91.23,1291.11,3,1,46.45,2,No
CUST02919,Female,23,0,Yes,No,11,No,Fiber optic,One year,Mailed check,90.35,863.43,5,1,37.65,5,Yes
CUST02920,Female,53,0,No,Yes,38,Yes,Fiber optic,Month-to-month,Credit card,96.88,3662.82,4,1,45.18,5,Yes
CUST02921,Male,62,1,Yes,No,57,Yes,DSL,Month-to-month,Mailed check,75.68,4197.08,3,5,73.1,6,No
CUST02922,Female,53,0,Yes,No,22,Yes,No,Two year,Electronic check,18.0,444.33,0,2,28.53,1,No
CUST02923,Male,39,0,Yes,No,16,No,Fiber optic,Month-to-month,Bank transfer,90.0,1294.97,4,1,26.25,3,Yes
CUST02924,Male,31,0,Yes,No,29,Yes,DSL,One year,Bank transfer,71.57,2066.56,2,1,60.62,2,Yes
CUST02925,Female,33,0,No,No,2,No,DSL,Month-to-month,Electronic check,69.21,81.71,2,3,42.67,6,Yes
CUST02926,Female,53,0,No,Yes,54,Yes,Fiber optic,Month-to-month,Electronic check,82.61,4389.37,1,2,25.92,3,Yes
CUST02927,Female,73,1,Yes,No,2,Yes,DSL,Two year,Mailed check,57.39,224.87,2,3,23.9,4,Yes
CUST02928,Female,42,0,Yes,No,3,Yes,DSL,Month-to-month,Credit card,69.89,102.26,0,0,41.92,1,Yes
CUST02929,Female,49,0,Yes,No,56,Yes,DSL,One year,Credit card,62.57,3449.64,6,0,57.25,3,No
CUST02930,Female,50,0,Yes,No,72,Yes,DSL,Month-to-month,Mailed check,73.13,5284.56,1,1,32.22,1,Yes
CUST02931,Female,62,1,Yes,No,11,Yes,DSL,Month-to-month,Electronic check,61.32,738.77,3,0,41.69,6,No
CUST02932,Male,53,0,No,No,32,Yes,Fiber optic,One year,Credit card,79.4,2360.18,3,0,25.11,4,Yes
CUST02933,Male,37,0,Yes,No,4,Yes,Fiber optic,Two year,Bank transfer,58.55,216.35,1,1,47.95,3,No
CUST02934,Male,35,0,Yes,No,9,Yes,Fiber optic,One year,Credit card,81.54,809.53,1,2,73.71,3,No
CUST02935,Male,55,0,Yes,Yes,56,Yes,Fiber optic,Month-to-month,Electronic check,66.54,3892.62,4,2,33.46,1,Yes
CUST02936,Male,20,0,No,No,16,Yes,Fiber optic,Month-to-month,Credit card,57.56,924.15,4,1,39.16,4,Yes
CUST02937,Female,40,0,No,No,71,Yes,Fiber optic,Two year,Bank transfer,72.02,4973.36,6,2,24.17,2,No
CUST02938,Male,49,0,No,Yes,10,Yes,DSL,Month-to-month,Credit card,68.44,683.11,2,2,32.94,5,Yes
CUST02939,Male,62,1,No,No,36,No,DSL,Two year,Bank transfer,57.1,2007.44,2,0,12.79,6,No
CUST02940,Male,33,0,No,No,24,Yes,Fiber optic,Month-to-month,Electronic check,87.67,2138.09,1,2,12.02,1,Yes
CUST02941,Male,22,0,Yes,No,64,Yes,Fiber optic,Two year,Bank transfer,95.1,6270.47,2,0,47.86,1,No
CUST02942,Male,21,0,No,Yes,56,Yes,DSL,Two year,Credit card,59.57,3218.69,2,0,22.09,5,No
CUST02943,Male,38,0,Yes,No,22,Yes,Fiber optic,Month-to-month,Mailed check,74.68,1752.65,1,0,19.61,3,Yes
CUST02944,Male,57,0,Yes,No,52,Yes,Fiber optic,One year,Electronic check,78.31,4162.43,1,0,26.31,1,Yes
CUST02945,Female,68,1,No,Yes,50,Yes,DSL,Month-to-month,Credit card,69.27,3528.94,0,1,11.13,2,No
CUST02946,Female,31,0,Yes,No,47,Yes,Fiber optic,Month-to-month,Electronic check,84.61,4002.85,2,0,14.31,4,No
CUST02947,Male,56,0,No,Yes,23,Yes,Fiber optic,Month-to-month,Credit card,46.84,1284.78,2,2,12.11,3,Yes
CUST02948,Female,48,0,Yes,No,19,Yes,Fiber optic,One year,Electronic check,79.7,1643.33,0,2,45.28,1,Yes
CUST02949,Female,31,0,No,No,52,Yes,Fiber optic,Month-to-month,Bank transfer,92.98,4776.57,0,3,22.36,6,No
CUST02950,Female,23,0,No,Yes,34,No,No,One year,Mailed check,26.46,904.55,3,3,49.93,2,No
CUST02951,Female,29,0,No,Yes,29,No,Fiber optic,Month-to-month,Electronic check,69.69,1912.49,2,2,19.41,6,No
CUST02952,Male,33,0,No,No,61,Yes,DSL,Month-to-month,Electronic check,51.05,3252.81,8,0,54.06,5,No
CUST02953,Female,34,0,No,No,35,Yes,DSL,One year,Mailed check,36.62,1286.42,3,1,56.35,3,No
CUST02954,Female,62,1,No,Yes,5,Yes,Fiber optic,Month-to-month,Credit card,93.24,273.74,4,1,35.45,2,Yes
CUST02955,Female,40,0,Yes,No,7,Yes,Fiber optic,One year,Credit card,94.33,414.59,1,1,26.59,1,Yes
CUST02956,Male,31,0,Yes,Yes,41,Yes,DSL,One year,Electronic check,58.4,2338.59,5,2,42.18,5,No
CUST02957,Male,24,0,No,Yes,2,Yes,No,Two year,Credit card,22.2,0.0,5,0,95.01,1,No
CUST02958,Male,63,1,No,No,10,Yes,Fiber optic,Month-to-month,Electronic check,68.78,643.48,4,1,35.83,4,Yes
CUST02959,Male,49,0,No,No,44,Yes,Fiber optic,Month-to-month,Bank transfer,89.99,3938.87,5,0,75.07,1,Yes
CUST02960,Male,32,0,No,No,70,Yes,DSL,One year,Credit card,40.29,2949.93,1,2,9.62,5,No
CUST02961,Male,61,1,No,Yes,35,Yes,Fiber optic,One year,Bank transfer,96.65,3525.23,2,1,16.07,4,Yes
CUST02962,Male,34,0,Yes,Yes,62,Yes,Fiber optic,Month-to-month,Electronic check,93.69,6032.07,2,1,23.73,4,Yes
CUST02963,Female,58,0,Yes,No,20,Yes,Fiber optic,One year,Credit card,102.52,2221.23,1,2,74.18,3,No
CUST02964,Female,71,1,Yes,Yes,35,No,Fiber optic,Month-to-month,Electronic check,85.76,3064.56,2,2,41.05,1,Yes
CUST02965,Female,64,1,Yes,No,37,Yes,Fiber optic,Month-to-month,Mailed check,77.2,2716.23,0,1,43.08,3,No
CUST02966,Male,61,1,No,Yes,72,Yes,DSL,One year,Credit card,65.19,4773.89,1,0,22.51,5,No
CUST02967,Male,51,0,No,No,54,Yes,DSL,Month-to-month,Electronic check,69.37,3588.21,5,2,25.96,6,Yes
CUST02968,Male,22,0,No,Yes,28,Yes,DSL,Month-to-month,Electronic check,46.11,1324.25,3,3,50.78,3,Yes
CUST02969,Male,62,1,Yes,No,70,Yes,Fiber optic,Month-to-month,Electronic check,83.96,5728.38,4,1,43.01,3,No
CUST02970,Male,44,0,Yes,No,32,Yes,Fiber optic,Month-to-month,Electronic check,88.98,3041.6,3,1,35.63,5,No
CUST02971,Female,69,1,Yes,No,11,Yes,DSL,One year,Credit card,65.78,762.0,2,1,13.61,4,Yes
CUST02972,Female,40,0,No,Yes,42,Yes,Fiber optic,Month-to-month,Electronic check,79.72,3327.64,1,1,52.96,1,No
CUST02973,Male,57,0,Yes,No,23,Yes,Fiber optic,Two year,Mailed check,94.47,2127.69,6,3,28.54,3,Yes
CUST02974,Male,31,0,Yes,Yes,30,Yes,Fiber optic,One year,Electronic check,70.6,2114.47,4,2,36.06,2,Yes
CUST02975,Male,32,0,Yes,No,9,Yes,Fiber optic,Month-to-month,Bank transfer,115.27,964.72,0,1,31.01,4,No
CUST02976,Male,60,1,Yes,No,59,Yes,No,Month-to-month,Electronic check,20.0,1147.19,2,2,17.95,3,No
CUST02977,Female,50,0,No,Yes,28,Yes,DSL,Month-to-month,Electronic check,64.89,1616.5,4,1,33.24,2,No
CUST02978,Male,70,1,Yes,No,33,No,Fiber optic,One year,Mailed check,76.71,2439.34,0,1,20.65,6,No
CUST02979,Male,48,0,Yes,No,47,Yes,DSL,Month-to-month,Bank transfer,61.18,2759.23,2,3,16.14,5,No
CUST02980,Male,52,0,Yes,No,22,Yes,Fiber optic,Month-to-month,Credit card,68.81,1565.92,1,0,17.83,3,Yes
CUST02981,Male,34,0,Yes,No,29,Yes,Fiber optic,Month-to-month,Bank transfer,101.13,2936.12,2,2,21.09,1,Yes
CUST02982,Female,45,0,No,Yes,34,Yes,Fiber optic,One year,Mailed check,72.74,2559.82,0,1,13.99,4,Yes
CUST02983,Male,36,0,No,No,42,Yes,DSL,One year,Credit card,60.98,2519.07,2,0,20.65,6,No
CUST02984,Male,63,1,Yes,No,52,Yes,Fiber optic,One year,Electronic check,84.04,4381.39,3,2,97.84,3,No
CUST02985,Female,71,1,No,No,47,Yes,Fiber optic,Two year,Electronic check,74.48,3297.22,4,1,44.36,1,No
CUST02986,Female,40,0,Yes,No,51,Yes,Fiber optic,Month-to-month,Bank transfer,46.82,2478.91,3,2,44.4,3,Yes
CUST02987,Female,49,0,No,No,45,Yes,Fiber optic,One year,Bank transfer,100.89,4666.71,1,1,23.05,2,No
CUST02988,Male,57,0,Yes,Yes,34,No,DSL,Month-to-month,Bank transfer,61.73,2163.91,2,2,94.2,4,Yes
CUST02989,Male,30,0,Yes,Yes,21,Yes,DSL,Month-to-month,Electronic check,39.12,733.47,2,0,83.46,1,No
CUST02990,Female,37,0,No,No,13,Yes,DSL,One year,Mailed check,37.04,536.91,3,0,12.12,1,No
CUST02991,Female,52,0,No,No,54,Yes,DSL,Month-to-month,Credit card,56.14,3049.11,5,1,47.12,5,No
CUST02992,Female,22,0,No,No,25,Yes,No,Month-to-month,Credit card,24.34,412.47,3,2,57.17,4,No
CUST02993,Female,26,0,Yes,No,21,Yes,Fiber optic,Two year,Electronic check,81.78,1841.5,1,2,49.62,6,No
CUST02994,Female,46,0,Yes,No,1,Yes,Fiber optic,Month-to-month,Mailed check,106.66,0.0,2,0,49.33,3,Yes
CUST02995,Female,23,0,No,No,58,Yes,Fiber optic,Month-to-month,Credit card,59.96,3535.19,3,2,31.62,2,Yes
CUST02996,Male,42,0,Yes,No,69,Yes,Fiber optic,Two year,Credit card,88.18,6087.26,5,2,43.05,3,No
CUST02997,Male,48,0,Yes,Yes,71,Yes,Fiber optic,Month-to-month,Mailed check,94.68,6857.04,2,1,16.78,2,Yes
CUST02998,Male,39,0,Yes,No,13,Yes,Fiber optic,One year,Mailed check,94.37,1140.44,2,2,51.82,5,No
CUST02999,Female,19,0,Yes,Yes,52,Yes,Fiber optic,Two year,Electronic check,98.41,5066.76,2,0,49.58,6,No
CUST03000,Female,62,1,Yes,Yes,23,Yes,DSL,Month-to-month,Mailed check,61.4,1481.12,3,0,22.85,1,Yes
CUST03001,Female,22,0,No,No,21,Yes,No,Month-to-month,Bank transfer,26.97,506.62,5,2,49.38,2,Yes
CUST03002,Female,44,0,Yes,Yes,6,Yes,Fiber optic,One year,Electronic check,80.05,622.62,2,3,37.58,1,Yes
CUST03003,Female,42,0,No,Yes,20,No,Fiber optic,One year,Electronic check,62.36,1171.48,1,0,45.24,6,No
CUST03004,Female,25,0,Yes,Yes,40,Yes,DSL,Month-to-month,Credit card,63.95,2616.83,2,2,46.96,1,Yes
CUST03005,Male,72,1,Yes,Yes,9,Yes,Fiber optic,Month-to-month,Credit card,78.96,710.23,1,0,62.26,3,No
CUST03006,Male,18,0,No,No,50,Yes,Fiber optic,Month-to-month,Bank transfer,73.84,3626.28,3,2,65.11,2,No
CUST03007,Female,37,0,No,Yes,28,Yes,Fiber optic,Two year,Electronic check,90.59,2668.27,5,2,45.61,2,No
CUST03008,Male,61,1,No,No,11,Yes,DSL,Month-to-month,Bank transfer,65.54,615.64,3,1,67.96,1,Yes
CUST03009,Female,40,0,No,No,56,No,DSL,Two year,Bank transfer,51.53,2938.82,1,0,33.02,6,No
CUST03010,Male,49,0,Yes,No,35,Yes,DSL,Two year,Credit card,63.0,1955.31,0,2,70.62,6,No
CUST03011,Female,28,0,No,No,25,Yes,Fiber optic,One year,Mailed check,83.78,2126.78,0,2,31.44,6,No
CUST03012,Female,56,0,No,No,19,Yes,Fiber optic,One year,Bank transfer,87.85,1791.38,4,1,35.88,2,No
CUST03013,Male,64,1,Yes,Yes,31,Yes,Fiber optic,Month-to-month,Electronic check,103.8,3202.92,1,2,51.2,4,No
CUST03014,Male,71,1,No,No,50,Yes,No,Month-to-month,Bank transfer,28.54,1448.23,3,5,27.21,6,No
CUST03015,Female,41,0,No,No,63,No,DSL,One year,Mailed check,64.4,4227.8,1,2,20.08,5,Yes
CUST03016,Female,28,0,Yes,No,47,Yes,Fiber optic,Month-to-month,Electronic check,71.72,3476.58,3,1,53.53,6,Yes
CUST03017,Male,46,0,Yes,No,1,No,DSL,Month-to-month,Mailed check,51.07,0.0,0,2,51.63,4,No
CUST03018,Male,71,1,Yes,Yes,58,Yes,Fiber optic,One year,Electronic check,92.22,5294.31,3,2,50.32,3,Yes
CUST03019,Female,43,0,No,No,10,Yes,No,Month-to-month,Credit card,18.0,151.34,2,0,30.55,3,Yes
CUST03020,Male,33,0,Yes,Yes,8,Yes,DSL,One year,Bank transfer,55.72,477.0,3,1,23.93,4,No
CUST03021,Female,52,0,Yes,No,26,No,Fiber optic,Month-to-month,Bank transfer,73.55,1905.92,5,3,11.56,5,Yes
CUST03022,Female,37,0,Yes,No,34,Yes,DSL,Month-to-month,Bank transfer,58.29,1929.49,3,2,18.06,6,No
CUST03023,Female,63,1,No,No,19,Yes,DSL,Month-to-month,Credit card,57.41,1031.88,1,0,83.77,6,Yes
CUST03024,Female,20,0,No,No,72,Yes,Fiber optic,Two year,Bank transfer,86.96,6117.2,0,2,41.66,2,No
CUST03025,Male,18,0,No,No,1,Yes,DSL,Two year,Bank transfer,65.58,0.0,2,2,46.33,6,No
CUST03026,Male,75,1,Yes,No,48,Yes,DSL,Month-to-month,Credit card,71.6,3520.86,1,2,65.65,5,Yes
CUST03027,Male,70,1,No,Yes,25,Yes,Fiber optic,Month-to-month,Credit card,100.63,2410.93,2,0,50.85,5,No
CUST03028,Male,64,1,No,No,24,Yes,DSL,Two year,Bank transfer,57.15,1291.37,3,1,14.22,2,No
CUST03029,Male,18,0,No,No,47,Yes,DSL,Month-to-month,Electronic check,52.91,2340.97,1,1,58.92,6,Yes
CUST03030,Male,34,0,Yes,No,69,No,Fiber optic,Month-to-month,Credit card,73.18,5087.83,3,1,21.4,2,Yes
CUST03031,Male,19,0,Yes,No,67,No,Fiber optic,Month-to-month,Electronic check,80.16,5466.73,1,3,89.96,2,No
CUST03032,Female,46,0,No,No,32,Yes,DSL,One year,Bank transfer,48.15,1657.1,4,1,48.49,2,Yes
CUST03033,Male,37,0,Yes,No,17,Yes,Fiber optic,Month-to-month,Electronic check,92.04,1525.75,6,0,56.31,1,No
CUST03034,Male,23,0,No,Yes,61,Yes,No,Month-to-month,Credit card,33.19,2018.13,4,0,30.94,4,Yes
CUST03035,Female,25,0,No,No,69,Yes,Fiber optic,One year,Electronic check,62.13,4289.85,4,3,43.86,6,No
CUST03036,Male,46,0,No,No,11,Yes,Fiber optic,Month-to-month,Electronic check,85.14,894.68,3,2,67.47,1,Yes
CUST03037,Male,65,1,No,No,38,Yes,Fiber optic,One year,Credit card,108.34,4149.9,2,3,84.08,4,No
CUST03038,Female,68,1,No,No,68,Yes,DSL,Month-to-month,Credit card,42.22,2984.11,3,4,55.92,4,Yes
CUST03039,Male,50,0,Yes,No,19,Yes,DSL,Month-to-month,Credit card,77.73,1576.44,2,0,43.29,6,No
CUST03040,Male,20,0,Yes,No,17,Yes,Fiber optic,Month-to-month,Electronic check,72.1,1208.93,0,1,25.27,4,Yes
CUST03041,Male,52,0,Yes,No,13,Yes,Fiber optic,One year,Mailed check,75.89,933.11,2,0,49.57,5,No
CUST03042,Female,22,0,No,No,1,Yes,DSL,Month-to-month,Electronic check,67.41,0.0,4,2,17.11,4,Yes
CUST03043,Male,44,0,Yes,No,2,Yes,Fiber optic,Month-to-month,Mailed check,92.61,11.5,3,3,51.87,6,No
CUST03044,Male,61,1,Yes,Yes,66,Yes,Fiber optic,One year,Bank transfer,83.42,5560.18,5,2,59.47,2,Yes
CUST03045,Female,29,0,No,Yes,68,Yes,Fiber optic,One year,Electronic check,73.55,5001.32,2,1,23.52,5,Yes
CUST03046,Male,37,0,No,No,16,Yes,Fiber optic,Month-to-month,Credit card,66.34,1062.28,4,3,51.77,5,No
CUST03047,Female,62,1,No,Yes,4,Yes,Fiber optic,Month-to-month,Mailed check,83.85,580.01,3,2,42.75,1,Yes
CUST03048,Female,37,0,No,No,57,Yes,Fiber optic,Month-to-month,Credit card,81.82,4822.47,1,2,76.68,3,No
CUST03049,Male,26,0,No,Yes,23,Yes,Fiber optic,One year,Electronic check,73.12,1686.07,3,1,56.42,6,No
CUST03050,Female,56,0,No,Yes,2,Yes,DSL,One year,Credit card,56.93,134.73,1,1,69.99,5,No
CUST03051,Female,21,0,No,No,67,Yes,Fiber optic,One year,Credit card,88.76,5836.0,3,1,129.59,2,No
CUST03052,Male,68,1,No,No,26,Yes,DSL,One year,Bank transfer,72.84,1958.4,0,1,46.7,5,No
CUST03053,Female,71,1,No,Yes,7,Yes,DSL,Two year,Mailed check,62.34,459.28,7,0,32.34,1,No
CUST03054,Female,36,0,No,Yes,44,Yes,Fiber optic,Month-to-month,Electronic check,82.37,3536.02,3,0,34.77,5,No
CUST03055,Male,55,0,No,Yes,33,Yes,DSL,Month-to-month,Electronic check,50.12,1678.92,3,0,13.54,3,Yes
CUST03056,Male,44,0,Yes,No,64,Yes,Fiber optic,Two year,Electronic check,73.83,4829.35,3,1,42.09,4,No
CUST03057,Male,62,1,Yes,Yes,36,Yes,Fiber optic,Month-to-month,Mailed check,88.25,3383.77,1,0,31.52,5,No
CUST03058,Female,60,1,Yes,No,4,Yes,No,Month-to-month,Credit card,27.17,0.0,3,0,38.27,1,No
CUST03059,Male,30,0,Yes,No,23,Yes,DSL,Month-to-month,Mailed check,57.33,1204.14,1,1,21.77,3,Yes
CUST03060,Female,30,0,Yes,No,25,Yes,No,Two year,Credit card,32.24,796.02,3,2,27.53,4,No
CUST03061,Female,74,1,Yes,Yes,27,Yes,DSL,Month-to-month,Bank transfer,60.71,1662.2,4,1,21.88,5,No
CUST03062,Female,39,0,Yes,No,51,Yes,Fiber optic,Month-to-month,Electronic check,77.7,4130.81,2,3,51.75,6,Yes
CUST03063,Female,45,0,No,No,69,Yes,Fiber optic,One year,Mailed check,75.17,5309.57,0,0,46.31,2,No
CUST03064,Female,69,1,No,No,23,Yes,Fiber optic,Month-to-month,Credit card,74.17,1498.54,3,1,32.52,5,Yes
CUST03065,Female,64,1,Yes,No,9,Yes,DSL,Two year,Bank transfer,65.76,549.56,1,0,34.01,2,No
CUST03066,Female,70,1,No,No,33,Yes,No,Month-to-month,Electronic check,20.03,509.12,4,0,44.71,1,No
CUST03067,Male,62,1,No,Yes,35,Yes,DSL,One year,Bank transfer,61.29,2014.63,2,1,52.13,6,No
CUST03068,Male,39,0,No,No,50,Yes,Fiber optic,Month-to-month,Credit card,72.27,3671.87,2,0,36.88,4,No
CUST03069,Female,60,1,No,No,24,No,Fiber optic,Two year,Electronic check,82.49,1993.77,1,3,8.01,5,Yes
CUST03070,Female,36,0,Yes,No,24,Yes,DSL,Two year,Credit card,59.35,1590.38,5,1,38.88,4,Yes
CUST03071,Male,25,0,Yes,No,19,Yes,No,One year,Credit card,43.91,693.51,3,0,32.61,6,No
CUST03072,Female,69,1,Yes,No,39,No,Fiber optic,Two year,Electronic check,65.39,2547.68,1,0,29.55,2,No
CUST03073,Male,25,0,Yes,Yes,61,Yes,Fiber optic,Month-to-month,Electronic check,97.13,5870.85,4,2,42.86,3,No
CUST03074,Male,59,0,No,Yes,25,Yes,Fiber optic,Two year,Credit card,73.47,1994.12,4,2,12.3,6,No
CUST03075,Male,43,0,Yes,No,25,No,Fiber optic,One year,Electronic check,105.25,2541.46,0,0,42.28,1,No
CUST03076,Female,65,1,Yes,No,27,Yes,DSL,Two year,Credit card,51.62,1415.37,0,0,51.92,5,No
CUST03077,Female,68,1,Yes,No,32,Yes,DSL,One year,Credit card,72.43,2178.63,3,2,66.79,3,Yes
CUST03078,Male,43,0,Yes,No,11,Yes,DSL,Month-to-month,Electronic check,62.66,834.03,0,0,30.85,6,Yes
CUST03079,Male,40,0,No,No,69,No,Fiber optic,One year,Electronic check,65.03,4670.79,2,1,49.98,1,No
CUST03080,Male,60,1,No,Yes,33,Yes,Fiber optic,Month-to-month,Bank transfer,87.98,2833.62,4,0,14.93,2,Yes
CUST03081,Male,30,0,Yes,No,19,Yes,Fiber optic,One year,Electronic check,92.73,1680.14,1,1,55.4,1,Yes
CUST03082,Male,45,0,Yes,Yes,16,No,DSL,Month-to-month,Bank transfer,67.05,1099.18,3,1,63.6,4,Yes
CUST03083,Female,26,0,Yes,No,11,Yes,DSL,Month-to-month,Credit card,57.16,546.98,4,0,9.22,2,Yes
CUST03084,Male,37,0,Yes,No,69,Yes,Fiber optic,Two year,Mailed check,123.92,8665.13,4,1,23.35,6,No
CUST03085,Female,73,1,No,No,55,Yes,Fiber optic,Two year,Electronic check,114.19,6326.07,1,0,23.49,1,No
CUST03086,Male,36,0,Yes,No,25,Yes,Fiber optic,Two year,Bank transfer,90.07,2378.46,1,1,19.96,4,Yes
CUST03087,Female,65,1,No,Yes,34,Yes,Fiber optic,One year,Credit card,65.26,2110.75,4,2,51.68,6,No
CUST03088,Female,56,0,No,Yes,12,Yes,DSL,One year,Electronic check,48.0,438.43,2,3,10.15,4,No
CUST03089,Female,68,1,Yes,No,21,Yes,DSL,One year,Electronic check,56.77,1228.71,6,0,45.75,5,No
CUST03090,Female,29,0,Yes,No,29,No,Fiber optic,Month-to-month,Credit card,83.56,2592.21,2,0,27.47,5,Yes
CUST03091,Female,32,0,No,No,51,Yes,DSL,Two year,Electronic check,50.09,2461.01,2,2,43.65,1,No
CUST03092,Female,48,0,No,No,23,Yes,DSL,Two year,Credit card,53.48,1276.15,3,2,70.16,4,No
CUST03093,Male,72,1,No,No,33,No,Fiber optic,One year,Mailed check,55.17,1754.35,2,0,45.72,3,Yes
CUST03094,Female,31,0,No,Yes,8,Yes,Fiber optic,Two year,Credit card,52.58,526.51,1,0,20.62,4,No
CUST03095,Male,28,0,No,Yes,42,Yes,DSL,One year,Credit card,60.17,2438.72,3,0,59.15,2,Yes
CUST03096,Female,43,0,Yes,No,69,Yes,DSL,Month-to-month,Bank transfer,79.11,5486.09,5,0,29.23,1,Yes
CUST03097,Female,59,0,No,Yes,41,Yes,Fiber optic,Two year,Bank transfer,61.73,2642.99,0,0,21.29,1,No
CUST03098,Male,44,0,Yes,No,63,Yes,DSL,Month-to-month,Electronic check,57.44,3484.29,0,0,84.33,5,No
CUST03099,Female,28,0,No,No,14,Yes,Fiber optic,One year,Bank transfer,84.72,1246.31,3,0,24.4,4,No
CUST03100,Male,55,0,No,Yes,62,Yes,DSL,Month-to-month,Credit card,64.47,3961.38,4,3,26.15,5,Yes
CUST03101,Male,51,0,No,No,46,Yes,No,One year,Electronic check,20.92,1047.06,0,0,26.67,6,No
CUST03102,Male,60,1,Yes,No,67,Yes,DSL,One year,Electronic check,46.8,3172.5,5,3,39.48,4,No
CUST03103,Male,36,0,Yes,No,53,Yes,DSL,One year,Electronic check,67.75,3548.98,1,2,69.06,6,No
CUST03104,Female,23,0,No,Yes,52,Yes,Fiber optic,Month-to-month,Credit card,55.69,2886.5,3,1,43.28,1,Yes
CUST03105,Female,63,1,No,No,7,No,DSL,Month-to-month,Electronic check,64.58,268.32,2,1,47.85,2,No
CUST03106,Male,69,1,No,No,54,Yes,DSL,One year,Credit card,50.35,2805.9,4,2,13.92,2,No
CUST03107,Female,55,0,No,No,11,No,DSL,Two year,Credit card,62.93,882.21,1,0,10.17,2,No
CUST03108,Female,66,1,No,Yes,25,Yes,DSL,Month-to-month,Bank transfer,73.93,1793.9,4,0,72.99,1,Yes
CUST03109,Male,59,0,Yes,No,59,Yes,No,Month-to-month,Credit card,19.51,1147.31,3,0,44.71,5,No
CUST03110,Female,45,0,Yes,No,66,Yes,Fiber optic,Month-to-month,Bank transfer,79.48,5402.92,1,0,20.08,4,Yes
CUST03111,Male,18,0,Yes,No,27,Yes,Fiber optic,Two year,Mailed check,78.69,1945.19,0,0,90.08,5,No
CUST03112,Male,52,0,No,No,58,Yes,DSL,One year,Mailed check,87.34,5116.09,2,2,22.18,1,No
CUST03113,Female,57,0,No,No,11,No,DSL,Two year,Mailed check,58.46,810.43,4,1,40.53,6,No
CUST03114,Female,25,0,No,No,55,Yes,No,One year,Electronic check,23.61,1235.57,2,1,16.87,5,Yes
CUST03115,Female,69,1,Yes,Yes,19,Yes,DSL,Month-to-month,Electronic check,58.96,1066.04,2,3,33.66,3,Yes
CUST03116,Male,71,1,Yes,No,39,Yes,DSL,One year,Credit card,76.23,3105.82,6,1,41.8,4,No
CUST03117,Male,64,1,Yes,Yes,70,Yes,DSL,Month-to-month,Credit card,52.34,3554.68,1,0,62.54,1,No
CUST03118,Female,73,1,No,No,11,Yes,Fiber optic,Month-to-month,Electronic check,96.9,1152.09,2,2,50.1,3,Yes
CUST03119,Female,24,0,Yes,No,14,Yes,DSL,Month-to-month,Electronic check,50.89,750.01,2,2,18.03,5,Yes
CUST03120,Female,28,0,Yes,No,60,Yes,Fiber optic,Month-to-month,Mailed check,72.57,4467.73,6,5,47.04,2,Yes
CUST03121,Female,56,0,Yes,No,36,Yes,Fiber optic,Month-to-month,Electronic check,90.56,3247.41,3,0,64.23,5,No
CUST03122,Male,21,0,No,No,41,No,Fiber optic,Month-to-month,Credit card,103.21,4385.19,4,0,82.41,1,Yes
CUST03123,Female,42,0,Yes,Yes,2,Yes,Fiber optic,Month-to-month,Electronic check,79.25,120.0,3,1,66.3,6,Yes
CUST03124,Male,29,0,No,No,57,Yes,Fiber optic,Month-to-month,Bank transfer,79.14,4363.63,2,1,31.51,2,No
CUST03125,Male,43,0,No,No,60,Yes,Fiber optic,One year,Credit card,94.53,5517.71,3,2,67.5,5,Yes
CUST03126,Female,55,0,No,No,20,Yes,Fiber optic,Month-to-month,Electronic check,84.84,1587.63,5,0,22.08,1,Yes
CUST03127,Female,63,1,No,No,22,Yes,Fiber optic,Month-to-month,Mailed check,95.2,2162.03,4,1,20.21,3,No
CUST03128,Female,29,0,Yes,No,4,Yes,DSL,Month-to-month,Bank transfer,40.5,86.89,3,0,39.6,3,Yes
CUST03129,Male,60,1,Yes,No,56,Yes,DSL,One year,Bank transfer,47.53,2659.79,4,0,32.03,2,No
CUST03130,Female,68,1,No,No,58,Yes,No,One year,Mailed check,24.51,1430.66,2,0,47.34,5,No
CUST03131,Female,70,1,No,No,65,Yes,DSL,Two year,Credit card,65.42,4174.83,2,2,42.7,3,Yes
CUST03132,Male,54,0,No,No,58,Yes,Fiber optic,Two year,Bank transfer,83.05,4832.53,1,1,39.95,6,No
CUST03133,Female,63,1,No,No,30,Yes,DSL,Month-to-month,Electronic check,60.96,1922.9,3,0,43.77,5,No
CUST03134,Male,70,1,Yes,No,19,Yes,Fiber optic,Month-to-month,Bank transfer,94.1,1791.48,3,2,47.23,3,Yes
CUST03135,Female,41,0,Yes,No,62,Yes,Fiber optic,Month-to-month,Electronic check,66.3,4202.45,1,4,26.56,1,Yes
CUST03136,Male,33,0,No,No,68,Yes,DSL,Two year,Electronic check,67.28,4537.32,2,1,17.37,2,No
CUST03137,Female,74,1,Yes,No,44,No,DSL,One year,Credit card,72.61,3221.4,2,0,43.13,2,No
CUST03138,Female,30,0,Yes,No,61,Yes,DSL,Month-to-month,Electronic check,55.89,3419.0,2,2,63.07,6,Yes
CUST03139,Male,42,0,No,No,21,Yes,DSL,Month-to-month,Credit card,49.67,1150.45,4,1,36.01,4,Yes
CUST03140,Male,71,1,Yes,No,10,Yes,Fiber optic,Month-to-month,Credit card,98.33,1025.77,2,4,20.39,3,Yes
CUST03141,Female,71,1,Yes,Yes,30,Yes,No,Month-to-month,Credit card,38.76,1098.6,2,3,37.47,3,No
CUST03142,Male,74,1,No,No,24,Yes,DSL,Two year,Electronic check,61.77,1531.27,4,2,34.74,4,No
CUST03143,Male,69,1,No,No,48,No,DSL,One year,Electronic check,49.41,2276.05,3,1,56.14,5,No
CUST03144,Male,71,1,Yes,No,55,Yes,DSL,One year,Credit card,59.93,3336.54,3,1,33.77,2,No
CUST03145,Male,21,0,No,No,52,Yes,Fiber optic,Month-to-month,Bank transfer,72.49,3766.42,5,0,6.68,2,No
CUST03146,Female,28,0,No,No,38,Yes,Fiber optic,Month-to-month,Electronic check,95.74,3653.11,5,1,27.46,2,Yes
CUST03147,Female,49,0,Yes,No,67,Yes,Fiber optic,One year,Credit card,84.24,5640.08,3,2,36.51,1,No
CUST03148,Male,66,1,Yes,No,8,Yes,Fiber optic,One year,Bank transfer,71.08,507.75,2,0,22.11,5,Yes
CUST03149,Male,24,0,Yes,No,29,Yes,Fiber optic,Month-to-month,Electronic check,87.99,2478.43,4,0,34.37,6,Yes
CUST03150,Male,63,1,No,No,10,Yes,DSL,Month-to-month,Credit card,52.14,629.46,4,0,11.29,4,Yes
CUST03151,Male,75,1,Yes,No,69,Yes,No,Two year,Electronic check,18.0,1430.22,4,0,53.22,2,No
CUST03152,Female,28,0,No,No,68,Yes,No,Month-to-month,Mailed check,31.07,2139.84,2,0,7.6,3,Yes
CUST03153,Female,45,0,No,No,49,Yes,DSL,Month-to-month,Electronic check,63.58,3118.6,1,1,53.79,3,No
CUST03154,Male,71,1,No,Yes,58,Yes,Fiber optic,Month-to-month,Electronic check,77.96,4398.89,3,3,21.08,5,Yes
CUST03155,Male,58,0,No,Yes,35,Yes,Fiber optic,One year,Mailed check,104.08,3466.87,1,1,24.21,1,No
CUST03156,Male,40,0,No,No,50,Yes,DSL,Month-to-month,Electronic check,51.04,2391.21,1,4,29.08,4,No
CUST03157,Female,62,1,Yes,No,40,Yes,Fiber optic,One year,Credit card,78.48,3192.26,2,1,73.93,6,No
CUST03158,Male,40,0,Yes,No,12,No,DSL,Month-to-month,Electronic check,64.5,596.46,3,2,15.67,2,Yes
CUST03159,Female,67,1,No,No,16,Yes,No,Month-to-month,Mailed check,32.01,578.0,1,0,47.04,4,Yes
CUST03160,Male,45,0,Yes,No,48,Yes,Fiber optic,One year,Bank transfer,90.86,4251.55,1,1,29.87,6,No
CUST03161,Female,60,1,Yes,Yes,1,Yes,DSL,One year,Credit card,53.23,69.19,3,0,20.77,4,No
CUST03162,Male,64,1,No,No,65,Yes,Fiber optic,Two year,Electronic check,81.44,5252.83,7,2,54.42,6,No
CUST03163,Female,74,1,No,Yes,22,Yes,DSL,Month-to-month,Electronic check,52.26,1043.66,1,0,21.4,6,Yes
CUST03164,Male,43,0,Yes,No,15,Yes,Fiber optic,Month-to-month,Credit card,80.02,1061.85,7,3,24.66,3,Yes
CUST03165,Male,42,0,No,No,67,Yes,Fiber optic,One year,Electronic check,81.15,5264.73,2,1,28.15,1,Yes
CUST03166,Male,71,1,Yes,No,14,Yes,DSL,Month-to-month,Credit card,65.0,801.8,1,2,78.45,2,Yes
CUST03167,Female,46,0,No,Yes,19,Yes,DSL,Month-to-month,Credit card,51.72,1205.07,3,2,7.88,3,Yes
CUST03168,Male,36,0,Yes,Yes,40,Yes,DSL,Month-to-month,Bank transfer,71.46,2988.81,2,2,24.39,3,Yes
CUST03169,Female,50,0,No,No,4,Yes,DSL,Month-to-month,Electronic check,59.7,256.99,4,1,36.09,6,Yes
CUST03170,Female,53,0,Yes,No,33,Yes,DSL,Month-to-month,Credit card,49.75,1605.11,7,1,38.26,3,No
CUST03171,Male,31,0,No,Yes,43,Yes,DSL,Two year,Bank transfer,64.66,2721.72,4,2,29.72,3,No
CUST03172,Male,31,0,Yes,No,37,Yes,No,Two year,Credit card,24.04,900.45,2,0,79.63,4,No
CUST03173,Male,52,0,Yes,Yes,66,Yes,No,Two year,Bank transfer,21.32,1350.04,0,3,26.71,1,No
CUST03174,Female,47,0,No,No,27,Yes,DSL,Two year,Electronic check,77.0,2021.24,2,3,48.36,4,No
CUST03175,Male,45,0,Yes,Yes,45,Yes,DSL,Month-to-month,Bank transfer,56.25,2579.92,3,0,57.09,1,No
CUST03176,Female,34,0,Yes,No,50,Yes,DSL,Month-to-month,Mailed check,54.55,2626.56,1,1,16.74,1,No
CUST03177,Female,20,0,Yes,No,63,Yes,Fiber optic,One year,Electronic check,99.41,6014.78,1,1,19.22,6,No
CUST03178,Male,33,0,No,Yes,6,Yes,Fiber optic,Two year,Credit card,92.56,496.87,1,1,36.9,2,No
CUST03179,Male,63,1,No,No,67,Yes,DSL,Month-to-month,Electronic check,69.05,4771.55,6,1,33.44,4,No
CUST03180,Male,47,0,Yes,No,67,Yes,DSL,Month-to-month,Credit card,53.24,3404.25,3,2,39.03,5,Yes
CUST03181,Male,69,1,No,No,59,Yes,DSL,Month-to-month,Credit card,62.64,3571.92,4,1,23.2,6,Yes
CUST03182,Male,46,0,Yes,Yes,13,Yes,Fiber optic,Month-to-month,Electronic check,64.2,770.94,1,0,34.48,1,No
CUST03183,Male,62,1,No,No,21,Yes,Fiber optic,Month-to-month,Bank transfer,56.19,1020.2,3,0,43.46,5,Yes
CUST03184,Female,32,0,Yes,Yes,64,Yes,Fiber optic,Month-to-month,Bank transfer,76.14,5023.32,1,2,29.91,3,No
CUST03185,Female,63,1,No,No,37,Yes,Fiber optic,Two year,Mailed check,85.71,3181.05,2,0,55.23,1,No
CUST03186,Female,73,1,Yes,No,48,Yes,DSL,Month-to-month,Credit card,88.8,4084.55,1,1,18.75,1,Yes
CUST03187,Male,42,0,No,No,56,Yes,No,Two year,Credit card,35.0,1947.2,2,3,27.63,6,No
CUST03188,Female,68,1,Yes,No,44,Yes,Fiber optic,Month-to-month,Mailed check,68.6,3014.48,0,0,77.28,4,No
CUST03189,Female,55,0,Yes,No,13,Yes,DSL,Two year,Credit card,70.51,892.5,2,2,40.27,1,No
CUST03190,Female,59,0,Yes,No,4,Yes,Fiber optic,Month-to-month,Bank transfer,64.82,242.73,2,1,41.31,5,Yes
CUST03191,Female,64,1,No,Yes,33,Yes,No,One year,Credit card,37.26,1216.65,1,2,33.36,1,No
CUST03192,Female,70,1,No,Yes,37,Yes,No,Month-to-month,Credit card,20.96,806.5,4,0,73.09,2,No
CUST03193,Male,71,1,No,No,53,Yes,Fiber optic,One year,Electronic check,76.38,4085.48,3,0,26.46,2,Yes
CUST03194,Male,69,1,No,No,24,Yes,No,Two year,Electronic check,33.16,646.14,1,0,50.08,4,No
CUST03195,Female,75,1,No,Yes,51,Yes,DSL,Month-to-month,Credit card,53.29,2723.81,3,0,78.12,2,Yes
CUST03196,Female,55,0,No,No,41,Yes,Fiber optic,Month-to-month,Credit card,111.22,4578.16,0,0,52.98,1,No
CUST03197,Female,40,0,Yes,No,29,No,DSL,Month-to-month,Bank transfer,53.16,1480.61,1,0,56.16,2,Yes
CUST03198,Male,42,0,No,No,59,Yes,Fiber optic,Month-to-month,Credit card,98.31,5970.89,2,3,90.66,6,Yes
CUST03199,Male,59,0,Yes,Yes,40,Yes,DSL,Month-to-month,Electronic check,61.39,2447.28,2,2,50.92,3,No
CUST03200,Female,24,0,No,No,51,Yes,No,One year,Credit card,30.43,1602.33,2,1,12.67,4,No
CUST03201,Male,39,0,No,Yes,50,Yes,DSL,Month-to-month,Electronic check,47.91,2350.6,3,1,27.88,6,Yes
CUST03202,Male,34,0,No,Yes,36,No,Fiber optic,One year,Electronic check,57.5,2039.59,1,0,49.91,1,No
CUST03203,Female,35,0,No,No,60,Yes,Fiber optic,Two year,Electronic check,70.92,4289.46,1,1,33.96,2,No
CUST03204,Male,66,1,No,No,18,Yes,Fiber optic,One year,Electronic check,78.94,1282.47,5,1,35.22,3,Yes
CUST03205,Male,58,0,No,No,20,Yes,Fiber optic,Month-to-month,Electronic check,82.0,1714.5,1,0,67.08,2,Yes
CUST03206,Female,27,0,Yes,Yes,5,Yes,Fiber optic,One year,Electronic check,77.74,265.58,4,1,35.89,2,No
CUST03207,Male,27,0,Yes,No,18,Yes,DSL,Month-to-month,Bank transfer,34.36,706.61,3,0,54.34,2,No
CUST03208,Male,74,1,No,Yes,40,Yes,DSL,Month-to-month,Electronic check,52.34,2066.76,4,1,20.26,1,No
CUST03209,Female,24,0,No,No,1,Yes,DSL,Month-to-month,Electronic check,60.47,266.54,3,0,37.38,4,Yes
CUST03210,Male,65,1,Yes,No,19,Yes,Fiber optic,Two year,Mailed check,81.35,1643.94,3,0,47.53,3,No
CUST03211,Male,67,1,Yes,No,26,Yes,Fiber optic,One year,Credit card,79.38,2162.67,3,3,31.96,4,Yes
CUST03212,Female,55,0,Yes,No,29,Yes,Fiber optic,Month-to-month,Electronic check,78.1,2279.39,2,2,38.91,6,Yes
CUST03213,Female,44,0,Yes,No,59,Yes,Fiber optic,Month-to-month,Electronic check,85.85,5166.11,1,0,26.1,4,Yes
CUST03214,Female,69,1,No,No,63,Yes,Fiber optic,Month-to-month,Credit card,69.29,4441.28,5,2,51.21,5,No
CUST03215,Male,50,0,No,No,62,Yes,Fiber optic,Two year,Credit card,81.32,4848.16,2,0,14.89,3,No
CUST03216,Female,18,0,No,Yes,48,Yes,DSL,Two year,Electronic check,55.11,2558.19,3,2,36.15,1,No
CUST03217,Male,61,1,No,No,62,Yes,No,Month-to-month,Electronic check,18.0,1022.97,4,0,20.32,1,Yes
CUST03218,Female,70,1,No,No,18,Yes,DSL,Month-to-month,Mailed check,57.82,962.98,2,0,94.86,6,No
CUST03219,Male,51,0,Yes,Yes,66,Yes,DSL,One year,Credit card,36.17,2361.53,4,1,26.35,5,No
CUST03220,Female,21,0,Yes,No,27,No,Fiber optic,Month-to-month,Credit card,74.82,2071.79,5,3,49.01,5,Yes
CUST03221,Female,34,0,No,Yes,6,No,No,Month-to-month,Electronic check,27.69,283.62,0,2,23.83,5,No
CUST03222,Female,21,0,Yes,No,70,Yes,Fiber optic,One year,Electronic check,91.18,6443.2,3,0,31.72,5,No
CUST03223,Female,60,1,Yes,No,59,Yes,Fiber optic,Month-to-month,Credit card,85.2,5150.89,4,1,48.12,1,No
CUST03224,Male,71,1,Yes,No,6,Yes,Fiber optic,One year,Mailed check,88.37,424.59,2,2,13.63,1,No
CUST03225,Female,43,0,Yes,Yes,31,No,Fiber optic,Month-to-month,Electronic check,94.3,2872.93,1,2,26.07,2,Yes
CUST03226,Female,21,0,Yes,Yes,56,Yes,DSL,One year,Mailed check,61.26,3404.52,0,0,20.44,6,No
CUST03227,Male,18,0,No,Yes,54,Yes,No,One year,Electronic check,34.41,1791.4,3,1,66.67,4,No
CUST03228,Female,24,0,Yes,Yes,41,Yes,DSL,Month-to-month,Credit card,34.54,1303.88,4,0,42.17,4,No
CUST03229,Male,47,0,No,No,18,Yes,Fiber optic,One year,Electronic check,97.37,1791.68,1,1,73.1,6,No
CUST03230,Female,67,1,Yes,No,23,Yes,DSL,Month-to-month,Credit card,33.9,709.38,5,2,52.87,4,Yes
CUST03231,Female,26,0,No,No,36,Yes,DSL,Month-to-month,Credit card,52.48,1969.96,3,1,38.17,4,Yes
CUST03232,Female,52,0,No,No,25,Yes,DSL,Month-to-month,Bank transfer,68.77,1597.01,2,0,37.48,1,Yes
CUST03233,Male,25,0,No,No,7,Yes,DSL,Month-to-month,Credit card,67.44,558.44,2,2,83.35,1,Yes
CUST03234,Female,41,0,No,No,20,No,DSL,Month-to-month,Credit card,48.36,988.69,3,2,90.17,5,No
CUST03235,Female,36,0,Yes,Yes,5,No,DSL,One year,Bank transfer,59.42,318.61,3,2,58.06,6,No
CUST03236,Female,53,0,Yes,No,18,Yes,DSL,Month-to-month,Electronic check,52.86,975.87,2,2,46.45,1,Yes
CUST03237,Male,67,1,Yes,No,33,Yes,Fiber optic,Month-to-month,Credit card,97.71,3216.31,4,1,31.54,1,Yes
CUST03238,Male,69,1,Yes,No,35,Yes,Fiber optic,Two year,Electronic check,83.84,2928.02,2,3,44.52,6,No
CUST03239,Female,60,1,Yes,No,65,Yes,DSL,One year,Credit card,52.22,3367.28,2,1,29.69,2,No
CUST03240,Male,44,0,No,No,63,Yes,No,Month-to-month,Bank transfer,28.05,1797.05,1,0,45.27,3,Yes
CUST03241,Female,49,0,No,Yes,72,Yes,Fiber optic,Month-to-month,Electronic check,93.69,6800.85,2,0,61.28,5,Yes
CUST03242,Female,31,0,No,No,71,Yes,No,Month-to-month,Mailed check,23.44,1618.99,2,0,53.28,5,No
CUST03243,Female,74,1,No,Yes,41,Yes,Fiber optic,Month-to-month,Mailed check,94.8,4025.62,3,3,37.21,2,Yes
CUST03244,Female,35,0,No,No,50,Yes,Fiber optic,Two year,Credit card,108.42,5384.38,3,0,31.11,3,No
CUST03245,Female,45,0,No,No,30,Yes,Fiber optic,Month-to-month,Electronic check,53.79,1543.47,4,0,39.15,1,Yes
CUST03246,Female,46,0,No,No,38,Yes,No,One year,Bank transfer,34.65,1301.56,1,3,14.46,5,No
CUST03247,Female,33,0,Yes,No,35,Yes,Fiber optic,Two year,Mailed check,106.48,3650.22,3,0,40.3,3,Yes
CUST03248,Male,52,0,Yes,No,66,Yes,DSL,One year,Electronic check,65.39,4362.37,2,0,10.51,6,No
CUST03249,Male,64,1,No,No,46,Yes,Fiber optic,Month-to-month,Mailed check,80.31,3680.13,1,1,57.31,4,No
CUST03250,Male,48,0,No,Yes,8,Yes,DSL,One year,Mailed check,41.3,403.76,2,1,45.61,5,Yes
CUST03251,Male,21,0,No,No,68,No,No,Two year,Credit card,25.34,1717.04,1,1,53.39,3,No
CUST03252,Male,54,0,Yes,Yes,37,Yes,Fiber optic,One year,Bank transfer,78.96,2912.16,4,0,39.52,4,Yes
CUST03253,Male,34,0,No,Yes,13,Yes,DSL,Two year,Credit card,43.31,522.22,3,1,150.0,4,No
CUST03254,Male,56,0,Yes,Yes,45,Yes,No,Month-to-month,Credit card,19.75,971.43,4,1,89.88,6,No
CUST03255,Female,65,1,Yes,No,29,Yes,Fiber optic,Two year,Electronic check,84.4,2423.27,0,0,43.65,1,No
CUST03256,Female,63,1,Yes,Yes,41,Yes,DSL,Two year,Electronic check,63.23,2618.88,4,2,38.16,6,No
CUST03257,Female,43,0,No,No,56,Yes,Fiber optic,Month-to-month,Bank transfer,69.63,4003.89,4,1,29.21,3,No
CUST03258,Female,65,1,Yes,No,16,Yes,Fiber optic,One year,Electronic check,49.3,780.01,1,0,15.29,5,Yes
CUST03259,Male,56,0,Yes,No,12,Yes,DSL,One year,Credit card,56.93,673.18,0,1,22.78,5,No
CUST03260,Male,58,0,Yes,Yes,66,Yes,DSL,One year,Mailed check,48.98,3209.65,3,0,27.9,3,No
CUST03261,Female,21,0,No,No,62,Yes,Fiber optic,Two year,Electronic check,78.45,4882.9,3,0,49.48,2,No
CUST03262,Female,47,0,No,No,19,Yes,Fiber optic,Month-to-month,Electronic check,54.3,1112.39,4,1,64.15,2,No
CUST03263,Male,47,0,No,No,30,Yes,No,One year,Credit card,22.43,750.63,3,1,29.25,1,No
CUST03264,Female,39,0,Yes,No,16,Yes,DSL,One year,Electronic check,64.47,1080.65,4,0,37.14,1,No
CUST03265,Female,28,0,No,No,13,Yes,Fiber optic,One year,Bank transfer,78.35,1139.54,4,2,35.66,6,No
CUST03266,Female,19,0,No,Yes,69,Yes,DSL,One year,Credit card,61.24,4233.83,4,1,52.99,2,No
CUST03267,Female,61,1,No,No,23,Yes,Fiber optic,Month-to-month,Credit card,80.59,1994.03,4,1,6.71,6,No
CUST03268,Male,29,0,Yes,Yes,62,Yes,Fiber optic,Month-to-month,Electronic check,55.43,3541.65,2,3,51.51,4,No
CUST03269,Female,47,0,No,No,31,Yes,DSL,Two year,Electronic check,60.97,1824.7,2,0,13.19,6,No
CUST03270,Female,53,0,No,No,53,Yes,DSL,Two year,Electronic check,50.59,2760.01,3,1,23.46,4,No
CUST03271,Male,35,0,Yes,No,17,Yes,Fiber optic,Month-to-month,Electronic check,65.13,921.56,2,0,37.54,2,Yes
CUST03272,Male,43,0,Yes,Yes,49,Yes,DSL,One year,Credit card,68.14,3459.08,3,2,57.09,5,No
CUST03273,Female,70,1,Yes,No,49,Yes,Fiber optic,Two year,Credit card,89.04,4355.83,2,3,17.23,2,No
CUST03274,Male,24,0,No,No,67,Yes,DSL,One year,Electronic check,52.65,3449.85,4,0,43.47,5,No
CUST03275,Female,18,0,Yes,Yes,26,Yes,Fiber optic,One year,Electronic check,82.67,1974.67,3,1,28.44,6,No
CUST03276,Female,75,1,Yes,No,13,Yes,Fiber optic,Month-to-month,Credit card,87.41,1122.81,2,4,20.8,5,Yes
CUST03277,Male,43,0,Yes,No,38,Yes,Fiber optic,One year,Bank transfer,59.52,2383.3,4,2,13.0,4,No
CUST03278,Female,40,0,No,No,22,Yes,DSL,One year,Credit card,46.31,1043.09,4,0,26.31,6,Yes
CUST03279,Female,43,0,No,Yes,29,No,Fiber optic,One year,Electronic check,68.61,1950.08,1,1,52.79,4,No
CUST03280,Female,62,1,No,Yes,45,Yes,Fiber optic,One year,Mailed check,92.47,4142.15,1,1,37.02,6,No
CUST03281,Female,23,0,No,Yes,46,Yes,Fiber optic,Month-to-month,Mailed check,108.48,5123.07,0,0,35.13,4,Yes
CUST03282,Male,23,0,Yes,Yes,39,Yes,DSL,Two year,Electronic check,67.09,2686.39,3,2,64.65,5,Yes
CUST03283,Male,61,1,No,No,69,Yes,Fiber optic,One year,Credit card,86.77,5982.97,5,1,46.33,5,No
CUST03284,Female,25,0,No,No,68,Yes,DSL,One year,Credit card,47.67,3335.01,5,1,24.48,1,No
CUST03285,Male,41,0,Yes,No,39,Yes,Fiber optic,Two year,Mailed check,96.11,3827.63,4,2,60.37,2,No
CUST03286,Female,39,0,No,No,20,Yes,DSL,Two year,Credit card,55.65,1024.1,0,2,45.39,4,No
CUST03287,Female,36,0,No,Yes,68,Yes,No,Two year,Mailed check,18.0,1189.38,1,2,23.82,3,No
CUST03288,Female,54,0,No,No,35,Yes,DSL,One year,Electronic check,68.67,2545.39,3,0,23.86,3,No
CUST03289,Female,35,0,Yes,No,8,Yes,DSL,Month-to-month,Electronic check,75.96,675.3,2,1,31.71,5,No
CUST03290,Female,48,0,No,No,52,Yes,DSL,Month-to-month,Bank transfer,68.86,3757.97,1,2,16.38,1,No
CUST03291,Male,54,0,No,Yes,40,Yes,No,Month-to-month,Bank transfer,44.03,1821.11,3,0,88.21,2,No
CUST03292,Female,47,0,Yes,No,36,Yes,Fiber optic,Month-to-month,Bank transfer,73.62,2579.32,4,2,33.82,5,Yes
CUST03293,Male,74,1,Yes,No,6,No,DSL,One year,Mailed check,54.37,324.13,2,1,32.22,2,Yes
CUST03294,Male,59,0,Yes,No,70,Yes,No,Month-to-month,Bank transfer,18.0,1338.74,1,1,103.59,5,No
CUST03295,Female,50,0,No,Yes,16,Yes,Fiber optic,Two year,Credit card,71.7,1146.32,0,0,27.7,4,Yes
CUST03296,Female,27,0,No,Yes,46,Yes,Fiber optic,One year,Credit card,105.96,4880.22,2,0,16.12,1,Yes
CUST03297,Female,54,0,Yes,No,59,Yes,No,Month-to-month,Credit card,18.0,1265.5,2,1,47.73,4,No
CUST03298,Female,29,0,Yes,No,38,Yes,DSL,Month-to-month,Credit card,53.43,2006.63,3,0,40.36,6,Yes
CUST03299,Female,71,1,Yes,Yes,18,Yes,Fiber optic,Month-to-month,Credit card,103.91,1902.57,0,2,39.61,4,Yes
CUST03300,Male,47,0,No,No,12,No,DSL,Two year,Credit card,64.63,801.6,4,3,11.4,3,Yes
CUST03301,Female,44,0,Yes,No,54,Yes,Fiber optic,Month-to-month,Electronic check,69.76,3858.35,4,0,8.17,3,No
CUST03302,Female,56,0,No,No,47,Yes,Fiber optic,One year,Electronic check,83.79,3964.2,3,0,12.07,3,No
CUST03303,Male,26,0,No,No,1,Yes,DSL,One year,Mailed check,39.62,52.57,2,0,56.62,3,No
CUST03304,Male,71,1,No,No,15,Yes,DSL,One year,Electronic check,57.59,1065.4,0,1,38.28,6,No
CUST03305,Female,38,0,Yes,No,21,Yes,DSL,Month-to-month,Electronic check,60.92,1269.08,1,3,17.01,5,No
CUST03306,Male,29,0,Yes,No,1,Yes,DSL,Month-to-month,Credit card,61.69,135.01,1,0,35.74,5,Yes
CUST03307,Female,72,1,No,Yes,67,Yes,DSL,Month-to-month,Electronic check,82.53,5400.8,0,3,24.51,1,Yes
CUST03308,Male,46,0,Yes,Yes,12,Yes,Fiber optic,Month-to-month,Credit card,96.15,1154.02,2,1,30.32,3,No
CUST03309,Male,50,0,Yes,No,28,Yes,DSL,One year,Electronic check,45.95,1276.97,2,0,34.56,3,No
CUST03310,Female,60,1,No,No,39,Yes,Fiber optic,Month-to-month,Electronic check,86.63,3371.36,3,0,19.92,5,Yes
CUST03311,Male,70,1,Yes,No,37,Yes,Fiber optic,Month-to-month,Bank transfer,84.02,2936.67,4,3,27.33,2,Yes
CUST03312,Male,32,0,Yes,No,60,Yes,No,Month-to-month,Bank transfer,39.92,2359.75,6,1,106.98,6,No
CUST03313,Male,19,0,Yes,Yes,31,Yes,Fiber optic,One year,Electronic check,78.38,2342.93,2,0,39.75,4,No
CUST03314,Male,69,1,Yes,No,58,Yes,DSL,Month-to-month,Bank transfer,61.56,3679.13,1,1,80.88,1,No
CUST03315,Male,56,0,No,No,11,Yes,Fiber optic,Month-to-month,Credit card,89.01,892.61,2,2,55.72,5,Yes
CUST03316,Male,70,1,Yes,No,29,Yes,Fiber optic,One year,Bank transfer,68.95,2062.36,3,1,29.75,5,No
CUST03317,Female,61,1,Yes,Yes,13,Yes,Fiber optic,Month-to-month,Credit card,62.13,875.23,1,2,45.12,4,Yes
CUST03318,Female,71,1,No,No,51,Yes,DSL,Month-to-month,Electronic check,57.28,2861.71,3,2,43.98,1,No
CUST03319,Male,35,0,Yes,No,54,Yes,Fiber optic,Month-to-month,Bank transfer,95.0,5044.96,2,2,23.28,5,No
CUST03320,Female,20,0,Yes,No,19,Yes,DSL,Two year,Credit card,44.24,812.32,1,2,19.05,3,No
CUST03321,Female,24,0,Yes,No,58,Yes,DSL,Month-to-month,Electronic check,58.8,3370.59,8,0,16.49,3,Yes
CUST03322,Female,60,1,Yes,No,36,Yes,Fiber optic,Month-to-month,Credit card,74.96,2600.23,0,0,35.5,5,No
CUST03323,Male,35,0,Yes,No,28,Yes,DSL,Two year,Bank transfer,36.77,999.98,2,2,32.16,2,No
CUST03324,Female,61,1,Yes,No,68,Yes,Fiber optic,Month-to-month,Credit card,88.5,6049.2,2,0,31.52,2,Yes
CUST03325,Male,55,0,No,No,3,No,No,One year,Electronic check,28.27,0.0,1,3,14.64,2,Yes
CUST03326,Female,54,0,Yes,No,41,Yes,Fiber optic,Month-to-month,Bank transfer,95.06,3877.94,3,0,11.17,6,No
CUST03327,Male,75,1,No,No,35,No,Fiber optic,Month-to-month,Mailed check,96.75,3333.74,2,3,24.27,3,No
CUST03328,Male,50,0,No,Yes,50,No,Fiber optic,One year,Credit card,83.51,4184.84,3,2,36.43,6,No
CUST03329,Female,61,1,No,Yes,30,Yes,DSL,Two year,Credit card,64.81,2132.76,1,2,31.31,3,No
CUST03330,Female,48,0,Yes,No,72,Yes,DSL,Month-to-month,Credit card,62.25,4330.47,1,4,31.72,4,No
CUST03331,Male,75,1,Yes,No,70,Yes,No,One year,Electronic check,18.0,1249.39,3,3,23.28,2,No
CUST03332,Female,28,0,No,No,54,Yes,No,One year,Bank transfer,18.0,999.95,3,2,32.0,4,No
CUST03333,Female,21,0,No,Yes,71,Yes,Fiber optic,Month-to-month,Bank transfer,73.89,5195.2,0,2,14.99,5,No
CUST03334,Female,35,0,No,Yes,51,Yes,DSL,One year,Credit card,60.63,3128.92,3,0,37.14,6,No
CUST03335,Male,21,0,Yes,Yes,28,Yes,DSL,Month-to-month,Electronic check,63.21,1623.94,1,0,41.28,6,No
CUST03336,Male,66,1,No,No,64,Yes,No,Month-to-month,Electronic check,30.22,1899.07,5,0,16.83,5,Yes
CUST03337,Female,51,0,Yes,No,21,Yes,Fiber optic,Month-to-month,Credit card,95.12,1730.71,2,3,39.83,1,Yes
CUST03338,Female,46,0,Yes,No,27,Yes,Fiber optic,Two year,Electronic check,87.79,2346.05,2,2,38.73,1,No
CUST03339,Female,41,0,Yes,Yes,27,Yes,No,Month-to-month,Credit card,28.94,658.15,1,2,27.27,1,No
CUST03340,Male,39,0,Yes,No,50,Yes,Fiber optic,One year,Credit card,108.0,5431.32,1,2,59.37,1,No
CUST03341,Male,19,0,No,No,29,Yes,DSL,Month-to-month,Electronic check,64.93,2024.38,2,5,17.67,6,Yes
CUST03342,Female,61,1,No,Yes,39,Yes,No,Month-to-month,Credit card,24.73,992.04,5,0,43.7,6,Yes
CUST03343,Female,23,0,No,No,57,Yes,DSL,One year,Credit card,65.5,3726.07,1,5,70.11,3,Yes
CUST03344,Female,59,0,No,Yes,37,Yes,Fiber optic,One year,Credit card,97.23,3545.5,3,1,18.43,4,No
CUST03345,Female,42,0,No,No,64,Yes,Fiber optic,Month-to-month,Electronic check,108.24,6899.37,4,2,22.9,6,Yes
CUST03346,Female,72,1,No,No,48,Yes,Fiber optic,Month-to-month,Electronic check,68.58,3265.34,1,3,18.5,3,Yes
CUST03347,Female,74,1,Yes,No,22,Yes,No,Two year,Bank transfer,18.0,397.61,1,2,22.43,5,No
CUST03348,Male,38,0,No,Yes,30,Yes,No,Month-to-month,Bank transfer,26.66,847.5,6,3,48.52,6,Yes
CUST03349,Female,72,1,Yes,No,28,Yes,DSL,One year,Bank transfer,42.66,1117.68,5,0,23.68,2,No
CUST03350,Male,33,0,Yes,No,23,Yes,DSL,One year,Electronic check,57.01,1425.97,1,0,23.03,2,No
CUST03351,Female,48,0,Yes,Yes,4,Yes,Fiber optic,One year,Electronic check,112.16,427.16,1,0,41.38,4,No
CUST03352,Female,31,0,Yes,No,3,Yes,DSL,Two year,Credit card,60.04,181.55,0,1,16.74,4,No
CUST03353,Male,56,0,No,No,61,Yes,Fiber optic,One year,Mailed check,85.22,5327.02,10,3,46.32,5,No
CUST03354,Male,45,0,No,No,4,Yes,DSL,Month-to-month,Mailed check,55.19,7.9,6,1,37.21,3,Yes
CUST03355,Male,49,0,Yes,No,65,Yes,DSL,Month-to-month,Bank transfer,78.06,4819.35,1,2,11.11,2,No
CUST03356,Male,45,0,No,No,12,Yes,DSL,Month-to-month,Electronic check,65.08,819.91,1,0,34.12,3,Yes
CUST03357,Female,68,1,No,No,13,Yes,No,Month-to-month,Bank transfer,21.26,277.23,1,0,64.91,5,No
CUST03358,Male,72,1,No,No,34,No,Fiber optic,Two year,Mailed check,107.2,3793.38,1,2,25.94,3,Yes
CUST03359,Female,66,1,No,Yes,59,Yes,DSL,Month-to-month,Electronic check,62.22,3558.47,0,0,38.12,2,No
CUST03360,Male,26,0,Yes,Yes,31,Yes,Fiber optic,One year,Credit card,78.78,2490.74,2,0,54.87,6,No
CUST03361,Female,75,1,No,Yes,71,Yes,DSL,One year,Credit card,34.94,2444.76,2,2,42.6,5,No
CUST03362,Female,62,1,No,No,13,Yes,DSL,Two year,Electronic check,61.65,896.26,4,5,43.53,3,No
CUST03363,Female,39,0,No,No,54,Yes,Fiber optic,One year,Credit card,78.23,4005.89,3,0,47.04,3,No
CUST03364,Female,49,0,No,No,2,Yes,Fiber optic,One year,Mailed check,80.28,134.1,2,1,25.7,3,Yes
CUST03365,Female,22,0,No,No,33,Yes,Fiber optic,Month-to-month,Mailed check,79.44,2694.33,3,0,60.68,3,No
CUST03366,Female,40,0,No,No,50,Yes,Fiber optic,One year,Mailed check,57.54,2797.56,2,0,26.78,4,No
CUST03367,Male,22,0,Yes,No,7,No,DSL,Month-to-month,Credit card,90.77,629.93,2,1,8.57,5,Yes
CUST03368,Female,59,0,Yes,Yes,18,Yes,Fiber optic,Two year,Credit card,74.59,1347.6,3,1,54.38,5,No
CUST03369,Male,70,1,Yes,No,51,Yes,DSL,Month-to-month,Bank transfer,68.02,3502.65,3,1,80.86,3,No
CUST03370,Male,49,0,Yes,No,8,Yes,Fiber optic,Month-to-month,Credit card,81.72,544.83,0,1,38.83,3,Yes
CUST03371,Female,27,0,Yes,No,55,Yes,DSL,Month-to-month,Electronic check,27.15,1444.78,3,2,33.54,6,Yes
CUST03372,Male,56,0,No,Yes,43,Yes,DSL,One year,Bank transfer,58.22,2552.93,1,1,78.39,4,Yes
CUST03373,Female,75,1,No,No,59,Yes,Fiber optic,One year,Electronic check,86.79,5195.03,5,1,36.25,6,No
CUST03374,Male,32,0,No,No,30,No,DSL,Month-to-month,Electronic check,53.46,1621.05,5,3,34.48,2,Yes
CUST03375,Female,24,0,No,No,59,Yes,DSL,Month-to-month,Electronic check,77.41,4532.87,1,3,48.81,4,No
CUST03376,Male,46,0,No,No,9,Yes,Fiber optic,Month-to-month,Mailed check,111.88,1016.31,3,1,4.39,3,Yes
CUST03377,Female,64,1,No,No,68,Yes,DSL,Month-to-month,Electronic check,63.45,4398.87,0,1,35.11,3,No
CUST03378,Female,20,0,No,Yes,39,Yes,Fiber optic,Month-to-month,Credit card,91.35,3582.81,4,0,22.88,3,Yes
CUST03379,Female,36,0,No,Yes,11,Yes,Fiber optic,Month-to-month,Mailed check,67.71,626.76,7,0,62.56,3,Yes
CUST03380,Female,27,0,Yes,No,2,Yes,DSL,One year,Credit card,46.12,0.0,1,1,30.26,4,Yes
CUST03381,Male,45,0,Yes,Yes,23,Yes,Fiber optic,Month-to-month,Electronic check,75.18,1732.8,2,2,33.72,3,No
CUST03382,Female,46,0,Yes,No,63,Yes,DSL,Two year,Credit card,84.0,5126.1,3,2,11.1,2,No
CUST03383,Male,32,0,No,No,22,Yes,Fiber optic,Month-to-month,Electronic check,76.77,1768.18,1,0,28.5,1,No
CUST03384,Male,52,0,No,No,61,Yes,Fiber optic,One year,Electronic check,104.76,6297.57,2,1,45.17,2,No
CUST03385,Male,23,0,No,Yes,26,Yes,DSL,One year,Mailed check,51.33,1218.96,4,1,27.42,6,No
CUST03386,Female,29,0,Yes,No,12,Yes,DSL,Month-to-month,Electronic check,48.45,750.19,5,0,20.37,3,Yes
CUST03387,Male,64,1,No,No,32,Yes,DSL,Month-to-month,Bank transfer,54.0,1676.87,2,2,55.6,4,Yes
CUST03388,Male,55,0,No,No,9,Yes,Fiber optic,Month-to-month,Credit card,77.11,722.33,1,1,40.05,6,Yes
CUST03389,Male,30,0,Yes,No,69,Yes,DSL,Month-to-month,Electronic check,51.29,3598.88,9,1,21.88,3,Yes
CUST03390,Female,46,0,No,No,71,Yes,No,Month-to-month,Credit card,37.49,2806.96,2,2,39.54,6,No
CUST03391,Female,36,0,No,Yes,33,Yes,DSL,Month-to-month,Electronic check,59.35,1899.26,3,0,26.37,4,Yes
CUST03392,Male,20,0,No,No,24,Yes,DSL,Month-to-month,Electronic check,57.61,1400.36,3,2,32.87,6,Yes
CUST03393,Female,25,0,No,Yes,69,Yes,DSL,Month-to-month,Credit card,60.3,4148.77,2,2,37.5,1,No
CUST03394,Female,25,0,Yes,No,38,Yes,Fiber optic,Month-to-month,Electronic check,98.72,3991.19,5,1,52.59,5,Yes
CUST03395,Male,72,1,Yes,No,11,Yes,Fiber optic,Month-to-month,Bank transfer,85.38,736.95,1,1,21.23,2,No
CUST03396,Male,75,1,Yes,No,32,Yes,Fiber optic,Month-to-month,Electronic check,89.58,2850.51,2,1,39.29,1,No
CUST03397,Female,37,0,No,No,64,Yes,No,One year,Credit card,33.14,2119.22,2,0,59.23,3,Yes
CUST03398,Male,64,1,Yes,No,72,Yes,Fiber optic,One year,Bank transfer,68.96,4954.03,3,3,39.77,4,Yes
CUST03399,Female,21,0,No,No,20,Yes,DSL,Two year,Credit card,49.95,854.53,3,2,60.66,6,No
CUST03400,Female,68,1,No,No,34,No,Fiber optic,Month-to-month,Mailed check,86.63,2759.98,2,1,78.08,4,No
CUST03401,Female,38,0,No,Yes,42,Yes,DSL,Month-to-month,Credit card,51.51,2009.33,2,5,18.25,5,Yes
CUST03402,Female,20,0,Yes,Yes,8,Yes,Fiber optic,Month-to-month,Mailed check,81.52,738.41,3,1,78.89,6,Yes
CUST03403,Female,62,1,No,Yes,66,Yes,DSL,Month-to-month,Electronic check,46.77,3085.13,1,0,40.04,1,No
CUST03404,Female,25,0,No,Yes,21,Yes,Fiber optic,One year,Mailed check,72.06,1337.34,4,2,36.29,2,No
CUST03405,Male,40,0,No,No,70,Yes,No,Month-to-month,Credit card,33.88,2514.78,3,1,35.24,6,Yes
CUST03406,Male,33,0,Yes,No,5,Yes,DSL,One year,Bank transfer,55.6,474.33,3,0,19.71,4,No
CUST03407,Female,30,0,Yes,Yes,67,Yes,DSL,One year,Mailed check,54.49,3680.95,1,2,45.64,2,No
CUST03408,Female,20,0,No,Yes,43,Yes,Fiber optic,Two year,Credit card,72.59,3164.08,3,3,20.84,3,No
CUST03409,Female,65,1,Yes,No,16,Yes,Fiber optic,Month-to-month,Mailed check,71.72,1156.41,3,1,42.75,4,Yes
CUST03410,Male,26,0,Yes,No,35,Yes,No,Month-to-month,Credit card,18.0,567.29,0,2,39.93,6,No
CUST03411,Female,31,0,Yes,No,43,No,Fiber optic,Month-to-month,Credit card,65.63,2639.06,1,2,48.33,4,Yes
CUST03412,Male,30,0,No,No,39,Yes,Fiber optic,Month-to-month,Credit card,74.44,2794.9,0,1,42.45,1,No
CUST03413,Female,70,1,No,No,10,Yes,DSL,Two year,Electronic check,58.61,580.67,2,1,33.34,5,Yes
CUST03414,Female,74,1,Yes,No,20,Yes,Fiber optic,Month-to-month,Credit card,94.61,1949.75,2,1,20.46,3,Yes
CUST03415,Male,24,0,Yes,No,1,Yes,Fiber optic,One year,Mailed check,83.73,60.53,2,0,58.33,6,No
CUST03416,Male,32,0,No,Yes,6,Yes,DSL,Month-to-month,Bank transfer,47.91,277.97,3,3,17.63,5,Yes
CUST03417,Female,24,0,No,No,53,Yes,Fiber optic,Month-to-month,Bank transfer,76.88,4079.05,3,0,23.86,6,No
CUST03418,Female,55,0,Yes,Yes,46,Yes,Fiber optic,Month-to-month,Credit card,75.97,3505.22,1,0,29.82,1,No
CUST03419,Female,51,0,Yes,No,66,Yes,DSL,Month-to-month,Electronic check,52.07,3377.93,4,2,23.91,2,Yes
CUST03420,Male,58,0,No,No,38,Yes,Fiber optic,One year,Electronic check,79.32,3055.46,0,2,21.56,1,No
CUST03421,Male,39,0,No,No,33,Yes,DSL,Two year,Electronic check,70.68,2221.21,3,1,49.53,6,No
CUST03422,Male,41,0,No,Yes,67,Yes,Fiber optic,One year,Electronic check,95.11,6403.02,3,1,22.21,1,No
CUST03423,Male,66,1,No,No,35,Yes,DSL,Month-to-month,Bank transfer,79.16,2618.77,1,0,60.33,1,No
CUST03424,Male,54,0,Yes,No,45,Yes,Fiber optic,Month-to-month,Bank transfer,71.6,3102.61,1,0,37.44,6,No
CUST03425,Male,61,1,No,Yes,22,Yes,Fiber optic,Two year,Electronic check,68.25,1429.75,4,1,19.67,4,No
CUST03426,Female,18,0,Yes,No,68,Yes,Fiber optic,Month-to-month,Electronic check,79.46,5422.73,3,1,108.32,3,Yes
CUST03427,Female,27,0,No,Yes,17,Yes,Fiber optic,Two year,Electronic check,102.5,1766.08,3,1,28.09,2,Yes
CUST03428,Male,60,1,Yes,No,5,Yes,DSL,Month-to-month,Electronic check,34.74,88.63,1,0,44.83,5,Yes
CUST03429,Female,33,0,No,No,57,Yes,Fiber optic,Month-to-month,Credit card,86.71,4800.6,2,1,12.94,6,Yes
CUST03430,Female,63,1,No,No,40,Yes,DSL,Month-to-month,Electronic check,55.94,2358.2,2,2,35.27,2,Yes
CUST03431,Male,25,0,Yes,No,30,Yes,No,Two year,Electronic check,29.99,906.37,1,1,56.43,4,No
CUST03432,Female,73,1,No,No,42,No,DSL,Month-to-month,Mailed check,65.04,2717.96,4,2,13.09,4,No
CUST03433,Male,66,1,Yes,No,7,Yes,Fiber optic,Month-to-month,Electronic check,94.29,696.44,3,1,86.69,5,No
CUST03434,Male,42,0,Yes,No,71,Yes,Fiber optic,Month-to-month,Bank transfer,92.35,6461.45,2,1,29.4,4,No
CUST03435,Female,67,1,Yes,No,19,Yes,No,One year,Credit card,47.42,1008.07,4,3,25.57,6,No
CUST03436,Male,29,0,Yes,No,41,Yes,DSL,Month-to-month,Electronic check,81.41,3395.41,2,2,31.95,5,No
CUST03437,Male,42,0,Yes,No,34,Yes,DSL,One year,Bank transfer,69.9,2348.26,3,1,36.79,4,No
CUST03438,Male,34,0,No,No,22,Yes,Fiber optic,Two year,Credit card,77.72,1703.62,3,2,30.01,1,Yes
CUST03439,Male,43,0,Yes,No,52,Yes,DSL,Two year,Electronic check,55.49,2861.51,3,2,61.7,4,No
CUST03440,Male,63,1,Yes,No,6,Yes,DSL,Month-to-month,Electronic check,73.79,576.06,6,1,43.42,5,No
CUST03441,Male,65,1,Yes,Yes,25,Yes,Fiber optic,One year,Bank transfer,102.82,2613.63,2,1,28.6,5,No
CUST03442,Male,31,0,No,No,66,Yes,DSL,Month-to-month,Credit card,49.79,3340.38,6,3,26.87,5,No
CUST03443,Male,58,0,No,No,10,Yes,Fiber optic,One year,Credit card,55.01,557.02,1,2,16.64,3,Yes
CUST03444,Female,53,0,No,No,26,Yes,Fiber optic,Two year,Electronic check,57.52,1495.5,4,1,28.68,2,Yes
CUST03445,Female,74,1,No,No,5,Yes,DSL,Month-to-month,Electronic check,74.07,558.26,4,3,47.73,2,Yes
CUST03446,Female,40,0,No,Yes,68,Yes,Fiber optic,Two year,Bank transfer,105.41,7131.61,2,1,14.94,1,No
CUST03447,Male,60,1,No,No,71,Yes,DSL,Two year,Bank transfer,60.21,4296.84,4,3,14.74,5,Yes
CUST03448,Male,23,0,No,No,50,Yes,Fiber optic,Month-to-month,Credit card,89.86,4699.14,3,3,81.08,6,Yes
CUST03449,Female,64,1,Yes,No,17,Yes,Fiber optic,One year,Electronic check,111.74,2032.28,0,2,21.3,6,No
CUST03450,Female,22,0,No,No,11,Yes,DSL,Month-to-month,Mailed check,84.17,963.8,2,2,25.77,6,Yes
CUST03451,Female,60,1,No,Yes,53,Yes,No,Month-to-month,Credit card,30.44,1462.34,2,1,29.9,6,Yes
CUST03452,Male,42,0,No,No,50,No,Fiber optic,Month-to-month,Bank transfer,84.67,4450.38,3,2,15.58,3,Yes
CUST03453,Female,35,0,No,No,8,Yes,Fiber optic,Two year,Electronic check,78.51,604.03,7,0,51.36,3,Yes
CUST03454,Female,30,0,No,No,62,Yes,DSL,Month-to-month,Credit card,56.62,3518.83,5,3,3.8,6,No
CUST03455,Male,60,1,No,Yes,29,Yes,Fiber optic,One year,Mailed check,73.38,2231.2,4,1,36.72,3,No
CUST03456,Female,31,0,Yes,No,44,Yes,Fiber optic,One year,Electronic check,94.78,4149.72,2,0,78.97,5,No
CUST03457,Male,45,0,Yes,Yes,45,Yes,Fiber optic,One year,Bank transfer,83.03,3757.62,1,1,27.98,3,Yes
CUST03458,Male,35,0,Yes,No,29,Yes,Fiber optic,One year,Bank transfer,72.71,2115.04,6,1,33.23,3,No
CUST03459,Male,74,1,No,No,59,Yes,Fiber optic,Month-to-month,Electronic check,101.94,5978.1,1,0,22.85,2,Yes
CUST03460,Female,45,0,No,Yes,15,Yes,Fiber optic,One year,Bank transfer,93.29,1434.48,3,1,16.83,4,No
CUST03461,Female,68,1,No,Yes,70,Yes,Fiber optic,Month-to-month,Electronic check,88.87,6157.49,2,3,75.59,4,Yes
CUST03462,Male,73,1,No,No,44,Yes,DSL,One year,Bank transfer,58.07,2441.44,2,1,44.49,4,No
CUST03463,Female,44,0,No,No,36,Yes,Fiber optic,Month-to-month,Mailed check,91.86,3361.04,5,0,21.94,5,Yes
CUST03464,Female,49,0,No,Yes,57,Yes,No,Month-to-month,Mailed check,22.21,1391.14,2,1,12.91,1,No
CUST03465,Female,64,1,No,No,64,Yes,DSL,Two year,Bank transfer,93.23,5892.47,1,0,38.21,1,No
CUST03466,Female,26,0,No,No,38,No,Fiber optic,Month-to-month,Credit card,119.24,4478.45,2,0,18.65,2,Yes
CUST03467,Male,57,0,No,Yes,17,Yes,No,Month-to-month,Bank transfer,18.46,314.3,3,2,26.26,1,Yes
CUST03468,Female,49,0,Yes,No,27,Yes,Fiber optic,Month-to-month,Bank transfer,81.1,2190.29,3,1,35.95,1,No
CUST03469,Male,37,0,No,No,17,Yes,Fiber optic,Month-to-month,Electronic check,71.52,1018.62,5,0,63.9,4,Yes
CUST03470,Male,45,0,Yes,Yes,63,Yes,Fiber optic,Month-to-month,Electronic check,56.87,3540.41,7,1,39.56,4,No
CUST03471,Female,50,0,Yes,No,11,Yes,DSL,One year,Credit card,80.48,1064.8,5,1,35.36,5,No
CUST03472,Male,21,0,No,No,64,Yes,DSL,Two year,Electronic check,58.2,3864.54,0,1,60.03,1,No
CUST03473,Female,63,1,No,Yes,39,Yes,Fiber optic,Month-to-month,Mailed check,68.59,2845.44,3,2,32.32,5,No
CUST03474,Female,74,1,No,Yes,2,Yes,Fiber optic,Month-to-month,Credit card,59.01,179.78,2,1,9.38,6,No
CUST03475,Male,51,0,Yes,Yes,66,Yes,DSL,One year,Electronic check,62.67,4083.03,0,0,34.81,3,No
CUST03476,Male,65,1,No,No,54,Yes,Fiber optic,Month-to-month,Credit card,90.37,4905.62,2,1,47.06,6,Yes
CUST03477,Male,20,0,Yes,Yes,29,Yes,Fiber optic,Two year,Mailed check,91.17,2703.77,4,1,28.01,2,No
CUST03478,Male,43,0,Yes,No,45,No,DSL,Month-to-month,Mailed check,72.84,3244.88,3,2,26.57,2,No
CUST03479,Female,25,0,Yes,Yes,31,Yes,DSL,Month-to-month,Electronic check,70.76,2021.11,0,2,32.16,3,Yes
CUST03480,Female,23,0,Yes,No,49,Yes,Fiber optic,Month-to-month,Bank transfer,65.69,3309.36,3,1,28.35,2,Yes
CUST03481,Female,33,0,Yes,No,9,Yes,Fiber optic,One year,Credit card,68.67,573.17,2,0,75.44,1,No
CUST03482,Male,41,0,Yes,No,27,Yes,DSL,One year,Credit card,71.7,1998.54,0,2,26.53,6,No
CUST03483,Male,65,1,Yes,No,56,No,Fiber optic,Month-to-month,Bank transfer,75.73,4082.77,1,1,43.27,5,No
CUST03484,Male,56,0,No,No,45,Yes,DSL,Month-to-month,Electronic check,42.4,1843.84,0,0,44.72,1,No
CUST03485,Female,47,0,Yes,No,43,Yes,No,Two year,Credit card,18.0,812.79,1,0,29.59,2,No
CUST03486,Male,62,1,No,No,22,Yes,DSL,Two year,Electronic check,71.24,1630.38,0,3,39.89,6,Yes
CUST03487,Female,30,0,No,No,33,Yes,Fiber optic,Month-to-month,Electronic check,98.79,3334.93,4,3,16.89,1,Yes
CUST03488,Male,22,0,No,No,27,Yes,Fiber optic,Two year,Electronic check,86.92,2339.95,1,2,52.5,2,No
CUST03489,Female,42,0,No,Yes,40,Yes,Fiber optic,One year,Electronic check,70.86,2853.68,1,0,17.89,5,No
CUST03490,Female,37,0,No,No,26,Yes,No,Month-to-month,Credit card,24.5,675.97,5,1,31.55,2,No
CUST03491,Male,71,1,No,No,45,Yes,No,Month-to-month,Electronic check,23.72,1099.37,7,2,38.44,3,Yes
CUST03492,Male,35,0,Yes,No,45,Yes,Fiber optic,One year,Credit card,78.39,3584.67,2,1,21.63,2,No
CUST03493,Female,64,1,No,No,26,Yes,DSL,Month-to-month,Credit card,68.21,1658.34,0,2,54.16,3,Yes
CUST03494,Female,35,0,No,No,70,Yes,DSL,One year,Mailed check,54.24,3983.12,3,0,27.34,5,No
CUST03495,Male,19,0,Yes,Yes,67,Yes,Fiber optic,Month-to-month,Credit card,93.1,6219.28,4,1,36.45,2,No
CUST03496,Male,27,0,Yes,No,6,Yes,Fiber optic,One year,Mailed check,90.01,530.57,2,1,40.43,5,Yes
CUST03497,Female,72,1,Yes,Yes,28,Yes,Fiber optic,Month-to-month,Electronic check,63.38,1745.54,3,1,37.36,4,Yes
CUST03498,Male,62,1,No,Yes,67,Yes,Fiber optic,Month-to-month,Bank transfer,114.9,7721.48,1,1,49.01,4,No
CUST03499,Female,67,1,Yes,No,13,Yes,No,Month-to-month,Electronic check,29.62,240.82,2,0,34.07,2,Yes
CUST03500,Female,64,1,No,No,63,Yes,No,Month-to-month,Bank transfer,18.0,1085.27,3,2,33.9,4,Yes
CUST03501,Male,29,0,Yes,No,13,Yes,Fiber optic,Month-to-month,Credit card,63.45,634.04,2,1,24.27,6,Yes
CUST03502,Male,64,1,No,No,1,Yes,Fiber optic,Month-to-month,Credit card,108.76,61.97,1,1,30.22,1,No
CUST03503,Male,30,0,Yes,Yes,40,Yes,Fiber optic,Two year,Electronic check,87.7,3523.78,0,1,119.14,1,Yes
CUST03504,Male,67,1,Yes,No,37,Yes,DSL,One year,Electronic check,66.73,2525.96,0,3,41.17,3,Yes
CUST03505,Male,64,1,No,Yes,31,Yes,DSL,One year,Bank transfer,64.65,1998.23,1,4,37.37,4,No
CUST03506,Female,74,1,Yes,No,17,Yes,DSL,Month-to-month,Mailed check,73.05,1270.45,1,2,13.85,3,Yes
CUST03507,Female,72,1,Yes,No,9,Yes,DSL,Month-to-month,Electronic check,73.58,493.63,1,2,16.18,4,Yes
CUST03508,Male,28,0,Yes,Yes,64,Yes,Fiber optic,Month-to-month,Mailed check,71.84,4613.35,4,2,65.03,1,Yes
CUST03509,Male,36,0,No,No,57,Yes,DSL,One year,Electronic check,66.04,3889.99,2,0,32.54,4,No
CUST03510,Male,52,0,No,No,13,Yes,No,Month-to-month,Bank transfer,18.0,280.38,3,1,35.38,1,Yes
CUST03511,Female,56,0,No,No,37,Yes,Fiber optic,One year,Mailed check,68.68,2466.52,1,3,74.18,1,No
CUST03512,Male,70,1,No,No,14,Yes,DSL,Month-to-month,Electronic check,56.36,805.94,3,2,51.17,5,Yes
CUST03513,Male,43,0,Yes,Yes,25,Yes,Fiber optic,Two year,Credit card,59.49,1623.74,5,3,64.03,1,No
CUST03514,Female,63,1,No,Yes,57,Yes,DSL,Month-to-month,Electronic check,50.67,2945.14,3,0,48.31,1,Yes
CUST03515,Female,31,0,No,Yes,71,Yes,DSL,Month-to-month,Credit card,33.93,2468.71,2,1,66.07,3,Yes
CUST03516,Male,71,1,Yes,No,42,Yes,DSL,One year,Bank transfer,59.76,2431.3,3,0,12.66,4,No
CUST03517,Male,62,1,Yes,Yes,42,Yes,No,Two year,Bank transfer,38.14,1565.64,3,1,26.24,2,No
CUST03518,Male,61,1,Yes,No,47,Yes,Fiber optic,One year,Mailed check,85.48,4010.7,4,0,33.97,6,No
CUST03519,Female,41,0,No,Yes,44,Yes,DSL,Month-to-month,Electronic check,60.42,2839.17,5,2,19.21,2,Yes
CUST03520,Male,58,0,Yes,No,41,No,Fiber optic,Month-to-month,Credit card,79.61,3172.75,2,1,9.6,1,No
CUST03521,Male,18,0,No,Yes,3,Yes,DSL,Two year,Credit card,71.72,241.12,2,0,20.0,4,No
CUST03522,Male,68,1,Yes,Yes,1,Yes,Fiber optic,Month-to-month,Mailed check,84.22,151.54,4,0,40.04,5,Yes
CUST03523,Female,60,1,Yes,Yes,11,Yes,DSL,Month-to-month,Electronic check,46.81,589.09,1,0,37.78,2,Yes
CUST03524,Female,72,1,Yes,No,7,Yes,Fiber optic,Two year,Mailed check,87.54,587.94,2,2,66.84,3,Yes
CUST03525,Male,39,0,Yes,No,12,No,Fiber optic,Two year,Credit card,108.29,1266.87,5,0,28.99,3,Yes
CUST03526,Male,40,0,Yes,No,38,Yes,Fiber optic,One year,Credit card,63.59,2609.18,2,2,51.2,3,No
CUST03527,Female,73,1,Yes,No,54,Yes,No,Two year,Credit card,18.0,945.19,3,1,95.3,5,No
CUST03528,Female,71,1,Yes,No,67,Yes,Fiber optic,Month-to-month,Mailed check,83.43,5547.98,3,0,48.31,5,Yes
CUST03529,Female,36,0,Yes,No,53,Yes,Fiber optic,Month-to-month,Credit card,79.74,4319.14,1,1,24.86,5,No
CUST03530,Female,35,0,Yes,Yes,32,Yes,Fiber optic,One year,Bank transfer,91.3,2934.44,1,1,89.16,4,No
CUST03531,Female,29,0,No,No,45,Yes,Fiber optic,One year,Credit card,70.26,3031.62,0,5,67.24,4,No
CUST03532,Female,72,1,No,No,51,Yes,Fiber optic,One year,Credit card,77.05,4027.5,1,1,64.1,6,No
CUST03533,Female,45,0,No,No,37,Yes,DSL,Two year,Electronic check,60.63,2203.54,3,1,49.92,4,No
CUST03534,Female,45,0,Yes,Yes,59,Yes,Fiber optic,Month-to-month,Bank transfer,86.3,5050.85,1,0,52.79,6,Yes
CUST03535,Female,50,0,Yes,No,54,Yes,DSL,Month-to-month,Electronic check,91.24,5192.98,3,3,31.68,5,Yes
CUST03536,Male,36,0,Yes,Yes,18,Yes,Fiber optic,Month-to-month,Bank transfer,96.75,1718.04,3,1,26.06,2,Yes
CUST03537,Male,45,0,No,Yes,1,Yes,Fiber optic,One year,Credit card,61.89,68.62,5,1,84.7,6,No
CUST03538,Male,69,1,No,No,21,Yes,DSL,Month-to-month,Credit card,47.82,1095.54,0,1,31.58,2,No
CUST03539,Female,66,1,Yes,No,28,Yes,Fiber optic,Two year,Credit card,64.58,1715.03,7,0,80.71,6,No
CUST03540,Male,54,0,No,No,16,Yes,Fiber optic,Month-to-month,Credit card,109.21,1803.19,0,0,13.84,2,Yes
CUST03541,Female,43,0,No,No,48,Yes,Fiber optic,Month-to-month,Bank transfer,68.96,3402.48,6,3,18.87,6,No
CUST03542,Female,52,0,Yes,Yes,28,Yes,Fiber optic,Month-to-month,Bank transfer,93.81,2759.33,3,2,40.44,4,Yes
CUST03543,Male,51,0,Yes,Yes,22,No,DSL,One year,Electronic check,65.85,1514.64,2,2,21.81,4,No
CUST03544,Female,52,0,No,No,1,Yes,DSL,Month-to-month,Mailed check,42.41,0.0,2,0,17.85,2,Yes
CUST03545,Male,57,0,No,No,42,Yes,DSL,One year,Credit card,54.97,2352.37,3,0,29.74,5,No
CUST03546,Male,33,0,Yes,No,70,Yes,Fiber optic,Month-to-month,Mailed check,81.03,5537.6,1,2,48.95,6,No
CUST03547,Male,55,0,Yes,No,3,Yes,Fiber optic,Month-to-month,Electronic check,61.29,306.87,4,0,25.0,2,Yes
CUST03548,Female,30,0,No,No,44,Yes,Fiber optic,Month-to-month,Electronic check,111.77,5025.3,4,1,20.48,6,Yes
CUST03549,Male,40,0,Yes,No,27,Yes,DSL,One year,Credit card,62.04,1697.55,2,2,29.21,2,No
CUST03550,Female,71,1,No,Yes,51,Yes,DSL,Month-to-month,Electronic check,79.12,4053.52,2,0,18.77,1,Yes
CUST03551,Male,39,0,No,No,24,Yes,Fiber optic,Two year,Mailed check,118.12,2834.12,3,1,48.4,4,Yes
CUST03552,Male,33,0,Yes,No,20,Yes,DSL,Month-to-month,Electronic check,61.92,1235.75,2,1,29.68,1,Yes
CUST03553,Male,45,0,Yes,No,32,Yes,Fiber optic,Month-to-month,Electronic check,90.6,2995.98,2,2,27.95,1,Yes
CUST03554,Female,65,1,No,No,13,Yes,No,Month-to-month,Electronic check,18.7,211.96,5,2,33.63,3,Yes
CUST03555,Female,52,0,Yes,No,43,Yes,Fiber optic,Month-to-month,Electronic check,105.0,4734.18,1,1,44.02,1,Yes
CUST03556,Female,62,1,Yes,No,20,Yes,DSL,One year,Credit card,59.43,1205.91,0,3,28.7,5,No
CUST03557,Male,63,1,No,Yes,2,Yes,Fiber optic,One year,Credit card,78.65,281.45,8,2,4.19,2,Yes
CUST03558,Male,25,0,Yes,Yes,68,Yes,No,One year,Credit card,18.86,1116.99,2,2,48.31,3,No
CUST03559,Female,61,1,Yes,No,60,Yes,Fiber optic,Month-to-month,Electronic check,86.1,5108.28,0,0,25.17,5,No
CUST03560,Female,72,1,Yes,No,4,Yes,Fiber optic,Month-to-month,Electronic check,94.32,468.92,3,4,52.95,3,Yes
CUST03561,Female,72,1,No,No,17,No,Fiber optic,Month-to-month,Electronic check,88.05,1529.12,6,0,34.8,3,Yes
CUST03562,Female,39,0,Yes,No,1,Yes,No,Month-to-month,Bank transfer,28.7,31.54,3,1,35.93,3,Yes
CUST03563,Female,38,0,No,No,33,No,No,Month-to-month,Bank transfer,23.27,873.87,2,1,129.8,6,Yes
CUST03564,Female,43,0,No,Yes,30,Yes,Fiber optic,Two year,Bank transfer,92.57,2989.13,3,1,33.47,1,No
CUST03565,Male,57,0,Yes,Yes,5,Yes,DSL,One year,Mailed check,65.69,212.88,4,0,24.02,5,No
CUST03566,Female,38,0,Yes,No,12,No,DSL,One year,Mailed check,74.58,995.05,2,1,20.39,3,Yes
CUST03567,Male,42,0,Yes,Yes,32,Yes,Fiber optic,Month-to-month,Credit card,97.09,3062.65,1,0,29.78,3,No
CUST03568,Male,58,0,No,Yes,38,No,Fiber optic,Month-to-month,Credit card,87.32,3403.64,2,1,40.9,2,Yes
CUST03569,Female,18,0,No,No,17,Yes,No,Month-to-month,Mailed check,28.32,436.04,4,0,45.06,6,No
CUST03570,Female,23,0,No,Yes,58,No,DSL,Month-to-month,Credit card,46.18,2731.38,0,1,38.46,6,No
CUST03571,Male,40,0,Yes,No,40,Yes,Fiber optic,One year,Electronic check,104.17,4228.83,2,0,10.8,6,No
CUST03572,Female,68,1,No,No,24,Yes,Fiber optic,Month-to-month,Credit card,81.26,1880.59,2,2,66.36,1,Yes
CUST03573,Female,40,0,Yes,No,12,Yes,Fiber optic,Two year,Mailed check,83.13,950.04,0,2,87.07,4,Yes
CUST03574,Male,60,1,No,No,19,Yes,DSL,Two year,Bank transfer,54.26,1012.04,0,0,84.86,5,No
CUST03575,Male,60,1,No,No,29,Yes,Fiber optic,Month-to-month,Electronic check,71.7,1916.77,1,2,27.76,2,Yes
CUST03576,Male,40,0,Yes,Yes,52,Yes,DSL,One year,Mailed check,50.19,2655.25,1,4,25.54,4,Yes
CUST03577,Female,49,0,Yes,Yes,17,Yes,Fiber optic,One year,Mailed check,68.84,1317.56,3,1,52.97,4,No
CUST03578,Male,47,0,No,No,21,No,Fiber optic,Month-to-month,Electronic check,81.41,1583.69,5,2,68.23,6,Yes
CUST03579,Female,30,0,No,Yes,60,Yes,Fiber optic,Two year,Mailed check,97.5,5915.82,1,2,28.58,5,No
CUST03580,Male,60,1,Yes,Yes,20,Yes,No,Month-to-month,Mailed check,24.82,530.71,3,2,46.38,5,No
CUST03581,Male,35,0,Yes,No,53,Yes,Fiber optic,One year,Electronic check,94.95,4963.43,4,1,71.05,6,Yes
CUST03582,Male,40,0,No,No,63,Yes,DSL,Month-to-month,Bank transfer,65.77,4347.6,2,0,45.09,4,Yes
CUST03583,Female,32,0,Yes,No,57,Yes,Fiber optic,Month-to-month,Electronic check,78.27,4576.44,2,2,29.41,1,Yes
CUST03584,Female,50,0,Yes,Yes,29,Yes,DSL,Month-to-month,Bank transfer,74.86,2294.79,1,0,29.82,6,Yes
CUST03585,Male,38,0,Yes,No,1,Yes,Fiber optic,Two year,Mailed check,99.99,104.04,6,0,22.54,5,Yes
CUST03586,Male,74,1,Yes,No,59,Yes,DSL,Month-to-month,Credit card,69.85,3969.91,6,2,37.73,3,Yes
CUST03587,Male,56,0,No,Yes,64,Yes,DSL,Month-to-month,Credit card,64.99,4176.48,3,2,27.74,1,No
CUST03588,Female,40,0,No,Yes,72,Yes,Fiber optic,Month-to-month,Mailed check,79.9,5740.28,3,0,11.06,5,No
CUST03589,Male,44,0,No,No,71,Yes,Fiber optic,Month-to-month,Mailed check,79.87,5772.96,4,1,24.6,3,Yes
CUST03590,Female,62,1,Yes,No,44,Yes,DSL,One year,Electronic check,59.64,2565.02,3,0,39.36,6,No
CUST03591,Male,61,1,No,No,48,Yes,Fiber optic,One year,Mailed check,105.67,5205.6,1,0,50.41,5,No
CUST03592,Male,35,0,No,Yes,15,Yes,DSL,Two year,Electronic check,73.41,1039.03,5,1,16.82,5,No
CUST03593,Male,41,0,Yes,No,35,Yes,Fiber optic,One year,Electronic check,63.36,2288.18,1,1,70.07,6,No
CUST03594,Male,68,1,No,No,23,Yes,DSL,Two year,Bank transfer,63.12,1377.07,1,0,29.88,1,No
CUST03595,Male,64,1,Yes,Yes,53,Yes,DSL,One year,Bank transfer,30.15,1594.13,4,1,22.92,6,No
CUST03596,Male,57,0,No,Yes,45,Yes,Fiber optic,Two year,Bank transfer,78.38,3393.83,1,1,29.23,3,No
CUST03597,Female,68,1,Yes,Yes,13,Yes,DSL,Month-to-month,Electronic check,51.87,681.59,2,0,57.56,4,No
CUST03598,Male,59,0,No,No,34,Yes,Fiber optic,Month-to-month,Electronic check,93.34,3072.79,3,6,40.92,2,Yes
CUST03599,Female,24,0,Yes,No,38,Yes,Fiber optic,Two year,Mailed check,68.68,2665.34,4,2,104.77,6,No
CUST03600,Male,67,1,Yes,No,70,No,Fiber optic,One year,Electronic check,62.07,4414.55,2,0,37.58,4,Yes
CUST03601,Male,65,1,Yes,No,68,Yes,DSL,Two year,Electronic check,54.01,3671.54,1,3,38.93,3,No
CUST03602,Female,37,0,No,No,5,No,Fiber optic,Month-to-month,Bank transfer,84.88,359.05,4,0,17.42,6,Yes
CUST03603,Male,44,0,No,No,40,Yes,No,Two year,Credit card,18.0,760.51,2,1,39.1,6,No
CUST03604,Female,23,0,No,Yes,70,Yes,DSL,One year,Credit card,73.65,5250.55,2,1,20.08,2,No
CUST03605,Female,44,0,No,No,21,Yes,Fiber optic,Month-to-month,Electronic check,81.98,1704.59,2,0,44.36,1,Yes
CUST03606,Male,26,0,No,No,28,No,DSL,Month-to-month,Mailed check,60.3,1645.45,5,1,49.28,2,No
CUST03607,Female,70,1,Yes,Yes,3,Yes,Fiber optic,Month-to-month,Mailed check,101.54,178.6,0,0,46.41,1,Yes
CUST03608,Female,62,1,Yes,No,23,Yes,DSL,Two year,Electronic check,51.21,1199.61,2,0,53.94,1,Yes
CUST03609,Male,74,1,No,Yes,72,Yes,Fiber optic,One year,Credit card,107.22,7825.84,0,3,33.98,6,No
CUST03610,Female,48,0,No,No,19,Yes,DSL,Two year,Electronic check,60.07,1284.33,1,1,30.27,4,No
CUST03611,Male,38,0,No,No,50,Yes,DSL,Month-to-month,Bank transfer,69.5,3498.73,0,1,55.09,2,No
CUST03612,Male,43,0,Yes,No,58,No,DSL,Two year,Electronic check,65.33,3649.03,3,1,52.43,1,No
CUST03613,Male,57,0,Yes,No,20,Yes,Fiber optic,Month-to-month,Bank transfer,95.3,1859.0,3,1,55.4,2,No
CUST03614,Male,65,1,No,No,72,Yes,Fiber optic,Month-to-month,Credit card,86.14,6319.13,1,3,41.2,3,Yes
CUST03615,Female,62,1,No,Yes,53,Yes,Fiber optic,Month-to-month,Credit card,77.98,4215.15,2,0,73.63,6,No
CUST03616,Male,30,0,Yes,Yes,9,Yes,Fiber optic,Two year,Mailed check,114.08,923.35,1,1,59.46,4,No
CUST03617,Male,66,1,No,No,4,Yes,Fiber optic,Month-to-month,Credit card,84.7,536.47,6,1,67.81,3,Yes
CUST03618,Female,40,0,No,Yes,41,Yes,DSL,Month-to-month,Bank transfer,46.83,1811.8,2,1,16.2,2,No
CUST03619,Male,37,0,Yes,Yes,25,Yes,DSL,Month-to-month,Credit card,77.63,1901.81,3,0,21.75,5,No
CUST03620,Male,54,0,No,No,34,Yes,Fiber optic,Month-to-month,Electronic check,80.34,2781.87,2,2,35.91,2,No
CUST03621,Female,71,1,No,Yes,9,No,Fiber optic,Two year,Credit card,59.15,524.41,1,0,12.1,1,No
CUST03622,Female,70,1,No,No,13,Yes,DSL,Month-to-month,Credit card,50.11,618.93,4,1,4.72,4,No
CUST03623,Female,45,0,No,No,9,Yes,No,One year,Credit card,18.0,163.35,3,1,21.66,5,Yes
CUST03624,Female,34,0,No,No,4,No,Fiber optic,Two year,Bank transfer,73.33,395.86,1,0,49.88,2,No
CUST03625,Female,45,0,Yes,No,34,Yes,Fiber optic,Month-to-month,Credit card,111.37,3978.88,7,0,18.68,4,No
CUST03626,Female,58,0,Yes,Yes,7,Yes,DSL,Two year,Mailed check,65.51,488.92,0,1,47.66,6,No
CUST03627,Female,19,0,Yes,No,15,Yes,DSL,Month-to-month,Credit card,59.94,836.24,1,0,37.61,1,Yes
CUST03628,Male,42,0,Yes,Yes,38,Yes,Fiber optic,Two year,Electronic check,76.34,2911.43,1,0,22.6,2,Yes
CUST03629,Female,75,1,Yes,Yes,52,Yes,DSL,Month-to-month,Electronic check,58.34,3231.13,1,1,51.95,3,No
CUST03630,Female,67,1,Yes,No,7,Yes,DSL,One year,Mailed check,73.38,594.88,2,2,11.09,6,No
CUST03631,Female,58,0,Yes,Yes,45,Yes,Fiber optic,One year,Electronic check,57.58,2725.05,1,0,53.69,6,No
CUST03632,Male,23,0,Yes,No,59,Yes,DSL,Month-to-month,Electronic check,95.27,5703.99,1,3,141.71,5,No
CUST03633,Male,28,0,No,No,21,No,Fiber optic,Month-to-month,Electronic check,71.76,1601.03,5,0,82.21,6,Yes
CUST03634,Female,74,1,Yes,No,28,Yes,DSL,Month-to-month,Credit card,57.01,1600.96,2,2,48.93,4,Yes
CUST03635,Female,55,0,No,No,3,Yes,DSL,Month-to-month,Credit card,58.08,318.32,3,0,71.64,2,Yes
CUST03636,Female,23,0,No,Yes,14,Yes,Fiber optic,One year,Electronic check,82.21,867.8,1,0,61.56,6,No
CUST03637,Male,62,1,Yes,No,2,Yes,DSL,Two year,Credit card,51.94,160.78,0,1,28.84,4,No
CUST03638,Male,28,0,No,Yes,29,Yes,DSL,One year,Credit card,70.5,2092.37,5,1,21.32,5,No
CUST03639,Female,31,0,No,No,18,Yes,No,Month-to-month,Bank transfer,34.13,527.52,3,1,35.26,6,No
CUST03640,Male,19,0,Yes,Yes,37,Yes,Fiber optic,Month-to-month,Bank transfer,99.33,3709.68,5,2,62.22,3,Yes
CUST03641,Female,57,0,Yes,Yes,45,Yes,Fiber optic,Month-to-month,Bank transfer,86.34,3944.77,4,1,58.5,6,Yes
CUST03642,Male,20,0,Yes,No,45,Yes,No,Month-to-month,Credit card,20.29,739.89,6,1,18.44,6,No
CUST03643,Male,72,1,Yes,No,24,Yes,DSL,Two year,Electronic check,57.77,1422.95,0,0,18.44,6,No
CUST03644,Female,70,1,Yes,No,46,Yes,No,Two year,Bank transfer,24.31,1248.24,3,0,40.03,2,No
CUST03645,Female,52,0,No,No,12,Yes,Fiber optic,Month-to-month,Electronic check,70.29,1011.77,4,1,98.82,5,Yes
CUST03646,Female,50,0,No,No,53,Yes,Fiber optic,Month-to-month,Credit card,87.67,4709.35,1,1,48.36,1,Yes
CUST03647,Female,41,0,No,No,45,Yes,Fiber optic,One year,Mailed check,111.99,5031.4,2,3,53.35,6,No
CUST03648,Male,36,0,Yes,No,32,Yes,DSL,One year,Mailed check,57.96,1952.45,3,4,23.05,2,No
CUST03649,Male,35,0,Yes,Yes,18,Yes,No,One year,Mailed check,29.0,438.33,1,1,28.79,6,No
CUST03650,Male,66,1,Yes,No,13,Yes,DSL,One year,Mailed check,52.12,757.19,0,0,28.68,1,No
CUST03651,Female,69,1,Yes,No,4,Yes,Fiber optic,Month-to-month,Mailed check,98.29,389.73,3,0,17.54,3,No
CUST03652,Male,41,0,Yes,Yes,23,No,Fiber optic,Two year,Bank transfer,75.13,1847.19,1,5,54.93,3,No
CUST03653,Female,62,1,No,Yes,62,No,DSL,Month-to-month,Electronic check,55.04,3366.12,3,0,24.44,6,No
CUST03654,Male,52,0,Yes,Yes,54,Yes,DSL,Month-to-month,Mailed check,66.21,3748.36,1,1,32.57,6,No
CUST03655,Female,18,0,No,No,55,Yes,DSL,Two year,Mailed check,48.11,2768.61,2,1,55.96,6,No
CUST03656,Female,53,0,Yes,No,69,Yes,Fiber optic,Month-to-month,Electronic check,91.49,6350.75,1,0,34.46,2,No
CUST03657,Male,42,0,No,No,40,Yes,Fiber optic,Month-to-month,Credit card,100.77,4060.55,1,0,50.26,4,Yes
CUST03658,Female,62,1,No,No,14,Yes,Fiber optic,Month-to-month,Electronic check,87.44,1395.86,1,1,35.12,4,No
CUST03659,Female,66,1,No,No,28,Yes,DSL,One year,Mailed check,70.42,2188.55,1,1,71.11,4,No
CUST03660,Male,60,1,Yes,Yes,72,No,Fiber optic,Month-to-month,Credit card,65.63,4692.63,2,1,33.36,4,No
CUST03661,Female,51,0,No,Yes,71,Yes,No,Month-to-month,Electronic check,28.59,2001.28,4,5,44.91,6,Yes
CUST03662,Female,42,0,No,No,67,Yes,DSL,Month-to-month,Electronic check,54.53,3785.73,4,2,18.25,5,No
CUST03663,Female,33,0,No,No,29,Yes,Fiber optic,Two year,Mailed check,90.78,2398.9,2,1,47.22,2,No
CUST03664,Male,51,0,No,No,61,Yes,Fiber optic,Month-to-month,Credit card,108.73,6379.18,1,0,48.97,6,Yes
CUST03665,Male,46,0,No,No,68,Yes,No,One year,Credit card,18.0,1151.73,5,1,46.15,4,Yes
CUST03666,Female,36,0,Yes,No,9,Yes,Fiber optic,Month-to-month,Credit card,75.69,716.0,1,1,33.14,3,No
CUST03667,Male,40,0,No,No,17,Yes,Fiber optic,One year,Electronic check,50.64,754.43,3,0,33.49,2,No
CUST03668,Female,36,0,No,Yes,49,Yes,No,Month-to-month,Electronic check,18.0,761.3,1,1,21.57,4,Yes
CUST03669,Female,42,0,Yes,No,63,Yes,DSL,One year,Credit card,54.3,3377.49,2,2,25.06,1,No
CUST03670,Female,33,0,Yes,Yes,46,Yes,DSL,One year,Credit card,70.32,3375.98,1,2,40.72,2,No
CUST03671,Female,71,1,Yes,No,13,Yes,Fiber optic,Month-to-month,Credit card,97.12,1228.28,3,1,34.21,4,Yes
CUST03672,Female,68,1,No,Yes,45,Yes,DSL,Two year,Credit card,69.35,3236.57,0,2,28.3,5,No
CUST03673,Male,26,0,Yes,No,53,Yes,Fiber optic,Two year,Electronic check,93.4,4965.75,1,3,23.67,1,No
CUST03674,Female,18,0,Yes,No,17,Yes,Fiber optic,Month-to-month,Mailed check,64.88,1263.07,5,1,30.57,1,No
CUST03675,Male,59,0,Yes,No,47,Yes,Fiber optic,One year,Electronic check,97.03,4541.71,1,2,21.72,3,Yes
CUST03676,Male,36,0,No,No,62,Yes,Fiber optic,One year,Electronic check,74.83,4686.69,2,1,18.23,6,No
CUST03677,Female,50,0,Yes,No,50,No,No,Month-to-month,Electronic check,28.58,1456.79,3,3,43.24,6,Yes
CUST03678,Female,51,0,No,Yes,43,Yes,DSL,Month-to-month,Electronic check,48.98,2098.02,1,1,11.02,4,Yes
CUST03679,Male,33,0,Yes,No,68,Yes,DSL,Two year,Electronic check,57.83,4018.3,5,1,33.48,4,No
CUST03680,Male,61,1,No,No,72,Yes,No,One year,Credit card,24.46,1835.94,5,1,11.37,2,No
CUST03681,Male,57,0,No,Yes,28,No,Fiber optic,Two year,Bank transfer,90.18,2554.22,0,3,72.24,6,No
CUST03682,Female,72,1,Yes,No,45,Yes,Fiber optic,One year,Electronic check,72.41,3072.66,2,0,51.9,3,No
CUST03683,Male,35,0,Yes,No,41,Yes,DSL,Month-to-month,Credit card,67.94,2674.12,2,1,39.53,6,Yes
CUST03684,Female,51,0,No,No,36,Yes,DSL,Month-to-month,Mailed check,44.24,1506.12,1,2,38.2,1,Yes
CUST03685,Female,42,0,Yes,No,33,Yes,DSL,One year,Electronic check,80.41,2683.24,2,3,74.3,5,No
CUST03686,Female,62,1,Yes,Yes,25,Yes,Fiber optic,One year,Bank transfer,73.73,1845.4,4,1,43.37,6,No
CUST03687,Male,23,0,No,No,19,Yes,DSL,Month-to-month,Electronic check,36.51,624.98,4,1,20.72,4,No
CUST03688,Female,38,0,No,No,47,Yes,Fiber optic,One year,Electronic check,83.92,3868.09,2,0,59.71,1,No
CUST03689,Female,75,1,No,Yes,33,No,Fiber optic,Two year,Credit card,78.82,2676.39,2,0,16.02,4,No
CUST03690,Female,23,0,Yes,No,67,Yes,Fiber optic,One year,Electronic check,71.23,4706.08,2,1,34.83,6,No
CUST03691,Female,49,0,Yes,No,14,Yes,Fiber optic,Month-to-month,Mailed check,105.19,1231.7,3,0,32.19,4,No
CUST03692,Female,58,0,Yes,Yes,33,Yes,Fiber optic,Month-to-month,Electronic check,96.32,3200.48,1,1,23.26,5,Yes
CUST03693,Male,65,1,No,Yes,42,Yes,Fiber optic,Two year,Credit card,91.93,3812.84,2,0,37.65,5,Yes
CUST03694,Female,60,1,No,No,65,Yes,No,Two year,Credit card,18.0,1251.86,5,0,27.08,5,No
CUST03695,Female,56,0,No,Yes,47,Yes,No,Month-to-month,Electronic check,20.76,906.26,2,4,8.77,2,Yes
CUST03696,Male,48,0,Yes,No,35,Yes,DSL,Two year,Bank transfer,52.67,1825.89,4,0,35.93,5,No
CUST03697,Female,59,0,No,No,32,Yes,No,Month-to-month,Credit card,18.0,609.66,1,2,14.22,6,Yes
CUST03698,Male,27,0,Yes,No,55,Yes,No,Month-to-month,Bank transfer,27.17,1280.49,2,0,22.16,5,Yes
CUST03699,Female,47,0,Yes,No,54,Yes,Fiber optic,Month-to-month,Bank transfer,90.17,4814.42,3,2,74.4,6,No
CUST03700,Male,74,1,No,No,51,No,Fiber optic,Month-to-month,Electronic check,86.83,4356.32,5,3,23.42,5,Yes
CUST03701,Male,69,1,Yes,No,59,No,No,Two year,Credit card,26.82,1539.61,1,4,35.96,5,No
CUST03702,Female,35,0,No,No,72,No,DSL,One year,Electronic check,46.41,3294.68,3,2,60.61,3,No
CUST03703,Female,41,0,No,No,14,Yes,Fiber optic,Month-to-month,Electronic check,71.58,1006.66,4,1,50.34,6,Yes
CUST03704,Female,69,1,No,No,18,Yes,DSL,Two year,Electronic check,56.2,1034.79,1,0,70.19,6,No
CUST03705,Male,26,0,No,No,55,No,Fiber optic,Two year,Mailed check,105.77,5884.66,1,0,13.61,2,No
CUST03706,Male,48,0,No,Yes,56,Yes,Fiber optic,Month-to-month,Credit card,102.44,5792.01,1,2,53.88,4,Yes
CUST03707,Male,32,0,No,No,49,Yes,Fiber optic,One year,Electronic check,92.75,4668.2,3,1,20.9,2,No
CUST03708,Female,21,0,Yes,No,60,Yes,Fiber optic,One year,Electronic check,115.22,7014.63,2,0,45.86,2,Yes
CUST03709,Male,57,0,Yes,No,53,Yes,Fiber optic,One year,Electronic check,92.65,5053.96,3,0,64.05,2,No
CUST03710,Male,26,0,No,Yes,71,Yes,No,One year,Electronic check,30.09,2263.48,0,2,13.01,5,No
CUST03711,Female,62,1,No,No,6,Yes,Fiber optic,Month-to-month,Credit card,107.2,596.04,4,1,40.0,2,Yes
CUST03712,Male,26,0,No,No,70,Yes,Fiber optic,Month-to-month,Electronic check,95.43,6653.98,8,2,33.89,3,Yes
CUST03713,Male,43,0,Yes,No,8,Yes,Fiber optic,Two year,Electronic check,109.73,859.27,7,1,15.93,4,Yes
CUST03714,Female,21,0,Yes,No,15,Yes,DSL,Two year,Bank transfer,60.34,1027.33,2,1,38.33,2,No
CUST03715,Male,34,0,Yes,No,26,Yes,No,Month-to-month,Mailed check,19.88,498.76,2,2,24.16,4,No
CUST03716,Female,33,0,No,No,39,Yes,Fiber optic,Month-to-month,Credit card,83.57,3342.74,4,0,64.9,1,Yes
CUST03717,Female,32,0,No,No,3,Yes,Fiber optic,Two year,Bank transfer,88.57,82.85,1,2,83.74,1,No
CUST03718,Female,52,0,No,Yes,57,Yes,Fiber optic,Month-to-month,Electronic check,71.43,3868.31,4,2,35.69,2,No
CUST03719,Female,74,1,Yes,No,10,Yes,DSL,Month-to-month,Bank transfer,51.45,650.93,0,3,33.77,3,Yes
CUST03720,Female,69,1,Yes,Yes,3,Yes,Fiber optic,Month-to-month,Electronic check,78.66,293.65,1,3,27.58,1,Yes
CUST03721,Male,22,0,No,No,46,Yes,Fiber optic,Month-to-month,Bank transfer,68.52,3278.83,4,2,65.14,1,Yes
CUST03722,Male,72,1,No,Yes,22,Yes,Fiber optic,Month-to-month,Mailed check,76.18,1530.97,4,3,82.34,3,Yes
CUST03723,Female,22,0,Yes,No,67,Yes,Fiber optic,One year,Bank transfer,96.02,6458.94,2,3,53.58,5,No
CUST03724,Female,37,0,No,No,65,Yes,No,Month-to-month,Bank transfer,31.35,1897.56,1,1,57.77,2,No
CUST03725,Male,32,0,Yes,No,19,Yes,Fiber optic,Two year,Credit card,63.96,1313.46,4,2,19.99,6,No
CUST03726,Female,35,0,No,No,62,Yes,Fiber optic,Two year,Electronic check,89.64,5569.45,2,0,90.25,1,No
CUST03727,Female,64,1,No,No,57,Yes,DSL,Two year,Credit card,59.17,3369.57,1,0,45.03,3,Yes
CUST03728,Female,19,0,No,Yes,13,Yes,DSL,Two year,Credit card,72.61,1040.43,2,1,62.35,1,No
CUST03729,Male,46,0,No,No,16,Yes,Fiber optic,One year,Electronic check,80.96,1295.21,2,0,42.95,4,No
CUST03730,Male,30,0,Yes,No,16,No,No,Month-to-month,Credit card,18.0,284.55,7,1,20.95,1,No
CUST03731,Female,21,0,No,Yes,52,No,DSL,Month-to-month,Bank transfer,54.16,2680.66,3,0,37.76,6,No
CUST03732,Female,59,0,No,Yes,41,Yes,Fiber optic,Month-to-month,Electronic check,67.04,2892.69,0,1,11.48,4,Yes
CUST03733,Male,62,1,No,Yes,48,Yes,DSL,Month-to-month,Credit card,32.94,1601.56,3,2,41.97,6,No
CUST03734,Male,27,0,No,Yes,39,Yes,Fiber optic,Month-to-month,Bank transfer,84.2,3345.78,5,0,47.46,5,Yes
CUST03735,Female,48,0,Yes,No,13,No,Fiber optic,Two year,Electronic check,92.79,1079.22,0,1,47.84,3,Yes
CUST03736,Female,58,0,No,Yes,4,Yes,Fiber optic,Month-to-month,Credit card,87.81,499.41,1,0,26.96,5,Yes
CUST03737,Male,25,0,No,No,43,Yes,DSL,Month-to-month,Mailed check,44.58,1942.06,3,2,24.47,4,Yes
CUST03738,Male,20,0,Yes,Yes,46,Yes,DSL,One year,Mailed check,43.77,2193.73,3,2,72.74,1,No
CUST03739,Male,65,1,No,Yes,47,Yes,Fiber optic,Month-to-month,Credit card,88.27,4256.94,2,4,46.48,5,Yes
CUST03740,Female,63,1,Yes,No,53,Yes,Fiber optic,Two year,Electronic check,110.47,5618.35,2,0,36.32,4,No
CUST03741,Male,26,0,Yes,No,25,Yes,DSL,Month-to-month,Electronic check,75.54,1973.94,2,1,25.54,5,No
CUST03742,Female,47,0,Yes,Yes,41,Yes,DSL,Month-to-month,Electronic check,56.48,2414.79,6,1,93.03,6,No
CUST03743,Male,70,1,No,No,3,Yes,DSL,Two year,Electronic check,62.54,257.9,4,1,22.73,4,Yes
CUST03744,Male,28,0,No,Yes,13,Yes,Fiber optic,One year,Mailed check,98.7,1310.62,1,0,46.83,1,Yes
CUST03745,Male,52,0,No,Yes,18,Yes,DSL,Month-to-month,Mailed check,58.27,1035.82,3,0,31.28,5,No
CUST03746,Male,54,0,No,Yes,37,Yes,Fiber optic,One year,Bank transfer,64.84,2402.03,5,3,21.69,3,No
CUST03747,Female,59,0,Yes,No,43,Yes,DSL,One year,Credit card,26.16,1270.94,4,1,18.93,5,Yes
CUST03748,Female,30,0,Yes,No,34,No,Fiber optic,Month-to-month,Electronic check,87.73,3136.02,1,2,17.04,4,Yes
CUST03749,Male,53,0,Yes,No,55,Yes,Fiber optic,Two year,Credit card,82.02,4498.88,2,1,58.6,2,No
CUST03750,Female,73,1,No,No,52,Yes,Fiber optic,Two year,Credit card,59.41,3016.56,2,2,19.32,1,Yes
CUST03751,Male,30,0,No,No,36,Yes,No,One year,Credit card,18.0,780.28,4,1,31.37,5,Yes
CUST03752,Male,29,0,Yes,No,54,Yes,DSL,One year,Bank transfer,56.85,3167.63,2,0,43.27,4,No
CUST03753,Male,54,0,No,No,59,Yes,No,Two year,Bank transfer,20.63,1243.16,5,0,66.49,3,No
CUST03754,Male,27,0,No,No,52,Yes,Fiber optic,Month-to-month,Bank transfer,106.48,5445.35,4,0,21.61,1,Yes
CUST03755,Female,73,1,Yes,Yes,19,Yes,DSL,Two year,Credit card,77.03,1300.35,4,0,56.78,6,Yes
CUST03756,Male,26,0,No,No,12,Yes,Fiber optic,One year,Bank transfer,72.25,947.24,3,0,22.2,1,Yes
CUST03757,Male,69,1,No,No,11,Yes,DSL,Month-to-month,Electronic check,78.05,807.53,1,1,51.37,3,Yes
CUST03758,Female,24,0,No,No,48,No,DSL,One year,Bank transfer,79.4,3757.56,2,1,34.94,3,No
CUST03759,Male,19,0,Yes,No,16,Yes,DSL,Month-to-month,Electronic check,63.52,1063.47,3,2,17.07,4,No
CUST03760,Male,71,1,No,No,71,No,DSL,Month-to-month,Electronic check,48.83,3417.29,4,2,19.71,5,No
CUST03761,Male,73,1,No,No,47,Yes,DSL,One year,Electronic check,61.43,2841.76,3,0,36.86,1,No
CUST03762,Female,40,0,Yes,Yes,67,Yes,No,One year,Electronic check,18.0,1138.17,2,0,55.12,2,No
CUST03763,Male,56,0,No,No,31,Yes,Fiber optic,One year,Mailed check,76.18,2432.5,5,2,59.97,3,No
CUST03764,Female,57,0,Yes,No,8,Yes,DSL,Month-to-month,Credit card,63.2,411.57,0,2,41.83,3,Yes
CUST03765,Male,56,0,No,No,61,Yes,No,Month-to-month,Mailed check,28.08,1565.61,5,0,28.01,1,No
CUST03766,Male,38,0,No,No,44,Yes,DSL,One year,Electronic check,54.66,2310.0,2,0,53.8,6,No
CUST03767,Female,40,0,No,Yes,50,Yes,DSL,Two year,Electronic check,60.84,3186.02,2,2,56.93,3,No
CUST03768,Male,46,0,Yes,No,35,Yes,Fiber optic,Two year,Credit card,69.71,2381.81,2,1,25.24,3,Yes
CUST03769,Male,31,0,Yes,No,61,No,Fiber optic,Two year,Electronic check,106.11,6521.9,2,0,41.13,5,No
CUST03770,Female,43,0,Yes,No,55,Yes,DSL,Month-to-month,Credit card,77.37,4224.47,2,2,27.79,4,No
CUST03771,Female,68,1,Yes,No,66,No,Fiber optic,Two year,Credit card,95.66,6293.84,1,2,76.24,4,No
CUST03772,Female,22,0,Yes,Yes,14,Yes,DSL,Month-to-month,Bank transfer,56.79,932.48,3,1,45.85,3,No
CUST03773,Female,72,1,No,Yes,4,Yes,No,Month-to-month,Credit card,18.41,86.3,5,1,62.27,6,Yes
CUST03774,Female,48,0,Yes,No,17,Yes,Fiber optic,Month-to-month,Credit card,97.69,1827.45,3,1,56.49,2,Yes
CUST03775,Male,42,0,No,No,69,Yes,Fiber optic,Two year,Electronic check,87.77,6250.03,3,5,81.15,6,Yes
CUST03776,Female,48,0,Yes,No,24,Yes,DSL,Month-to-month,Bank transfer,47.98,1309.94,1,2,71.16,3,Yes
CUST03777,Male,67,1,No,No,49,Yes,Fiber optic,Month-to-month,Bank transfer,100.88,4891.14,2,1,20.87,2,No
CUST03778,Male,37,0,No,Yes,55,Yes,Fiber optic,Month-to-month,Credit card,78.29,4323.55,5,5,66.87,2,No
CUST03779,Male,61,1,No,Yes,71,Yes,Fiber optic,One year,Electronic check,72.04,5263.13,1,5,84.17,2,No
CUST03780,Female,72,1,No,No,23,Yes,Fiber optic,Two year,Credit card,99.2,2361.23,1,0,28.6,2,No
CUST03781,Female,34,0,Yes,No,12,Yes,Fiber optic,Month-to-month,Mailed check,73.17,994.44,2,2,24.67,1,Yes
CUST03782,Male,62,1,Yes,No,11,Yes,No,Month-to-month,Electronic check,26.01,411.11,1,1,31.4,3,No
CUST03783,Female,19,0,Yes,No,29,Yes,Fiber optic,Month-to-month,Bank transfer,104.25,3153.6,4,1,30.35,6,Yes
CUST03784,Female,42,0,Yes,No,62,Yes,Fiber optic,Month-to-month,Credit card,102.74,6271.78,5,3,60.81,1,Yes
CUST03785,Female,30,0,No,Yes,53,Yes,No,Month-to-month,Credit card,27.73,1464.55,0,1,26.99,2,No
CUST03786,Female,75,1,No,No,48,Yes,DSL,Month-to-month,Mailed check,45.93,2140.5,4,1,13.36,5,No
CUST03787,Male,56,0,No,Yes,66,Yes,Fiber optic,One year,Credit card,77.54,5106.46,3,1,38.52,4,No
CUST03788,Male,45,0,Yes,No,48,Yes,DSL,Month-to-month,Bank transfer,88.99,4293.18,3,0,24.43,3,No
CUST03789,Female,59,0,No,No,59,Yes,DSL,Two year,Credit card,71.37,4221.62,3,2,20.02,3,No
CUST03790,Male,72,1,No,No,71,Yes,DSL,Two year,Electronic check,57.23,4004.79,2,1,27.6,1,No
CUST03791,Female,23,0,Yes,Yes,57,Yes,DSL,Month-to-month,Bank transfer,44.89,2432.48,3,0,26.22,2,No
CUST03792,Female,20,0,Yes,No,3,Yes,DSL,Month-to-month,Mailed check,37.2,0.0,2,1,37.72,2,Yes
CUST03793,Male,75,1,No,No,32,Yes,Fiber optic,One year,Bank transfer,103.23,3486.55,5,3,21.12,6,No
CUST03794,Male,52,0,No,Yes,8,Yes,DSL,Month-to-month,Electronic check,74.82,722.79,2,1,20.33,1,Yes
CUST03795,Male,35,0,Yes,Yes,30,Yes,DSL,Month-to-month,Electronic check,59.54,1820.6,1,3,25.56,6,No
CUST03796,Female,28,0,Yes,No,15,Yes,DSL,Month-to-month,Credit card,55.07,540.41,3,1,72.53,3,No
CUST03797,Male,71,1,No,No,55,Yes,Fiber optic,Two year,Credit card,102.01,5528.62,0,2,22.87,1,No
CUST03798,Female,37,0,No,No,38,Yes,Fiber optic,One year,Electronic check,62.82,2437.34,4,2,43.79,4,No
CUST03799,Male,22,0,Yes,Yes,15,Yes,No,Month-to-month,Electronic check,40.99,699.61,4,1,14.66,3,Yes
CUST03800,Male,36,0,No,No,30,Yes,Fiber optic,Month-to-month,Bank transfer,96.07,2851.11,2,2,17.85,2,Yes
CUST03801,Female,39,0,No,Yes,46,No,Fiber optic,Month-to-month,Bank transfer,66.21,3101.31,2,3,53.06,6,No
CUST03802,Female,36,0,No,No,64,Yes,DSL,Month-to-month,Bank transfer,69.43,4434.18,2,0,15.93,6,No
CUST03803,Female,64,1,No,No,26,Yes,Fiber optic,Month-to-month,Mailed check,74.75,2057.12,1,0,44.2,5,Yes
CUST03804,Female,33,0,No,No,67,Yes,Fiber optic,Two year,Electronic check,64.96,4348.65,1,3,12.45,6,No
CUST03805,Female,41,0,Yes,No,36,Yes,DSL,Month-to-month,Mailed check,69.39,2490.97,3,3,49.87,6,Yes
CUST03806,Female,58,0,No,Yes,31,Yes,DSL,Month-to-month,Bank transfer,46.74,1399.06,4,0,27.23,5,No
CUST03807,Female,21,0,Yes,Yes,40,Yes,DSL,Month-to-month,Mailed check,43.96,1833.98,1,3,42.53,3,No
CUST03808,Female,32,0,No,No,46,Yes,No,Month-to-month,Electronic check,28.88,1370.11,2,0,29.33,3,Yes
CUST03809,Male,42,0,Yes,Yes,42,Yes,Fiber optic,Two year,Electronic check,83.45,3389.24,3,0,22.31,2,Yes
CUST03810,Female,61,1,No,No,18,No,DSL,Month-to-month,Bank transfer,72.14,1337.33,3,3,44.91,5,No
CUST03811,Female,72,1,Yes,Yes,36,Yes,Fiber optic,Month-to-month,Mailed check,80.5,2916.69,3,0,22.54,1,Yes
CUST03812,Male,52,0,No,No,50,No,Fiber optic,Month-to-month,Bank transfer,79.15,4053.86,2,1,48.42,1,Yes
CUST03813,Female,72,1,Yes,No,61,Yes,DSL,Month-to-month,Bank transfer,35.56,2160.18,7,2,141.49,1,Yes
CUST03814,Male,31,0,No,Yes,40,Yes,Fiber optic,Two year,Credit card,92.53,3603.81,2,1,93.51,1,No
CUST03815,Male,66,1,No,No,3,Yes,DSL,Month-to-month,Bank transfer,59.79,134.21,2,1,43.76,6,Yes
CUST03816,Female,36,0,No,No,7,Yes,Fiber optic,Month-to-month,Bank transfer,102.82,903.17,4,0,20.0,5,Yes
CUST03817,Male,55,0,No,No,31,Yes,Fiber optic,Month-to-month,Bank transfer,96.4,2967.14,1,1,30.56,5,No
CUST03818,Female,53,0,Yes,No,65,Yes,DSL,One year,Bank transfer,63.99,4262.68,3,0,49.07,2,Yes
CUST03819,Male,24,0,No,No,64,No,DSL,One year,Electronic check,51.23,3141.68,3,0,58.59,3,No
CUST03820,Male,47,0,No,No,3,Yes,Fiber optic,One year,Bank transfer,78.77,275.91,3,0,93.21,5,Yes
CUST03821,Male,36,0,No,No,35,Yes,No,Month-to-month,Credit card,29.39,875.31,1,3,22.81,5,Yes
CUST03822,Female,66,1,No,Yes,15,Yes,Fiber optic,Two year,Mailed check,84.23,1270.47,5,0,24.33,3,No
CUST03823,Female,42,0,No,No,21,Yes,Fiber optic,Month-to-month,Credit card,106.27,2157.63,0,0,27.47,4,No
CUST03824,Male,33,0,Yes,No,62,No,Fiber optic,Month-to-month,Credit card,104.72,6400.19,0,2,39.23,6,No
CUST03825,Male,64,1,No,Yes,28,Yes,Fiber optic,One year,Mailed check,81.24,2170.42,2,1,9.21,1,No
CUST03826,Female,71,1,No,No,4,Yes,Fiber optic,Month-to-month,Electronic check,86.4,324.22,4,1,43.96,6,Yes
CUST03827,Female,57,0,No,No,13,Yes,DSL,Month-to-month,Electronic check,50.47,466.06,1,1,41.28,5,Yes
CUST03828,Male,68,1,No,Yes,51,Yes,DSL,Month-to-month,Bank transfer,58.77,2853.35,1,1,29.82,5,No
CUST03829,Male,25,0,Yes,Yes,48,Yes,Fiber optic,Month-to-month,Electronic check,99.25,4773.36,4,2,7.88,6,No
CUST03830,Female,35,0,Yes,Yes,39,Yes,No,Month-to-month,Electronic check,20.65,630.64,2,2,17.53,1,Yes
CUST03831,Female,45,0,Yes,No,67,Yes,Fiber optic,One year,Mailed check,79.5,5174.34,2,1,56.21,5,No
CUST03832,Female,33,0,Yes,No,58,Yes,Fiber optic,Month-to-month,Credit card,67.47,4091.93,3,1,40.8,3,No
CUST03833,Female,69,1,No,No,2,Yes,Fiber optic,One year,Electronic check,76.55,310.22,6,1,14.39,5,No
CUST03834,Female,36,0,No,Yes,25,Yes,Fiber optic,Two year,Electronic check,94.2,2271.75,1,1,34.18,2,No
CUST03835,Male,59,0,Yes,No,11,Yes,DSL,Month-to-month,Electronic check,57.11,661.12,4,1,46.63,5,Yes
CUST03836,Female,34,0,Yes,No,1,Yes,Fiber optic,Month-to-month,Credit card,67.73,0.0,0,1,81.8,1,Yes
CUST03837,Male,62,1,No,No,48,No,DSL,Two year,Electronic check,62.55,2924.23,0,2,45.72,3,No
CUST03838,Female,30,0,No,No,48,Yes,DSL,One year,Mailed check,59.38,2536.68,1,0,17.92,5,No
CUST03839,Male,24,0,No,No,10,Yes,DSL,Month-to-month,Credit card,73.45,887.37,3,2,47.87,6,Yes
CUST03840,Female,44,0,No,No,30,No,DSL,Month-to-month,Electronic check,58.37,1806.56,5,0,33.87,4,Yes
CUST03841,Female,27,0,No,No,35,Yes,Fiber optic,One year,Electronic check,70.07,2526.69,3,1,22.57,3,No
CUST03842,Male,51,0,Yes,No,19,Yes,Fiber optic,One year,Credit card,99.45,1942.78,3,1,40.82,3,No
CUST03843,Male,53,0,Yes,Yes,53,Yes,DSL,One year,Electronic check,48.37,2543.7,6,1,31.47,6,No
CUST03844,Female,42,0,Yes,No,34,Yes,Fiber optic,One year,Credit card,65.48,2177.75,4,1,11.46,4,No
CUST03845,Female,23,0,Yes,No,32,Yes,Fiber optic,One year,Mailed check,69.4,2217.34,1,2,40.31,5,No
CUST03846,Female,41,0,No,Yes,6,Yes,DSL,Month-to-month,Credit card,52.67,462.59,1,3,34.29,2,No
CUST03847,Female,35,0,No,Yes,13,Yes,Fiber optic,One year,Electronic check,56.64,738.63,1,1,45.54,6,No
CUST03848,Female,40,0,Yes,No,64,Yes,DSL,Two year,Bank transfer,39.28,2708.03,1,1,38.76,1,No
CUST03849,Male,23,0,No,Yes,7,No,Fiber optic,Month-to-month,Electronic check,96.71,599.28,1,1,124.21,3,No
CUST03850,Male,46,0,Yes,No,45,Yes,No,One year,Electronic check,23.63,914.35,5,1,39.39,6,No
CUST03851,Female,42,0,No,No,45,No,DSL,Month-to-month,Electronic check,58.02,2518.71,2,1,28.87,2,Yes
CUST03852,Male,72,1,No,No,65,Yes,Fiber optic,Month-to-month,Mailed check,84.15,5453.76,4,0,56.06,1,Yes
CUST03853,Male,34,0,Yes,Yes,19,Yes,DSL,Two year,Mailed check,66.77,1407.51,6,1,26.5,1,No
CUST03854,Male,63,1,Yes,No,47,Yes,DSL,Month-to-month,Electronic check,50.17,2309.52,0,3,45.59,5,No
CUST03855,Female,41,0,No,Yes,46,No,DSL,Month-to-month,Credit card,66.72,2923.31,1,1,37.67,6,No
CUST03856,Male,28,0,No,No,29,Yes,DSL,Month-to-month,Electronic check,61.35,1780.45,1,1,28.24,2,No
CUST03857,Female,43,0,Yes,Yes,61,Yes,DSL,Month-to-month,Bank transfer,48.51,3081.29,2,2,14.77,6,Yes
CUST03858,Male,68,1,No,No,65,Yes,Fiber optic,One year,Electronic check,94.14,6118.65,3,4,35.68,3,No
CUST03859,Female,51,0,No,Yes,23,Yes,Fiber optic,Month-to-month,Electronic check,85.86,1994.95,5,2,37.19,3,No
CUST03860,Male,45,0,Yes,Yes,51,Yes,No,Month-to-month,Bank transfer,18.0,915.3,3,0,34.7,6,No
CUST03861,Female,20,0,Yes,Yes,63,No,Fiber optic,Month-to-month,Electronic check,70.44,4416.66,5,3,36.48,5,Yes
CUST03862,Female,28,0,Yes,No,22,Yes,Fiber optic,Month-to-month,Electronic check,92.2,2268.42,2,0,44.68,3,No
CUST03863,Male,55,0,No,No,71,Yes,Fiber optic,One year,Bank transfer,100.22,7246.98,4,3,51.75,6,No
CUST03864,Female,31,0,No,Yes,33,Yes,No,One year,Bank transfer,27.26,1086.97,2,1,23.27,1,No
CUST03865,Female,68,1,No,No,44,No,DSL,Month-to-month,Bank transfer,70.67,3397.95,3,1,47.09,6,Yes
CUST03866,Female,43,0,No,Yes,7,No,DSL,Month-to-month,Mailed check,74.79,652.17,2,0,26.11,5,Yes
CUST03867,Female,65,1,No,No,2,Yes,DSL,One year,Credit card,57.3,67.53,1,0,22.28,1,No
CUST03868,Female,38,0,No,Yes,17,Yes,DSL,Month-to-month,Electronic check,61.97,1141.79,2,2,86.75,1,Yes
CUST03869,Female,71,1,No,No,65,Yes,DSL,Month-to-month,Electronic check,68.03,4613.07,3,2,29.28,6,No
CUST03870,Female,73,1,Yes,No,58,Yes,Fiber optic,One year,Electronic check,67.79,3985.19,2,1,31.8,4,No
CUST03871,Female,56,0,No,No,30,Yes,Fiber optic,Month-to-month,Electronic check,100.51,2980.79,2,0,57.07,4,No
CUST03872,Male,47,0,No,Yes,26,Yes,DSL,Month-to-month,Credit card,76.36,2122.73,2,3,61.01,6,Yes
CUST03873,Male,25,0,No,Yes,35,Yes,Fiber optic,Month-to-month,Electronic check,73.93,2460.18,5,0,26.59,5,Yes
CUST03874,Female,68,1,Yes,No,63,Yes,DSL,Month-to-month,Credit card,94.44,5963.87,2,1,42.52,1,No
CUST03875,Female,37,0,No,Yes,71,Yes,DSL,Month-to-month,Electronic check,69.53,5012.52,4,0,35.47,5,No
CUST03876,Male,65,1,No,No,28,Yes,DSL,Two year,Credit card,58.17,1617.99,3,1,39.54,4,No
CUST03877,Male,49,0,Yes,Yes,25,Yes,Fiber optic,Month-to-month,Bank transfer,53.84,1408.55,0,3,31.47,5,Yes
CUST03878,Male,39,0,No,Yes,61,No,Fiber optic,One year,Credit card,83.62,5166.07,2,3,37.15,2,No
CUST03879,Female,24,0,Yes,Yes,31,Yes,DSL,Two year,Electronic check,65.06,2072.87,3,1,31.69,5,No
CUST03880,Male,26,0,No,No,54,Yes,Fiber optic,One year,Mailed check,89.61,4820.09,0,2,36.71,2,Yes
CUST03881,Female,62,1,No,No,67,No,DSL,One year,Bank transfer,44.27,2925.8,0,1,30.57,5,Yes
CUST03882,Female,18,0,No,No,51,Yes,DSL,One year,Credit card,52.06,2643.52,4,1,17.17,2,No
CUST03883,Male,46,0,Yes,Yes,58,Yes,No,Month-to-month,Credit card,30.44,1628.35,3,0,16.32,2,No
CUST03884,Female,25,0,Yes,No,34,No,DSL,Two year,Credit card,67.11,2419.36,2,1,39.81,2,No
CUST03885,Female,73,1,No,No,59,Yes,Fiber optic,Month-to-month,Electronic check,99.13,5902.79,2,0,26.95,2,No
CUST03886,Female,71,1,Yes,No,21,Yes,DSL,Two year,Electronic check,61.42,1306.68,5,3,34.96,3,No
CUST03887,Female,21,0,No,Yes,56,Yes,Fiber optic,One year,Credit card,84.52,4665.38,2,2,43.64,3,No
CUST03888,Male,52,0,Yes,No,37,Yes,Fiber optic,Two year,Credit card,92.67,3441.68,2,1,44.39,6,No
CUST03889,Male,20,0,No,No,64,Yes,DSL,Month-to-month,Electronic check,61.13,3923.2,3,2,83.27,5,Yes
CUST03890,Female,71,1,No,No,19,No,DSL,Two year,Electronic check,41.64,747.61,1,3,30.24,4,No
CUST03891,Female,62,1,Yes,Yes,53,Yes,DSL,Month-to-month,Electronic check,78.25,4252.26,3,0,40.35,1,No
CUST03892,Male,57,0,No,Yes,71,No,Fiber optic,One year,Mailed check,98.83,6903.88,2,2,43.61,3,No
CUST03893,Female,24,0,No,Yes,63,No,DSL,Month-to-month,Electronic check,65.08,4008.98,2,0,32.89,2,No
CUST03894,Male,44,0,No,No,62,Yes,Fiber optic,One year,Electronic check,64.48,4108.92,2,2,47.16,3,No
CUST03895,Female,18,0,Yes,No,72,Yes,DSL,One year,Credit card,70.05,5194.01,4,1,37.74,2,No
CUST03896,Female,44,0,No,No,19,Yes,DSL,Month-to-month,Credit card,54.74,1067.96,3,1,67.83,4,No
CUST03897,Male,33,0,Yes,No,2,Yes,Fiber optic,Month-to-month,Credit card,97.45,96.18,3,1,34.7,3,Yes
CUST03898,Male,55,0,Yes,No,6,Yes,Fiber optic,Month-to-month,Credit card,93.2,691.43,0,0,45.48,1,No
CUST03899,Male,24,0,Yes,No,29,No,Fiber optic,One year,Credit card,79.9,2338.25,4,0,45.41,1,No
CUST03900,Male,61,1,No,No,41,Yes,No,One year,Bank transfer,33.42,1382.53,1,1,20.2,3,Yes
CUST03901,Female,40,0,Yes,No,51,Yes,DSL,Month-to-month,Electronic check,45.7,2485.18,3,2,24.12,6,Yes
CUST03902,Male,58,0,No,No,5,Yes,DSL,Month-to-month,Credit card,60.67,386.83,3,2,40.87,3,Yes
CUST03903,Female,28,0,Yes,No,41,Yes,DSL,One year,Mailed check,79.9,3239.07,2,0,34.4,1,No
CUST03904,Male,59,0,Yes,No,62,Yes,DSL,Month-to-month,Electronic check,65.84,3925.03,1,2,16.7,4,Yes
CUST03905,Male,70,1,No,No,30,No,DSL,Two year,Electronic check,70.96,2097.22,1,0,26.33,5,No
CUST03906,Female,50,0,Yes,No,62,Yes,DSL,Month-to-month,Electronic check,60.95,3826.29,3,1,40.2,3,Yes
CUST03907,Male,67,1,No,Yes,27,Yes,Fiber optic,Month-to-month,Electronic check,84.68,2350.11,0,1,14.2,3,Yes
CUST03908,Male,53,0,Yes,No,50,Yes,DSL,Month-to-month,Electronic check,45.35,2144.9,4,1,16.94,1,No
CUST03909,Male,54,0,Yes,Yes,52,Yes,DSL,Month-to-month,Electronic check,58.13,2957.82,7,3,21.03,1,Yes
CUST03910,Male,58,0,Yes,Yes,49,Yes,Fiber optic,Month-to-month,Electronic check,95.11,4364.92,1,0,42.23,1,No
CUST03911,Female,34,0,Yes,No,62,Yes,DSL,Month-to-month,Credit card,46.87,2940.58,4,0,63.84,1,No
CUST03912,Female,52,0,Yes,No,60,Yes,DSL,Month-to-month,Electronic check,48.44,2734.99,2,2,34.41,3,Yes
CUST03913,Male,65,1,No,No,54,Yes,Fiber optic,One year,Bank transfer,91.29,4883.82,4,0,31.77,2,Yes
CUST03914,Male,22,0,No,No,5,Yes,Fiber optic,One year,Bank transfer,97.4,397.23,2,0,31.32,1,No
CUST03915,Male,65,1,No,Yes,9,Yes,DSL,Month-to-month,Credit card,84.18,824.91,6,0,25.44,6,Yes
CUST03916,Female,49,0,No,Yes,34,Yes,No,One year,Mailed check,22.81,813.93,1,3,53.59,4,No
CUST03917,Female,20,0,No,No,36,Yes,DSL,Two year,Bank transfer,57.04,1980.07,3,1,30.54,4,No
CUST03918,Female,69,1,No,No,20,Yes,DSL,Two year,Bank transfer,69.98,1415.02,5,2,38.35,6,No
CUST03919,Female,64,1,Yes,Yes,63,Yes,Fiber optic,Two year,Electronic check,93.56,5961.83,4,0,31.38,6,No
CUST03920,Male,52,0,Yes,No,67,Yes,Fiber optic,Two year,Bank transfer,81.13,5466.08,2,1,24.18,3,Yes
CUST03921,Male,69,1,Yes,No,30,Yes,Fiber optic,Month-to-month,Mailed check,84.58,2199.84,2,1,25.71,1,Yes
CUST03922,Male,31,0,Yes,No,69,Yes,No,Month-to-month,Electronic check,19.97,1608.78,2,2,16.02,5,Yes
CUST03923,Female,65,1,Yes,No,70,Yes,No,Month-to-month,Bank transfer,18.0,1313.77,2,0,16.37,6,Yes
CUST03924,Male,48,0,No,No,3,No,Fiber optic,One year,Bank transfer,82.97,361.24,3,2,96.63,1,Yes
CUST03925,Female,48,0,Yes,No,49,Yes,DSL,Two year,Electronic check,78.27,3762.98,3,2,57.6,3,No
CUST03926,Female,34,0,No,No,42,Yes,DSL,Month-to-month,Credit card,51.38,2064.57,2,0,22.7,6,No
CUST03927,Male,41,0,Yes,Yes,24,Yes,Fiber optic,Month-to-month,Electronic check,63.47,1470.26,3,2,15.68,5,Yes
CUST03928,Male,69,1,Yes,No,44,Yes,DSL,One year,Electronic check,47.96,2310.25,5,1,51.11,3,No
CUST03929,Male,40,0,No,No,1,Yes,DSL,Month-to-month,Electronic check,66.38,34.59,2,0,34.4,2,Yes
CUST03930,Female,35,0,No,Yes,54,Yes,Fiber optic,Month-to-month,Credit card,91.43,4930.85,3,1,76.56,4,No
CUST03931,Female,67,1,Yes,Yes,52,Yes,No,Month-to-month,Credit card,35.17,2014.47,4,5,50.4,6,Yes
CUST03932,Male,71,1,No,No,36,Yes,Fiber optic,Two year,Mailed check,100.92,3597.03,2,0,19.22,3,No
CUST03933,Male,31,0,No,No,38,No,Fiber optic,Month-to-month,Credit card,89.46,3401.05,3,0,23.86,1,Yes
CUST03934,Female,67,1,No,No,44,Yes,Fiber optic,Month-to-month,Electronic check,94.76,4036.87,1,0,28.37,1,Yes
CUST03935,Male,32,0,Yes,Yes,47,Yes,DSL,Month-to-month,Electronic check,51.01,2591.97,1,1,73.86,3,Yes
CUST03936,Female,32,0,No,No,29,Yes,Fiber optic,Month-to-month,Mailed check,95.34,2688.93,2,1,124.33,4,Yes
CUST03937,Female,23,0,No,No,51,Yes,DSL,Month-to-month,Credit card,58.69,2975.95,2,0,61.69,3,Yes
CUST03938,Male,44,0,Yes,Yes,41,Yes,DSL,Month-to-month,Bank transfer,70.21,2544.37,1,0,9.16,3,No
CUST03939,Male,32,0,No,No,64,Yes,DSL,Month-to-month,Electronic check,65.02,4144.22,2,2,29.65,1,No
CUST03940,Male,67,1,Yes,Yes,48,Yes,DSL,Month-to-month,Credit card,54.32,2599.64,4,1,77.5,1,Yes
CUST03941,Male,53,0,No,Yes,22,Yes,Fiber optic,One year,Electronic check,68.49,1465.13,4,0,45.76,1,No
CUST03942,Female,72,1,Yes,No,17,Yes,DSL,Month-to-month,Electronic check,54.0,744.13,1,2,14.35,6,No
CUST03943,Female,25,0,No,No,5,Yes,Fiber optic,Two year,Bank transfer,87.77,493.38,2,0,65.96,4,No
CUST03944,Female,32,0,No,Yes,61,Yes,DSL,Month-to-month,Credit card,50.21,2872.79,1,1,36.15,1,No
CUST03945,Male,20,0,Yes,No,6,No,DSL,Month-to-month,Electronic check,58.17,183.34,0,3,40.53,5,No
CUST03946,Female,64,1,Yes,Yes,53,Yes,No,Two year,Bank transfer,33.7,1760.09,4,2,51.48,5,No
CUST03947,Male,30,0,No,Yes,17,Yes,Fiber optic,Month-to-month,Credit card,102.62,1865.7,3,0,41.72,3,Yes
CUST03948,Male,58,0,No,No,59,Yes,DSL,Month-to-month,Electronic check,65.74,3873.87,4,1,38.5,3,Yes
CUST03949,Male,51,0,Yes,No,39,Yes,Fiber optic,Month-to-month,Mailed check,105.45,4142.34,2,0,32.98,2,No
CUST03950,Male,41,0,Yes,Yes,54,Yes,Fiber optic,Two year,Electronic check,66.02,3497.94,6,3,32.22,5,No
CUST03951,Male,57,0,No,No,48,Yes,Fiber optic,Two year,Bank transfer,104.46,4946.73,1,2,9.92,4,No
CUST03952,Male,49,0,No,Yes,37,No,Fiber optic,Month-to-month,Bank transfer,64.6,2478.32,3,2,42.03,3,Yes
CUST03953,Female,49,0,Yes,No,48,Yes,DSL,One year,Electronic check,60.12,3008.99,2,2,36.09,3,No
CUST03954,Male,47,0,No,No,68,No,DSL,Month-to-month,Credit card,50.25,3528.07,3,3,35.33,4,No
CUST03955,Female,69,1,No,No,27,Yes,Fiber optic,Two year,Electronic check,96.08,2655.82,2,1,29.91,5,No
CUST03956,Female,66,1,Yes,Yes,27,Yes,DSL,Month-to-month,Credit card,41.21,1145.45,3,0,47.25,2,Yes
CUST03957,Male,30,0,Yes,No,72,Yes,Fiber optic,Two year,Bank transfer,58.53,4070.67,2,2,23.68,4,No
CUST03958,Male,18,0,Yes,No,63,Yes,DSL,Month-to-month,Electronic check,52.15,3228.64,3,0,25.68,2,No
CUST03959,Male,51,0,No,No,52,Yes,No,Month-to-month,Electronic check,19.2,927.02,8,0,46.48,2,No
CUST03960,Female,32,0,No,No,47,Yes,DSL,Month-to-month,Credit card,53.15,2505.2,1,3,21.52,6,Yes
CUST03961,Male,61,1,No,No,21,Yes,Fiber optic,One year,Credit card,74.88,1650.32,1,2,47.57,3,No
CUST03962,Female,31,0,Yes,No,57,No,DSL,One year,Bank transfer,68.25,3856.52,6,2,12.25,5,No
CUST03963,Male,74,1,Yes,No,42,Yes,Fiber optic,Month-to-month,Bank transfer,83.73,3267.34,5,3,59.85,2,Yes
CUST03964,Male,46,0,No,No,48,Yes,DSL,One year,Bank transfer,78.59,3898.54,4,0,25.44,4,No
CUST03965,Female,51,0,Yes,No,27,Yes,DSL,One year,Bank transfer,62.77,1605.05,0,1,47.37,5,No
CUST03966,Female,35,0,No,No,72,Yes,DSL,One year,Electronic check,70.59,4998.24,1,3,30.56,1,No
CUST03967,Male,71,1,No,No,33,Yes,Fiber optic,Month-to-month,Credit card,93.7,3156.58,4,1,36.03,1,Yes
CUST03968,Female,24,0,Yes,No,35,Yes,DSL,Month-to-month,Credit card,49.22,1671.11,3,1,36.12,6,No
CUST03969,Female,46,0,Yes,No,16,Yes,DSL,Month-to-month,Mailed check,53.75,862.39,8,0,32.63,4,Yes
CUST03970,Female,72,1,Yes,No,36,Yes,DSL,Month-to-month,Credit card,71.93,2622.77,1,1,38.37,1,No
CUST03971,Female,48,0,Yes,No,66,Yes,DSL,One year,Mailed check,38.69,2568.52,0,1,37.81,5,No
CUST03972,Female,42,0,No,No,56,Yes,No,One year,Bank transfer,28.89,1592.77,1,1,62.01,5,No
CUST03973,Male,55,0,Yes,No,17,Yes,DSL,One year,Bank transfer,57.86,996.04,1,1,20.95,3,No
CUST03974,Male,31,0,Yes,No,20,Yes,Fiber optic,Month-to-month,Credit card,73.83,1709.09,0,0,66.78,5,No
CUST03975,Female,25,0,No,No,8,Yes,DSL,One year,Credit card,56.8,583.95,5,1,41.85,2,No
CUST03976,Male,44,0,Yes,No,18,Yes,Fiber optic,Month-to-month,Credit card,109.31,2063.62,4,0,90.69,6,Yes
CUST03977,Male,71,1,No,Yes,18,Yes,DSL,Two year,Electronic check,39.31,755.63,3,1,46.85,3,No
CUST03978,Female,19,0,Yes,No,18,Yes,No,Month-to-month,Mailed check,18.0,493.15,3,0,77.5,2,No
CUST03979,Male,34,0,Yes,No,2,Yes,Fiber optic,One year,Bank transfer,55.93,208.58,2,1,18.78,5,No
CUST03980,Female,54,0,Yes,No,72,Yes,DSL,One year,Bank transfer,54.74,4080.65,4,0,51.01,3,No
CUST03981,Female,31,0,Yes,Yes,51,No,DSL,Two year,Credit card,52.5,2820.4,2,0,35.1,4,No
CUST03982,Male,42,0,No,No,10,Yes,DSL,Month-to-month,Electronic check,61.93,696.29,1,0,64.62,4,No
CUST03983,Female,73,1,No,No,14,Yes,Fiber optic,Month-to-month,Bank transfer,77.81,1151.58,3,0,33.95,4,Yes
CUST03984,Female,47,0,Yes,Yes,26,Yes,Fiber optic,Month-to-month,Credit card,91.76,2362.43,1,0,11.74,6,Yes
CUST03985,Female,46,0,Yes,Yes,47,Yes,No,Month-to-month,Mailed check,18.7,1081.57,2,0,16.45,3,Yes
CUST03986,Female,37,0,Yes,No,30,Yes,Fiber optic,One year,Bank transfer,116.46,3496.76,4,0,33.23,5,No
CUST03987,Female,38,0,Yes,No,56,Yes,DSL,Two year,Electronic check,67.38,3670.0,2,3,27.02,5,No
CUST03988,Male,70,1,Yes,Yes,42,Yes,Fiber optic,Month-to-month,Credit card,92.74,3939.82,1,0,22.99,6,Yes
CUST03989,Male,39,0,No,No,4,Yes,Fiber optic,One year,Bank transfer,94.4,365.83,6,0,105.99,6,Yes
CUST03990,Female,52,0,No,No,11,Yes,DSL,Two year,Credit card,47.45,428.05,2,0,26.71,3,No
CUST03991,Female,54,0,Yes,No,24,No,Fiber optic,Month-to-month,Credit card,81.3,1863.14,3,3,47.5,3,No
CUST03992,Male,33,0,No,No,67,Yes,No,Month-to-month,Electronic check,23.37,1576.21,3,1,40.47,1,No
CUST03993,Female,67,1,No,No,37,Yes,DSL,Two year,Electronic check,54.34,2027.11,3,1,62.27,1,No
CUST03994,Male,75,1,Yes,No,2,Yes,DSL,Two year,Bank transfer,55.83,0.0,2,2,39.76,6,No
CUST03995,Female,66,1,No,Yes,12,Yes,Fiber optic,Month-to-month,Electronic check,97.44,1134.91,1,1,24.16,6,Yes
CUST03996,Female,60,1,No,Yes,21,Yes,No,Month-to-month,Bank transfer,24.53,615.39,3,1,69.13,3,Yes
CUST03997,Female,34,0,Yes,No,69,Yes,Fiber optic,Month-to-month,Credit card,89.49,5919.72,5,0,45.53,4,No
CUST03998,Female,33,0,No,Yes,71,No,DSL,One year,Mailed check,39.73,2796.55,5,1,39.02,5,No
CUST03999,Female,75,1,Yes,No,64,No,Fiber optic,Month-to-month,Mailed check,58.78,3765.07,2,1,28.16,4,No
CUST04000,Female,72,1,Yes,Yes,68,Yes,Fiber optic,Month-to-month,Bank transfer,70.84,4883.26,0,1,27.85,2,Yes
CUST04001,Female,19,0,No,Yes,43,Yes,DSL,One year,Credit card,79.67,3404.94,1,2,87.31,2,No
CUST04002,Male,21,0,Yes,No,54,Yes,DSL,One year,Credit card,84.1,4502.66,3,0,32.87,2,No
CUST04003,Male,38,0,Yes,No,62,Yes,Fiber optic,Two year,Electronic check,99.75,6245.6,0,2,60.46,4,No
CUST04004,Male,56,0,Yes,No,12,Yes,DSL,Month-to-month,Electronic check,55.27,658.12,2,3,13.61,6,Yes
CUST04005,Female,51,0,No,Yes,1,Yes,DSL,Month-to-month,Credit card,65.12,241.89,2,0,37.09,6,No
CUST04006,Female,47,0,No,Yes,72,Yes,Fiber optic,Two year,Bank transfer,103.93,7545.12,3,0,36.58,1,No
CUST04007,Female,23,0,No,No,33,Yes,Fiber optic,One year,Electronic check,112.82,3804.48,2,0,30.22,2,Yes
CUST04008,Female,34,0,No,No,64,Yes,Fiber optic,Two year,Credit card,67.75,4343.54,2,2,26.75,3,No
CUST04009,Female,56,0,Yes,No,68,Yes,Fiber optic,Two year,Credit card,88.06,6176.1,2,2,29.39,5,No
CUST04010,Female,42,0,Yes,Yes,14,Yes,Fiber optic,Two year,Mailed check,80.16,1066.25,3,0,67.59,6,No
CUST04011,Female,22,0,No,No,14,No,Fiber optic,Month-to-month,Electronic check,93.79,1198.15,3,2,30.9,1,Yes
CUST04012,Male,22,0,No,No,9,Yes,DSL,Month-to-month,Electronic check,60.63,536.3,2,1,15.01,2,Yes
CUST04013,Female,37,0,Yes,No,26,Yes,Fiber optic,One year,Mailed check,70.0,1793.74,5,1,52.45,6,No
CUST04014,Male,33,0,Yes,No,49,Yes,DSL,One year,Electronic check,64.74,3158.43,3,1,52.47,5,No
CUST04015,Male,68,1,No,No,17,Yes,No,Month-to-month,Bank transfer,19.43,528.07,2,0,51.42,5,Yes
CUST04016,Female,58,0,No,No,68,Yes,No,One year,Credit card,24.72,1601.86,1,0,16.77,1,No
CUST04017,Female,54,0,No,No,60,Yes,DSL,Month-to-month,Credit card,60.15,3602.88,2,0,34.83,4,No
CUST04018,Male,57,0,Yes,No,3,Yes,Fiber optic,One year,Credit card,110.31,167.63,3,1,44.79,5,No
CUST04019,Male,26,0,No,Yes,25,Yes,Fiber optic,Month-to-month,Mailed check,89.81,2434.55,2,2,11.04,6,No
CUST04020,Female,22,0,No,Yes,21,No,DSL,Month-to-month,Electronic check,58.93,1005.15,5,2,44.71,1,No
CUST04021,Female,59,0,No,No,12,Yes,Fiber optic,Two year,Electronic check,95.86,1164.77,3,0,16.02,2,Yes
CUST04022,Male,74,1,No,Yes,54,No,Fiber optic,Month-to-month,Credit card,71.74,3739.84,1,0,7.69,1,Yes
CUST04023,Female,19,0,No,Yes,1,No,DSL,Month-to-month,Credit card,61.21,0.0,2,2,38.63,4,Yes
CUST04024,Female,26,0,No,No,1,Yes,Fiber optic,Month-to-month,Credit card,94.52,6.17,4,1,30.36,2,Yes
CUST04025,Female,60,1,No,No,45,No,DSL,Two year,Mailed check,67.07,2907.89,2,2,31.16,4,No
CUST04026,Male,53,0,No,No,46,Yes,DSL,Two year,Mailed check,53.65,2494.84,4,0,55.6,5,No
CUST04027,Male,39,0,No,No,48,Yes,DSL,Two year,Electronic check,64.37,2962.25,3,0,40.3,6,No
CUST04028,Male,39,0,Yes,No,7,Yes,DSL,Two year,Electronic check,68.16,581.16,3,0,43.9,1,No
CUST04029,Female,39,0,No,No,10,No,Fiber optic,One year,Electronic check,71.42,847.48,3,3,21.25,3,Yes
CUST04030,Female,51,0,No,No,15,Yes,DSL,Month-to-month,Mailed check,52.75,956.67,1,2,26.56,6,No
CUST04031,Male,72,1,No,Yes,40,Yes,Fiber optic,Month-to-month,Credit card,80.16,3053.37,2,1,16.34,4,Yes
CUST04032,Male,46,0,Yes,Yes,11,Yes,DSL,Month-to-month,Credit card,87.95,889.23,3,0,26.09,1,No
CUST04033,Male,55,0,No,No,56,No,Fiber optic,One year,Bank transfer,73.78,4083.52,0,0,66.65,3,Yes
CUST04034,Female,63,1,Yes,Yes,46,Yes,DSL,One year,Credit card,63.9,2882.91,3,2,35.99,3,No
CUST04035,Male,50,0,No,Yes,45,Yes,No,Month-to-month,Electronic check,22.18,1078.28,6,2,39.97,6,No
CUST04036,Male,35,0,No,Yes,13,Yes,Fiber optic,Month-to-month,Credit card,70.94,954.02,5,1,91.95,1,Yes
CUST04037,Female,24,0,Yes,No,27,Yes,Fiber optic,Month-to-month,Credit card,95.47,2484.9,4,1,24.86,6,No
CUST04038,Female,18,0,No,No,50,Yes,Fiber optic,Month-to-month,Bank transfer,63.84,3163.77,3,0,35.65,2,Yes
CUST04039,Female,50,0,Yes,No,61,Yes,Fiber optic,One year,Credit card,106.65,6502.34,4,2,18.49,3,No
CUST04040,Male,18,0,Yes,Yes,13,Yes,Fiber optic,One year,Electronic check,69.41,885.17,0,3,35.7,1,No
CUST04041,Female,41,0,No,No,12,Yes,DSL,One year,Electronic check,52.01,550.5,4,0,67.96,1,Yes
CUST04042,Female,21,0,Yes,Yes,29,Yes,DSL,Month-to-month,Bank transfer,66.86,1827.98,6,2,62.22,2,Yes
CUST04043,Male,21,0,Yes,No,20,Yes,DSL,Two year,Mailed check,69.03,1455.74,3,2,63.4,6,No
CUST04044,Female,35,0,Yes,No,31,Yes,DSL,Month-to-month,Electronic check,62.8,1828.54,1,2,43.37,1,No
CUST04045,Male,44,0,Yes,No,8,Yes,Fiber optic,Month-to-month,Electronic check,77.01,686.86,1,0,31.5,4,Yes
CUST04046,Male,60,1,No,No,24,Yes,Fiber optic,One year,Credit card,61.1,1490.18,6,2,35.12,4,Yes
CUST04047,Female,49,0,No,No,39,Yes,DSL,Month-to-month,Credit card,58.92,2212.29,1,2,47.17,2,Yes
CUST04048,Female,50,0,No,No,33,Yes,DSL,Month-to-month,Electronic check,49.8,1694.43,4,3,36.25,5,Yes
CUST04049,Female,45,0,Yes,No,42,Yes,Fiber optic,Month-to-month,Credit card,121.18,5017.95,1,2,53.37,1,No
CUST04050,Female,59,0,Yes,No,15,Yes,Fiber optic,One year,Mailed check,87.0,1361.53,2,0,36.69,4,No
CUST04051,Female,58,0,Yes,No,68,Yes,Fiber optic,Two year,Credit card,65.66,4386.16,2,0,55.56,4,No
CUST04052,Female,72,1,No,No,65,Yes,Fiber optic,One year,Credit card,80.02,5212.21,3,0,76.17,1,No
CUST04053,Male,53,0,No,No,32,Yes,Fiber optic,One year,Bank transfer,96.37,3078.95,1,0,18.28,6,No
CUST04054,Male,23,0,No,No,11,No,DSL,Month-to-month,Electronic check,73.95,751.57,0,0,20.19,6,Yes
CUST04055,Female,33,0,No,Yes,37,Yes,DSL,Month-to-month,Credit card,56.29,2051.24,2,3,37.54,1,No
CUST04056,Male,51,0,No,No,19,Yes,Fiber optic,Month-to-month,Credit card,83.22,1516.83,2,1,48.57,6,Yes
CUST04057,Female,40,0,No,No,51,Yes,DSL,Two year,Credit card,66.78,3522.87,5,0,53.45,3,No
CUST04058,Male,67,1,No,No,34,Yes,Fiber optic,Month-to-month,Mailed check,70.96,2342.6,2,1,73.97,2,Yes
CUST04059,Male,59,0,Yes,Yes,71,Yes,DSL,Two year,Electronic check,64.17,4548.95,4,2,25.27,3,No
CUST04060,Male,41,0,Yes,No,60,Yes,DSL,Month-to-month,Electronic check,63.43,3596.72,3,3,49.02,2,No
CUST04061,Female,73,1,No,No,53,Yes,No,One year,Mailed check,29.27,1482.59,3,0,52.58,3,No
CUST04062,Male,66,1,No,No,12,Yes,Fiber optic,Two year,Electronic check,84.42,1076.52,4,1,42.84,6,No
CUST04063,Female,30,0,No,No,62,Yes,Fiber optic,Month-to-month,Credit card,61.53,3862.35,3,0,47.48,2,No
CUST04064,Male,73,1,Yes,No,66,Yes,DSL,One year,Credit card,62.73,4183.82,2,1,39.55,1,No
CUST04065,Male,35,0,Yes,No,48,Yes,Fiber optic,Month-to-month,Mailed check,71.86,3446.4,0,3,21.74,6,No
CUST04066,Male,71,1,No,Yes,40,No,Fiber optic,Month-to-month,Credit card,110.89,4460.77,2,2,21.78,2,Yes
CUST04067,Male,30,0,No,No,24,Yes,Fiber optic,Month-to-month,Credit card,111.32,2816.03,1,2,61.51,4,Yes
CUST04068,Male,66,1,Yes,No,50,Yes,DSL,Two year,Credit card,46.26,2220.57,3,3,30.85,5,No
CUST04069,Female,54,0,No,No,68,Yes,Fiber optic,Month-to-month,Mailed check,72.17,5030.19,4,2,92.03,4,Yes
CUST04070,Female,60,1,Yes,No,43,No,No,Month-to-month,Bank transfer,18.0,685.83,1,2,61.91,2,No
CUST04071,Male,56,0,Yes,No,17,Yes,Fiber optic,Two year,Electronic check,96.03,1662.78,3,0,78.19,2,Yes
CUST04072,Male,59,0,No,No,55,Yes,Fiber optic,Month-to-month,Bank transfer,76.4,4116.35,0,0,55.71,2,No
CUST04073,Male,34,0,No,No,34,Yes,DSL,Month-to-month,Bank transfer,63.25,2235.27,2,1,57.04,5,No
CUST04074,Male,32,0,Yes,No,70,Yes,Fiber optic,Two year,Bank transfer,76.91,5254.88,1,4,23.51,5,No
CUST04075,Female,35,0,Yes,No,60,Yes,DSL,Month-to-month,Bank transfer,40.77,2345.72,5,2,13.33,3,No
CUST04076,Male,40,0,No,No,51,Yes,DSL,Month-to-month,Credit card,62.53,3177.8,3,2,43.17,2,Yes
CUST04077,Female,71,1,Yes,No,35,Yes,DSL,Two year,Credit card,75.47,2562.67,1,2,40.16,3,Yes
CUST04078,Male,68,1,No,Yes,34,Yes,DSL,Month-to-month,Bank transfer,59.66,1957.41,2,2,27.06,4,No
CUST04079,Female,47,0,No,No,16,Yes,Fiber optic,Month-to-month,Electronic check,69.6,1101.79,3,1,23.7,5,Yes
CUST04080,Male,75,1,Yes,No,18,No,No,Month-to-month,Electronic check,23.81,303.47,3,2,32.76,1,Yes
CUST04081,Male,51,0,No,Yes,38,Yes,DSL,One year,Electronic check,66.16,2526.88,3,1,18.79,5,No
CUST04082,Female,75,1,No,No,43,Yes,Fiber optic,Month-to-month,Bank transfer,81.97,3561.53,2,0,31.23,3,Yes
CUST04083,Male,21,0,Yes,No,32,Yes,Fiber optic,Month-to-month,Bank transfer,68.52,2035.19,0,0,8.67,1,Yes
CUST04084,Male,20,0,Yes,No,7,Yes,Fiber optic,Month-to-month,Credit card,115.3,831.52,0,2,96.14,6,Yes
CUST04085,Male,24,0,Yes,No,46,Yes,Fiber optic,Month-to-month,Bank transfer,62.31,2886.57,3,1,41.51,1,No
CUST04086,Female,73,1,No,No,61,Yes,DSL,One year,Bank transfer,87.3,5368.98,1,1,58.52,1,Yes
CUST04087,Male,35,0,No,No,18,Yes,Fiber optic,Month-to-month,Mailed check,83.61,1516.55,0,0,67.81,5,Yes
CUST04088,Male,59,0,Yes,No,71,Yes,No,One year,Electronic check,32.18,2319.95,2,1,21.89,2,No
CUST04089,Female,24,0,Yes,No,40,Yes,Fiber optic,Month-to-month,Credit card,88.23,3564.04,1,2,74.42,1,Yes
CUST04090,Female,57,0,Yes,No,50,Yes,Fiber optic,Month-to-month,Bank transfer,71.83,3616.04,2,1,19.57,4,No
CUST04091,Female,23,0,No,No,5,Yes,Fiber optic,Month-to-month,Electronic check,104.93,561.89,3,2,39.26,4,Yes
CUST04092,Male,39,0,Yes,No,54,Yes,Fiber optic,Month-to-month,Electronic check,94.24,5243.07,3,0,13.5,1,No
CUST04093,Male,75,1,No,Yes,58,Yes,DSL,Month-to-month,Credit card,58.85,3544.27,5,1,19.35,4,Yes
CUST04094,Male,18,0,Yes,Yes,22,Yes,DSL,One year,Bank transfer,68.73,1500.69,2,0,39.08,4,No
CUST04095,Female,21,0,No,No,38,Yes,Fiber optic,One year,Credit card,82.94,3089.33,5,2,41.08,4,Yes
CUST04096,Male,63,1,No,Yes,49,Yes,No,Month-to-month,Credit card,18.0,1009.05,5,0,44.73,3,No
CUST04097,Male,66,1,No,No,1,Yes,DSL,One year,Credit card,39.47,268.3,2,0,25.57,3,No
CUST04098,Female,69,1,Yes,No,36,Yes,DSL,Two year,Electronic check,59.74,2147.81,2,0,75.7,6,No
CUST04099,Female,67,1,No,Yes,28,Yes,DSL,Month-to-month,Mailed check,56.19,1623.29,4,0,29.09,4,Yes
CUST04100,Female,60,1,Yes,Yes,35,Yes,DSL,Month-to-month,Electronic check,58.93,2029.98,6,0,11.56,2,No
CUST04101,Female,46,0,Yes,No,60,Yes,DSL,One year,Credit card,55.92,3408.31,5,2,49.79,4,No
CUST04102,Female,38,0,No,No,62,Yes,Fiber optic,Month-to-month,Electronic check,68.18,4028.92,2,1,30.76,3,Yes
CUST04103,Male,43,0,No,No,46,No,Fiber optic,One year,Credit card,64.26,2903.52,4,1,40.51,1,Yes
CUST04104,Female,31,0,Yes,No,61,Yes,DSL,Two year,Mailed check,49.85,3113.21,2,3,32.97,4,No
CUST04105,Male,26,0,Yes,Yes,65,Yes,No,Month-to-month,Mailed check,31.03,1929.45,1,3,56.34,5,Yes
CUST04106,Male,64,1,No,Yes,26,Yes,DSL,Two year,Credit card,50.19,1360.4,2,1,33.3,3,Yes
CUST04107,Female,29,0,No,No,35,Yes,No,Month-to-month,Electronic check,33.34,1218.91,1,1,17.74,3,Yes
CUST04108,Female,59,0,Yes,No,57,Yes,Fiber optic,Month-to-month,Electronic check,69.45,4016.56,2,1,53.19,3,Yes
CUST04109,Female,68,1,No,No,63,Yes,DSL,Month-to-month,Electronic check,74.22,4625.12,1,1,65.77,1,Yes
CUST04110,Male,73,1,Yes,No,4,Yes,DSL,Month-to-month,Credit card,53.81,291.76,3,0,56.27,5,Yes
CUST04111,Female,68,1,No,No,42,Yes,DSL,Month-to-month,Credit card,56.3,2549.44,2,1,24.31,5,No
CUST04112,Female,23,0,No,Yes,45,Yes,DSL,Month-to-month,Bank transfer,56.41,2489.37,0,2,40.01,5,No
CUST04113,Female,37,0,Yes,Yes,39,Yes,Fiber optic,One year,Bank transfer,93.73,3588.48,3,1,24.69,3,Yes
CUST04114,Female,41,0,No,No,65,Yes,Fiber optic,Month-to-month,Electronic check,88.78,5753.67,1,2,46.79,4,No
CUST04115,Female,44,0,No,No,22,Yes,No,Month-to-month,Bank transfer,26.11,601.94,1,1,43.49,4,Yes
CUST04116,Male,55,0,No,Yes,11,Yes,Fiber optic,Month-to-month,Bank transfer,83.79,818.68,2,1,33.56,6,Yes
CUST04117,Male,25,0,No,No,37,Yes,DSL,Month-to-month,Credit card,53.17,1921.85,4,3,49.82,5,No
CUST04118,Male,18,0,No,No,51,Yes,Fiber optic,Month-to-month,Mailed check,101.45,5319.52,2,3,36.64,3,Yes
CUST04119,Female,71,1,Yes,No,58,Yes,Fiber optic,One year,Bank transfer,86.29,5118.42,1,1,65.75,4,No
CUST04120,Female,66,1,Yes,Yes,7,Yes,DSL,Month-to-month,Credit card,66.89,369.15,5,0,45.37,2,No
CUST04121,Female,66,1,Yes,No,8,Yes,DSL,One year,Mailed check,62.4,685.79,6,0,53.11,4,Yes
CUST04122,Male,41,0,No,No,51,Yes,No,Month-to-month,Credit card,21.63,1060.14,3,1,25.63,4,No
CUST04123,Female,64,1,No,Yes,23,Yes,Fiber optic,One year,Credit card,120.93,2814.94,3,0,37.05,2,Yes
CUST04124,Female,24,0,No,No,9,Yes,DSL,Month-to-month,Credit card,74.76,677.01,2,3,33.02,4,Yes
CUST04125,Female,36,0,Yes,No,46,Yes,No,Month-to-month,Mailed check,20.68,1043.14,5,2,58.06,1,Yes
CUST04126,Male,39,0,No,No,38,Yes,No,One year,Electronic check,41.42,1459.62,1,1,28.29,6,No
CUST04127,Female,74,1,No,No,13,Yes,No,Month-to-month,Credit card,32.42,368.75,2,0,51.39,3,Yes
CUST04128,Male,72,1,No,Yes,7,Yes,DSL,Two year,Credit card,46.88,236.49,1,2,63.41,1,Yes
CUST04129,Female,52,0,Yes,No,11,Yes,Fiber optic,One year,Credit card,98.23,974.89,2,3,35.89,1,Yes
CUST04130,Male,47,0,Yes,No,50,Yes,Fiber optic,Month-to-month,Bank transfer,91.24,4487.71,1,0,45.5,3,No
CUST04131,Male,46,0,No,No,67,Yes,DSL,Two year,Credit card,61.99,4069.74,1,0,37.3,6,No
CUST04132,Male,39,0,No,No,41,Yes,DSL,Two year,Electronic check,72.18,3023.51,4,1,31.32,1,No
CUST04133,Female,28,0,Yes,Yes,29,No,DSL,Month-to-month,Mailed check,64.09,1819.87,1,4,21.85,4,No
CUST04134,Female,37,0,No,No,37,Yes,Fiber optic,Month-to-month,Bank transfer,54.85,2004.07,0,3,56.0,5,Yes
CUST04135,Male,46,0,Yes,Yes,56,Yes,DSL,One year,Mailed check,43.76,2267.05,2,1,23.07,5,No
CUST04136,Male,68,1,No,Yes,16,Yes,Fiber optic,Month-to-month,Electronic check,72.17,1253.54,1,1,47.85,1,No
CUST04137,Female,58,0,No,No,44,Yes,DSL,Month-to-month,Credit card,83.95,3522.55,2,0,5.62,5,Yes
CUST04138,Female,59,0,Yes,No,50,Yes,Fiber optic,One year,Bank transfer,94.78,4748.55,1,1,89.64,6,No
CUST04139,Male,51,0,No,Yes,71,Yes,No,One year,Credit card,29.33,2215.3,1,0,47.1,1,No
CUST04140,Female,18,0,Yes,No,6,Yes,Fiber optic,One year,Bank transfer,86.62,673.45,2,1,52.05,3,Yes
CUST04141,Female,48,0,Yes,No,18,Yes,DSL,One year,Electronic check,48.94,742.58,5,2,44.84,6,No
CUST04142,Female,47,0,No,No,19,Yes,Fiber optic,Month-to-month,Credit card,63.2,1182.89,4,1,36.74,6,Yes
CUST04143,Female,65,1,Yes,No,51,Yes,DSL,Month-to-month,Credit card,71.95,3746.46,6,1,21.87,2,No
CUST04144,Male,35,0,Yes,Yes,66,Yes,DSL,One year,Credit card,79.96,5236.86,5,0,48.78,1,No
CUST04145,Female,72,1,Yes,Yes,3,Yes,No,Month-to-month,Credit card,30.42,199.34,2,1,46.83,2,Yes
CUST04146,Female,75,1,Yes,No,54,Yes,Fiber optic,One year,Electronic check,77.64,3988.79,2,1,41.21,4,No
CUST04147,Male,34,0,Yes,Yes,49,No,Fiber optic,Month-to-month,Bank transfer,78.87,3879.84,5,3,54.03,3,Yes
CUST04148,Male,55,0,Yes,Yes,28,Yes,DSL,Month-to-month,Electronic check,68.32,1957.84,4,2,27.11,5,Yes
CUST04149,Female,31,0,No,No,38,Yes,Fiber optic,One year,Credit card,83.25,3048.91,3,2,61.36,6,No
CUST04150,Female,40,0,Yes,No,28,Yes,Fiber optic,Month-to-month,Electronic check,82.64,2394.0,4,4,43.66,1,Yes
CUST04151,Female,42,0,No,No,32,Yes,DSL,Month-to-month,Credit card,53.54,1610.84,1,4,51.2,1,No
CUST04152,Female,32,0,Yes,Yes,41,Yes,DSL,Month-to-month,Credit card,52.04,2295.99,2,0,19.38,4,No
CUST04153,Male,63,1,Yes,No,36,Yes,Fiber optic,Month-to-month,Bank transfer,83.2,2962.91,2,1,47.34,3,Yes
CUST04154,Male,73,1,Yes,No,36,Yes,Fiber optic,Month-to-month,Credit card,61.24,2188.69,3,0,12.36,2,No
CUST04155,Male,39,0,No,Yes,66,Yes,DSL,Month-to-month,Electronic check,67.43,4347.02,2,0,23.57,3,No
CUST04156,Female,20,0,No,No,10,Yes,DSL,One year,Credit card,37.59,340.89,3,0,56.48,4,No
CUST04157,Female,73,1,No,Yes,70,Yes,Fiber optic,Two year,Bank transfer,100.98,6997.91,2,0,37.11,2,No
CUST04158,Female,72,1,Yes,No,72,No,Fiber optic,Month-to-month,Electronic check,77.08,5579.95,2,1,20.5,2,Yes
CUST04159,Female,36,0,No,No,63,Yes,DSL,Month-to-month,Credit card,58.57,3715.78,4,1,44.78,1,Yes
CUST04160,Male,74,1,Yes,No,22,Yes,Fiber optic,One year,Credit card,93.37,2045.32,0,1,69.6,1,No
CUST04161,Male,61,1,Yes,Yes,20,Yes,DSL,Two year,Electronic check,56.55,1147.99,4,0,18.32,3,No
CUST04162,Female,51,0,No,Yes,33,Yes,DSL,Month-to-month,Electronic check,51.14,1578.23,2,1,69.97,2,Yes
CUST04163,Male,52,0,Yes,No,15,Yes,DSL,Month-to-month,Electronic check,63.44,848.29,1,1,9.19,1,Yes
CUST04164,Female,67,1,No,No,7,Yes,No,Month-to-month,Credit card,42.59,418.68,3,2,98.11,2,Yes
CUST04165,Female,18,0,Yes,Yes,50,Yes,Fiber optic,Month-to-month,Electronic check,96.82,4766.43,3,1,31.72,2,Yes
CUST04166,Male,69,1,No,Yes,10,Yes,Fiber optic,One year,Credit card,73.63,766.02,0,1,47.36,5,No
CUST04167,Female,38,0,No,No,37,Yes,DSL,Two year,Electronic check,55.78,1833.55,4,2,46.05,1,Yes
CUST04168,Female,46,0,No,No,59,Yes,DSL,One year,Credit card,54.27,3244.5,1,2,31.35,1,No
CUST04169,Male,23,0,Yes,Yes,63,Yes,Fiber optic,Two year,Electronic check,69.53,4496.63,3,1,18.65,1,No
CUST04170,Female,54,0,Yes,No,21,Yes,Fiber optic,Month-to-month,Credit card,94.0,1986.09,3,1,36.51,6,Yes
CUST04171,Female,18,0,No,No,37,No,Fiber optic,Two year,Mailed check,80.11,2981.07,0,0,38.87,5,No
CUST04172,Male,68,1,Yes,No,45,Yes,Fiber optic,Month-to-month,Credit card,89.77,4196.47,3,4,34.03,4,Yes
CUST04173,Female,18,0,No,No,14,No,DSL,Month-to-month,Credit card,28.62,429.08,4,2,28.95,5,Yes
CUST04174,Male,44,0,No,No,43,Yes,DSL,One year,Bank transfer,68.28,2867.61,3,0,21.5,6,No
CUST04175,Female,38,0,Yes,Yes,33,No,Fiber optic,Month-to-month,Electronic check,76.12,2468.07,2,1,44.2,4,Yes
CUST04176,Male,70,1,No,Yes,3,Yes,Fiber optic,Month-to-month,Electronic check,69.92,148.98,0,0,56.13,3,No
CUST04177,Male,33,0,No,No,44,Yes,Fiber optic,One year,Electronic check,64.93,2954.4,4,1,14.38,1,No
CUST04178,Male,61,1,Yes,No,35,Yes,Fiber optic,Month-to-month,Electronic check,71.2,2620.89,5,2,23.35,4,Yes
CUST04179,Female,71,1,Yes,No,25,Yes,Fiber optic,One year,Electronic check,78.58,2071.23,3,0,48.5,2,Yes
CUST04180,Male,57,0,Yes,No,8,Yes,Fiber optic,Month-to-month,Credit card,98.33,713.8,2,0,39.18,6,Yes
CUST04181,Male,43,0,Yes,No,62,Yes,Fiber optic,One year,Electronic check,78.34,4864.3,4,0,47.58,4,Yes
CUST04182,Male,33,0,No,Yes,18,Yes,DSL,Month-to-month,Mailed check,71.79,1362.31,3,2,18.69,6,No
CUST04183,Male,45,0,Yes,No,28,Yes,DSL,Month-to-month,Mailed check,63.51,1661.53,0,2,21.52,4,Yes
CUST04184,Male,18,0,No,No,12,Yes,Fiber optic,Month-to-month,Mailed check,112.29,1438.38,3,1,44.95,2,Yes
CUST04185,Female,53,0,Yes,Yes,64,Yes,No,One year,Electronic check,20.99,1428.5,1,1,17.24,3,No
CUST04186,Female,27,0,No,No,2,Yes,DSL,One year,Mailed check,64.96,189.93,6,1,126.4,6,Yes
CUST04187,Female,60,1,No,No,59,Yes,No,Month-to-month,Bank transfer,34.99,2146.56,3,0,36.83,1,Yes
CUST04188,Female,34,0,Yes,No,37,Yes,No,Month-to-month,Mailed check,30.04,1103.23,3,3,46.06,5,No
CUST04189,Female,74,1,Yes,Yes,4,Yes,DSL,Month-to-month,Credit card,57.96,148.27,2,0,20.76,6,No
CUST04190,Female,40,0,No,Yes,41,Yes,DSL,One year,Bank transfer,54.15,2337.18,0,2,33.85,6,No
CUST04191,Female,24,0,No,No,45,Yes,Fiber optic,Month-to-month,Electronic check,55.85,2517.83,2,3,49.76,6,No
CUST04192,Male,61,1,Yes,No,34,Yes,DSL,Month-to-month,Electronic check,57.13,1890.23,4,0,67.36,6,Yes
CUST04193,Female,70,1,Yes,Yes,13,Yes,DSL,One year,Electronic check,48.93,648.94,2,0,23.4,3,No
CUST04194,Male,24,0,Yes,No,7,Yes,DSL,Two year,Mailed check,53.5,386.64,1,2,22.37,5,No
CUST04195,Male,61,1,Yes,No,32,Yes,DSL,Month-to-month,Electronic check,60.62,1893.52,2,0,36.75,5,Yes
CUST04196,Female,32,0,No,No,23,Yes,Fiber optic,Month-to-month,Electronic check,61.58,1470.75,4,2,24.37,3,Yes
CUST04197,Male,51,0,No,No,49,Yes,DSL,One year,Mailed check,48.09,2548.02,3,0,9.13,4,Yes
CUST04198,Male,63,1,Yes,No,72,Yes,Fiber optic,One year,Electronic check,90.81,6414.0,1,1,37.71,3,No
CUST04199,Male,62,1,No,Yes,47,Yes,DSL,Month-to-month,Mailed check,44.82,1984.6,2,1,39.28,5,No
CUST04200,Male,21,0,Yes,No,37,Yes,No,Month-to-month,Bank transfer,24.64,1035.19,2,1,121.72,3,Yes
CUST04201,Female,31,0,No,No,48,Yes,DSL,Month-to-month,Electronic check,43.18,2151.48,2,3,30.33,2,No
CUST04202,Female,31,0,Yes,Yes,29,Yes,DSL,One year,Electronic check,66.32,2090.36,4,1,10.96,6,No
CUST04203,Female,33,0,Yes,No,37,Yes,Fiber optic,One year,Credit card,94.86,3698.85,4,1,41.99,4,Yes
CUST04204,Female,24,0,Yes,No,23,Yes,No,Month-to-month,Mailed check,34.88,879.67,4,2,33.19,4,No
CUST04205,Female,49,0,Yes,No,38,Yes,Fiber optic,Month-to-month,Mailed check,103.68,3825.21,1,2,31.92,5,Yes
CUST04206,Female,36,0,No,No,44,Yes,No,Month-to-month,Electronic check,27.19,1231.93,0,1,17.73,6,Yes
CUST04207,Female,19,0,No,No,5,Yes,Fiber optic,Two year,Credit card,58.57,258.08,5,3,50.92,6,No
CUST04208,Female,27,0,Yes,No,52,Yes,Fiber optic,Month-to-month,Credit card,85.03,4471.74,3,2,18.66,4,Yes
CUST04209,Female,67,1,No,Yes,40,Yes,DSL,Month-to-month,Bank transfer,65.5,2546.98,2,2,53.85,6,Yes
CUST04210,Female,34,0,Yes,No,11,Yes,DSL,One year,Electronic check,61.45,731.13,2,1,89.52,5,Yes
CUST04211,Male,54,0,No,No,2,Yes,Fiber optic,Two year,Electronic check,109.94,293.38,2,2,27.9,6,Yes
CUST04212,Female,29,0,Yes,Yes,35,Yes,DSL,One year,Bank transfer,75.57,2674.85,3,0,70.12,2,No
CUST04213,Male,23,0,Yes,No,45,Yes,DSL,Month-to-month,Credit card,60.31,2757.75,3,0,25.58,5,No
CUST04214,Male,39,0,Yes,No,49,Yes,Fiber optic,Two year,Electronic check,96.19,4788.35,2,1,49.95,2,No
CUST04215,Male,49,0,No,No,35,Yes,DSL,One year,Bank transfer,42.4,1410.4,1,2,41.5,6,No
CUST04216,Male,58,0,No,Yes,72,Yes,Fiber optic,One year,Credit card,87.84,6357.02,6,2,23.59,2,No
CUST04217,Female,37,0,Yes,No,32,No,DSL,Month-to-month,Credit card,44.83,1428.52,2,1,30.33,4,No
CUST04218,Male,18,0,Yes,Yes,68,Yes,Fiber optic,Month-to-month,Bank transfer,82.31,5711.04,1,0,18.14,4,No
CUST04219,Female,71,1,Yes,No,71,No,DSL,One year,Credit card,51.86,3762.89,2,0,17.25,5,No
CUST04220,Female,64,1,No,No,39,Yes,Fiber optic,Two year,Credit card,75.23,2878.8,1,0,27.8,5,No
CUST04221,Male,70,1,No,No,48,Yes,Fiber optic,One year,Mailed check,72.81,3567.24,4,2,66.98,4,No
CUST04222,Female,75,1,Yes,No,37,Yes,DSL,Two year,Credit card,55.2,2182.62,0,1,30.08,5,No
CUST04223,Male,23,0,Yes,Yes,60,Yes,DSL,Month-to-month,Bank transfer,53.14,3230.81,1,3,34.7,3,No
CUST04224,Male,36,0,No,No,4,Yes,No,Month-to-month,Credit card,30.07,89.68,2,1,51.39,5,No
CUST04225,Female,35,0,Yes,No,23,Yes,DSL,One year,Credit card,56.83,1200.59,5,1,5.82,3,Yes
CUST04226,Female,23,0,Yes,No,14,Yes,DSL,One year,Electronic check,59.45,635.68,0,0,32.57,5,No
CUST04227,Male,62,1,Yes,No,5,Yes,DSL,One year,Electronic check,63.49,429.32,2,2,15.56,3,Yes
CUST04228,Female,50,0,Yes,Yes,66,No,Fiber optic,Two year,Bank transfer,89.32,5760.11,1,1,90.03,2,No
CUST04229,Female,40,0,No,Yes,24,Yes,Fiber optic,Month-to-month,Credit card,68.97,1553.77,3,2,18.65,1,Yes
CUST04230,Female,40,0,No,Yes,18,Yes,Fiber optic,Month-to-month,Credit card,81.04,1469.13,2,1,25.2,5,Yes
CUST04231,Male,43,0,Yes,No,27,Yes,DSL,Two year,Bank transfer,62.85,1728.29,3,0,22.43,6,No
CUST04232,Male,30,0,No,Yes,24,Yes,Fiber optic,Month-to-month,Electronic check,71.79,1870.1,4,0,44.63,5,Yes
CUST04233,Female,24,0,Yes,Yes,29,Yes,DSL,One year,Bank transfer,48.07,1430.91,3,0,24.2,2,No
CUST04234,Female,32,0,No,No,11,Yes,Fiber optic,Two year,Credit card,67.4,714.58,4,1,44.76,4,No
CUST04235,Female,61,1,No,No,18,Yes,Fiber optic,Month-to-month,Credit card,88.03,1557.84,2,1,47.39,4,Yes
CUST04236,Female,44,0,No,No,4,Yes,Fiber optic,Two year,Electronic check,80.59,170.75,3,2,29.76,4,No
CUST04237,Female,43,0,Yes,No,33,Yes,DSL,Month-to-month,Electronic check,58.18,2064.05,2,1,27.84,2,Yes
CUST04238,Male,50,0,Yes,No,42,Yes,Fiber optic,One year,Electronic check,58.3,2537.28,1,0,40.91,6,No
CUST04239,Female,32,0,Yes,No,32,Yes,DSL,Month-to-month,Credit card,60.85,1974.87,2,1,30.71,1,No
CUST04240,Male,53,0,No,No,51,Yes,DSL,One year,Credit card,61.45,3277.23,3,0,68.93,4,No
CUST04241,Female,62,1,Yes,No,4,Yes,DSL,One year,Bank transfer,63.16,360.15,1,1,32.83,4,No
CUST04242,Male,72,1,No,Yes,20,Yes,DSL,Month-to-month,Credit card,77.31,1600.15,3,0,46.35,5,No
CUST04243,Female,44,0,No,Yes,67,Yes,DSL,One year,Bank transfer,50.88,3405.62,4,1,14.22,2,Yes
CUST04244,Male,74,1,No,Yes,68,Yes,DSL,Two year,Credit card,65.85,4481.59,4,2,36.28,2,No
CUST04245,Female,22,0,No,No,62,Yes,Fiber optic,One year,Electronic check,90.02,5433.41,3,0,34.86,3,No
CUST04246,Male,19,0,Yes,No,58,Yes,No,Two year,Electronic check,28.64,1768.44,2,2,51.18,5,No
CUST04247,Male,72,1,Yes,No,47,Yes,Fiber optic,Month-to-month,Electronic check,80.34,3756.34,4,1,82.53,3,Yes
CUST04248,Male,75,1,Yes,Yes,59,Yes,Fiber optic,Month-to-month,Mailed check,96.45,5797.14,2,0,7.99,3,Yes
CUST04249,Male,50,0,No,No,6,Yes,Fiber optic,Month-to-month,Mailed check,74.06,517.7,7,2,60.7,1,Yes
CUST04250,Male,33,0,Yes,No,40,Yes,DSL,Two year,Electronic check,54.36,2184.56,0,0,57.44,4,No
CUST04251,Male,40,0,No,No,23,Yes,Fiber optic,Month-to-month,Credit card,82.22,1975.17,0,0,44.0,2,No
CUST04252,Female,55,0,Yes,Yes,52,Yes,DSL,Month-to-month,Mailed check,57.25,2899.04,2,2,27.05,3,No
CUST04253,Male,72,1,Yes,Yes,4,Yes,DSL,Month-to-month,Bank transfer,64.48,110.51,3,0,11.52,6,No
CUST04254,Female,33,0,No,No,37,Yes,DSL,Month-to-month,Credit card,63.12,2320.28,1,2,20.32,5,Yes
CUST04255,Female,31,0,Yes,No,42,Yes,Fiber optic,Two year,Electronic check,89.03,3783.08,3,1,14.48,2,No
CUST04256,Female,46,0,Yes,Yes,44,Yes,DSL,Month-to-month,Electronic check,75.86,3423.79,4,0,74.03,4,No
CUST04257,Female,43,0,No,Yes,42,Yes,Fiber optic,Two year,Bank transfer,81.88,3448.25,0,0,33.96,2,No
CUST04258,Female,52,0,Yes,No,29,Yes,Fiber optic,Month-to-month,Bank transfer,100.84,2834.23,1,2,43.28,1,No
CUST04259,Male,32,0,Yes,No,19,No,Fiber optic,Two year,Credit card,69.03,1442.0,4,0,30.42,4,No
CUST04260,Male,20,0,Yes,Yes,32,Yes,DSL,Month-to-month,Electronic check,58.46,1834.94,3,1,24.57,4,Yes
CUST04261,Male,40,0,No,No,44,Yes,DSL,Month-to-month,Mailed check,59.2,2643.54,2,0,27.16,2,No
CUST04262,Female,46,0,No,No,55,Yes,DSL,Month-to-month,Bank transfer,44.3,2486.92,1,3,17.72,6,No
CUST04263,Male,51,0,No,No,5,Yes,DSL,Month-to-month,Electronic check,60.54,309.63,3,2,28.39,5,No
CUST04264,Male,50,0,Yes,No,46,Yes,DSL,Month-to-month,Electronic check,61.39,2629.68,1,2,57.52,3,No
CUST04265,Male,58,0,Yes,No,45,Yes,Fiber optic,Month-to-month,Credit card,93.96,4161.01,1,1,56.82,6,No
CUST04266,Male,58,0,Yes,No,21,Yes,Fiber optic,Month-to-month,Electronic check,92.23,1983.49,3,4,33.4,3,No
CUST04267,Male,40,0,No,No,22,No,No,Month-to-month,Electronic check,18.0,553.36,2,0,33.6,6,Yes
CUST04268,Female,24,0,Yes,No,30,Yes,DSL,One year,Electronic check,74.35,2298.33,2,3,16.04,3,No
CUST04269,Male,20,0,Yes,No,23,Yes,DSL,Month-to-month,Mailed check,54.45,1300.98,5,1,55.01,2,Yes
CUST04270,Female,75,1,No,No,5,Yes,DSL,One year,Bank transfer,52.74,64.83,5,1,45.65,5,No
CUST04271,Female,49,0,No,No,63,Yes,DSL,Two year,Electronic check,65.88,4256.13,0,0,30.51,2,No
CUST04272,Female,48,0,Yes,Yes,59,Yes,DSL,Month-to-month,Mailed check,70.21,4234.77,1,4,40.4,6,No
CUST04273,Female,35,0,Yes,No,52,Yes,Fiber optic,Month-to-month,Bank transfer,77.92,4108.81,4,1,40.94,3,Yes
CUST04274,Female,60,1,Yes,No,65,Yes,No,Month-to-month,Electronic check,24.65,1629.24,2,1,60.64,3,No
CUST04275,Male,24,0,Yes,No,39,Yes,Fiber optic,Month-to-month,Mailed check,98.67,3898.68,0,1,44.72,6,Yes
CUST04276,Male,58,0,No,No,3,Yes,Fiber optic,One year,Credit card,71.04,335.92,1,1,35.58,3,No
CUST04277,Male,18,0,No,Yes,42,Yes,Fiber optic,Month-to-month,Bank transfer,43.02,1801.56,7,1,47.43,5,Yes
CUST04278,Female,31,0,No,No,71,Yes,DSL,Month-to-month,Credit card,66.45,4755.63,2,3,43.68,6,Yes
CUST04279,Male,69,1,Yes,No,27,Yes,DSL,Month-to-month,Credit card,70.98,1885.8,0,1,30.18,1,Yes
CUST04280,Male,49,0,Yes,No,28,Yes,DSL,Two year,Electronic check,40.87,1145.93,4,2,27.43,3,Yes
CUST04281,Female,23,0,Yes,No,54,Yes,No,One year,Credit card,24.84,1352.82,3,2,48.36,3,No
CUST04282,Female,56,0,Yes,Yes,15,Yes,Fiber optic,Two year,Credit card,77.53,1224.25,4,0,33.6,5,Yes
CUST04283,Female,27,0,No,No,53,Yes,DSL,Two year,Mailed check,61.54,3211.88,5,1,30.86,2,No
CUST04284,Female,24,0,Yes,No,72,Yes,DSL,Month-to-month,Credit card,35.18,2521.03,2,1,33.22,6,Yes
CUST04285,Male,43,0,Yes,No,70,Yes,No,Month-to-month,Electronic check,18.0,1293.15,4,0,23.5,4,Yes
CUST04286,Female,51,0,Yes,No,4,Yes,Fiber optic,Month-to-month,Electronic check,91.73,354.02,2,2,47.51,4,Yes
CUST04287,Female,47,0,Yes,No,17,Yes,No,Month-to-month,Mailed check,23.93,422.45,1,1,25.55,5,Yes
CUST04288,Male,53,0,Yes,No,34,No,Fiber optic,Month-to-month,Credit card,107.57,3538.34,3,2,39.42,1,Yes
CUST04289,Male,38,0,No,Yes,6,Yes,DSL,Month-to-month,Electronic check,67.06,457.41,4,1,19.49,6,Yes
CUST04290,Female,34,0,Yes,No,36,Yes,DSL,Month-to-month,Bank transfer,48.44,1682.96,2,0,32.45,2,No
CUST04291,Male,50,0,No,No,39,Yes,DSL,Month-to-month,Mailed check,68.63,2538.6,2,2,61.61,3,Yes
CUST04292,Female,27,0,Yes,No,66,Yes,Fiber optic,Two year,Bank transfer,110.63,7330.49,3,0,32.37,2,No
CUST04293,Female,68,1,Yes,No,8,Yes,Fiber optic,Two year,Electronic check,83.92,705.12,0,1,25.66,1,Yes
CUST04294,Male,64,1,No,No,15,Yes,Fiber optic,Month-to-month,Credit card,91.04,1409.13,0,1,68.84,6,Yes
CUST04295,Male,59,0,Yes,No,63,No,DSL,Month-to-month,Bank transfer,69.9,4448.72,2,2,40.59,3,Yes
CUST04296,Female,68,1,No,No,65,Yes,DSL,Month-to-month,Mailed check,58.0,3812.29,2,1,18.77,5,No
CUST04297,Female,29,0,Yes,No,59,Yes,No,Two year,Mailed check,18.0,1208.84,4,1,45.46,5,Yes
CUST04298,Female,73,1,No,Yes,10,Yes,DSL,Two year,Credit card,66.67,750.25,2,0,33.0,3,No
CUST04299,Male,33,0,No,No,7,Yes,Fiber optic,Month-to-month,Bank transfer,97.0,772.85,2,2,49.12,3,Yes
CUST04300,Female,58,0,No,No,12,Yes,Fiber optic,Month-to-month,Electronic check,106.95,1340.71,1,0,37.0,5,Yes
CUST04301,Female,49,0,No,No,46,Yes,Fiber optic,Month-to-month,Electronic check,68.5,3237.58,5,1,45.19,1,Yes
CUST04302,Female,32,0,No,No,32,Yes,DSL,Month-to-month,Credit card,47.35,1472.23,1,1,84.87,1,Yes
CUST04303,Female,44,0,Yes,No,32,Yes,DSL,One year,Mailed check,51.73,1720.22,2,2,19.57,5,No
CUST04304,Female,45,0,No,No,61,Yes,No,Month-to-month,Electronic check,23.66,1559.51,2,1,25.8,2,Yes
CUST04305,Male,34,0,No,Yes,69,Yes,Fiber optic,Two year,Electronic check,93.08,6401.51,3,1,38.84,1,No
CUST04306,Female,63,1,Yes,No,61,Yes,Fiber optic,Month-to-month,Mailed check,68.18,4296.47,2,1,17.05,1,No
CUST04307,Female,67,1,Yes,No,46,Yes,Fiber optic,One year,Electronic check,99.24,4531.44,3,2,53.25,1,Yes
CUST04308,Female,75,1,No,Yes,68,Yes,DSL,Month-to-month,Electronic check,70.79,4861.11,3,0,29.05,4,Yes
CUST04309,Female,19,0,No,No,55,Yes,No,Month-to-month,Bank transfer,32.42,1681.85,2,0,43.4,4,No
CUST04310,Male,53,0,Yes,No,1,Yes,Fiber optic,One year,Bank transfer,80.35,160.56,2,0,18.68,3,No
CUST04311,Male,67,1,No,No,67,No,Fiber optic,Two year,Credit card,51.47,3571.0,1,2,22.62,1,No
CUST04312,Male,24,0,Yes,No,49,Yes,DSL,One year,Mailed check,79.22,3879.25,4,1,44.75,4,Yes
CUST04313,Female,30,0,Yes,No,25,No,DSL,One year,Electronic check,52.89,1189.15,3,1,14.03,1,No
CUST04314,Female,32,0,No,No,16,Yes,Fiber optic,One year,Mailed check,95.76,1535.83,3,1,40.11,1,Yes
CUST04315,Male,42,0,Yes,No,13,Yes,DSL,Month-to-month,Bank transfer,61.46,710.49,0,0,74.07,6,No
CUST04316,Male,40,0,No,Yes,52,Yes,Fiber optic,One year,Credit card,101.93,5309.56,0,5,8.54,6,No
CUST04317,Male,39,0,Yes,Yes,36,Yes,No,One year,Bank transfer,24.59,968.81,2,1,24.35,3,Yes
CUST04318,Female,43,0,Yes,Yes,72,Yes,Fiber optic,Month-to-month,Electronic check,86.03,6241.39,4,1,17.94,5,No
CUST04319,Female,50,0,Yes,Yes,44,Yes,Fiber optic,Month-to-month,Electronic check,87.7,3703.59,2,1,29.23,5,No
CUST04320,Male,28,0,No,Yes,47,Yes,Fiber optic,One year,Mailed check,91.26,4256.69,1,3,39.94,6,No
CUST04321,Male,27,0,Yes,Yes,20,No,Fiber optic,Two year,Electronic check,66.47,1350.02,1,2,21.46,6,No
CUST04322,Male,42,0,Yes,Yes,18,No,DSL,Month-to-month,Electronic check,82.51,1623.72,3,1,20.25,1,No
CUST04323,Female,54,0,Yes,No,54,Yes,DSL,Two year,Credit card,59.15,3179.33,3,1,32.25,3,No
CUST04324,Female,65,1,Yes,No,12,Yes,DSL,Two year,Electronic check,66.9,852.58,4,0,22.48,4,No
CUST04325,Female,60,1,Yes,No,25,Yes,DSL,Month-to-month,Mailed check,78.19,1972.36,5,0,33.36,2,Yes
CUST04326,Male,70,1,Yes,Yes,60,Yes,Fiber optic,One year,Mailed check,84.88,5034.1,1,1,18.44,6,No
CUST04327,Male,55,0,No,No,34,Yes,Fiber optic,Month-to-month,Credit card,70.06,2336.66,3,1,66.8,3,Yes
CUST04328,Female,58,0,Yes,No,13,Yes,No,Month-to-month,Credit card,18.0,214.87,2,1,26.78,1,Yes
CUST04329,Male,62,1,No,Yes,38,Yes,DSL,One year,Credit card,54.6,2202.01,1,3,17.91,5,No
CUST04330,Female,41,0,No,No,12,Yes,Fiber optic,Two year,Electronic check,90.0,1002.25,3,2,28.86,4,Yes
CUST04331,Male,57,0,Yes,No,36,Yes,Fiber optic,Month-to-month,Electronic check,91.57,3278.53,2,1,13.57,3,Yes
CUST04332,Male,63,1,Yes,No,28,Yes,DSL,Two year,Electronic check,73.56,1999.73,4,0,40.23,6,No
CUST04333,Male,73,1,No,No,39,Yes,Fiber optic,Month-to-month,Credit card,61.95,2546.56,2,1,30.86,5,No
CUST04334,Male,50,0,No,No,43,Yes,DSL,Two year,Credit card,62.66,2732.75,2,1,14.7,3,No
CUST04335,Female,34,0,Yes,No,31,Yes,DSL,Two year,Mailed check,67.39,2226.16,3,0,27.14,2,No
CUST04336,Male,41,0,No,Yes,2,Yes,Fiber optic,Two year,Bank transfer,93.67,0.0,6,1,21.62,3,No
CUST04337,Female,54,0,Yes,Yes,42,Yes,Fiber optic,One year,Bank transfer,48.75,2140.28,1,0,26.81,6,No
CUST04338,Female,74,1,Yes,No,31,Yes,DSL,Two year,Electronic check,55.54,1631.76,3,1,21.91,2,No
CUST04339,Female,19,0,Yes,Yes,61,Yes,Fiber optic,Month-to-month,Mailed check,97.21,5870.83,1,0,27.47,4,No
CUST04340,Male,49,0,No,Yes,56,Yes,Fiber optic,Month-to-month,Mailed check,72.81,4058.42,3,2,60.07,1,No
CUST04341,Female,74,1,No,No,14,Yes,DSL,Month-to-month,Mailed check,45.76,638.77,4,2,31.43,6,Yes
CUST04342,Female,41,0,No,No,14,Yes,DSL,One year,Electronic check,66.77,933.09,7,2,38.25,6,Yes
CUST04343,Female,26,0,Yes,Yes,29,Yes,Fiber optic,Month-to-month,Credit card,89.49,2524.15,2,1,72.81,1,No
CUST04344,Male,21,0,No,Yes,50,No,No,Month-to-month,Credit card,26.84,1331.52,5,0,38.58,2,No
CUST04345,Male,34,0,Yes,No,50,Yes,DSL,Two year,Electronic check,52.24,2602.48,0,1,39.18,4,No
CUST04346,Female,34,0,No,No,63,Yes,Fiber optic,One year,Mailed check,65.28,3947.37,5,1,69.18,3,No
CUST04347,Male,70,1,Yes,Yes,65,No,Fiber optic,Two year,Electronic check,99.24,6485.03,4,3,20.37,3,No
CUST04348,Female,67,1,Yes,No,68,No,DSL,Month-to-month,Electronic check,100.05,6804.75,2,3,12.7,4,Yes
CUST04349,Female,65,1,Yes,No,71,Yes,Fiber optic,Month-to-month,Credit card,60.7,4328.92,1,1,37.17,2,No
CUST04350,Male,47,0,No,No,11,Yes,DSL,Month-to-month,Electronic check,72.24,744.9,4,1,25.12,2,Yes
CUST04351,Female,57,0,Yes,Yes,14,Yes,DSL,Month-to-month,Mailed check,57.95,813.84,3,0,24.6,1,No
CUST04352,Male,75,1,Yes,No,3,Yes,DSL,Month-to-month,Credit card,63.81,0.0,3,3,35.59,6,Yes
CUST04353,Male,28,0,Yes,No,8,Yes,DSL,Month-to-month,Credit card,59.28,420.36,5,2,45.34,1,Yes
CUST04354,Female,38,0,No,Yes,43,Yes,DSL,Month-to-month,Credit card,86.34,3667.74,4,0,59.25,4,Yes
CUST04355,Male,38,0,No,No,9,Yes,Fiber optic,One year,Electronic check,72.97,651.72,3,2,36.33,3,No
CUST04356,Male,35,0,No,Yes,19,Yes,Fiber optic,Month-to-month,Bank transfer,75.98,1440.63,3,0,21.01,5,No
CUST04357,Female,72,1,Yes,No,12,No,DSL,Month-to-month,Bank transfer,60.91,826.31,2,1,18.19,2,Yes
CUST04358,Female,46,0,Yes,Yes,27,Yes,DSL,One year,Credit card,66.81,1692.67,4,2,58.87,4,Yes
CUST04359,Male,41,0,No,No,58,Yes,DSL,One year,Mailed check,76.02,4481.23,1,1,22.06,5,No
CUST04360,Male,27,0,Yes,No,25,No,Fiber optic,Two year,Credit card,92.37,2509.59,2,2,24.08,4,Yes
CUST04361,Female,62,1,Yes,No,45,Yes,No,Month-to-month,Bank transfer,26.8,1157.21,1,4,30.7,3,Yes
CUST04362,Male,34,0,Yes,No,48,Yes,Fiber optic,Two year,Mailed check,78.37,3835.05,5,0,30.09,5,No
CUST04363,Male,35,0,No,Yes,50,Yes,Fiber optic,Two year,Bank transfer,92.69,4777.81,3,1,28.57,2,No
CUST04364,Male,59,0,Yes,No,44,Yes,Fiber optic,One year,Credit card,74.3,3409.81,2,0,25.53,4,No
CUST04365,Male,65,1,No,No,59,Yes,Fiber optic,Month-to-month,Electronic check,88.03,5164.63,5,1,46.89,4,Yes
CUST04366,Male,37,0,No,Yes,33,Yes,DSL,Month-to-month,Bank transfer,57.38,2001.77,0,0,32.75,1,Yes
CUST04367,Male,54,0,Yes,No,28,Yes,Fiber optic,One year,Mailed check,70.26,2053.27,1,0,80.29,3,No
CUST04368,Male,62,1,Yes,Yes,18,Yes,Fiber optic,One year,Credit card,108.38,2071.42,3,2,28.5,4,Yes
CUST04369,Female,35,0,No,No,55,Yes,Fiber optic,Two year,Electronic check,70.31,3936.07,3,1,79.77,2,No
CUST04370,Female,34,0,No,No,33,Yes,DSL,One year,Credit card,55.27,1940.9,3,0,10.35,5,Yes
CUST04371,Female,26,0,No,Yes,15,Yes,No,Two year,Bank transfer,18.0,247.35,4,0,54.78,1,No
CUST04372,Female,31,0,No,No,61,Yes,DSL,Two year,Electronic check,57.98,3490.9,2,0,43.91,6,No
CUST04373,Female,66,1,Yes,No,11,No,Fiber optic,Two year,Mailed check,91.5,788.5,3,0,8.97,5,No
CUST04374,Male,46,0,No,No,36,Yes,DSL,Month-to-month,Mailed check,49.12,1726.05,4,3,76.99,6,Yes
CUST04375,Male,48,0,Yes,No,15,Yes,Fiber optic,Month-to-month,Credit card,57.71,834.64,5,2,32.33,6,Yes
CUST04376,Male,21,0,No,Yes,53,Yes,Fiber optic,One year,Electronic check,79.37,4026.26,2,0,37.36,6,No
CUST04377,Male,35,0,No,No,62,Yes,DSL,One year,Bank transfer,58.12,3607.91,1,1,20.02,5,No
CUST04378,Female,37,0,No,No,48,Yes,DSL,Month-to-month,Electronic check,57.18,2851.89,1,1,17.63,1,Yes
CUST04379,Male,73,1,No,Yes,15,Yes,Fiber optic,One year,Credit card,108.78,1540.43,1,2,20.32,4,No
CUST04380,Male,73,1,No,No,63,Yes,Fiber optic,One year,Electronic check,90.02,5858.5,3,0,17.95,6,No
CUST04381,Female,64,1,Yes,Yes,43,Yes,Fiber optic,Month-to-month,Credit card,88.85,3857.65,4,2,22.05,3,Yes
CUST04382,Male,60,1,No,Yes,50,Yes,Fiber optic,Month-to-month,Electronic check,89.95,4581.94,4,1,50.95,3,Yes
CUST04383,Male,61,1,Yes,No,60,Yes,DSL,Two year,Bank transfer,63.88,3827.91,2,1,54.32,6,No
CUST04384,Female,26,0,No,No,59,Yes,Fiber optic,Month-to-month,Bank transfer,78.35,4533.68,2,4,28.29,5,Yes
CUST04385,Male,30,0,Yes,No,15,Yes,No,One year,Mailed check,18.0,324.26,2,0,19.16,5,No
CUST04386,Male,32,0,Yes,No,29,No,DSL,Month-to-month,Electronic check,89.66,2676.12,1,1,69.3,3,Yes
CUST04387,Male,44,0,No,No,40,Yes,DSL,One year,Electronic check,58.25,2312.84,1,1,56.24,2,No
CUST04388,Male,32,0,No,No,31,No,DSL,Two year,Credit card,60.26,1893.6,0,1,100.18,6,No
CUST04389,Male,45,0,Yes,No,11,Yes,DSL,Month-to-month,Electronic check,60.54,665.31,2,1,21.93,2,Yes
CUST04390,Female,54,0,No,Yes,62,Yes,DSL,Month-to-month,Electronic check,50.92,3092.02,2,0,41.19,5,No
CUST04391,Female,72,1,No,No,8,Yes,Fiber optic,One year,Credit card,87.68,734.26,0,0,25.27,6,Yes
CUST04392,Female,36,0,No,Yes,51,Yes,DSL,Two year,Credit card,44.65,2206.61,7,4,8.88,6,No
CUST04393,Female,43,0,Yes,No,57,Yes,Fiber optic,Month-to-month,Electronic check,95.74,5533.57,6,2,44.66,3,Yes
CUST04394,Female,69,1,No,No,4,Yes,Fiber optic,Month-to-month,Credit card,81.16,556.5,3,3,112.64,6,Yes
CUST04395,Female,43,0,No,No,36,Yes,Fiber optic,Month-to-month,Credit card,101.92,3779.06,1,1,42.36,1,Yes
CUST04396,Male,42,0,Yes,Yes,19,Yes,DSL,Month-to-month,Electronic check,66.21,1239.48,2,0,39.96,6,Yes
CUST04397,Female,43,0,No,Yes,24,Yes,No,Month-to-month,Mailed check,28.15,710.55,4,2,44.59,4,Yes
CUST04398,Female,43,0,No,No,41,Yes,Fiber optic,Two year,Electronic check,73.09,3110.02,2,3,23.93,1,No
CUST04399,Male,63,1,No,No,49,Yes,DSL,Month-to-month,Electronic check,60.84,2971.51,2,2,27.19,6,Yes
CUST04400,Male,45,0,Yes,No,46,Yes,No,One year,Electronic check,31.04,1483.68,2,0,49.84,6,No
CUST04401,Female,66,1,Yes,No,36,Yes,Fiber optic,Two year,Electronic check,86.75,3194.8,2,0,17.43,6,No
CUST04402,Male,35,0,No,No,10,No,Fiber optic,Month-to-month,Mailed check,64.64,672.61,1,3,28.58,6,No
CUST04403,Female,49,0,Yes,Yes,7,Yes,Fiber optic,One year,Electronic check,99.78,717.47,1,0,52.56,6,No
CUST04404,Male,70,1,No,No,12,Yes,No,One year,Bank transfer,31.05,477.72,5,1,15.86,6,Yes
CUST04405,Female,20,0,Yes,No,48,Yes,Fiber optic,Month-to-month,Credit card,62.49,3172.8,2,2,32.16,2,No
CUST04406,Male,19,0,Yes,Yes,37,Yes,Fiber optic,Month-to-month,Credit card,86.89,3206.02,0,1,17.22,2,Yes
CUST04407,Male,50,0,Yes,Yes,36,Yes,DSL,Month-to-month,Mailed check,69.78,2636.12,3,1,27.36,2,Yes
CUST04408,Female,59,0,No,No,60,Yes,DSL,Month-to-month,Bank transfer,52.81,3019.87,3,2,32.67,5,No
CUST04409,Female,36,0,Yes,No,8,Yes,No,Month-to-month,Electronic check,18.0,192.42,0,4,44.72,5,Yes
CUST04410,Female,34,0,No,Yes,7,Yes,Fiber optic,Two year,Bank transfer,68.88,264.03,4,0,52.22,6,No
CUST04411,Female,61,1,No,No,43,Yes,No,Month-to-month,Credit card,24.13,960.23,3,0,34.18,1,No
CUST04412,Female,50,0,No,Yes,58,Yes,Fiber optic,Two year,Credit card,98.96,5636.1,2,1,20.2,1,No
CUST04413,Male,29,0,No,No,46,Yes,Fiber optic,Month-to-month,Bank transfer,68.69,3323.48,3,3,41.14,1,Yes
CUST04414,Female,66,1,Yes,Yes,34,Yes,No,Two year,Mailed check,18.0,583.73,1,2,16.05,2,No
CUST04415,Female,73,1,Yes,No,72,No,DSL,One year,Electronic check,56.36,4053.07,3,0,61.31,4,No
CUST04416,Male,20,0,Yes,Yes,22,Yes,Fiber optic,Two year,Bank transfer,95.31,2074.79,3,0,20.0,4,No
CUST04417,Male,60,1,No,No,21,Yes,DSL,Month-to-month,Electronic check,81.05,1557.43,7,4,33.29,3,Yes
CUST04418,Female,66,1,No,No,15,Yes,DSL,Month-to-month,Credit card,61.05,944.44,1,1,19.48,3,Yes
CUST04419,Male,72,1,Yes,Yes,5,Yes,DSL,One year,Mailed check,51.9,267.12,5,1,42.93,6,No
CUST04420,Male,43,0,Yes,No,17,Yes,No,One year,Credit card,18.63,235.5,2,1,48.84,6,No
CUST04421,Female,52,0,No,Yes,72,Yes,DSL,Two year,Electronic check,76.47,5643.82,1,2,38.88,2,No
CUST04422,Male,25,0,Yes,No,19,Yes,No,Month-to-month,Credit card,18.0,476.85,1,0,27.32,3,No
CUST04423,Male,69,1,No,No,5,Yes,DSL,Two year,Bank transfer,62.33,185.88,1,2,59.08,4,No
CUST04424,Female,53,0,Yes,No,23,Yes,DSL,Two year,Credit card,75.81,1674.95,6,1,33.56,5,No
CUST04425,Female,70,1,No,No,14,Yes,DSL,One year,Electronic check,58.1,860.38,4,1,51.66,2,No
CUST04426,Male,71,1,Yes,No,10,Yes,Fiber optic,Month-to-month,Credit card,68.78,641.3,1,2,13.44,5,Yes
CUST04427,Male,24,0,Yes,Yes,31,Yes,Fiber optic,Two year,Mailed check,92.94,2859.38,2,1,31.61,3,Yes
CUST04428,Female,63,1,Yes,No,13,Yes,Fiber optic,Month-to-month,Bank transfer,86.56,1023.52,4,0,30.68,5,Yes
CUST04429,Male,63,1,Yes,No,22,Yes,DSL,Two year,Bank transfer,65.64,1343.31,1,1,39.9,1,No
CUST04430,Male,53,0,Yes,No,37,Yes,Fiber optic,Two year,Bank transfer,93.68,3414.15,3,5,45.74,2,No
CUST04431,Male,33,0,Yes,Yes,39,No,Fiber optic,Month-to-month,Electronic check,92.77,3631.12,3,1,69.11,2,Yes
CUST04432,Female,41,0,No,No,10,Yes,Fiber optic,One year,Credit card,89.44,914.2,2,0,29.06,6,Yes
CUST04433,Male,71,1,Yes,No,31,Yes,Fiber optic,Month-to-month,Credit card,95.15,2867.97,3,1,23.24,3,No
CUST04434,Male,18,0,No,No,43,Yes,DSL,Two year,Electronic check,76.19,3161.29,0,0,41.95,4,No
CUST04435,Female,66,1,Yes,No,36,Yes,Fiber optic,Month-to-month,Electronic check,73.25,2512.8,0,1,25.27,5,Yes
CUST04436,Male,42,0,No,Yes,35,No,Fiber optic,Month-to-month,Bank transfer,81.02,2934.59,4,0,37.35,5,Yes
CUST04437,Male,27,0,No,Yes,68,Yes,DSL,Two year,Electronic check,69.53,4940.56,7,0,15.18,6,No
CUST04438,Female,71,1,Yes,Yes,55,Yes,DSL,Month-to-month,Electronic check,59.13,3295.17,1,0,33.12,5,No
CUST04439,Female,33,0,Yes,No,68,Yes,Fiber optic,One year,Electronic check,66.04,4234.02,2,1,11.77,5,No
CUST04440,Female,33,0,Yes,Yes,47,Yes,Fiber optic,Month-to-month,Electronic check,89.99,4286.36,1,0,27.12,3,Yes
CUST04441,Female,75,1,Yes,No,6,Yes,No,One year,Credit card,21.07,244.97,5,0,35.19,5,Yes
CUST04442,Male,25,0,No,No,28,Yes,Fiber optic,One year,Bank transfer,116.81,3205.76,3,0,34.59,6,No
CUST04443,Male,46,0,No,No,30,Yes,No,Month-to-month,Electronic check,32.95,1076.47,1,0,27.56,6,No
CUST04444,Female,56,0,No,No,27,Yes,Fiber optic,Two year,Electronic check,102.39,2871.68,2,5,49.47,1,No
CUST04445,Female,45,0,No,No,69,Yes,Fiber optic,Month-to-month,Bank transfer,85.63,6037.38,3,2,27.4,6,Yes
CUST04446,Male,23,0,No,No,39,Yes,Fiber optic,Month-to-month,Credit card,89.66,3438.15,1,3,23.21,6,Yes
CUST04447,Female,33,0,No,Yes,35,No,Fiber optic,Month-to-month,Bank transfer,79.86,2802.61,7,1,28.82,5,Yes
CUST04448,Male,37,0,No,No,44,Yes,No,One year,Electronic check,18.3,823.39,2,0,36.48,1,No
CUST04449,Female,33,0,No,No,15,No,No,Month-to-month,Bank transfer,18.0,401.85,3,1,20.78,5,Yes
CUST04450,Male,24,0,Yes,No,32,Yes,No,Month-to-month,Credit card,42.09,1305.92,0,2,66.82,4,Yes
CUST04451,Female,58,0,Yes,No,29,Yes,No,Two year,Credit card,28.17,911.12,0,0,58.93,6,No
CUST04452,Female,31,0,No,No,63,Yes,DSL,Month-to-month,Electronic check,44.13,2807.45,1,2,65.99,5,Yes
CUST04453,Male,60,1,Yes,No,6,Yes,DSL,Month-to-month,Electronic check,71.54,525.24,1,1,34.6,2,Yes
CUST04454,Female,43,0,Yes,No,27,Yes,DSL,Month-to-month,Bank transfer,91.48,2545.78,5,2,55.9,6,No
CUST04455,Male,43,0,Yes,No,28,Yes,Fiber optic,Month-to-month,Electronic check,61.97,1669.6,2,1,36.11,5,Yes
CUST04456,Male,31,0,Yes,No,5,Yes,Fiber optic,Month-to-month,Electronic check,94.0,496.91,0,0,58.46,4,Yes
CUST04457,Male,24,0,No,Yes,41,Yes,DSL,Month-to-month,Credit card,46.53,1838.68,2,1,30.74,5,No
CUST04458,Male,50,0,Yes,No,56,Yes,No,Month-to-month,Credit card,34.24,1915.12,3,0,33.94,6,No
CUST04459,Male,43,0,No,No,54,No,DSL,Month-to-month,Credit card,34.33,2028.63,3,1,30.47,6,No
CUST04460,Female,74,1,No,No,18,Yes,DSL,Month-to-month,Credit card,60.95,1054.74,0,1,45.95,4,No
CUST04461,Female,62,1,Yes,No,43,Yes,DSL,One year,Credit card,65.32,2747.66,1,1,38.02,1,No
CUST04462,Male,37,0,No,No,29,Yes,DSL,One year,Credit card,43.38,1239.54,0,1,78.34,3,No
CUST04463,Female,20,0,No,No,10,Yes,No,Month-to-month,Mailed check,28.55,353.03,2,1,42.8,3,No
CUST04464,Male,69,1,Yes,No,6,Yes,Fiber optic,Two year,Credit card,78.03,534.96,2,2,47.91,1,Yes
CUST04465,Female,21,0,Yes,Yes,4,Yes,No,Two year,Credit card,38.79,191.18,5,0,25.04,6,No
CUST04466,Female,43,0,Yes,No,34,Yes,DSL,Two year,Electronic check,42.91,1379.24,5,2,27.77,5,No
CUST04467,Female,28,0,No,Yes,33,Yes,DSL,Month-to-month,Mailed check,70.9,2314.86,7,1,39.22,2,Yes
CUST04468,Female,19,0,No,Yes,4,Yes,No,One year,Electronic check,24.2,237.56,2,1,30.07,2,Yes
CUST04469,Male,31,0,Yes,No,44,Yes,Fiber optic,Month-to-month,Credit card,104.4,4441.88,1,3,53.61,4,No
CUST04470,Male,61,1,Yes,No,31,Yes,Fiber optic,Two year,Credit card,104.75,3273.11,1,0,16.81,5,Yes
CUST04471,Female,47,0,Yes,Yes,66,Yes,DSL,Month-to-month,Credit card,56.98,3738.77,1,0,69.23,6,No
CUST04472,Female,66,1,No,No,58,Yes,Fiber optic,Month-to-month,Credit card,84.33,4937.97,2,1,48.63,4,No
CUST04473,Male,29,0,Yes,No,60,Yes,DSL,Month-to-month,Bank transfer,70.9,4267.51,2,4,16.81,5,No
CUST04474,Female,43,0,No,Yes,2,Yes,Fiber optic,One year,Electronic check,92.83,35.54,1,0,55.55,5,Yes
CUST04475,Male,61,1,Yes,No,36,Yes,No,One year,Credit card,24.06,925.01,2,2,52.3,5,No
CUST04476,Male,50,0,No,No,70,No,Fiber optic,Month-to-month,Bank transfer,72.5,4977.44,2,2,64.97,2,No
CUST04477,Male,30,0,No,No,60,Yes,DSL,Month-to-month,Electronic check,64.38,3744.67,3,2,40.01,4,No
CUST04478,Female,31,0,No,Yes,23,No,No,Two year,Electronic check,18.0,419.07,4,0,26.61,1,No
CUST04479,Male,41,0,Yes,Yes,47,No,No,Two year,Credit card,30.19,1377.82,2,4,15.58,1,No
CUST04480,Female,51,0,No,No,46,Yes,DSL,One year,Mailed check,73.33,3293.36,0,2,45.89,3,No
CUST04481,Male,61,1,Yes,No,44,Yes,DSL,One year,Electronic check,50.09,2165.1,3,0,15.73,2,No
CUST04482,Female,43,0,Yes,No,19,Yes,Fiber optic,Month-to-month,Electronic check,78.74,1422.73,3,1,17.28,1,Yes
CUST04483,Female,38,0,No,No,49,Yes,Fiber optic,Month-to-month,Credit card,75.54,3856.14,4,2,50.67,1,Yes
CUST04484,Female,45,0,No,Yes,58,Yes,Fiber optic,Month-to-month,Electronic check,100.81,5878.36,1,0,22.76,4,No
CUST04485,Male,65,1,No,No,7,Yes,DSL,Month-to-month,Credit card,60.66,408.78,2,2,20.78,3,Yes
CUST04486,Male,53,0,Yes,No,41,No,Fiber optic,One year,Bank transfer,79.51,3335.79,3,1,31.29,4,No
CUST04487,Female,57,0,No,No,15,Yes,DSL,Month-to-month,Electronic check,67.77,997.67,5,2,40.11,2,Yes
CUST04488,Female,19,0,No,No,53,Yes,Fiber optic,Month-to-month,Bank transfer,77.79,4096.9,1,1,20.85,4,Yes
CUST04489,Female,59,0,No,No,23,Yes,DSL,Month-to-month,Credit card,57.55,1416.98,2,2,62.04,5,No
CUST04490,Male,26,0,No,No,65,Yes,DSL,Month-to-month,Mailed check,46.62,2960.9,1,2,35.42,6,Yes
CUST04491,Male,40,0,No,No,60,Yes,DSL,One year,Mailed check,70.06,4101.33,5,2,53.05,4,No
CUST04492,Male,32,0,Yes,No,10,Yes,Fiber optic,Month-to-month,Credit card,68.62,751.79,2,0,12.54,2,Yes
CUST04493,Male,30,0,No,No,58,No,Fiber optic,Month-to-month,Credit card,106.49,6192.8,1,2,31.58,3,No
CUST04494,Female,40,0,No,No,47,Yes,Fiber optic,One year,Bank transfer,88.58,4178.71,1,1,41.11,4,No
CUST04495,Female,34,0,No,Yes,15,Yes,Fiber optic,Month-to-month,Electronic check,82.65,1204.7,2,1,37.08,1,No
CUST04496,Male,65,1,Yes,Yes,9,Yes,DSL,Month-to-month,Electronic check,59.84,598.13,3,2,32.55,2,Yes
CUST04497,Male,19,0,Yes,No,13,Yes,Fiber optic,One year,Mailed check,110.65,1301.43,2,0,42.02,1,No
CUST04498,Female,37,0,Yes,No,23,Yes,Fiber optic,Month-to-month,Credit card,64.81,1296.92,2,2,22.55,6,Yes
CUST04499,Male,37,0,No,No,33,Yes,No,One year,Electronic check,18.0,554.29,3,3,56.13,4,No
CUST04500,Male,63,1,No,Yes,9,Yes,DSL,One year,Bank transfer,71.51,706.54,4,1,35.14,6,No
CUST04501,Male,20,0,Yes,No,3,Yes,Fiber optic,Month-to-month,Credit card,71.18,338.0,4,2,59.12,3,Yes
CUST04502,Male,72,1,No,Yes,25,Yes,Fiber optic,Month-to-month,Electronic check,73.91,1902.55,3,0,34.71,6,Yes
CUST04503,Male,29,0,No,No,71,No,Fiber optic,Two year,Electronic check,78.35,5470.59,0,1,63.14,3,No
CUST04504,Male,57,0,No,No,36,Yes,DSL,Month-to-month,Electronic check,73.51,2554.9,2,1,60.21,4,Yes
CUST04505,Female,19,0,Yes,No,20,Yes,DSL,Two year,Mailed check,69.71,1515.25,2,2,60.03,2,No
CUST04506,Male,53,0,No,No,54,Yes,DSL,Month-to-month,Mailed check,58.31,3239.29,3,1,25.81,5,Yes
CUST04507,Male,31,0,Yes,No,19,Yes,Fiber optic,One year,Electronic check,91.01,1784.16,4,1,24.82,4,No
CUST04508,Female,33,0,No,No,60,Yes,DSL,One year,Bank transfer,64.52,3963.26,3,1,32.77,4,No
CUST04509,Female,36,0,Yes,No,37,Yes,Fiber optic,Two year,Credit card,69.96,2605.39,2,2,39.39,3,No
CUST04510,Female,51,0,Yes,Yes,3,Yes,DSL,Month-to-month,Bank transfer,48.79,125.55,3,0,21.08,4,Yes
CUST04511,Male,61,1,No,No,19,Yes,DSL,Month-to-month,Electronic check,35.56,659.64,3,1,43.22,4,Yes
CUST04512,Female,63,1,Yes,No,53,No,Fiber optic,Month-to-month,Credit card,107.36,5753.82,3,1,79.26,3,Yes
CUST04513,Male,23,0,Yes,No,46,Yes,Fiber optic,Two year,Electronic check,74.95,3471.41,1,0,24.24,3,No
CUST04514,Male,30,0,No,No,56,Yes,No,Month-to-month,Electronic check,25.11,1209.61,2,0,30.25,2,Yes
CUST04515,Male,53,0,No,No,70,Yes,Fiber optic,Two year,Electronic check,93.08,6603.86,2,0,35.34,1,No
CUST04516,Female,39,0,No,No,31,Yes,Fiber optic,Month-to-month,Electronic check,70.43,2241.92,2,3,48.34,4,Yes
CUST04517,Female,35,0,Yes,No,53,No,DSL,Month-to-month,Mailed check,49.83,2673.58,4,0,22.6,5,No
CUST04518,Female,29,0,Yes,No,34,Yes,DSL,Month-to-month,Mailed check,48.95,1805.22,5,1,64.66,5,Yes
CUST04519,Female,69,1,Yes,No,31,Yes,DSL,One year,Bank transfer,25.24,701.68,0,0,57.91,4,No
CUST04520,Female,71,1,Yes,No,60,No,Fiber optic,Two year,Electronic check,84.02,4934.59,2,1,30.99,4,No
CUST04521,Male,47,0,No,No,11,Yes,Fiber optic,Month-to-month,Credit card,120.06,1370.76,3,0,25.22,6,Yes
CUST04522,Male,70,1,Yes,No,6,Yes,Fiber optic,Two year,Credit card,77.06,386.68,3,0,25.62,3,No
CUST04523,Male,68,1,Yes,No,27,Yes,DSL,Month-to-month,Credit card,53.97,1623.84,4,3,50.0,2,Yes
CUST04524,Male,57,0,Yes,Yes,7,Yes,Fiber optic,One year,Electronic check,79.45,486.83,3,1,22.43,2,No
CUST04525,Female,24,0,Yes,No,49,Yes,DSL,One year,Credit card,63.74,3051.4,2,2,17.34,3,No
CUST04526,Female,49,0,No,No,72,Yes,Fiber optic,Month-to-month,Electronic check,98.22,7031.56,3,0,25.78,5,Yes
CUST04527,Male,65,1,No,No,60,Yes,Fiber optic,Month-to-month,Bank transfer,72.48,4319.08,2,2,32.55,1,Yes
CUST04528,Female,36,0,Yes,No,33,Yes,Fiber optic,Month-to-month,Bank transfer,91.94,2997.16,5,1,61.66,5,Yes
CUST04529,Female,23,0,Yes,No,47,Yes,No,Month-to-month,Credit card,24.31,1116.26,2,2,28.18,5,No
CUST04530,Male,37,0,Yes,No,44,Yes,No,Two year,Credit card,27.39,1168.93,1,2,34.38,1,No
CUST04531,Male,44,0,No,No,27,Yes,No,Two year,Electronic check,28.61,616.89,2,1,51.12,1,No
CUST04532,Female,70,1,No,No,22,Yes,Fiber optic,One year,Electronic check,70.38,1598.82,3,1,48.71,2,Yes
CUST04533,Female,60,1,Yes,No,47,Yes,Fiber optic,One year,Electronic check,77.11,3580.6,2,0,39.09,1,Yes
CUST04534,Male,54,0,No,Yes,48,Yes,Fiber optic,Month-to-month,Bank transfer,91.94,4397.82,6,1,22.4,3,Yes
CUST04535,Male,65,1,No,No,30,Yes,DSL,Month-to-month,Electronic check,58.32,1628.19,3,1,51.37,1,No
CUST04536,Male,24,0,No,Yes,2,Yes,Fiber optic,Two year,Credit card,96.88,41.31,2,0,33.38,5,No
CUST04537,Female,22,0,No,No,15,No,Fiber optic,One year,Electronic check,81.66,1215.5,3,1,19.42,3,Yes
CUST04538,Male,28,0,Yes,No,47,Yes,Fiber optic,One year,Electronic check,100.16,4862.99,0,0,19.59,1,No
CUST04539,Male,32,0,Yes,No,27,No,DSL,One year,Electronic check,36.45,1136.21,0,0,26.39,2,No
CUST04540,Female,20,0,Yes,Yes,71,Yes,Fiber optic,Month-to-month,Credit card,89.85,6288.49,2,3,34.88,2,Yes
CUST04541,Female,75,1,No,Yes,27,Yes,Fiber optic,Month-to-month,Credit card,65.66,1698.82,4,2,38.53,5,Yes
CUST04542,Female,22,0,No,No,13,Yes,Fiber optic,One year,Bank transfer,101.82,1340.68,2,2,32.05,4,No
CUST04543,Female,40,0,Yes,No,55,Yes,Fiber optic,Month-to-month,Electronic check,82.76,4285.2,1,1,25.8,5,Yes
CUST04544,Female,70,1,Yes,No,17,Yes,DSL,Two year,Electronic check,55.91,891.86,7,0,29.69,1,No
CUST04545,Male,54,0,Yes,Yes,59,Yes,DSL,Month-to-month,Bank transfer,50.09,2977.57,3,1,62.32,5,No
CUST04546,Male,26,0,Yes,Yes,10,Yes,Fiber optic,Month-to-month,Electronic check,94.96,926.62,5,2,58.74,3,Yes
CUST04547,Female,32,0,Yes,No,33,Yes,DSL,Month-to-month,Electronic check,66.82,2015.13,2,1,28.28,6,No
CUST04548,Female,20,0,No,Yes,37,Yes,Fiber optic,One year,Electronic check,80.78,2805.99,2,2,33.98,5,No
CUST04549,Female,46,0,Yes,No,8,Yes,Fiber optic,One year,Bank transfer,94.98,616.73,2,0,25.64,2,Yes
CUST04550,Female,23,0,Yes,No,33,Yes,DSL,Month-to-month,Credit card,62.65,2059.7,3,0,55.8,3,Yes
CUST04551,Female,34,0,No,Yes,7,Yes,No,Month-to-month,Electronic check,25.69,96.24,3,1,11.9,6,Yes
CUST04552,Male,43,0,Yes,Yes,34,Yes,DSL,Month-to-month,Credit card,69.39,2514.98,3,1,27.26,2,Yes
CUST04553,Male,38,0,Yes,Yes,71,No,Fiber optic,Month-to-month,Bank transfer,112.17,7830.42,5,4,58.89,6,Yes
CUST04554,Male,25,0,Yes,No,7,Yes,DSL,Month-to-month,Credit card,63.38,566.46,4,1,24.37,5,No
CUST04555,Male,38,0,No,No,41,Yes,Fiber optic,Month-to-month,Electronic check,89.25,3538.95,6,1,68.66,1,Yes
CUST04556,Female,74,1,No,No,55,No,DSL,Month-to-month,Bank transfer,71.02,4157.69,1,2,45.97,5,Yes
CUST04557,Male,28,0,Yes,Yes,7,Yes,Fiber optic,Month-to-month,Credit card,70.71,561.19,4,3,23.34,3,No
CUST04558,Female,55,0,No,No,18,Yes,DSL,Month-to-month,Electronic check,57.8,818.69,3,1,21.03,2,Yes
CUST04559,Female,25,0,Yes,Yes,43,Yes,Fiber optic,Month-to-month,Bank transfer,79.21,3527.72,1,0,32.92,5,No
CUST04560,Female,59,0,No,No,40,Yes,DSL,Month-to-month,Credit card,63.6,2497.79,1,1,78.89,1,Yes
CUST04561,Male,41,0,No,No,53,Yes,DSL,Month-to-month,Bank transfer,62.6,3410.59,4,1,98.16,1,Yes
CUST04562,Female,52,0,No,No,14,Yes,Fiber optic,Two year,Electronic check,111.38,1558.22,0,3,28.33,4,No
CUST04563,Male,72,1,Yes,No,21,Yes,No,Month-to-month,Electronic check,36.99,741.28,0,1,39.05,6,Yes
CUST04564,Male,31,0,No,No,57,Yes,DSL,One year,Credit card,41.82,2358.36,4,1,31.61,6,No
CUST04565,Female,72,1,No,Yes,46,Yes,Fiber optic,Month-to-month,Credit card,90.36,4039.43,2,0,102.34,1,Yes
CUST04566,Female,31,0,No,No,26,Yes,Fiber optic,Two year,Credit card,95.62,2442.04,3,2,64.73,5,No
CUST04567,Female,27,0,No,No,24,Yes,DSL,Two year,Bank transfer,61.01,1335.01,2,2,76.64,1,No
CUST04568,Male,29,0,Yes,No,5,Yes,Fiber optic,Month-to-month,Credit card,77.26,339.09,1,1,64.65,1,Yes
CUST04569,Female,55,0,Yes,Yes,42,No,No,Two year,Bank transfer,36.03,1532.77,2,2,56.3,3,No
CUST04570,Male,61,1,Yes,No,43,Yes,Fiber optic,Month-to-month,Electronic check,89.95,3973.62,0,0,48.9,1,Yes
CUST04571,Female,72,1,Yes,No,32,No,Fiber optic,Month-to-month,Bank transfer,69.35,2367.86,5,0,39.3,5,No
CUST04572,Female,63,1,No,No,6,Yes,No,Month-to-month,Credit card,32.81,195.61,0,1,19.74,1,Yes
CUST04573,Male,51,0,No,Yes,67,Yes,No,Month-to-month,Electronic check,28.74,1812.99,5,3,53.11,2,No
CUST04574,Male,58,0,No,No,7,Yes,Fiber optic,Month-to-month,Electronic check,75.35,522.28,1,1,35.85,4,No
CUST04575,Male,27,0,Yes,No,29,Yes,DSL,Month-to-month,Electronic check,50.84,1458.18,2,0,30.16,4,No
CUST04576,Male,75,1,Yes,No,34,No,Fiber optic,Month-to-month,Credit card,73.06,2615.81,2,4,51.82,3,Yes
CUST04577,Male,34,0,No,No,7,Yes,DSL,One year,Electronic check,74.21,607.01,6,3,42.46,5,No
CUST04578,Male,34,0,Yes,No,58,Yes,No,Month-to-month,Mailed check,29.72,1747.02,2,0,62.73,6,No
CUST04579,Female,20,0,Yes,No,31,Yes,Fiber optic,Month-to-month,Mailed check,99.34,3231.61,5,2,54.77,5,No
CUST04580,Female,48,0,No,No,45,Yes,Fiber optic,Month-to-month,Bank transfer,88.07,3912.53,3,1,62.08,3,No
CUST04581,Male,68,1,No,No,47,Yes,Fiber optic,Month-to-month,Credit card,74.78,3577.35,2,2,40.72,4,Yes
CUST04582,Female,18,0,Yes,No,72,No,Fiber optic,Month-to-month,Bank transfer,73.08,5211.27,5,2,12.82,2,Yes
CUST04583,Male,29,0,No,Yes,40,Yes,Fiber optic,Month-to-month,Electronic check,101.1,3996.85,0,2,79.75,4,Yes
CUST04584,Female,56,0,No,No,30,No,DSL,Month-to-month,Credit card,65.35,1753.68,1,0,57.38,4,Yes
CUST04585,Female,21,0,No,No,62,Yes,Fiber optic,Month-to-month,Credit card,81.01,5032.71,3,0,72.54,2,Yes
CUST04586,Male,59,0,No,No,71,Yes,DSL,Two year,Electronic check,60.26,4291.38,2,2,21.71,4,No
CUST04587,Male,30,0,Yes,No,17,Yes,DSL,Month-to-month,Electronic check,71.98,1209.96,2,0,37.74,1,No
CUST04588,Male,51,0,No,Yes,5,Yes,DSL,Month-to-month,Credit card,66.76,379.21,1,1,26.53,5,No
CUST04589,Female,59,0,Yes,No,1,Yes,Fiber optic,Month-to-month,Electronic check,83.62,183.57,2,1,53.91,4,Yes
CUST04590,Male,38,0,Yes,Yes,31,Yes,Fiber optic,Two year,Bank transfer,84.31,2611.85,3,2,31.59,2,No
CUST04591,Female,39,0,No,No,35,Yes,DSL,One year,Mailed check,52.91,1912.19,0,0,65.1,5,No
CUST04592,Male,74,1,No,No,72,Yes,Fiber optic,Month-to-month,Electronic check,85.35,6182.56,2,2,48.96,5,Yes
CUST04593,Female,21,0,No,No,30,Yes,DSL,Month-to-month,Credit card,56.55,1804.14,1,1,47.98,4,Yes
CUST04594,Female,35,0,No,No,15,Yes,Fiber optic,Month-to-month,Bank transfer,84.25,1317.06,2,0,54.24,4,Yes
CUST04595,Male,22,0,No,No,56,Yes,DSL,Month-to-month,Electronic check,53.5,3178.26,3,3,45.12,4,Yes
CUST04596,Female,36,0,No,No,60,Yes,DSL,One year,Mailed check,43.92,2661.7,4,1,10.92,3,No
CUST04597,Female,19,0,No,Yes,27,Yes,DSL,One year,Mailed check,71.45,1835.42,3,0,12.88,5,No
CUST04598,Male,29,0,Yes,No,2,Yes,Fiber optic,Month-to-month,Electronic check,93.6,313.38,4,0,51.55,3,Yes
CUST04599,Female,34,0,Yes,No,64,Yes,Fiber optic,Month-to-month,Electronic check,81.02,5249.42,2,0,18.32,4,Yes
CUST04600,Male,27,0,Yes,Yes,5,Yes,No,One year,Mailed check,22.43,159.68,1,1,70.42,2,No
CUST04601,Male,51,0,Yes,No,68,Yes,Fiber optic,One year,Mailed check,64.17,4209.27,2,1,50.87,4,No
CUST04602,Male,23,0,No,No,13,Yes,Fiber optic,Two year,Credit card,100.99,1461.75,6,0,29.19,4,No
CUST04603,Male,25,0,No,Yes,23,Yes,DSL,Month-to-month,Electronic check,75.05,1826.31,2,3,6.22,6,Yes
CUST04604,Female,68,1,No,Yes,50,Yes,DSL,One year,Credit card,58.94,2978.4,0,3,38.78,1,No
CUST04605,Female,28,0,No,Yes,37,Yes,Fiber optic,Month-to-month,Electronic check,89.9,3041.61,4,1,17.4,1,Yes
CUST04606,Female,74,1,No,No,30,Yes,DSL,Month-to-month,Mailed check,48.14,1410.37,2,1,32.66,5,Yes
CUST04607,Male,29,0,Yes,No,23,Yes,DSL,One year,Bank transfer,61.03,1594.95,2,1,33.96,5,No
CUST04608,Female,26,0,Yes,No,34,Yes,Fiber optic,Two year,Credit card,74.68,2586.82,1,0,38.39,5,Yes
CUST04609,Female,19,0,Yes,No,64,Yes,DSL,Month-to-month,Electronic check,51.79,3193.56,4,0,43.29,3,No
CUST04610,Male,25,0,No,Yes,55,Yes,DSL,One year,Bank transfer,56.54,3053.97,4,2,28.48,5,No
CUST04611,Male,75,1,Yes,No,71,Yes,No,One year,Electronic check,21.61,1494.46,4,2,35.2,6,No
CUST04612,Female,28,0,No,Yes,9,Yes,Fiber optic,Month-to-month,Electronic check,83.08,860.64,1,0,32.79,1,Yes
CUST04613,Male,70,1,No,Yes,4,Yes,DSL,Two year,Credit card,72.68,139.82,1,4,70.94,5,No
CUST04614,Male,53,0,Yes,No,66,Yes,Fiber optic,Month-to-month,Credit card,53.32,3624.83,2,1,85.97,6,No
CUST04615,Male,27,0,Yes,Yes,33,Yes,Fiber optic,One year,Bank transfer,77.0,2619.97,2,0,43.73,4,No
CUST04616,Male,38,0,No,No,32,Yes,DSL,Month-to-month,Mailed check,67.58,2386.79,2,1,49.04,1,No
CUST04617,Female,37,0,Yes,No,44,Yes,Fiber optic,Month-to-month,Credit card,87.92,3921.77,2,0,46.3,3,Yes
CUST04618,Male,65,1,No,Yes,37,No,Fiber optic,Two year,Credit card,73.3,2588.17,2,0,20.49,6,No
CUST04619,Male,25,0,No,No,67,Yes,Fiber optic,Month-to-month,Credit card,116.58,7806.06,3,3,43.7,3,Yes
CUST04620,Male,53,0,No,No,60,Yes,Fiber optic,Month-to-month,Electronic check,125.45,7427.85,3,0,45.92,6,Yes
CUST04621,Male,46,0,No,No,59,Yes,DSL,Two year,Bank transfer,59.81,3567.68,2,2,61.31,5,No
CUST04622,Male,59,0,No,Yes,36,Yes,Fiber optic,Two year,Credit card,70.13,2698.97,2,1,55.53,3,No
CUST04623,Male,29,0,No,Yes,49,Yes,DSL,Month-to-month,Mailed check,56.99,2706.7,5,0,52.3,3,No
CUST04624,Male,31,0,Yes,No,51,Yes,Fiber optic,Month-to-month,Bank transfer,68.09,3565.75,6,1,50.24,1,No
CUST04625,Male,65,1,No,No,8,Yes,DSL,One year,Electronic check,64.81,456.57,2,3,57.15,5,No
CUST04626,Female,71,1,Yes,Yes,50,Yes,No,Month-to-month,Electronic check,29.6,1324.92,3,2,21.47,6,Yes
CUST04627,Male,67,1,Yes,No,41,Yes,Fiber optic,Month-to-month,Credit card,99.78,4250.85,5,2,39.6,5,Yes
CUST04628,Female,38,0,Yes,Yes,38,Yes,DSL,Month-to-month,Electronic check,64.79,2485.29,3,3,52.36,4,Yes
CUST04629,Male,39,0,No,Yes,55,Yes,DSL,One year,Credit card,62.75,3500.39,2,3,49.44,5,Yes
CUST04630,Male,38,0,Yes,Yes,68,Yes,DSL,Month-to-month,Electronic check,47.91,3344.05,7,0,68.97,5,Yes
CUST04631,Male,61,1,Yes,No,18,Yes,Fiber optic,One year,Mailed check,66.66,1029.8,1,0,42.2,1,No
CUST04632,Male,67,1,No,Yes,65,Yes,DSL,One year,Electronic check,35.75,2297.18,0,1,10.72,4,No
CUST04633,Female,47,0,No,No,64,Yes,Fiber optic,Month-to-month,Bank transfer,86.21,5353.17,2,1,29.03,4,No
CUST04634,Male,56,0,No,No,12,Yes,Fiber optic,Month-to-month,Electronic check,97.95,1123.06,1,2,47.35,5,Yes
CUST04635,Male,37,0,No,Yes,41,Yes,DSL,Month-to-month,Credit card,73.82,3141.55,3,3,31.47,2,Yes
CUST04636,Female,41,0,No,No,42,Yes,Fiber optic,Month-to-month,Electronic check,97.56,4142.47,2,0,63.35,4,Yes
CUST04637,Female,40,0,No,No,60,Yes,DSL,Month-to-month,Credit card,55.59,3273.69,6,2,41.02,5,No
CUST04638,Male,24,0,Yes,No,50,Yes,DSL,One year,Credit card,82.31,4117.97,2,0,19.08,5,No
CUST04639,Female,26,0,No,No,36,Yes,DSL,Month-to-month,Credit card,48.61,1735.42,2,2,66.87,1,Yes
CUST04640,Female,18,0,No,No,48,Yes,Fiber optic,One year,Credit card,70.07,3394.45,4,1,52.01,6,No
CUST04641,Female,43,0,Yes,Yes,71,Yes,No,One year,Credit card,31.13,2147.69,5,1,54.55,4,No
CUST04642,Male,55,0,Yes,No,8,Yes,DSL,Month-to-month,Bank transfer,76.87,602.7,3,1,33.93,4,Yes
CUST04643,Male,55,0,Yes,Yes,25,Yes,Fiber optic,Month-to-month,Mailed check,111.89,2812.38,4,0,64.97,2,No
CUST04644,Male,71,1,No,No,7,Yes,Fiber optic,Two year,Bank transfer,99.96,742.3,3,2,42.4,5,No
CUST04645,Female,61,1,Yes,Yes,8,Yes,DSL,One year,Electronic check,68.82,572.5,1,2,38.09,4,No
CUST04646,Male,39,0,No,Yes,31,Yes,No,Two year,Mailed check,31.5,812.69,4,1,29.24,6,No
CUST04647,Female,61,1,No,No,12,Yes,DSL,Month-to-month,Mailed check,56.66,553.92,1,0,27.68,3,No
CUST04648,Male,27,0,No,Yes,57,Yes,DSL,Two year,Bank transfer,50.38,2934.06,3,0,43.18,4,No
CUST04649,Male,72,1,No,No,66,Yes,Fiber optic,Month-to-month,Credit card,89.12,5856.49,6,2,27.64,5,Yes
CUST04650,Female,75,1,Yes,Yes,12,Yes,Fiber optic,Month-to-month,Electronic check,59.57,670.39,3,2,41.06,3,Yes
CUST04651,Male,23,0,Yes,No,27,Yes,Fiber optic,Month-to-month,Bank transfer,80.37,2144.86,3,0,19.55,2,Yes
CUST04652,Female,34,0,Yes,Yes,46,Yes,DSL,Month-to-month,Mailed check,53.63,2441.72,1,0,22.95,3,No
CUST04653,Female,68,1,No,No,7,Yes,Fiber optic,One year,Bank transfer,93.75,479.5,2,3,22.38,1,Yes
CUST04654,Male,67,1,Yes,No,61,Yes,Fiber optic,Month-to-month,Credit card,88.3,5559.23,0,2,36.12,3,No
CUST04655,Female,55,0,Yes,No,58,Yes,Fiber optic,Two year,Electronic check,107.3,6212.13,2,1,40.15,3,Yes
CUST04656,Male,41,0,Yes,Yes,58,Yes,No,One year,Credit card,31.58,1833.09,1,0,32.99,3,No
CUST04657,Male,68,1,No,No,13,Yes,DSL,Two year,Bank transfer,52.33,688.17,3,1,70.22,6,No
CUST04658,Female,27,0,Yes,No,53,Yes,Fiber optic,Month-to-month,Electronic check,95.09,5135.99,6,1,39.51,5,Yes
CUST04659,Male,73,1,No,No,65,Yes,No,One year,Credit card,18.0,1238.36,1,2,47.1,2,No
CUST04660,Female,25,0,Yes,No,49,Yes,Fiber optic,Month-to-month,Bank transfer,95.99,4696.03,6,1,15.63,3,No
CUST04661,Male,38,0,No,No,35,Yes,Fiber optic,Month-to-month,Electronic check,73.81,2496.09,5,2,31.28,1,Yes
CUST04662,Male,73,1,Yes,No,17,Yes,Fiber optic,One year,Electronic check,75.88,1413.63,0,1,34.7,4,No
CUST04663,Male,23,0,No,Yes,72,Yes,Fiber optic,Month-to-month,Bank transfer,105.14,7575.68,3,0,12.94,6,Yes
CUST04664,Male,38,0,No,Yes,67,No,Fiber optic,Month-to-month,Electronic check,90.84,6145.77,0,3,27.73,3,Yes
CUST04665,Male,74,1,Yes,No,10,Yes,DSL,One year,Credit card,57.68,468.34,3,2,43.88,4,Yes
CUST04666,Female,56,0,No,Yes,34,Yes,DSL,Month-to-month,Bank transfer,72.2,2519.71,3,0,27.7,4,No
CUST04667,Female,41,0,No,Yes,4,Yes,DSL,Month-to-month,Bank transfer,77.68,168.21,1,1,32.96,4,Yes
CUST04668,Female,50,0,No,Yes,29,Yes,DSL,Month-to-month,Mailed check,48.0,1352.27,6,1,18.66,6,Yes
CUST04669,Female,35,0,No,Yes,46,Yes,DSL,Month-to-month,Credit card,51.44,2379.53,2,0,25.09,3,No
CUST04670,Female,73,1,Yes,No,46,Yes,Fiber optic,One year,Credit card,97.17,4643.55,6,0,29.11,5,Yes
CUST04671,Female,45,0,No,No,59,Yes,DSL,Month-to-month,Bank transfer,63.68,3822.96,2,0,31.22,3,No
CUST04672,Male,74,1,No,No,61,Yes,DSL,One year,Credit card,37.67,2441.61,3,1,20.08,6,No
CUST04673,Male,69,1,No,No,68,No,No,One year,Credit card,39.26,2715.68,1,0,43.35,3,No
CUST04674,Female,49,0,No,No,66,Yes,Fiber optic,One year,Credit card,77.77,5021.82,2,2,29.34,5,No
CUST04675,Female,29,0,Yes,No,34,Yes,Fiber optic,Two year,Credit card,69.93,2267.19,4,0,21.9,2,Yes
CUST04676,Male,65,1,No,No,5,Yes,DSL,Month-to-month,Credit card,60.14,376.84,4,2,10.86,6,Yes
CUST04677,Male,59,0,No,No,9,Yes,DSL,Month-to-month,Credit card,70.82,537.2,2,1,34.61,6,No
CUST04678,Male,44,0,Yes,No,20,Yes,Fiber optic,Month-to-month,Electronic check,102.02,1886.01,2,2,11.59,6,Yes
CUST04679,Female,27,0,No,No,21,Yes,DSL,Month-to-month,Mailed check,60.69,1176.89,2,2,104.6,6,Yes
CUST04680,Female,63,1,No,Yes,17,Yes,Fiber optic,Month-to-month,Electronic check,123.04,2118.5,2,1,45.86,5,No
CUST04681,Female,74,1,Yes,Yes,12,Yes,No,Two year,Electronic check,47.58,491.58,0,2,37.16,6,No
CUST04682,Male,69,1,Yes,No,67,Yes,Fiber optic,Two year,Credit card,91.72,6270.76,2,0,34.47,3,No
CUST04683,Male,59,0,No,No,5,Yes,Fiber optic,Month-to-month,Credit card,84.07,463.05,4,1,66.25,6,No
CUST04684,Female,49,0,Yes,No,60,Yes,Fiber optic,Month-to-month,Mailed check,79.95,4815.92,3,0,25.01,6,No
CUST04685,Female,59,0,Yes,No,53,Yes,Fiber optic,Month-to-month,Bank transfer,82.71,4422.41,5,3,58.54,3,No
CUST04686,Male,43,0,Yes,No,52,Yes,Fiber optic,Two year,Bank transfer,107.43,5646.74,3,0,28.59,5,No
CUST04687,Male,42,0,Yes,No,48,Yes,DSL,Two year,Mailed check,64.03,3135.27,2,1,33.8,6,No
CUST04688,Male,28,0,No,No,19,Yes,No,Month-to-month,Mailed check,31.96,525.54,0,0,56.72,1,Yes
CUST04689,Male,40,0,Yes,No,17,Yes,Fiber optic,One year,Electronic check,95.41,1748.04,0,2,39.53,5,Yes
CUST04690,Female,51,0,No,No,54,Yes,DSL,Month-to-month,Credit card,67.28,3695.93,3,1,39.97,4,No
CUST04691,Male,74,1,No,Yes,68,Yes,Fiber optic,Month-to-month,Credit card,101.34,6851.62,2,1,36.12,5,No
CUST04692,Male,69,1,No,No,35,No,Fiber optic,Month-to-month,Credit card,97.41,3486.62,8,1,66.96,1,Yes
CUST04693,Male,57,0,Yes,No,41,Yes,Fiber optic,One year,Bank transfer,92.15,3644.9,2,0,82.39,6,No
CUST04694,Female,40,0,No,No,13,Yes,Fiber optic,Month-to-month,Credit card,112.67,1550.22,2,1,41.55,4,No
CUST04695,Female,46,0,Yes,No,33,Yes,DSL,Month-to-month,Credit card,44.17,1486.41,4,2,71.57,3,Yes
CUST04696,Male,48,0,Yes,No,15,Yes,Fiber optic,Month-to-month,Credit card,89.25,1124.29,3,0,42.72,2,Yes
CUST04697,Male,24,0,No,Yes,63,Yes,No,Month-to-month,Electronic check,20.78,1508.93,4,4,30.54,5,Yes
CUST04698,Male,57,0,No,No,15,Yes,DSL,One year,Credit card,71.04,934.89,3,1,27.79,5,Yes
CUST04699,Female,50,0,No,No,31,Yes,DSL,Month-to-month,Bank transfer,40.39,1309.49,1,0,44.6,5,Yes
CUST04700,Female,38,0,No,Yes,28,Yes,No,Two year,Credit card,26.87,893.79,1,1,58.97,5,No
CUST04701,Female,19,0,No,No,10,Yes,No,Month-to-month,Mailed check,28.86,27.18,7,3,19.19,1,Yes
CUST04702,Male,35,0,No,No,57,Yes,DSL,Month-to-month,Bank transfer,74.68,4280.02,2,1,29.78,4,No
CUST04703,Female,64,1,No,No,71,Yes,DSL,Month-to-month,Credit card,54.93,3988.65,1,2,20.87,1,Yes
CUST04704,Male,50,0,Yes,No,33,Yes,Fiber optic,Month-to-month,Electronic check,126.85,4297.66,0,1,77.58,2,Yes
CUST04705,Male,54,0,Yes,Yes,7,No,DSL,Month-to-month,Bank transfer,52.96,492.4,3,0,28.86,6,Yes
CUST04706,Male,51,0,No,No,5,No,DSL,Month-to-month,Bank transfer,46.34,324.29,1,0,53.19,1,Yes
CUST04707,Female,37,0,No,No,57,No,No,Two year,Credit card,29.85,1667.85,2,2,42.57,5,No
CUST04708,Male,52,0,Yes,No,72,Yes,Fiber optic,One year,Electronic check,83.09,6028.41,0,0,33.39,2,No
CUST04709,Female,68,1,Yes,No,40,Yes,Fiber optic,Two year,Credit card,112.62,4705.94,2,1,73.82,2,No
CUST04710,Female,67,1,Yes,Yes,28,Yes,Fiber optic,Month-to-month,Electronic check,61.15,1838.56,1,1,41.43,2,No
CUST04711,Male,71,1,No,No,36,Yes,DSL,Month-to-month,Mailed check,60.43,2108.79,4,0,41.0,3,Yes
CUST04712,Male,35,0,No,No,56,Yes,Fiber optic,Month-to-month,Credit card,97.27,5553.66,1,1,17.12,1,Yes
CUST04713,Female,63,1,No,No,47,Yes,DSL,One year,Electronic check,52.0,2579.63,3,3,30.26,2,No
CUST04714,Male,41,0,No,No,71,Yes,Fiber optic,Two year,Electronic check,64.11,4463.84,4,1,22.11,4,No
CUST04715,Female,25,0,No,No,40,Yes,Fiber optic,Two year,Bank transfer,106.72,4266.7,3,0,35.89,6,No
CUST04716,Male,47,0,Yes,No,59,Yes,Fiber optic,Month-to-month,Bank transfer,72.41,4243.59,0,1,28.34,2,No
CUST04717,Female,61,1,Yes,No,43,No,DSL,Month-to-month,Credit card,72.53,3211.24,2,3,16.73,4,No
CUST04718,Female,70,1,Yes,No,66,Yes,Fiber optic,Month-to-month,Credit card,71.14,4654.27,0,2,38.43,6,Yes
CUST04719,Female,27,0,No,Yes,9,Yes,DSL,Month-to-month,Credit card,56.17,442.61,2,0,43.01,1,Yes
CUST04720,Female,40,0,Yes,No,6,Yes,No,Month-to-month,Credit card,31.06,295.52,3,2,22.35,4,Yes
CUST04721,Male,69,1,No,No,65,Yes,No,Month-to-month,Mailed check,27.83,1688.43,0,1,30.84,6,Yes
CUST04722,Male,66,1,No,No,3,Yes,DSL,Month-to-month,Credit card,48.82,165.01,2,2,7.83,1,Yes
CUST04723,Female,28,0,Yes,No,37,No,DSL,Month-to-month,Electronic check,66.37,2382.79,1,3,72.0,6,Yes
CUST04724,Female,19,0,No,No,33,No,Fiber optic,Month-to-month,Electronic check,52.42,1838.95,4,1,32.35,1,Yes
CUST04725,Male,75,1,No,No,9,No,No,One year,Electronic check,18.0,100.85,2,1,29.18,5,No
CUST04726,Male,43,0,Yes,Yes,53,Yes,Fiber optic,Month-to-month,Credit card,111.18,5896.21,1,2,18.78,5,Yes
CUST04727,Male,53,0,Yes,No,51,Yes,DSL,Month-to-month,Credit card,57.96,2716.85,3,2,46.86,3,No
CUST04728,Male,50,0,No,No,71,Yes,Fiber optic,One year,Electronic check,95.77,6799.85,3,0,38.12,6,Yes
CUST04729,Male,64,1,Yes,No,26,Yes,Fiber optic,One year,Mailed check,95.33,2460.91,1,1,32.72,5,No
CUST04730,Male,30,0,Yes,No,16,Yes,Fiber optic,Month-to-month,Credit card,79.84,1284.6,1,1,44.7,4,Yes
CUST04731,Female,57,0,No,No,40,Yes,DSL,Two year,Electronic check,61.41,2586.59,3,2,64.42,2,No
CUST04732,Male,42,0,No,No,51,Yes,DSL,Month-to-month,Electronic check,45.93,2402.25,3,1,40.36,6,No
CUST04733,Male,21,0,No,Yes,39,Yes,DSL,Month-to-month,Credit card,61.56,2440.4,4,1,37.68,1,Yes
CUST04734,Female,59,0,No,No,55,Yes,Fiber optic,Month-to-month,Electronic check,77.64,4196.33,3,0,48.72,6,No
CUST04735,Male,36,0,No,No,36,Yes,DSL,Month-to-month,Electronic check,85.1,3277.3,3,3,37.6,5,Yes
CUST04736,Male,35,0,Yes,No,65,No,Fiber optic,One year,Electronic check,74.48,4657.37,3,0,22.21,1,No
CUST04737,Male,54,0,No,Yes,45,Yes,Fiber optic,Month-to-month,Credit card,92.7,4051.86,5,2,24.96,4,No
CUST04738,Male,47,0,Yes,No,9,No,DSL,Month-to-month,Electronic check,56.72,434.03,1,1,41.46,5,Yes
CUST04739,Male,36,0,Yes,No,37,Yes,No,Two year,Electronic check,31.51,1184.88,1,1,31.11,5,No
CUST04740,Female,75,1,No,Yes,1,Yes,Fiber optic,Month-to-month,Mailed check,64.65,69.0,4,1,75.72,6,Yes
CUST04741,Male,40,0,No,No,66,Yes,DSL,One year,Electronic check,58.42,3780.28,2,1,73.08,2,No
CUST04742,Female,71,1,Yes,Yes,63,Yes,DSL,Month-to-month,Credit card,67.11,4245.55,3,2,22.01,2,No
CUST04743,Female,33,0,No,No,43,Yes,No,Month-to-month,Electronic check,26.88,1271.66,3,1,26.31,6,No
CUST04744,Male,18,0,No,No,28,Yes,Fiber optic,Month-to-month,Electronic check,92.44,2593.88,1,0,25.69,5,No
CUST04745,Female,29,0,No,No,31,Yes,Fiber optic,One year,Bank transfer,72.56,2123.44,7,4,32.84,1,Yes
CUST04746,Male,41,0,Yes,No,69,Yes,Fiber optic,One year,Electronic check,79.8,5495.81,1,1,32.29,4,No
CUST04747,Female,51,0,No,Yes,8,Yes,Fiber optic,Month-to-month,Electronic check,84.72,595.99,7,1,35.63,4,Yes
CUST04748,Female,70,1,Yes,No,34,Yes,Fiber optic,Month-to-month,Credit card,96.7,3148.01,4,2,19.91,2,Yes
CUST04749,Male,74,1,Yes,No,49,Yes,No,Two year,Electronic check,36.18,1776.69,4,0,44.08,1,No
CUST04750,Male,25,0,No,No,58,Yes,Fiber optic,Two year,Credit card,57.12,3222.5,1,0,53.19,1,Yes
CUST04751,Male,35,0,No,No,47,Yes,No,Month-to-month,Electronic check,22.44,1021.6,1,1,80.44,3,No
CUST04752,Male,74,1,No,No,25,Yes,Fiber optic,Month-to-month,Electronic check,75.12,1920.23,0,1,10.29,3,Yes
CUST04753,Male,65,1,No,Yes,3,Yes,No,Two year,Electronic check,18.81,88.5,2,2,34.31,3,No
CUST04754,Female,22,0,Yes,Yes,45,Yes,DSL,Month-to-month,Mailed check,63.2,2964.5,1,0,33.56,6,No
CUST04755,Female,43,0,No,Yes,52,Yes,Fiber optic,One year,Credit card,85.49,4273.41,1,1,28.37,4,No
CUST04756,Female,47,0,Yes,No,34,Yes,DSL,Month-to-month,Credit card,46.54,1561.92,1,0,84.65,4,No
CUST04757,Female,71,1,No,No,69,Yes,Fiber optic,One year,Bank transfer,67.44,4754.55,1,2,32.18,5,No
CUST04758,Female,30,0,Yes,No,8,Yes,Fiber optic,Month-to-month,Bank transfer,91.93,567.49,5,2,57.32,6,Yes
CUST04759,Female,36,0,No,No,27,Yes,Fiber optic,One year,Credit card,68.63,1835.94,3,0,18.13,6,No
CUST04760,Female,46,0,No,No,63,Yes,Fiber optic,One year,Bank transfer,74.58,4718.61,5,0,27.74,5,No
CUST04761,Male,20,0,No,No,25,Yes,DSL,Two year,Credit card,71.08,1667.34,3,1,56.22,4,No
CUST04762,Male,43,0,No,Yes,58,Yes,DSL,One year,Credit card,62.07,3532.46,3,3,50.16,1,No
CUST04763,Female,57,0,No,No,48,Yes,Fiber optic,Two year,Bank transfer,108.21,5075.15,2,1,30.38,6,No
CUST04764,Female,75,1,Yes,Yes,1,Yes,No,Two year,Mailed check,24.14,52.04,1,0,36.29,1,No
CUST04765,Male,75,1,Yes,No,8,Yes,No,Month-to-month,Electronic check,42.86,92.92,3,1,46.51,2,Yes
CUST04766,Male,29,0,No,No,21,Yes,Fiber optic,Month-to-month,Credit card,82.24,1650.5,2,3,43.09,3,No
CUST04767,Male,19,0,Yes,Yes,29,Yes,Fiber optic,One year,Bank transfer,102.97,2914.15,2,2,14.91,2,No
CUST04768,Male,28,0,No,No,30,Yes,Fiber optic,Two year,Electronic check,72.4,2262.76,4,0,28.8,6,No
CUST04769,Female,61,1,Yes,Yes,3,Yes,DSL,Month-to-month,Mailed check,52.2,0.41,5,0,21.24,6,Yes
CUST04770,Male,45,0,Yes,No,7,Yes,Fiber optic,One year,Credit card,110.38,902.31,2,2,23.55,4,Yes
CUST04771,Female,35,0,No,No,11,Yes,Fiber optic,Month-to-month,Credit card,74.57,894.99,1,1,18.71,1,No
CUST04772,Female,30,0,No,No,32,Yes,DSL,Month-to-month,Electronic check,57.39,1940.99,1,2,95.32,1,Yes
CUST04773,Female,54,0,No,No,59,Yes,DSL,One year,Electronic check,52.06,3028.85,4,1,25.21,5,No
CUST04774,Male,39,0,No,No,12,Yes,Fiber optic,One year,Electronic check,101.87,1180.45,1,2,12.03,1,Yes
CUST04775,Male,29,0,No,No,38,Yes,No,One year,Electronic check,18.0,605.31,6,1,45.24,4,No
CUST04776,Female,19,0,Yes,Yes,24,Yes,DSL,Two year,Credit card,75.69,1874.63,3,1,62.73,3,No
CUST04777,Female,54,0,Yes,Yes,65,Yes,Fiber optic,Month-to-month,Bank transfer,88.67,5728.39,5,2,77.54,2,No
CUST04778,Female,24,0,No,Yes,18,Yes,DSL,Month-to-month,Credit card,62.24,1039.56,2,0,15.06,6,Yes
CUST04779,Male,43,0,No,No,46,Yes,Fiber optic,Two year,Electronic check,84.14,3835.03,3,1,27.76,1,Yes
CUST04780,Female,43,0,No,No,56,Yes,DSL,Month-to-month,Electronic check,75.01,4237.67,1,3,62.17,1,No
CUST04781,Male,41,0,No,No,63,Yes,Fiber optic,Month-to-month,Credit card,81.71,5021.39,2,0,39.08,4,No
CUST04782,Female,29,0,Yes,No,7,Yes,Fiber optic,One year,Credit card,74.34,425.26,3,0,53.31,4,No
CUST04783,Female,33,0,Yes,Yes,66,Yes,Fiber optic,Two year,Mailed check,92.81,6260.45,2,1,25.73,4,No
CUST04784,Female,40,0,No,Yes,40,Yes,Fiber optic,One year,Bank transfer,83.72,3258.12,2,3,64.56,5,No
CUST04785,Male,57,0,Yes,No,54,Yes,DSL,One year,Bank transfer,83.53,4655.37,4,1,55.02,1,No
CUST04786,Male,26,0,Yes,Yes,31,Yes,DSL,Month-to-month,Electronic check,70.94,2146.42,1,2,12.18,2,Yes
CUST04787,Female,49,0,Yes,No,52,Yes,Fiber optic,Month-to-month,Bank transfer,90.2,4554.84,3,0,23.23,2,Yes
CUST04788,Male,32,0,Yes,No,31,Yes,Fiber optic,Two year,Electronic check,106.51,3438.84,2,2,27.98,2,No
CUST04789,Female,54,0,No,No,34,Yes,DSL,One year,Credit card,42.59,1622.59,1,3,19.51,5,No
CUST04790,Male,30,0,No,No,7,Yes,Fiber optic,Month-to-month,Credit card,93.42,595.86,1,3,9.57,3,Yes
CUST04791,Male,22,0,No,No,16,Yes,Fiber optic,Month-to-month,Credit card,86.53,1493.75,4,4,60.81,6,Yes
CUST04792,Male,28,0,No,No,22,No,DSL,One year,Electronic check,57.56,1276.63,4,0,18.53,5,No
CUST04793,Female,27,0,Yes,Yes,53,Yes,DSL,Month-to-month,Credit card,56.63,3017.16,2,2,21.73,6,No
CUST04794,Male,69,1,No,No,17,Yes,DSL,One year,Electronic check,73.36,1278.5,5,0,14.31,1,No
CUST04795,Male,30,0,Yes,Yes,4,Yes,DSL,Month-to-month,Electronic check,37.66,152.66,1,0,29.44,6,No
CUST04796,Female,58,0,Yes,Yes,61,Yes,Fiber optic,Month-to-month,Bank transfer,92.09,5627.73,4,0,9.81,5,No
CUST04797,Female,70,1,Yes,No,52,Yes,DSL,One year,Mailed check,42.83,2227.77,3,3,28.24,6,No
CUST04798,Female,63,1,No,No,35,No,Fiber optic,Month-to-month,Bank transfer,81.33,2788.95,0,0,29.03,6,Yes
CUST04799,Female,67,1,No,Yes,44,Yes,Fiber optic,Month-to-month,Credit card,84.25,3636.22,3,0,50.08,4,Yes
CUST04800,Male,32,0,No,Yes,15,Yes,DSL,Two year,Electronic check,79.4,1076.08,5,0,42.59,2,No
CUST04801,Male,59,0,No,Yes,61,Yes,DSL,One year,Electronic check,53.6,3081.07,4,0,50.69,1,No
CUST04802,Male,73,1,Yes,No,44,Yes,Fiber optic,Month-to-month,Electronic check,85.82,3766.95,2,2,24.14,1,Yes
CUST04803,Male,24,0,No,No,21,No,Fiber optic,Month-to-month,Mailed check,66.57,1313.68,1,0,53.55,6,Yes
CUST04804,Male,57,0,No,Yes,47,Yes,DSL,Month-to-month,Credit card,66.07,2941.52,1,0,39.45,6,Yes
CUST04805,Female,45,0,Yes,No,49,Yes,No,One year,Bank transfer,18.0,799.78,5,4,13.97,6,Yes
CUST04806,Male,49,0,Yes,No,53,Yes,DSL,Month-to-month,Bank transfer,38.66,1995.85,4,0,37.22,1,Yes
CUST04807,Male,52,0,No,No,27,No,Fiber optic,Month-to-month,Credit card,62.37,1629.03,3,0,29.43,1,Yes
CUST04808,Male,32,0,No,No,31,Yes,DSL,Month-to-month,Mailed check,56.59,1893.56,2,0,39.16,3,Yes
CUST04809,Female,65,1,No,No,44,Yes,DSL,Month-to-month,Electronic check,57.19,2456.84,2,1,59.35,5,Yes
CUST04810,Female,53,0,No,No,32,Yes,DSL,Month-to-month,Credit card,73.62,2500.4,2,2,20.49,1,Yes
CUST04811,Male,38,0,No,No,30,Yes,Fiber optic,Month-to-month,Mailed check,107.83,3159.79,4,0,17.52,3,Yes
CUST04812,Female,23,0,Yes,Yes,18,Yes,Fiber optic,Two year,Credit card,107.47,1982.68,3,1,13.95,5,No
CUST04813,Female,18,0,Yes,No,63,Yes,Fiber optic,Two year,Electronic check,102.26,6342.32,3,2,19.03,5,Yes
CUST04814,Female,21,0,Yes,No,16,Yes,Fiber optic,Month-to-month,Electronic check,116.13,2029.64,3,1,25.43,6,No
CUST04815,Female,28,0,Yes,Yes,35,No,Fiber optic,One year,Bank transfer,91.83,3336.6,1,1,73.23,3,No
CUST04816,Female,61,1,No,Yes,62,Yes,DSL,One year,Electronic check,65.64,4144.54,2,0,95.72,4,Yes
CUST04817,Female,43,0,No,Yes,9,Yes,Fiber optic,Month-to-month,Mailed check,112.41,1209.45,6,2,11.94,6,Yes
CUST04818,Female,54,0,No,No,62,Yes,DSL,Month-to-month,Electronic check,46.63,2978.07,1,1,27.78,4,No
CUST04819,Male,40,0,Yes,Yes,39,Yes,Fiber optic,Month-to-month,Credit card,99.1,3908.75,4,1,22.99,1,Yes
CUST04820,Male,46,0,No,No,51,Yes,DSL,One year,Credit card,59.43,2895.42,2,1,54.65,6,No
CUST04821,Female,38,0,Yes,No,10,Yes,DSL,One year,Credit card,76.0,524.38,3,2,27.01,3,Yes
CUST04822,Male,65,1,Yes,No,52,No,DSL,Two year,Credit card,74.18,3727.92,2,3,33.14,3,No
CUST04823,Male,62,1,No,No,12,Yes,Fiber optic,One year,Mailed check,82.53,821.72,5,3,58.83,4,No
CUST04824,Female,62,1,No,No,72,Yes,DSL,Two year,Bank transfer,45.54,3198.89,1,1,32.34,3,No
CUST04825,Male,66,1,Yes,Yes,62,Yes,DSL,Two year,Bank transfer,76.19,4833.21,1,0,39.27,3,No
CUST04826,Female,44,0,Yes,No,3,Yes,No,Two year,Electronic check,21.21,0.0,2,2,49.05,1,No
CUST04827,Female,56,0,No,Yes,11,Yes,DSL,Month-to-month,Electronic check,61.45,629.71,2,1,29.7,1,Yes
CUST04828,Female,57,0,Yes,No,8,Yes,DSL,Month-to-month,Electronic check,46.57,378.25,3,2,42.5,3,No
CUST04829,Male,30,0,Yes,No,23,Yes,Fiber optic,One year,Electronic check,79.59,1839.79,6,4,16.79,2,Yes
CUST04830,Male,40,0,No,No,10,Yes,No,One year,Bank transfer,33.13,271.95,4,2,55.94,2,No
CUST04831,Male,33,0,Yes,No,18,Yes,No,Month-to-month,Credit card,28.08,624.28,2,1,70.92,3,Yes
CUST04832,Male,47,0,Yes,Yes,39,Yes,DSL,Two year,Bank transfer,50.98,1990.66,5,1,19.88,4,No
CUST04833,Female,21,0,No,No,26,Yes,DSL,Two year,Electronic check,37.45,990.78,4,1,23.01,1,No
CUST04834,Female,57,0,No,No,11,Yes,DSL,One year,Credit card,68.26,998.42,0,2,17.8,6,Yes
CUST04835,Male,33,0,No,Yes,10,No,Fiber optic,Month-to-month,Mailed check,78.77,961.4,5,1,46.95,2,Yes
CUST04836,Female,48,0,Yes,No,3,Yes,No,Two year,Mailed check,26.4,81.11,5,3,37.8,6,No
CUST04837,Female,70,1,Yes,No,62,No,DSL,Month-to-month,Mailed check,58.36,3672.97,1,1,39.26,1,No
CUST04838,Male,59,0,Yes,No,71,Yes,DSL,Month-to-month,Bank transfer,54.9,3805.71,3,2,60.94,3,Yes
CUST04839,Female,42,0,Yes,No,61,Yes,DSL,Two year,Bank transfer,67.44,3904.94,1,3,39.7,1,No
CUST04840,Male,61,1,No,Yes,4,Yes,No,One year,Mailed check,18.05,140.36,2,0,36.61,6,No
CUST04841,Female,29,0,No,No,61,No,DSL,Month-to-month,Bank transfer,61.8,3664.08,2,2,12.68,2,No
CUST04842,Male,43,0,No,No,8,No,Fiber optic,Two year,Mailed check,91.22,786.2,3,0,46.33,3,No
CUST04843,Female,54,0,Yes,Yes,13,Yes,DSL,Month-to-month,Electronic check,76.17,1204.98,3,2,45.74,3,Yes
CUST04844,Female,65,1,Yes,No,12,Yes,No,One year,Mailed check,25.42,117.43,3,3,31.33,3,No
CUST04845,Male,50,0,No,Yes,35,Yes,DSL,One year,Credit card,45.7,1371.58,3,1,35.36,1,No
CUST04846,Male,45,0,Yes,No,54,Yes,No,Month-to-month,Electronic check,30.4,1549.76,1,1,55.87,4,No
CUST04847,Male,26,0,No,Yes,51,No,DSL,Month-to-month,Electronic check,49.34,2597.35,3,0,45.63,2,No
CUST04848,Male,29,0,No,No,43,Yes,DSL,Two year,Mailed check,51.96,2359.31,3,1,32.58,5,No
CUST04849,Female,22,0,No,No,66,Yes,Fiber optic,Month-to-month,Credit card,77.5,5195.87,2,1,72.41,2,No
CUST04850,Female,71,1,Yes,No,15,Yes,Fiber optic,Month-to-month,Mailed check,82.23,1262.24,2,0,27.97,2,No
CUST04851,Male,69,1,No,Yes,49,Yes,DSL,Month-to-month,Electronic check,75.51,3701.67,2,1,49.28,5,Yes
CUST04852,Female,71,1,Yes,No,34,Yes,Fiber optic,Month-to-month,Credit card,94.78,3234.89,2,2,57.89,6,Yes
CUST04853,Male,45,0,Yes,No,39,Yes,DSL,Two year,Electronic check,46.8,1943.6,1,0,40.2,2,No
CUST04854,Male,73,1,No,Yes,26,Yes,DSL,Month-to-month,Credit card,78.15,1967.48,2,1,42.58,3,No
CUST04855,Female,52,0,Yes,No,69,Yes,Fiber optic,One year,Credit card,100.92,6967.64,3,4,33.76,3,Yes
CUST04856,Female,22,0,No,No,48,Yes,DSL,Month-to-month,Bank transfer,65.0,3004.54,3,3,15.75,1,No
CUST04857,Male,51,0,No,No,51,Yes,DSL,Two year,Electronic check,32.19,1677.61,5,2,51.02,5,No
CUST04858,Male,63,1,No,Yes,4,Yes,Fiber optic,One year,Electronic check,72.34,291.18,5,0,25.82,3,Yes
CUST04859,Male,51,0,No,No,27,Yes,Fiber optic,Month-to-month,Electronic check,85.14,2557.42,4,2,29.65,5,Yes
CUST04860,Female,30,0,Yes,Yes,42,Yes,No,Two year,Mailed check,38.24,1458.29,4,2,66.37,3,No
CUST04861,Female,56,0,No,No,56,Yes,Fiber optic,Month-to-month,Electronic check,104.88,5967.03,6,1,8.34,2,No
CUST04862,Female,59,0,No,Yes,69,Yes,Fiber optic,One year,Credit card,70.52,4814.65,7,1,14.98,5,No
CUST04863,Female,62,1,No,No,18,Yes,Fiber optic,Two year,Credit card,59.8,1158.84,2,2,66.28,3,No
CUST04864,Male,65,1,Yes,No,61,Yes,Fiber optic,One year,Bank transfer,82.26,5092.74,0,1,28.78,4,Yes
CUST04865,Male,75,1,No,Yes,4,Yes,DSL,One year,Electronic check,61.68,217.78,2,0,23.68,5,No
CUST04866,Male,31,0,Yes,No,1,No,Fiber optic,Month-to-month,Electronic check,66.38,0.0,5,4,26.81,5,No
CUST04867,Male,28,0,No,No,50,Yes,DSL,Month-to-month,Bank transfer,49.55,2371.84,1,0,34.6,6,Yes
CUST04868,Male,59,0,Yes,Yes,70,Yes,Fiber optic,Month-to-month,Mailed check,116.74,8182.31,1,2,29.11,4,No
CUST04869,Male,55,0,No,No,20,Yes,DSL,Two year,Credit card,55.51,1037.9,1,1,56.88,5,No
CUST04870,Female,21,0,Yes,No,20,Yes,Fiber optic,Two year,Electronic check,80.49,1586.78,4,1,10.59,1,No
CUST04871,Female,70,1,Yes,No,46,Yes,No,Month-to-month,Credit card,47.61,2065.92,2,1,39.72,2,No
CUST04872,Male,50,0,Yes,No,27,Yes,DSL,Month-to-month,Mailed check,55.94,1561.17,1,3,35.99,6,No
CUST04873,Male,24,0,Yes,No,26,Yes,DSL,Month-to-month,Credit card,47.86,1155.1,3,0,31.92,2,No
CUST04874,Female,73,1,Yes,No,32,Yes,DSL,Month-to-month,Credit card,51.49,1606.03,2,2,10.21,3,No
CUST04875,Female,58,0,No,No,10,Yes,DSL,Month-to-month,Credit card,63.5,766.59,7,1,44.57,1,Yes
CUST04876,Female,25,0,No,No,12,Yes,DSL,One year,Mailed check,54.3,666.43,5,2,21.96,4,Yes
CUST04877,Female,54,0,No,No,24,Yes,Fiber optic,Two year,Bank transfer,83.05,2068.76,2,1,42.27,4,No
CUST04878,Male,68,1,No,No,51,Yes,DSL,One year,Bank transfer,59.48,2937.95,0,2,69.87,2,No
CUST04879,Male,27,0,Yes,No,38,Yes,Fiber optic,One year,Electronic check,132.22,5052.05,2,1,26.42,4,No
CUST04880,Male,60,1,Yes,No,46,Yes,DSL,One year,Credit card,68.55,3196.42,1,1,40.86,6,Yes
CUST04881,Male,74,1,Yes,Yes,8,Yes,No,One year,Credit card,18.0,47.44,2,0,16.06,2,No
CUST04882,Male,32,0,No,Yes,55,Yes,No,Month-to-month,Electronic check,23.61,1304.65,5,1,67.1,6,No
CUST04883,Female,55,0,No,No,31,Yes,Fiber optic,Month-to-month,Mailed check,97.05,2966.47,0,0,48.14,1,Yes
CUST04884,Male,32,0,Yes,Yes,16,Yes,Fiber optic,Month-to-month,Credit card,101.24,1647.04,6,2,74.27,6,No
CUST04885,Female,22,0,Yes,No,20,No,Fiber optic,One year,Electronic check,60.93,1086.29,2,3,29.7,1,Yes
CUST04886,Male,46,0,No,Yes,38,No,Fiber optic,Two year,Mailed check,63.74,2317.17,2,3,47.31,1,No
CUST04887,Male,36,0,No,Yes,15,Yes,Fiber optic,One year,Electronic check,92.05,1241.44,1,1,54.22,3,Yes
CUST04888,Male,71,1,No,Yes,34,Yes,Fiber optic,Two year,Bank transfer,75.43,2449.58,1,1,119.14,6,No
CUST04889,Male,68,1,No,No,72,Yes,No,Month-to-month,Bank transfer,18.77,1288.88,7,1,25.28,6,Yes
CUST04890,Male,27,0,No,Yes,19,Yes,DSL,One year,Mailed check,62.24,1233.86,3,0,14.02,6,No
CUST04891,Female,29,0,Yes,No,69,Yes,DSL,Two year,Bank transfer,69.49,4804.02,3,1,41.56,4,No
CUST04892,Female,71,1,Yes,No,63,Yes,DSL,One year,Bank transfer,57.13,3608.08,1,0,7.14,3,No
CUST04893,Female,21,0,No,No,32,Yes,DSL,Two year,Electronic check,36.68,1076.14,4,0,16.09,5,No
CUST04894,Male,48,0,No,No,37,Yes,No,One year,Credit card,20.77,766.24,2,1,17.59,4,No
CUST04895,Male,35,0,No,No,66,Yes,DSL,Month-to-month,Mailed check,46.08,3166.93,2,0,40.65,5,No
CUST04896,Female,33,0,Yes,No,7,Yes,Fiber optic,Month-to-month,Electronic check,93.43,683.53,1,3,20.28,1,Yes
CUST04897,Male,57,0,Yes,No,48,Yes,DSL,One year,Bank transfer,84.61,4142.36,1,2,52.46,3,No
CUST04898,Male,53,0,Yes,No,11,Yes,No,Two year,Electronic check,27.3,249.76,2,3,65.02,3,No
CUST04899,Female,42,0,Yes,No,31,Yes,Fiber optic,Month-to-month,Electronic check,91.62,2792.29,0,0,39.03,2,No
CUST04900,Male,40,0,Yes,No,44,Yes,DSL,One year,Electronic check,69.76,3121.58,1,0,46.17,1,No
CUST04901,Female,29,0,No,No,45,Yes,Fiber optic,One year,Electronic check,105.22,4641.07,2,1,24.29,2,No
CUST04902,Male,51,0,No,No,72,Yes,Fiber optic,Month-to-month,Mailed check,76.27,5479.37,5,3,23.86,1,No
CUST04903,Female,53,0,Yes,No,56,Yes,No,Month-to-month,Mailed check,24.58,1395.17,5,3,31.6,2,Yes
CUST04904,Male,54,0,No,Yes,32,Yes,Fiber optic,Month-to-month,Credit card,99.23,3136.32,3,2,39.63,6,Yes
CUST04905,Male,20,0,Yes,No,21,Yes,Fiber optic,Month-to-month,Bank transfer,70.87,1403.79,2,1,18.35,3,Yes
CUST04906,Female,26,0,No,No,31,Yes,Fiber optic,Month-to-month,Credit card,62.36,1868.14,4,0,39.09,3,Yes
CUST04907,Male,70,1,Yes,No,1,Yes,No,Month-to-month,Bank transfer,21.28,0.0,0,1,28.44,2,Yes
CUST04908,Male,35,0,Yes,No,11,Yes,Fiber optic,Month-to-month,Bank transfer,103.85,1170.09,3,0,56.81,2,Yes
CUST04909,Female,60,1,No,No,68,Yes,DSL,One year,Electronic check,61.69,4278.36,1,1,22.71,4,No
CUST04910,Male,52,0,Yes,No,36,No,Fiber optic,One year,Credit card,78.01,2757.86,2,0,42.84,3,No
CUST04911,Female,74,1,Yes,No,59,Yes,DSL,One year,Credit card,72.19,4532.97,1,1,60.62,6,No
CUST04912,Male,72,1,Yes,No,67,Yes,No,Month-to-month,Mailed check,29.43,1895.96,4,1,37.57,6,No
CUST04913,Male,51,0,Yes,No,56,Yes,Fiber optic,Two year,Bank transfer,73.35,4033.43,3,1,61.64,5,Yes
CUST04914,Male,58,0,Yes,No,51,Yes,Fiber optic,Two year,Mailed check,82.15,4266.62,6,4,50.41,5,No
CUST04915,Male,31,0,No,No,29,Yes,Fiber optic,Two year,Bank transfer,69.64,2081.65,5,3,22.12,1,No
CUST04916,Female,21,0,No,Yes,2,Yes,DSL,Month-to-month,Credit card,61.72,190.43,4,0,21.06,4,No
CUST04917,Male,46,0,No,Yes,6,Yes,Fiber optic,Two year,Mailed check,94.55,674.44,1,2,36.7,2,No
CUST04918,Female,58,0,Yes,No,31,Yes,Fiber optic,One year,Credit card,48.13,1398.85,3,1,35.82,5,No
CUST04919,Male,62,1,Yes,No,54,Yes,Fiber optic,Month-to-month,Credit card,69.7,3801.1,2,0,61.74,1,No
CUST04920,Male,67,1,Yes,No,40,Yes,Fiber optic,Month-to-month,Bank transfer,110.18,4267.27,3,1,57.09,3,Yes
CUST04921,Male,32,0,Yes,Yes,17,Yes,Fiber optic,One year,Electronic check,79.97,1466.05,3,2,20.68,3,Yes
CUST04922,Male,45,0,No,Yes,5,Yes,No,Month-to-month,Electronic check,38.27,290.9,4,0,14.91,5,Yes
CUST04923,Female,59,0,Yes,No,2,Yes,No,Month-to-month,Credit card,18.0,140.34,3,0,79.65,1,Yes
CUST04924,Female,33,0,No,Yes,58,Yes,Fiber optic,Month-to-month,Credit card,77.02,4461.89,1,0,36.81,3,Yes
CUST04925,Female,29,0,Yes,Yes,12,Yes,DSL,One year,Mailed check,62.61,854.04,3,3,46.45,1,Yes
CUST04926,Female,69,1,Yes,Yes,5,Yes,DSL,Two year,Mailed check,56.18,297.69,4,3,30.21,3,No
CUST04927,Male,22,0,Yes,Yes,60,No,DSL,One year,Credit card,75.19,4649.72,9,1,27.56,3,No
CUST04928,Female,51,0,Yes,No,41,Yes,DSL,One year,Credit card,58.58,2370.9,4,1,48.52,6,No
CUST04929,Female,59,0,Yes,No,20,Yes,DSL,Month-to-month,Bank transfer,68.55,1338.71,0,1,51.61,3,Yes
CUST04930,Male,18,0,Yes,Yes,72,Yes,DSL,One year,Credit card,46.9,3419.56,2,0,21.46,6,No
CUST04931,Male,56,0,Yes,Yes,1,Yes,DSL,Month-to-month,Electronic check,63.17,0.0,2,0,8.23,2,Yes
CUST04932,Male,49,0,No,No,56,Yes,Fiber optic,Two year,Bank transfer,80.29,4472.58,1,1,25.91,2,No
CUST04933,Male,43,0,No,No,70,Yes,Fiber optic,Month-to-month,Bank transfer,69.98,4893.51,0,2,35.01,6,No
CUST04934,Female,34,0,Yes,No,56,Yes,Fiber optic,Month-to-month,Electronic check,92.0,5018.34,3,2,40.8,6,Yes
CUST04935,Female,65,1,Yes,No,54,Yes,DSL,Month-to-month,Bank transfer,76.35,4132.78,0,2,49.26,1,No
CUST04936,Male,44,0,No,No,11,Yes,Fiber optic,Two year,Credit card,76.07,886.24,3,0,78.35,6,No
CUST04937,Male,41,0,No,No,3,Yes,DSL,Two year,Electronic check,65.07,278.84,5,0,16.95,3,No
CUST04938,Male,52,0,No,No,28,Yes,Fiber optic,Month-to-month,Bank transfer,81.77,2139.76,4,1,51.14,6,Yes
CUST04939,Female,63,1,Yes,No,5,Yes,DSL,Month-to-month,Electronic check,61.29,407.77,3,1,41.02,1,Yes
CUST04940,Female,59,0,No,Yes,16,Yes,Fiber optic,One year,Electronic check,97.6,1353.95,4,1,34.58,5,No
CUST04941,Male,71,1,No,Yes,31,No,DSL,Two year,Bank transfer,77.3,2305.62,6,2,35.15,3,No
CUST04942,Male,56,0,Yes,Yes,28,Yes,DSL,Month-to-month,Mailed check,74.9,2301.36,4,2,50.68,3,Yes
CUST04943,Female,43,0,No,No,7,Yes,Fiber optic,Month-to-month,Electronic check,73.76,531.71,4,3,29.57,1,Yes
CUST04944,Male,66,1,Yes,Yes,9,Yes,Fiber optic,Month-to-month,Mailed check,64.84,479.03,0,0,79.49,1,Yes
CUST04945,Male,55,0,No,Yes,39,Yes,DSL,One year,Electronic check,35.86,1262.3,3,0,41.22,5,No
CUST04946,Female,40,0,No,No,43,No,Fiber optic,Month-to-month,Electronic check,94.5,3936.87,2,1,59.07,5,Yes
CUST04947,Male,39,0,No,No,27,Yes,No,Month-to-month,Electronic check,20.79,466.61,2,0,14.02,1,Yes
CUST04948,Female,21,0,No,Yes,33,Yes,No,Month-to-month,Electronic check,33.5,1202.93,1,1,36.09,2,Yes
CUST04949,Male,66,1,Yes,No,56,No,DSL,One year,Credit card,47.58,2719.27,2,0,25.03,6,No
CUST04950,Male,26,0,No,Yes,2,Yes,DSL,Two year,Mailed check,65.35,237.44,3,1,43.72,4,No
CUST04951,Female,21,0,No,No,14,Yes,DSL,Two year,Electronic check,38.76,436.79,3,2,22.22,5,No
CUST04952,Female,24,0,No,Yes,13,Yes,DSL,One year,Credit card,66.06,659.48,2,0,10.24,4,No
CUST04953,Male,40,0,No,No,24,Yes,No,Two year,Bank transfer,28.13,739.02,2,2,24.64,5,No
CUST04954,Female,19,0,No,Yes,69,Yes,Fiber optic,Month-to-month,Electronic check,68.51,4720.78,3,1,31.69,5,No
CUST04955,Male,66,1,No,No,34,Yes,Fiber optic,One year,Bank transfer,87.88,2908.31,1,1,49.71,5,No
CUST04956,Male,41,0,No,Yes,19,Yes,Fiber optic,Month-to-month,Credit card,116.04,2304.33,3,3,25.41,5,No
CUST04957,Female,57,0,No,Yes,30,Yes,DSL,One year,Electronic check,68.26,2177.66,2,2,37.06,2,Yes
CUST04958,Male,72,1,Yes,Yes,49,Yes,Fiber optic,Two year,Bank transfer,129.33,6509.54,4,0,16.28,2,Yes
CUST04959,Male,48,0,No,Yes,43,Yes,No,Two year,Electronic check,26.23,1024.78,3,2,37.65,4,No
CUST04960,Female,64,1,Yes,No,16,Yes,Fiber optic,Month-to-month,Electronic check,93.67,1621.65,4,0,53.57,1,Yes
CUST04961,Female,48,0,Yes,No,52,Yes,DSL,One year,Credit card,54.29,2862.04,3,0,22.36,4,Yes
CUST04962,Male,64,1,Yes,No,49,Yes,Fiber optic,Two year,Credit card,88.69,4283.55,1,1,83.07,2,Yes
CUST04963,Female,57,0,No,No,11,Yes,Fiber optic,Month-to-month,Bank transfer,70.36,894.93,2,0,27.99,2,Yes
CUST04964,Female,65,1,No,No,47,Yes,Fiber optic,One year,Credit card,98.58,4544.76,1,0,59.87,3,No
CUST04965,Female,68,1,No,No,35,Yes,Fiber optic,Month-to-month,Credit card,72.92,2489.42,4,0,51.56,3,Yes
CUST04966,Female,60,1,Yes,Yes,71,Yes,DSL,Two year,Credit card,79.99,5769.62,3,0,69.48,5,No
CUST04967,Male,51,0,No,No,29,Yes,No,Month-to-month,Credit card,18.0,460.47,3,1,27.32,3,Yes
CUST04968,Male,72,1,No,Yes,54,Yes,Fiber optic,Month-to-month,Mailed check,80.43,4383.85,0,5,43.99,1,Yes
CUST04969,Male,41,0,Yes,No,23,Yes,DSL,One year,Mailed check,57.01,1261.36,2,2,29.45,4,Yes
CUST04970,Female,66,1,Yes,No,24,Yes,Fiber optic,Month-to-month,Credit card,68.23,1654.9,4,1,43.14,6,Yes
CUST04971,Female,43,0,Yes,No,10,Yes,Fiber optic,Month-to-month,Electronic check,88.52,909.84,1,1,30.36,6,Yes
CUST04972,Female,33,0,No,No,61,Yes,DSL,One year,Credit card,53.6,3173.74,2,1,66.5,4,No
CUST04973,Female,74,1,No,No,8,Yes,Fiber optic,Two year,Electronic check,106.06,869.23,2,1,19.42,2,Yes
CUST04974,Female,64,1,Yes,No,48,No,No,Month-to-month,Credit card,18.5,835.41,2,0,25.66,6,No
CUST04975,Female,30,0,No,No,29,Yes,DSL,Two year,Electronic check,65.05,1790.82,1,4,68.35,4,No
CUST04976,Female,32,0,Yes,No,26,Yes,Fiber optic,Two year,Bank transfer,83.71,2065.07,1,2,48.39,1,No
CUST04977,Male,44,0,Yes,No,37,Yes,DSL,One year,Electronic check,57.44,2015.01,2,1,30.72,3,No
CUST04978,Male,21,0,Yes,No,52,Yes,Fiber optic,One year,Mailed check,86.37,4430.58,5,1,107.27,3,No
CUST04979,Female,33,0,Yes,No,38,No,DSL,Month-to-month,Electronic check,68.5,2660.42,5,0,56.41,1,Yes
CUST04980,Female,47,0,Yes,No,6,Yes,DSL,Month-to-month,Bank transfer,37.35,87.72,1,1,17.28,3,Yes
CUST04981,Female,61,1,Yes,No,8,No,DSL,Month-to-month,Mailed check,60.57,492.91,0,1,47.17,6,Yes
CUST04982,Male,47,0,No,No,17,Yes,Fiber optic,Month-to-month,Electronic check,72.61,1271.85,5,1,12.91,5,Yes
CUST04983,Male,53,0,Yes,No,62,Yes,Fiber optic,Month-to-month,Mailed check,73.75,4672.55,2,2,40.87,4,No
CUST04984,Female,20,0,No,No,34,Yes,DSL,Month-to-month,Credit card,62.92,2084.78,1,0,49.06,3,Yes
CUST04985,Female,39,0,No,No,19,Yes,No,One year,Mailed check,33.8,658.47,5,1,68.53,4,Yes
CUST04986,Male,66,1,Yes,Yes,70,Yes,No,One year,Mailed check,37.41,2503.17,3,1,49.38,1,No
CUST04987,Male,39,0,No,No,37,Yes,Fiber optic,Two year,Electronic check,76.27,2691.78,3,3,22.67,3,No
CUST04988,Male,67,1,Yes,No,38,Yes,DSL,Month-to-month,Bank transfer,25.82,1017.4,2,2,25.28,5,No
CUST04989,Male,74,1,No,No,15,Yes,No,Month-to-month,Electronic check,25.56,590.26,2,0,50.25,5,Yes
CUST04990,Female,67,1,No,Yes,40,Yes,Fiber optic,Month-to-month,Electronic check,57.73,2375.23,4,1,53.04,1,No
CUST04991,Male,72,1,Yes,No,9,Yes,DSL,Month-to-month,Electronic check,65.3,466.15,0,2,60.09,5,Yes
CUST04992,Male,66,1,No,No,53,Yes,Fiber optic,One year,Electronic check,71.51,3677.24,2,1,17.83,1,No
CUST04993,Female,29,0,No,No,70,Yes,Fiber optic,Month-to-month,Credit card,90.14,6371.39,5,0,19.0,6,No
CUST04994,Male,72,1,No,No,66,Yes,Fiber optic,Month-to-month,Credit card,72.2,4837.28,2,1,80.94,5,No
CUST04995,Male,38,0,No,No,52,Yes,DSL,Month-to-month,Bank transfer,46.03,2399.04,0,0,77.11,3,No
CUST04996,Male,73,1,Yes,No,1,Yes,DSL,Month-to-month,Electronic check,46.32,25.26,4,0,79.42,4,Yes
CUST04997,Female,21,0,No,No,30,Yes,DSL,Month-to-month,Mailed check,64.76,1995.03,3,0,33.51,4,Yes
CUST04998,Male,48,0,Yes,No,1,Yes,Fiber optic,Month-to-month,Electronic check,65.17,0.0,1,1,66.51,2,Yes
CUST04999,Female,61,1,Yes,No,39,No,Fiber optic,Month-to-month,Electronic check,93.19,3737.15,0,0,48.04,4,Yes
CUST05000,Female,48,0,Yes,Yes,16,Yes,DSL,Month-to-month,Bank transfer,81.33,1336.65,1,1,32.92,5,Yes
